relationship_id,citizen_1,citizen_2,relationship_type
REL000001,CID006450,CID005453,Same Vehicle
REL000002,CID009498,CID002127,Money Transfer
REL000003,CID006351,CID002746,Money Transfer
REL000004,CID008022,CID007846,Same Phone
REL000005,CID001748,CID000246,Business Partner
REL000006,CID008984,CID009263,Business Partner
REL000007,CID001286,CID008431,Gang Member
REL000008,CID000164,CID006826,Friend
REL000009,CID003713,CID001720,Brother
REL000010,CID008355,CID007155,Business Partner
REL000011,CID002086,CID006093,Gang Member
REL000012,CID001886,CID001522,Same Vehicle
REL000013,CID006441,CID006876,Gang Member
REL000014,CID003349,CID007342,Associate
REL000015,CID001565,CID005643,Gang Member
REL000016,CID006661,CID009611,Money Transfer
REL000017,CID003314,CID005368,Brother
REL000018,CID005491,CID001896,Same Bank Account
REL000019,CID008793,CID004603,Business Partner
REL000020,CID001223,CID000019,Same Bank Account
REL000021,CID009741,CID006773,Brother
REL000022,CID007987,CID004591,Associate
REL000023,CID005843,CID003239,Business Partner
REL000024,CID003971,CID009052,Associate
REL000025,CID005897,CID000573,Gang Member
REL000026,CID009162,CID000281,Associate
REL000027,CID003946,CID008323,Same Phone
REL000028,CID004995,CID004815,Gang Member
REL000029,CID009841,CID008029,Friend
REL000030,CID002512,CID001332,Gang Member
REL000031,CID004358,CID001630,Same Phone
REL000032,CID009500,CID005912,Same Bank Account
REL000033,CID009375,CID002760,Gang Member
REL000034,CID009178,CID009538,Same Phone
REL000035,CID007713,CID006544,Same Bank Account
REL000036,CID005738,CID003159,Same Vehicle
REL000037,CID008562,CID001106,Friend
REL000038,CID008517,CID001360,Gang Member
REL000039,CID009122,CID002990,Friend
REL000040,CID007229,CID004297,Gang Member
REL000041,CID005238,CID005184,Business Partner
REL000042,CID008646,CID009942,Money Transfer
REL000043,CID001086,CID001551,Same Phone
REL000044,CID001392,CID009031,Gang Member
REL000045,CID001525,CID009717,Same Bank Account
REL000046,CID003591,CID005895,Same Vehicle
REL000047,CID008312,CID000243,Money Transfer
REL000048,CID000473,CID009585,Gang Member
REL000049,CID003411,CID000402,Business Partner
REL000050,CID002896,CID002233,Business Partner
REL000051,CID005860,CID009662,Same Bank Account
REL000052,CID004349,CID007913,Business Partner
REL000053,CID007978,CID001906,Same Vehicle
REL000054,CID002027,CID009479,Business Partner
REL000055,CID003208,CID005562,Gang Member
REL000056,CID002884,CID003291,Money Transfer
REL000057,CID008554,CID007873,Brother
REL000058,CID009106,CID007872,Associate
REL000059,CID005784,CID001710,Same Phone
REL000060,CID008787,CID005575,Brother
REL000061,CID008221,CID001809,Business Partner
REL000062,CID008797,CID000602,Friend
REL000063,CID006914,CID009693,Same Phone
REL000064,CID000413,CID002240,Same Phone
REL000065,CID004783,CID000138,Associate
REL000066,CID000076,CID002371,Friend
REL000067,CID001023,CID007967,Money Transfer
REL000068,CID009480,CID001978,Brother
REL000069,CID009712,CID001215,Same Phone
REL000070,CID000413,CID002016,Brother
REL000071,CID002476,CID005584,Money Transfer
REL000072,CID007263,CID006827,Business Partner
REL000073,CID005576,CID008409,Money Transfer
REL000074,CID003071,CID008565,Brother
REL000075,CID000492,CID004358,Money Transfer
REL000076,CID003544,CID006054,Gang Member
REL000077,CID009726,CID008782,Business Partner
REL000078,CID004390,CID009376,Same Phone
REL000079,CID007973,CID009124,Same Vehicle
REL000080,CID008997,CID009777,Friend
REL000081,CID005517,CID007053,Brother
REL000082,CID006152,CID003659,Associate
REL000083,CID000904,CID004212,Same Bank Account
REL000084,CID004078,CID001034,Same Phone
REL000085,CID003634,CID008222,Friend
REL000086,CID009271,CID002196,Brother
REL000087,CID003130,CID003447,Brother
REL000088,CID002555,CID005748,Same Vehicle
REL000089,CID005807,CID003290,Brother
REL000090,CID003851,CID004509,Money Transfer
REL000091,CID009581,CID007024,Gang Member
REL000092,CID004679,CID002554,Same Bank Account
REL000093,CID007573,CID004226,Brother
REL000094,CID005454,CID004671,Same Bank Account
REL000095,CID001071,CID008111,Associate
REL000096,CID000121,CID002451,Same Vehicle
REL000097,CID003338,CID006678,Same Phone
REL000098,CID005206,CID005479,Business Partner
REL000099,CID002054,CID000862,Friend
REL000100,CID000603,CID006417,Same Bank Account
REL000101,CID005474,CID007606,Same Vehicle
REL000102,CID000204,CID004652,Same Bank Account
REL000103,CID009723,CID008691,Business Partner
REL000104,CID006439,CID000959,Gang Member
REL000105,CID000386,CID001669,Friend
REL000106,CID002234,CID007977,Same Phone
REL000107,CID003274,CID002403,Associate
REL000108,CID003249,CID000619,Brother
REL000109,CID001421,CID006371,Money Transfer
REL000110,CID000736,CID005310,Same Vehicle
REL000111,CID004616,CID008605,Brother
REL000112,CID002821,CID004209,Same Phone
REL000113,CID007052,CID006391,Money Transfer
REL000114,CID001241,CID009462,Money Transfer
REL000115,CID005955,CID004867,Friend
REL000116,CID001014,CID007987,Business Partner
REL000117,CID009489,CID004343,Money Transfer
REL000118,CID009596,CID004183,Money Transfer
REL000119,CID000720,CID007489,Friend
REL000120,CID001800,CID000619,Associate
REL000121,CID009524,CID003728,Same Bank Account
REL000122,CID008514,CID001532,Same Vehicle
REL000123,CID005330,CID005325,Brother
REL000124,CID004165,CID003278,Business Partner
REL000125,CID009706,CID005813,Same Phone
REL000126,CID008580,CID002232,Same Phone
REL000127,CID004781,CID004009,Business Partner
REL000128,CID001657,CID000638,Money Transfer
REL000129,CID004461,CID002788,Gang Member
REL000130,CID006360,CID006000,Money Transfer
REL000131,CID006045,CID004940,Money Transfer
REL000132,CID003965,CID009628,Same Bank Account
REL000133,CID004404,CID002011,Same Bank Account
REL000134,CID004274,CID004233,Associate
REL000135,CID008562,CID005918,Business Partner
REL000136,CID001154,CID001858,Same Bank Account
REL000137,CID007306,CID009053,Money Transfer
REL000138,CID003045,CID003982,Business Partner
REL000139,CID003508,CID006390,Same Phone
REL000140,CID007307,CID004068,Friend
REL000141,CID008626,CID005548,Friend
REL000142,CID008643,CID000936,Gang Member
REL000143,CID001727,CID003604,Business Partner
REL000144,CID005694,CID000830,Same Bank Account
REL000145,CID007979,CID008365,Money Transfer
REL000146,CID002892,CID002002,Money Transfer
REL000147,CID007695,CID006385,Business Partner
REL000148,CID003109,CID008645,Same Vehicle
REL000149,CID007015,CID002310,Same Vehicle
REL000150,CID003476,CID004424,Business Partner
REL000151,CID001949,CID000374,Gang Member
REL000152,CID002644,CID001627,Same Bank Account
REL000153,CID001392,CID000943,Same Bank Account
REL000154,CID001115,CID001985,Brother
REL000155,CID009606,CID004163,Same Vehicle
REL000156,CID003810,CID005704,Brother
REL000157,CID006908,CID004132,Gang Member
REL000158,CID008998,CID002963,Same Phone
REL000159,CID000156,CID006712,Brother
REL000160,CID003774,CID008168,Friend
REL000161,CID009929,CID000228,Gang Member
REL000162,CID004063,CID000767,Friend
REL000163,CID004154,CID002122,Business Partner
REL000164,CID007399,CID008516,Money Transfer
REL000165,CID001060,CID002420,Business Partner
REL000166,CID005610,CID000381,Money Transfer
REL000167,CID009393,CID008896,Same Phone
REL000168,CID000003,CID001881,Brother
REL000169,CID000072,CID004313,Same Bank Account
REL000170,CID005645,CID006861,Money Transfer
REL000171,CID009959,CID001732,Money Transfer
REL000172,CID003701,CID008591,Business Partner
REL000173,CID000925,CID007779,Same Phone
REL000174,CID008915,CID001911,Money Transfer
REL000175,CID000942,CID007924,Business Partner
REL000176,CID008023,CID006806,Same Bank Account
REL000177,CID001825,CID004255,Associate
REL000178,CID005903,CID001698,Same Bank Account
REL000179,CID005214,CID000704,Money Transfer
REL000180,CID000110,CID008903,Same Phone
REL000181,CID001402,CID003505,Money Transfer
REL000182,CID002464,CID009231,Money Transfer
REL000183,CID009578,CID000325,Same Bank Account
REL000184,CID009441,CID002717,Brother
REL000185,CID002341,CID001815,Business Partner
REL000186,CID009869,CID008958,Brother
REL000187,CID002302,CID005761,Same Vehicle
REL000188,CID001128,CID008451,Same Vehicle
REL000189,CID007535,CID002091,Gang Member
REL000190,CID002802,CID006031,Money Transfer
REL000191,CID009661,CID009599,Brother
REL000192,CID009605,CID005911,Business Partner
REL000193,CID009951,CID007427,Associate
REL000194,CID004477,CID009790,Same Vehicle
REL000195,CID004245,CID007811,Associate
REL000196,CID007233,CID009185,Same Phone
REL000197,CID005792,CID003364,Friend
REL000198,CID009830,CID002590,Same Vehicle
REL000199,CID003252,CID001444,Business Partner
REL000200,CID006530,CID008507,Same Phone
REL000201,CID000840,CID006412,Gang Member
REL000202,CID009334,CID004257,Brother
REL000203,CID008965,CID006343,Brother
REL000204,CID001813,CID009775,Gang Member
REL000205,CID002096,CID000462,Same Phone
REL000206,CID004188,CID008216,Friend
REL000207,CID002425,CID005985,Same Bank Account
REL000208,CID007738,CID009265,Associate
REL000209,CID001576,CID001158,Same Phone
REL000210,CID004622,CID007756,Same Bank Account
REL000211,CID002592,CID000966,Same Bank Account
REL000212,CID001947,CID001909,Business Partner
REL000213,CID003414,CID007850,Money Transfer
REL000214,CID004998,CID004234,Same Phone
REL000215,CID001105,CID005247,Gang Member
REL000216,CID008705,CID008949,Money Transfer
REL000217,CID002464,CID001756,Associate
REL000218,CID004583,CID006133,Business Partner
REL000219,CID003591,CID009246,Same Phone
REL000220,CID000420,CID006610,Gang Member
REL000221,CID008088,CID004599,Same Vehicle
REL000222,CID008463,CID005591,Brother
REL000223,CID000422,CID001059,Gang Member
REL000224,CID007612,CID007118,Same Bank Account
REL000225,CID008095,CID008374,Gang Member
REL000226,CID008838,CID005394,Same Vehicle
REL000227,CID009646,CID009513,Same Bank Account
REL000228,CID001602,CID004192,Friend
REL000229,CID008211,CID005467,Associate
REL000230,CID006202,CID004403,Money Transfer
REL000231,CID000371,CID009046,Money Transfer
REL000232,CID002534,CID007422,Same Bank Account
REL000233,CID003990,CID005333,Same Phone
REL000234,CID004544,CID008172,Business Partner
REL000235,CID007627,CID006050,Gang Member
REL000236,CID003678,CID003554,Same Vehicle
REL000237,CID000148,CID009301,Same Phone
REL000238,CID000535,CID005789,Same Bank Account
REL000239,CID005214,CID003653,Friend
REL000240,CID004798,CID005634,Business Partner
REL000241,CID003329,CID006579,Money Transfer
REL000242,CID006094,CID008809,Same Bank Account
REL000243,CID001116,CID008451,Brother
REL000244,CID005932,CID003992,Money Transfer
REL000245,CID000275,CID004552,Gang Member
REL000246,CID003559,CID007740,Same Vehicle
REL000247,CID009377,CID004980,Money Transfer
REL000248,CID009373,CID008109,Money Transfer
REL000249,CID005482,CID001621,Same Phone
REL000250,CID000941,CID004106,Same Phone
REL000251,CID005931,CID006903,Same Phone
REL000252,CID000128,CID002074,Same Phone
REL000253,CID006610,CID002923,Money Transfer
REL000254,CID004455,CID006860,Business Partner
REL000255,CID000439,CID005242,Money Transfer
REL000256,CID007042,CID005831,Friend
REL000257,CID002558,CID000192,Business Partner
REL000258,CID008165,CID006193,Money Transfer
REL000259,CID000950,CID007645,Friend
REL000260,CID008838,CID003434,Business Partner
REL000261,CID000496,CID004452,Same Phone
REL000262,CID004872,CID006612,Business Partner
REL000263,CID000357,CID000179,Money Transfer
REL000264,CID008448,CID004311,Same Bank Account
REL000265,CID003785,CID004200,Gang Member
REL000266,CID009617,CID009558,Same Bank Account
REL000267,CID007094,CID005660,Money Transfer
REL000268,CID002924,CID008993,Money Transfer
REL000269,CID009735,CID009103,Associate
REL000270,CID003566,CID003519,Money Transfer
REL000271,CID006271,CID009433,Money Transfer
REL000272,CID003641,CID004942,Friend
REL000273,CID006639,CID005828,Friend
REL000274,CID004072,CID003103,Gang Member
REL000275,CID002402,CID009948,Associate
REL000276,CID000489,CID002126,Money Transfer
REL000277,CID005355,CID003521,Same Bank Account
REL000278,CID000659,CID007904,Brother
REL000279,CID003477,CID008317,Same Bank Account
REL000280,CID009788,CID008108,Money Transfer
REL000281,CID007542,CID000492,Friend
REL000282,CID004455,CID007146,Same Phone
REL000283,CID006467,CID008347,Same Vehicle
REL000284,CID001304,CID003322,Money Transfer
REL000285,CID008786,CID002125,Business Partner
REL000286,CID005239,CID009928,Business Partner
REL000287,CID006555,CID006838,Same Vehicle
REL000288,CID006972,CID007189,Associate
REL000289,CID009596,CID005160,Same Bank Account
REL000290,CID001957,CID002590,Money Transfer
REL000291,CID002510,CID009014,Business Partner
REL000292,CID009792,CID003624,Same Bank Account
REL000293,CID005145,CID007889,Same Bank Account
REL000294,CID000634,CID001405,Brother
REL000295,CID004879,CID006266,Money Transfer
REL000296,CID003448,CID007973,Brother
REL000297,CID001305,CID002999,Business Partner
REL000298,CID003144,CID002736,Money Transfer
REL000299,CID003606,CID008799,Brother
REL000300,CID003259,CID003852,Same Vehicle
REL000301,CID001332,CID009864,Friend
REL000302,CID005981,CID002329,Gang Member
REL000303,CID008693,CID006489,Associate
REL000304,CID002593,CID009588,Business Partner
REL000305,CID007000,CID002551,Same Vehicle
REL000306,CID003774,CID004947,Money Transfer
REL000307,CID000955,CID007340,Same Bank Account
REL000308,CID003111,CID004855,Same Bank Account
REL000309,CID005268,CID007863,Brother
REL000310,CID006581,CID004562,Money Transfer
REL000311,CID008568,CID002550,Friend
REL000312,CID002813,CID006046,Same Bank Account
REL000313,CID005777,CID008538,Friend
REL000314,CID005812,CID000547,Same Phone
REL000315,CID009842,CID008975,Brother
REL000316,CID007209,CID003178,Same Vehicle
REL000317,CID000100,CID003281,Money Transfer
REL000318,CID000625,CID007436,Gang Member
REL000319,CID001556,CID006874,Friend
REL000320,CID003626,CID004142,Associate
REL000321,CID000007,CID001867,Associate
REL000322,CID002050,CID002325,Friend
REL000323,CID004003,CID003655,Money Transfer
REL000324,CID000074,CID009126,Same Vehicle
REL000325,CID009945,CID003522,Same Vehicle
REL000326,CID001252,CID003984,Same Phone
REL000327,CID008947,CID006402,Business Partner
REL000328,CID001946,CID006078,Associate
REL000329,CID007332,CID009518,Associate
REL000330,CID007211,CID002213,Brother
REL000331,CID002890,CID007274,Same Phone
REL000332,CID006671,CID004254,Friend
REL000333,CID002712,CID001988,Business Partner
REL000334,CID004941,CID001653,Same Vehicle
REL000335,CID004178,CID008391,Same Phone
REL000336,CID008969,CID002804,Gang Member
REL000337,CID005551,CID007867,Gang Member
REL000338,CID007905,CID007892,Same Bank Account
REL000339,CID005806,CID003725,Money Transfer
REL000340,CID006759,CID007873,Same Phone
REL000341,CID002577,CID004754,Associate
REL000342,CID003806,CID003531,Business Partner
REL000343,CID001846,CID008268,Friend
REL000344,CID000117,CID006541,Same Bank Account
REL000345,CID007927,CID004019,Brother
REL000346,CID003268,CID001483,Same Phone
REL000347,CID006078,CID008144,Brother
REL000348,CID005348,CID006949,Associate
REL000349,CID000289,CID009978,Friend
REL000350,CID000731,CID005638,Same Vehicle
REL000351,CID002972,CID002384,Money Transfer
REL000352,CID007812,CID004233,Money Transfer
REL000353,CID002076,CID000798,Associate
REL000354,CID008635,CID006764,Same Vehicle
REL000355,CID005405,CID006661,Friend
REL000356,CID001167,CID007119,Money Transfer
REL000357,CID002318,CID001752,Associate
REL000358,CID002075,CID000093,Same Bank Account
REL000359,CID005034,CID008374,Friend
REL000360,CID006578,CID008452,Money Transfer
REL000361,CID006900,CID006849,Brother
REL000362,CID000329,CID000269,Gang Member
REL000363,CID003358,CID003798,Same Bank Account
REL000364,CID007757,CID004462,Money Transfer
REL000365,CID007604,CID009469,Same Bank Account
REL000366,CID007814,CID007678,Brother
REL000367,CID001436,CID009041,Same Bank Account
REL000368,CID006522,CID001096,Money Transfer
REL000369,CID004860,CID009627,Money Transfer
REL000370,CID007819,CID009190,Associate
REL000371,CID005749,CID005092,Money Transfer
REL000372,CID002291,CID008690,Brother
REL000373,CID000947,CID007135,Business Partner
REL000374,CID007402,CID005083,Same Vehicle
REL000375,CID001045,CID002171,Gang Member
REL000376,CID001262,CID003564,Associate
REL000377,CID004650,CID007718,Gang Member
REL000378,CID007841,CID006293,Same Bank Account
REL000379,CID003504,CID001951,Business Partner
REL000380,CID001192,CID004670,Business Partner
REL000381,CID001991,CID003038,Gang Member
REL000382,CID005855,CID000561,Same Bank Account
REL000383,CID005386,CID004763,Same Bank Account
REL000384,CID002724,CID007210,Money Transfer
REL000385,CID000397,CID001235,Associate
REL000386,CID000594,CID002922,Brother
REL000387,CID009304,CID006376,Brother
REL000388,CID009658,CID004439,Gang Member
REL000389,CID009583,CID005939,Business Partner
REL000390,CID007978,CID004100,Same Phone
REL000391,CID000644,CID004794,Friend
REL000392,CID000979,CID001427,Money Transfer
REL000393,CID006745,CID006950,Brother
REL000394,CID000856,CID006952,Money Transfer
REL000395,CID008213,CID007037,Same Vehicle
REL000396,CID000804,CID006716,Same Bank Account
REL000397,CID001308,CID008027,Money Transfer
REL000398,CID007850,CID006239,Associate
REL000399,CID007918,CID000985,Brother
REL000400,CID001419,CID000813,Business Partner
REL000401,CID002740,CID007394,Gang Member
REL000402,CID000746,CID006241,Same Vehicle
REL000403,CID005326,CID000238,Gang Member
REL000404,CID009556,CID005458,Same Bank Account
REL000405,CID006687,CID008780,Same Phone
REL000406,CID008125,CID002704,Business Partner
REL000407,CID005868,CID006282,Gang Member
REL000408,CID001870,CID003066,Same Phone
REL000409,CID004167,CID006165,Same Phone
REL000410,CID004251,CID001577,Same Bank Account
REL000411,CID006414,CID007164,Same Bank Account
REL000412,CID005916,CID003344,Money Transfer
REL000413,CID005129,CID008424,Same Bank Account
REL000414,CID009254,CID004087,Money Transfer
REL000415,CID007163,CID009128,Money Transfer
REL000416,CID007686,CID009428,Business Partner
REL000417,CID006405,CID000143,Same Phone
REL000418,CID008539,CID005219,Same Vehicle
REL000419,CID005775,CID002171,Business Partner
REL000420,CID007414,CID005912,Friend
REL000421,CID009873,CID007188,Gang Member
REL000422,CID008377,CID004980,Same Phone
REL000423,CID008681,CID004972,Same Bank Account
REL000424,CID006881,CID003323,Same Phone
REL000425,CID005218,CID005626,Business Partner
REL000426,CID000058,CID009007,Friend
REL000427,CID000454,CID001856,Business Partner
REL000428,CID003613,CID008638,Money Transfer
REL000429,CID002562,CID005176,Same Bank Account
REL000430,CID008067,CID006071,Same Vehicle
REL000431,CID003285,CID002787,Money Transfer
REL000432,CID002823,CID009814,Gang Member
REL000433,CID005875,CID005121,Same Bank Account
REL000434,CID004894,CID005872,Same Bank Account
REL000435,CID005357,CID002157,Gang Member
REL000436,CID007419,CID007759,Same Vehicle
REL000437,CID004141,CID002242,Brother
REL000438,CID001110,CID006833,Associate
REL000439,CID002190,CID000281,Same Vehicle
REL000440,CID008307,CID008011,Brother
REL000441,CID009259,CID002413,Same Bank Account
REL000442,CID008055,CID000500,Associate
REL000443,CID007290,CID003303,Same Vehicle
REL000444,CID001452,CID002864,Money Transfer
REL000445,CID001875,CID000743,Same Phone
REL000446,CID008358,CID002395,Same Phone
REL000447,CID004030,CID007996,Associate
REL000448,CID000432,CID006003,Gang Member
REL000449,CID000546,CID009150,Friend
REL000450,CID007250,CID001188,Brother
REL000451,CID002922,CID003194,Same Bank Account
REL000452,CID000766,CID001459,Business Partner
REL000453,CID007716,CID004908,Same Bank Account
REL000454,CID000178,CID008691,Friend
REL000455,CID000990,CID001655,Associate
REL000456,CID006190,CID002241,Same Vehicle
REL000457,CID003373,CID009502,Gang Member
REL000458,CID007403,CID006293,Same Phone
REL000459,CID006589,CID007800,Associate
REL000460,CID008368,CID002817,Money Transfer
REL000461,CID001652,CID006905,Associate
REL000462,CID001181,CID001682,Same Bank Account
REL000463,CID006908,CID002043,Same Bank Account
REL000464,CID001721,CID000057,Same Vehicle
REL000465,CID008350,CID007915,Gang Member
REL000466,CID002424,CID004548,Gang Member
REL000467,CID006190,CID002460,Gang Member
REL000468,CID003998,CID008396,Same Bank Account
REL000469,CID003310,CID005036,Same Vehicle
REL000470,CID003984,CID008411,Brother
REL000471,CID005052,CID005274,Same Bank Account
REL000472,CID001267,CID000602,Same Phone
REL000473,CID001581,CID008099,Associate
REL000474,CID002200,CID002110,Gang Member
REL000475,CID004894,CID009488,Money Transfer
REL000476,CID007040,CID009919,Associate
REL000477,CID009832,CID006360,Associate
REL000478,CID009937,CID008878,Money Transfer
REL000479,CID002792,CID004953,Same Phone
REL000480,CID004132,CID002894,Same Phone
REL000481,CID006646,CID006979,Same Vehicle
REL000482,CID008488,CID006135,Friend
REL000483,CID008711,CID000592,Associate
REL000484,CID001298,CID007871,Same Vehicle
REL000485,CID008427,CID001547,Associate
REL000486,CID003521,CID000782,Associate
REL000487,CID004993,CID008082,Same Bank Account
REL000488,CID006329,CID007278,Money Transfer
REL000489,CID006369,CID006455,Brother
REL000490,CID009920,CID003173,Same Bank Account
REL000491,CID000958,CID005383,Money Transfer
REL000492,CID004495,CID006477,Associate
REL000493,CID007523,CID009158,Associate
REL000494,CID004210,CID003431,Friend
REL000495,CID005006,CID002058,Same Phone
REL000496,CID008257,CID002359,Associate
REL000497,CID000262,CID007472,Same Bank Account
REL000498,CID006817,CID008981,Same Vehicle
REL000499,CID004168,CID000654,Same Vehicle
REL000500,CID007525,CID000553,Brother
REL000501,CID008116,CID007377,Same Phone
REL000502,CID007678,CID002881,Gang Member
REL000503,CID001898,CID003046,Same Phone
REL000504,CID004209,CID003091,Friend
REL000505,CID009677,CID009826,Same Bank Account
REL000506,CID000573,CID002368,Gang Member
REL000507,CID006242,CID007940,Brother
REL000508,CID005052,CID004131,Money Transfer
REL000509,CID005529,CID003839,Brother
REL000510,CID003122,CID004596,Business Partner
REL000511,CID001587,CID008556,Friend
REL000512,CID007658,CID008923,Same Phone
REL000513,CID007092,CID006280,Same Bank Account
REL000514,CID007129,CID007014,Same Phone
REL000515,CID004202,CID004209,Same Phone
REL000516,CID000749,CID001115,Gang Member
REL000517,CID009221,CID001394,Gang Member
REL000518,CID001473,CID005218,Business Partner
REL000519,CID004972,CID002818,Friend
REL000520,CID005638,CID000243,Associate
REL000521,CID003058,CID002970,Same Phone
REL000522,CID000870,CID001801,Money Transfer
REL000523,CID008040,CID009969,Brother
REL000524,CID006527,CID000392,Friend
REL000525,CID001335,CID001714,Money Transfer
REL000526,CID003437,CID007456,Same Phone
REL000527,CID000920,CID006740,Business Partner
REL000528,CID000625,CID000814,Same Bank Account
REL000529,CID004275,CID002840,Same Phone
REL000530,CID006037,CID007669,Same Phone
REL000531,CID008301,CID006903,Brother
REL000532,CID009278,CID006394,Friend
REL000533,CID001612,CID002747,Friend
REL000534,CID008149,CID006934,Money Transfer
REL000535,CID002782,CID006056,Gang Member
REL000536,CID001388,CID005779,Same Vehicle
REL000537,CID007898,CID005498,Business Partner
REL000538,CID003469,CID000344,Gang Member
REL000539,CID009704,CID009783,Same Phone
REL000540,CID001259,CID005170,Brother
REL000541,CID004127,CID006464,Brother
REL000542,CID007136,CID001178,Same Phone
REL000543,CID005830,CID008991,Friend
REL000544,CID005738,CID001942,Same Phone
REL000545,CID006874,CID009956,Same Vehicle
REL000546,CID001123,CID004155,Associate
REL000547,CID008839,CID001238,Brother
REL000548,CID008334,CID005894,Business Partner
REL000549,CID006008,CID008472,Same Phone
REL000550,CID007158,CID003609,Brother
REL000551,CID009837,CID002766,Business Partner
REL000552,CID001089,CID005442,Same Bank Account
REL000553,CID007239,CID000180,Gang Member
REL000554,CID002834,CID004237,Same Vehicle
REL000555,CID001674,CID006263,Money Transfer
REL000556,CID004685,CID000724,Same Bank Account
REL000557,CID009516,CID007738,Business Partner
REL000558,CID000761,CID006751,Same Phone
REL000559,CID005998,CID003982,Gang Member
REL000560,CID009736,CID000320,Same Phone
REL000561,CID003703,CID001182,Brother
REL000562,CID004677,CID006617,Gang Member
REL000563,CID009219,CID000563,Brother
REL000564,CID005774,CID008658,Same Phone
REL000565,CID000305,CID004289,Same Phone
REL000566,CID002925,CID005950,Same Phone
REL000567,CID006066,CID001772,Brother
REL000568,CID000089,CID001538,Money Transfer
REL000569,CID004422,CID002940,Brother
REL000570,CID005533,CID009920,Brother
REL000571,CID004757,CID000567,Gang Member
REL000572,CID001289,CID006511,Brother
REL000573,CID005727,CID003034,Brother
REL000574,CID001001,CID003391,Same Vehicle
REL000575,CID006925,CID007574,Brother
REL000576,CID004215,CID000050,Business Partner
REL000577,CID004973,CID002063,Same Vehicle
REL000578,CID006011,CID005607,Associate
REL000579,CID004495,CID009572,Same Phone
REL000580,CID006899,CID000747,Brother
REL000581,CID005007,CID005175,Gang Member
REL000582,CID009671,CID004384,Same Phone
REL000583,CID001084,CID008668,Same Vehicle
REL000584,CID001718,CID006453,Same Bank Account
REL000585,CID006312,CID003059,Friend
REL000586,CID009904,CID001903,Business Partner
REL000587,CID005060,CID006236,Gang Member
REL000588,CID001661,CID004568,Friend
REL000589,CID001454,CID005290,Same Phone
REL000590,CID006599,CID006905,Same Vehicle
REL000591,CID008904,CID009420,Brother
REL000592,CID005512,CID008013,Money Transfer
REL000593,CID003483,CID001016,Associate
REL000594,CID004120,CID000782,Gang Member
REL000595,CID006385,CID006132,Money Transfer
REL000596,CID007521,CID001536,Same Phone
REL000597,CID002005,CID009891,Same Bank Account
REL000598,CID000088,CID007606,Same Bank Account
REL000599,CID004390,CID006210,Money Transfer
REL000600,CID007409,CID003562,Brother
REL000601,CID006316,CID006221,Business Partner
REL000602,CID006314,CID009629,Same Vehicle
REL000603,CID000671,CID009534,Gang Member
REL000604,CID006332,CID008072,Business Partner
REL000605,CID005956,CID002891,Money Transfer
REL000606,CID006506,CID005198,Money Transfer
REL000607,CID009294,CID000228,Same Bank Account
REL000608,CID007859,CID007981,Gang Member
REL000609,CID002567,CID002752,Money Transfer
REL000610,CID002487,CID000097,Business Partner
REL000611,CID009220,CID004809,Friend
REL000612,CID001471,CID000926,Same Bank Account
REL000613,CID007329,CID006570,Brother
REL000614,CID007578,CID002173,Friend
REL000615,CID002560,CID004913,Same Vehicle
REL000616,CID009535,CID006622,Associate
REL000617,CID008257,CID004975,Money Transfer
REL000618,CID000225,CID007611,Associate
REL000619,CID007503,CID007153,Associate
REL000620,CID004622,CID009390,Friend
REL000621,CID001202,CID002655,Friend
REL000622,CID001307,CID004531,Associate
REL000623,CID009348,CID000905,Associate
REL000624,CID003399,CID009731,Brother
REL000625,CID008511,CID005209,Same Bank Account
REL000626,CID007549,CID009414,Gang Member
REL000627,CID005954,CID006669,Money Transfer
REL000628,CID004869,CID001226,Money Transfer
REL000629,CID009776,CID000045,Gang Member
REL000630,CID000028,CID006043,Same Vehicle
REL000631,CID004514,CID005246,Gang Member
REL000632,CID005723,CID006574,Brother
REL000633,CID008554,CID006665,Associate
REL000634,CID009173,CID003268,Same Vehicle
REL000635,CID000623,CID004753,Money Transfer
REL000636,CID002180,CID005202,Money Transfer
REL000637,CID001373,CID002101,Same Phone
REL000638,CID006554,CID005297,Same Vehicle
REL000639,CID000198,CID003851,Business Partner
REL000640,CID004374,CID001508,Brother
REL000641,CID004481,CID000521,Money Transfer
REL000642,CID008849,CID004401,Gang Member
REL000643,CID003532,CID001411,Friend
REL000644,CID000382,CID001453,Same Vehicle
REL000645,CID007655,CID001647,Associate
REL000646,CID007214,CID009190,Associate
REL000647,CID002035,CID005695,Associate
REL000648,CID002287,CID006687,Brother
REL000649,CID003573,CID009494,Same Phone
REL000650,CID001482,CID003817,Same Bank Account
REL000651,CID003107,CID009541,Gang Member
REL000652,CID002567,CID008276,Same Bank Account
REL000653,CID000888,CID008604,Brother
REL000654,CID005554,CID009596,Same Bank Account
REL000655,CID004093,CID000615,Money Transfer
REL000656,CID005495,CID005212,Same Phone
REL000657,CID003214,CID000260,Same Vehicle
REL000658,CID000482,CID006078,Gang Member
REL000659,CID001682,CID005980,Friend
REL000660,CID004758,CID009369,Friend
REL000661,CID008749,CID008020,Friend
REL000662,CID001217,CID005084,Business Partner
REL000663,CID002697,CID005506,Brother
REL000664,CID008683,CID001099,Associate
REL000665,CID000456,CID001791,Same Bank Account
REL000666,CID001264,CID009856,Same Bank Account
REL000667,CID008625,CID004554,Friend
REL000668,CID003428,CID001215,Money Transfer
REL000669,CID009006,CID003893,Money Transfer
REL000670,CID003172,CID003166,Same Bank Account
REL000671,CID001910,CID006091,Same Vehicle
REL000672,CID002244,CID004928,Same Vehicle
REL000673,CID006474,CID007643,Same Vehicle
REL000674,CID002431,CID005296,Business Partner
REL000675,CID008955,CID006510,Friend
REL000676,CID006001,CID008219,Associate
REL000677,CID001820,CID000948,Same Phone
REL000678,CID006703,CID002914,Business Partner
REL000679,CID004571,CID002513,Associate
REL000680,CID008810,CID001738,Same Vehicle
REL000681,CID004007,CID001051,Gang Member
REL000682,CID006656,CID001267,Gang Member
REL000683,CID009572,CID008549,Business Partner
REL000684,CID006750,CID008778,Money Transfer
REL000685,CID002230,CID009759,Same Phone
REL000686,CID009518,CID009278,Gang Member
REL000687,CID002362,CID003595,Gang Member
REL000688,CID009598,CID007189,Gang Member
REL000689,CID005757,CID005820,Same Vehicle
REL000690,CID004351,CID005696,Associate
REL000691,CID005006,CID007571,Same Vehicle
REL000692,CID001142,CID007567,Associate
REL000693,CID004820,CID000266,Business Partner
REL000694,CID000563,CID007061,Money Transfer
REL000695,CID001565,CID007538,Same Vehicle
REL000696,CID008723,CID005640,Gang Member
REL000697,CID008371,CID007049,Associate
REL000698,CID002021,CID001706,Associate
REL000699,CID009308,CID007323,Same Vehicle
REL000700,CID007008,CID003934,Business Partner
REL000701,CID000884,CID006913,Gang Member
REL000702,CID009969,CID008893,Associate
REL000703,CID008633,CID007231,Business Partner
REL000704,CID003425,CID005384,Brother
REL000705,CID008653,CID007743,Business Partner
REL000706,CID006199,CID007983,Friend
REL000707,CID003568,CID008175,Friend
REL000708,CID005932,CID001740,Same Bank Account
REL000709,CID001700,CID006764,Associate
REL000710,CID006080,CID005822,Brother
REL000711,CID005206,CID004731,Same Vehicle
REL000712,CID009201,CID003462,Friend
REL000713,CID009020,CID002547,Same Bank Account
REL000714,CID004755,CID000023,Brother
REL000715,CID009339,CID008978,Business Partner
REL000716,CID008560,CID001095,Brother
REL000717,CID005579,CID006545,Associate
REL000718,CID009333,CID005068,Associate
REL000719,CID005019,CID007280,Same Vehicle
REL000720,CID003696,CID006373,Brother
REL000721,CID008564,CID009417,Same Bank Account
REL000722,CID001269,CID000304,Same Bank Account
REL000723,CID004847,CID007410,Same Phone
REL000724,CID005933,CID000661,Business Partner
REL000725,CID007411,CID008331,Same Vehicle
REL000726,CID006357,CID000405,Associate
REL000727,CID002065,CID001334,Friend
REL000728,CID009780,CID009348,Same Phone
REL000729,CID004251,CID002576,Same Vehicle
REL000730,CID002624,CID008131,Business Partner
REL000731,CID004103,CID000600,Same Phone
REL000732,CID006484,CID009265,Same Vehicle
REL000733,CID003262,CID007952,Same Vehicle
REL000734,CID009694,CID006042,Money Transfer
REL000735,CID003744,CID008085,Money Transfer
REL000736,CID002762,CID000677,Associate
REL000737,CID003311,CID000356,Business Partner
REL000738,CID003940,CID001193,Brother
REL000739,CID003769,CID007952,Brother
REL000740,CID007006,CID000863,Associate
REL000741,CID007020,CID009876,Same Vehicle
REL000742,CID009377,CID004187,Brother
REL000743,CID000332,CID007998,Gang Member
REL000744,CID007271,CID004670,Business Partner
REL000745,CID007178,CID003096,Business Partner
REL000746,CID001637,CID004124,Same Bank Account
REL000747,CID003089,CID002559,Money Transfer
REL000748,CID007772,CID009067,Same Vehicle
REL000749,CID008600,CID008882,Business Partner
REL000750,CID004133,CID009344,Associate
REL000751,CID002054,CID005211,Associate
REL000752,CID000528,CID003828,Brother
REL000753,CID009880,CID005055,Money Transfer
REL000754,CID009137,CID004454,Money Transfer
REL000755,CID003534,CID000467,Same Phone
REL000756,CID003142,CID008109,Brother
REL000757,CID003862,CID006213,Friend
REL000758,CID004253,CID007512,Brother
REL000759,CID004100,CID003215,Gang Member
REL000760,CID007233,CID005409,Friend
REL000761,CID005982,CID003921,Associate
REL000762,CID001510,CID009496,Friend
REL000763,CID003441,CID003420,Money Transfer
REL000764,CID007575,CID007805,Business Partner
REL000765,CID008570,CID006367,Business Partner
REL000766,CID009982,CID007065,Friend
REL000767,CID000133,CID007312,Same Phone
REL000768,CID007340,CID009616,Brother
REL000769,CID007804,CID006734,Business Partner
REL000770,CID001453,CID001474,Money Transfer
REL000771,CID007596,CID004074,Gang Member
REL000772,CID004163,CID008334,Same Phone
REL000773,CID001317,CID002151,Same Vehicle
REL000774,CID002516,CID003034,Friend
REL000775,CID000533,CID005716,Same Vehicle
REL000776,CID006569,CID007453,Money Transfer
REL000777,CID004488,CID009450,Money Transfer
REL000778,CID006293,CID006180,Business Partner
REL000779,CID006504,CID001661,Same Vehicle
REL000780,CID009696,CID009014,Brother
REL000781,CID009620,CID004776,Same Bank Account
REL000782,CID003912,CID006684,Brother
REL000783,CID009248,CID008234,Same Vehicle
REL000784,CID004785,CID005967,Brother
REL000785,CID007305,CID008259,Friend
REL000786,CID000606,CID000273,Brother
REL000787,CID008741,CID004554,Gang Member
REL000788,CID001238,CID008232,Brother
REL000789,CID002959,CID007826,Associate
REL000790,CID001919,CID008513,Friend
REL000791,CID007429,CID000708,Same Phone
REL000792,CID006382,CID005692,Brother
REL000793,CID005377,CID003419,Gang Member
REL000794,CID001758,CID000276,Same Phone
REL000795,CID002020,CID001795,Friend
REL000796,CID002886,CID004826,Brother
REL000797,CID003256,CID006248,Same Bank Account
REL000798,CID004391,CID003886,Business Partner
REL000799,CID004551,CID000587,Same Bank Account
REL000800,CID007802,CID003389,Same Vehicle
REL000801,CID004530,CID000165,Same Vehicle
REL000802,CID003189,CID007230,Same Vehicle
REL000803,CID008516,CID009737,Business Partner
REL000804,CID009240,CID000889,Gang Member
REL000805,CID002796,CID007721,Money Transfer
REL000806,CID001269,CID002099,Same Vehicle
REL000807,CID002648,CID001407,Money Transfer
REL000808,CID007926,CID000931,Same Phone
REL000809,CID001458,CID004034,Business Partner
REL000810,CID002698,CID001140,Gang Member
REL000811,CID001688,CID002644,Gang Member
REL000812,CID004337,CID009850,Same Bank Account
REL000813,CID007479,CID007512,Money Transfer
REL000814,CID008347,CID006893,Same Phone
REL000815,CID004148,CID006282,Same Phone
REL000816,CID003460,CID003502,Business Partner
REL000817,CID004375,CID002506,Same Vehicle
REL000818,CID006379,CID003553,Business Partner
REL000819,CID004699,CID009432,Business Partner
REL000820,CID002273,CID004032,Same Vehicle
REL000821,CID004733,CID001755,Same Bank Account
REL000822,CID004071,CID008358,Brother
REL000823,CID004603,CID002495,Same Bank Account
REL000824,CID002148,CID001320,Same Phone
REL000825,CID002339,CID009426,Brother
REL000826,CID006752,CID008141,Same Bank Account
REL000827,CID002516,CID003781,Same Bank Account
REL000828,CID004047,CID001998,Brother
REL000829,CID008619,CID008887,Same Phone
REL000830,CID002608,CID004010,Business Partner
REL000831,CID006855,CID000642,Friend
REL000832,CID006028,CID009431,Brother
REL000833,CID006751,CID000551,Same Bank Account
REL000834,CID001117,CID001261,Friend
REL000835,CID005332,CID006317,Business Partner
REL000836,CID000151,CID008985,Friend
REL000837,CID003714,CID005907,Same Vehicle
REL000838,CID009014,CID009555,Same Phone
REL000839,CID001938,CID007431,Same Bank Account
REL000840,CID000924,CID002807,Brother
REL000841,CID001103,CID007978,Associate
REL000842,CID004326,CID000144,Associate
REL000843,CID002642,CID002434,Friend
REL000844,CID001889,CID009664,Same Phone
REL000845,CID006555,CID000921,Money Transfer
REL000846,CID007677,CID001527,Same Bank Account
REL000847,CID002383,CID006020,Money Transfer
REL000848,CID006924,CID004452,Same Bank Account
REL000849,CID003176,CID008269,Money Transfer
REL000850,CID001590,CID007694,Same Vehicle
REL000851,CID005234,CID005036,Associate
REL000852,CID003020,CID001044,Friend
REL000853,CID001805,CID009844,Same Phone
REL000854,CID001142,CID005555,Same Vehicle
REL000855,CID006786,CID000527,Business Partner
REL000856,CID000049,CID005412,Same Vehicle
REL000857,CID003869,CID008654,Gang Member
REL000858,CID000607,CID004817,Same Bank Account
REL000859,CID005128,CID004823,Brother
REL000860,CID001959,CID007133,Brother
REL000861,CID007480,CID008642,Associate
REL000862,CID009750,CID003282,Same Phone
REL000863,CID000274,CID001784,Business Partner
REL000864,CID006835,CID006661,Associate
REL000865,CID003644,CID007277,Brother
REL000866,CID007972,CID003875,Business Partner
REL000867,CID009436,CID006816,Gang Member
REL000868,CID008721,CID003210,Same Bank Account
REL000869,CID007666,CID003914,Business Partner
REL000870,CID007738,CID006379,Brother
REL000871,CID008364,CID000227,Same Vehicle
REL000872,CID003064,CID006382,Brother
REL000873,CID005585,CID009576,Business Partner
REL000874,CID009226,CID001719,Associate
REL000875,CID004726,CID002503,Brother
REL000876,CID007855,CID005324,Same Bank Account
REL000877,CID004470,CID009623,Business Partner
REL000878,CID007514,CID000209,Associate
REL000879,CID005498,CID009996,Same Bank Account
REL000880,CID001920,CID002251,Friend
REL000881,CID000586,CID002316,Same Vehicle
REL000882,CID000708,CID008681,Associate
REL000883,CID004328,CID001467,Money Transfer
REL000884,CID007827,CID002963,Same Vehicle
REL000885,CID002321,CID008760,Same Vehicle
REL000886,CID000838,CID006870,Same Bank Account
REL000887,CID008191,CID003704,Same Bank Account
REL000888,CID005884,CID007915,Business Partner
REL000889,CID000542,CID002207,Money Transfer
REL000890,CID007758,CID008787,Friend
REL000891,CID009875,CID007526,Same Bank Account
REL000892,CID009485,CID000711,Same Bank Account
REL000893,CID003530,CID007827,Same Phone
REL000894,CID003799,CID000790,Business Partner
REL000895,CID000993,CID004037,Business Partner
REL000896,CID006751,CID006130,Associate
REL000897,CID000961,CID006047,Same Phone
REL000898,CID008609,CID000819,Associate
REL000899,CID002676,CID003540,Same Vehicle
REL000900,CID002667,CID003951,Money Transfer
REL000901,CID008706,CID000006,Same Bank Account
REL000902,CID001906,CID002613,Gang Member
REL000903,CID000855,CID006026,Same Phone
REL000904,CID008944,CID007535,Business Partner
REL000905,CID005439,CID001115,Gang Member
REL000906,CID000750,CID004730,Money Transfer
REL000907,CID008095,CID000018,Same Bank Account
REL000908,CID003592,CID009102,Same Phone
REL000909,CID007998,CID005335,Business Partner
REL000910,CID005751,CID003098,Same Bank Account
REL000911,CID007308,CID007547,Friend
REL000912,CID005701,CID000930,Money Transfer
REL000913,CID003422,CID005878,Same Bank Account
REL000914,CID005248,CID007648,Same Bank Account
REL000915,CID001547,CID000458,Associate
REL000916,CID005499,CID006635,Friend
REL000917,CID001245,CID002524,Same Bank Account
REL000918,CID009403,CID006496,Business Partner
REL000919,CID001709,CID003709,Business Partner
REL000920,CID004776,CID009465,Business Partner
REL000921,CID009754,CID005529,Same Bank Account
REL000922,CID007668,CID009262,Same Phone
REL000923,CID005703,CID009024,Gang Member
REL000924,CID006784,CID006582,Brother
REL000925,CID002060,CID005046,Business Partner
REL000926,CID003076,CID003826,Money Transfer
REL000927,CID007339,CID002085,Friend
REL000928,CID000902,CID000328,Same Phone
REL000929,CID008568,CID004357,Brother
REL000930,CID003043,CID000638,Money Transfer
REL000931,CID001836,CID007312,Brother
REL000932,CID003321,CID006419,Friend
REL000933,CID001319,CID006790,Associate
REL000934,CID001915,CID003189,Friend
REL000935,CID005779,CID002720,Money Transfer
REL000936,CID009408,CID001942,Money Transfer
REL000937,CID001641,CID006102,Same Vehicle
REL000938,CID000712,CID008043,Business Partner
REL000939,CID002575,CID001666,Same Phone
REL000940,CID000679,CID005495,Money Transfer
REL000941,CID003967,CID005044,Gang Member
REL000942,CID000110,CID006630,Brother
REL000943,CID001941,CID008851,Brother
REL000944,CID009635,CID008458,Friend
REL000945,CID002683,CID007064,Money Transfer
REL000946,CID009789,CID005258,Gang Member
REL000947,CID009369,CID003031,Friend
REL000948,CID003425,CID005754,Gang Member
REL000949,CID000201,CID009067,Same Bank Account
REL000950,CID007809,CID008003,Friend
REL000951,CID002990,CID002760,Business Partner
REL000952,CID003767,CID006692,Brother
REL000953,CID000369,CID000202,Associate
REL000954,CID002807,CID007833,Gang Member
REL000955,CID002308,CID004124,Associate
REL000956,CID004134,CID006860,Same Phone
REL000957,CID009553,CID005753,Same Vehicle
REL000958,CID002474,CID007559,Brother
REL000959,CID005927,CID007518,Gang Member
REL000960,CID003241,CID001953,Gang Member
REL000961,CID009919,CID006057,Gang Member
REL000962,CID001749,CID007710,Same Phone
REL000963,CID007430,CID002377,Associate
REL000964,CID007689,CID005159,Same Vehicle
REL000965,CID000099,CID001198,Friend
REL000966,CID004507,CID008185,Associate
REL000967,CID006885,CID008762,Same Bank Account
REL000968,CID004701,CID004606,Same Bank Account
REL000969,CID008737,CID007403,Business Partner
REL000970,CID008434,CID002828,Gang Member
REL000971,CID002679,CID005126,Same Bank Account
REL000972,CID008488,CID002453,Same Phone
REL000973,CID008293,CID000367,Same Vehicle
REL000974,CID002490,CID000985,Money Transfer
REL000975,CID008989,CID006748,Same Vehicle
REL000976,CID000732,CID008855,Same Phone
REL000977,CID005947,CID004141,Gang Member
REL000978,CID007243,CID002322,Business Partner
REL000979,CID008141,CID008776,Business Partner
REL000980,CID005960,CID001897,Same Phone
REL000981,CID009240,CID007940,Money Transfer
REL000982,CID007914,CID006778,Brother
REL000983,CID009774,CID009395,Business Partner
REL000984,CID006416,CID000113,Same Bank Account
REL000985,CID008517,CID001959,Same Bank Account
REL000986,CID001854,CID003714,Money Transfer
REL000987,CID005988,CID001931,Same Vehicle
REL000988,CID000166,CID006817,Money Transfer
REL000989,CID006126,CID001219,Gang Member
REL000990,CID002080,CID001456,Money Transfer
REL000991,CID001410,CID007573,Business Partner
REL000992,CID006460,CID000995,Brother
REL000993,CID007987,CID007615,Brother
REL000994,CID009431,CID009110,Same Phone
REL000995,CID004056,CID007771,Money Transfer
REL000996,CID009523,CID007876,Same Phone
REL000997,CID001182,CID008933,Same Bank Account
REL000998,CID000018,CID008898,Money Transfer
REL000999,CID006050,CID002873,Same Vehicle
REL001000,CID003295,CID002859,Same Vehicle
REL001001,CID001085,CID004929,Gang Member
REL001002,CID004203,CID001250,Money Transfer
REL001003,CID008567,CID006282,Friend
REL001004,CID000241,CID001696,Brother
REL001005,CID005574,CID006478,Brother
REL001006,CID004228,CID006087,Brother
REL001007,CID006975,CID001145,Friend
REL001008,CID001180,CID001576,Gang Member
REL001009,CID003254,CID000954,Brother
REL001010,CID008569,CID000968,Business Partner
REL001011,CID001300,CID008010,Associate
REL001012,CID000121,CID002659,Business Partner
REL001013,CID004588,CID009344,Gang Member
REL001014,CID007736,CID003912,Same Vehicle
REL001015,CID006811,CID003673,Associate
REL001016,CID002485,CID003274,Same Bank Account
REL001017,CID008460,CID005774,Friend
REL001018,CID007720,CID003670,Same Vehicle
REL001019,CID009187,CID005619,Gang Member
REL001020,CID002369,CID008754,Business Partner
REL001021,CID001463,CID004010,Same Bank Account
REL001022,CID009693,CID000192,Associate
REL001023,CID003299,CID007881,Same Bank Account
REL001024,CID008962,CID005476,Business Partner
REL001025,CID006002,CID001473,Brother
REL001026,CID001440,CID006308,Brother
REL001027,CID008579,CID005157,Same Phone
REL001028,CID001543,CID004269,Gang Member
REL001029,CID007376,CID007515,Business Partner
REL001030,CID008321,CID005474,Same Phone
REL001031,CID007599,CID002134,Same Bank Account
REL001032,CID001229,CID001286,Brother
REL001033,CID006939,CID002328,Business Partner
REL001034,CID003242,CID004717,Brother
REL001035,CID006268,CID005775,Gang Member
REL001036,CID000893,CID002327,Associate
REL001037,CID005584,CID003783,Same Phone
REL001038,CID009082,CID009792,Same Phone
REL001039,CID005162,CID008433,Same Phone
REL001040,CID005989,CID008248,Money Transfer
REL001041,CID000587,CID005066,Business Partner
REL001042,CID001381,CID003073,Gang Member
REL001043,CID002777,CID007595,Associate
REL001044,CID003077,CID009008,Same Bank Account
REL001045,CID007245,CID005578,Brother
REL001046,CID001686,CID006575,Friend
REL001047,CID001170,CID003906,Same Bank Account
REL001048,CID007062,CID009677,Same Vehicle
REL001049,CID001269,CID000685,Money Transfer
REL001050,CID005550,CID009816,Business Partner
REL001051,CID008386,CID009081,Business Partner
REL001052,CID004110,CID001403,Money Transfer
REL001053,CID007766,CID003699,Same Bank Account
REL001054,CID008738,CID006494,Business Partner
REL001055,CID007387,CID006134,Associate
REL001056,CID008094,CID009820,Same Bank Account
REL001057,CID000727,CID003169,Associate
REL001058,CID008184,CID007952,Same Bank Account
REL001059,CID000260,CID009642,Same Vehicle
REL001060,CID000269,CID009108,Business Partner
REL001061,CID004291,CID008566,Same Phone
REL001062,CID008387,CID007621,Gang Member
REL001063,CID008310,CID009942,Same Phone
REL001064,CID008267,CID004263,Business Partner
REL001065,CID004958,CID000810,Business Partner
REL001066,CID009505,CID003256,Money Transfer
REL001067,CID008441,CID000817,Same Vehicle
REL001068,CID006147,CID002736,Associate
REL001069,CID009559,CID006609,Gang Member
REL001070,CID007714,CID003174,Same Phone
REL001071,CID009087,CID008313,Gang Member
REL001072,CID004373,CID005798,Same Vehicle
REL001073,CID003667,CID003616,Brother
REL001074,CID008900,CID003289,Friend
REL001075,CID000161,CID002601,Gang Member
REL001076,CID009191,CID005953,Same Vehicle
REL001077,CID009601,CID009091,Associate
REL001078,CID008821,CID006825,Gang Member
REL001079,CID000199,CID003840,Same Vehicle
REL001080,CID008348,CID000940,Same Bank Account
REL001081,CID004022,CID005085,Business Partner
REL001082,CID002994,CID002081,Gang Member
REL001083,CID007350,CID002402,Same Phone
REL001084,CID000397,CID001238,Money Transfer
REL001085,CID003680,CID009253,Same Bank Account
REL001086,CID007680,CID001460,Same Phone
REL001087,CID009130,CID009446,Same Phone
REL001088,CID003331,CID007118,Same Bank Account
REL001089,CID001973,CID009171,Associate
REL001090,CID004369,CID000160,Same Vehicle
REL001091,CID000853,CID003374,Money Transfer
REL001092,CID004325,CID009826,Money Transfer
REL001093,CID001781,CID004033,Money Transfer
REL001094,CID003675,CID009425,Same Phone
REL001095,CID001720,CID002910,Money Transfer
REL001096,CID004596,CID000311,Business Partner
REL001097,CID004124,CID006136,Brother
REL001098,CID001256,CID005710,Same Phone
REL001099,CID000395,CID006084,Business Partner
REL001100,CID009784,CID003970,Gang Member
REL001101,CID005459,CID005362,Brother
REL001102,CID009888,CID003880,Gang Member
REL001103,CID000736,CID006622,Associate
REL001104,CID000499,CID008050,Same Phone
REL001105,CID005912,CID005306,Business Partner
REL001106,CID003864,CID005219,Associate
REL001107,CID001705,CID009986,Money Transfer
REL001108,CID003748,CID009544,Brother
REL001109,CID000862,CID008442,Same Phone
REL001110,CID001030,CID009593,Money Transfer
REL001111,CID006599,CID000404,Business Partner
REL001112,CID000381,CID007488,Same Bank Account
REL001113,CID003872,CID003438,Same Bank Account
REL001114,CID008699,CID000801,Gang Member
REL001115,CID006664,CID001073,Associate
REL001116,CID008895,CID009062,Friend
REL001117,CID003464,CID009136,Same Bank Account
REL001118,CID009939,CID008369,Associate
REL001119,CID002131,CID001327,Money Transfer
REL001120,CID003132,CID004964,Friend
REL001121,CID000825,CID003997,Same Phone
REL001122,CID000736,CID000086,Gang Member
REL001123,CID009991,CID004502,Gang Member
REL001124,CID000897,CID008251,Gang Member
REL001125,CID005176,CID001360,Business Partner
REL001126,CID002449,CID001131,Same Bank Account
REL001127,CID009080,CID001061,Associate
REL001128,CID003104,CID005520,Business Partner
REL001129,CID009695,CID007605,Business Partner
REL001130,CID009775,CID007381,Associate
REL001131,CID006303,CID000075,Brother
REL001132,CID008496,CID000252,Same Bank Account
REL001133,CID001857,CID007063,Friend
REL001134,CID009484,CID005540,Same Bank Account
REL001135,CID007910,CID007414,Business Partner
REL001136,CID008037,CID003278,Brother
REL001137,CID008655,CID002824,Business Partner
REL001138,CID004440,CID003009,Same Phone
REL001139,CID003975,CID007615,Friend
REL001140,CID005236,CID005932,Friend
REL001141,CID002311,CID005697,Same Phone
REL001142,CID009790,CID005582,Same Bank Account
REL001143,CID009988,CID003520,Friend
REL001144,CID002778,CID000888,Brother
REL001145,CID001942,CID009547,Money Transfer
REL001146,CID004073,CID007651,Friend
REL001147,CID006081,CID008689,Associate
REL001148,CID006634,CID002596,Friend
REL001149,CID004862,CID009957,Gang Member
REL001150,CID000772,CID007320,Brother
REL001151,CID002565,CID003069,Money Transfer
REL001152,CID009309,CID000417,Same Bank Account
REL001153,CID009038,CID006204,Same Vehicle
REL001154,CID008837,CID001208,Same Vehicle
REL001155,CID002233,CID009452,Business Partner
REL001156,CID009988,CID007288,Gang Member
REL001157,CID003881,CID006159,Same Phone
REL001158,CID007575,CID009393,Business Partner
REL001159,CID000995,CID002839,Gang Member
REL001160,CID003534,CID009766,Same Vehicle
REL001161,CID006360,CID001747,Business Partner
REL001162,CID001537,CID007130,Friend
REL001163,CID004669,CID001612,Friend
REL001164,CID003947,CID007963,Associate
REL001165,CID001377,CID007181,Friend
REL001166,CID002473,CID002474,Money Transfer
REL001167,CID002368,CID009080,Same Bank Account
REL001168,CID001849,CID005571,Brother
REL001169,CID007303,CID009213,Business Partner
REL001170,CID006692,CID009605,Money Transfer
REL001171,CID004240,CID000408,Same Vehicle
REL001172,CID007391,CID004687,Same Bank Account
REL001173,CID002069,CID007420,Business Partner
REL001174,CID003170,CID001125,Same Bank Account
REL001175,CID008259,CID001860,Friend
REL001176,CID003465,CID005628,Business Partner
REL001177,CID002150,CID005702,Associate
REL001178,CID006831,CID009950,Gang Member
REL001179,CID008156,CID006360,Same Vehicle
REL001180,CID003704,CID006938,Business Partner
REL001181,CID002148,CID001258,Gang Member
REL001182,CID002253,CID005001,Business Partner
REL001183,CID005005,CID003893,Business Partner
REL001184,CID004162,CID001342,Money Transfer
REL001185,CID005897,CID003090,Same Bank Account
REL001186,CID008652,CID004988,Money Transfer
REL001187,CID005499,CID000009,Money Transfer
REL001188,CID001224,CID000680,Same Phone
REL001189,CID001800,CID006393,Same Bank Account
REL001190,CID006423,CID000077,Business Partner
REL001191,CID008450,CID008099,Money Transfer
REL001192,CID000413,CID002580,Same Phone
REL001193,CID008664,CID003866,Friend
REL001194,CID009482,CID008530,Brother
REL001195,CID006171,CID004298,Friend
REL001196,CID000459,CID008961,Friend
REL001197,CID007853,CID001072,Money Transfer
REL001198,CID005520,CID007654,Associate
REL001199,CID008196,CID009854,Associate
REL001200,CID002556,CID009191,Business Partner
REL001201,CID005306,CID006247,Same Bank Account
REL001202,CID006483,CID007325,Same Phone
REL001203,CID006668,CID009729,Same Bank Account
REL001204,CID006966,CID009624,Friend
REL001205,CID001564,CID009874,Associate
REL001206,CID002822,CID004417,Brother
REL001207,CID001496,CID008117,Friend
REL001208,CID009430,CID009069,Same Bank Account
REL001209,CID006198,CID004673,Associate
REL001210,CID004640,CID004314,Gang Member
REL001211,CID000969,CID003835,Brother
REL001212,CID000998,CID001681,Friend
REL001213,CID009513,CID003642,Money Transfer
REL001214,CID004204,CID002248,Same Vehicle
REL001215,CID000256,CID008091,Brother
REL001216,CID003171,CID004598,Associate
REL001217,CID003568,CID001971,Same Bank Account
REL001218,CID009594,CID004472,Friend
REL001219,CID003505,CID002320,Same Bank Account
REL001220,CID008779,CID009401,Friend
REL001221,CID002370,CID003198,Friend
REL001222,CID006621,CID002473,Same Bank Account
REL001223,CID003893,CID009145,Associate
REL001224,CID003806,CID000979,Brother
REL001225,CID007378,CID009710,Same Phone
REL001226,CID002421,CID004019,Same Vehicle
REL001227,CID003008,CID002411,Money Transfer
REL001228,CID007775,CID008082,Associate
REL001229,CID008975,CID008107,Friend
REL001230,CID009412,CID003277,Friend
REL001231,CID001767,CID008095,Friend
REL001232,CID002028,CID003267,Associate
REL001233,CID007385,CID000479,Associate
REL001234,CID003218,CID009813,Same Bank Account
REL001235,CID009438,CID004787,Associate
REL001236,CID007154,CID001671,Friend
REL001237,CID002078,CID001416,Money Transfer
REL001238,CID005153,CID002038,Same Vehicle
REL001239,CID003277,CID004371,Gang Member
REL001240,CID007145,CID004122,Same Phone
REL001241,CID006215,CID000597,Associate
REL001242,CID001448,CID007998,Same Bank Account
REL001243,CID009173,CID000290,Business Partner
REL001244,CID008368,CID001882,Same Bank Account
REL001245,CID000640,CID001095,Friend
REL001246,CID008670,CID008911,Same Bank Account
REL001247,CID006732,CID002945,Associate
REL001248,CID004476,CID000795,Business Partner
REL001249,CID004626,CID005312,Same Bank Account
REL001250,CID009068,CID006803,Money Transfer
REL001251,CID005399,CID008133,Same Phone
REL001252,CID002679,CID001455,Business Partner
REL001253,CID000146,CID008625,Friend
REL001254,CID009725,CID007423,Same Phone
REL001255,CID009327,CID002477,Same Vehicle
REL001256,CID007578,CID007844,Same Vehicle
REL001257,CID008450,CID006199,Gang Member
REL001258,CID004023,CID004275,Brother
REL001259,CID001681,CID007026,Gang Member
REL001260,CID000913,CID005905,Business Partner
REL001261,CID003157,CID008968,Money Transfer
REL001262,CID007176,CID005124,Associate
REL001263,CID007035,CID001281,Associate
REL001264,CID006734,CID003647,Gang Member
REL001265,CID003916,CID007350,Business Partner
REL001266,CID007035,CID000310,Associate
REL001267,CID002341,CID005926,Same Phone
REL001268,CID002960,CID003960,Brother
REL001269,CID007210,CID002696,Business Partner
REL001270,CID002267,CID003213,Associate
REL001271,CID002608,CID001502,Same Bank Account
REL001272,CID000720,CID002663,Same Bank Account
REL001273,CID002872,CID004722,Brother
REL001274,CID006131,CID001932,Same Bank Account
REL001275,CID004494,CID009355,Money Transfer
REL001276,CID006708,CID000739,Gang Member
REL001277,CID000839,CID000650,Business Partner
REL001278,CID004034,CID004054,Associate
REL001279,CID006952,CID000311,Same Bank Account
REL001280,CID008086,CID001045,Same Bank Account
REL001281,CID008778,CID006812,Money Transfer
REL001282,CID009789,CID001142,Gang Member
REL001283,CID001285,CID002125,Same Phone
REL001284,CID006223,CID000673,Same Bank Account
REL001285,CID004814,CID008907,Same Bank Account
REL001286,CID004963,CID004456,Money Transfer
REL001287,CID003758,CID005994,Same Bank Account
REL001288,CID008256,CID007937,Same Vehicle
REL001289,CID007873,CID000705,Associate
REL001290,CID002454,CID008430,Associate
REL001291,CID004856,CID009194,Gang Member
REL001292,CID003486,CID003586,Money Transfer
REL001293,CID004006,CID003717,Same Vehicle
REL001294,CID009089,CID002666,Same Vehicle
REL001295,CID008966,CID006269,Associate
REL001296,CID008914,CID006842,Money Transfer
REL001297,CID006055,CID007254,Brother
REL001298,CID009713,CID007855,Same Phone
REL001299,CID004511,CID003517,Gang Member
REL001300,CID004725,CID005913,Money Transfer
REL001301,CID002939,CID002917,Same Bank Account
REL001302,CID005720,CID008387,Same Bank Account
REL001303,CID005363,CID000715,Same Phone
REL001304,CID002562,CID001693,Same Bank Account
REL001305,CID002545,CID008378,Business Partner
REL001306,CID002474,CID001170,Same Vehicle
REL001307,CID003318,CID007611,Same Vehicle
REL001308,CID008459,CID000936,Same Bank Account
REL001309,CID006219,CID005229,Associate
REL001310,CID007245,CID002745,Same Vehicle
REL001311,CID001456,CID006466,Business Partner
REL001312,CID009758,CID005515,Business Partner
REL001313,CID004254,CID000107,Same Bank Account
REL001314,CID009032,CID005098,Brother
REL001315,CID002122,CID003748,Same Vehicle
REL001316,CID008142,CID005485,Friend
REL001317,CID000262,CID001937,Same Phone
REL001318,CID005405,CID001114,Associate
REL001319,CID006971,CID000750,Gang Member
REL001320,CID009716,CID000099,Gang Member
REL001321,CID001631,CID003424,Brother
REL001322,CID009642,CID005718,Same Phone
REL001323,CID008423,CID008547,Money Transfer
REL001324,CID002930,CID007209,Same Phone
REL001325,CID009535,CID007914,Same Phone
REL001326,CID007982,CID008109,Associate
REL001327,CID003680,CID007564,Business Partner
REL001328,CID000172,CID006894,Same Phone
REL001329,CID000162,CID009622,Same Bank Account
REL001330,CID007949,CID006907,Same Bank Account
REL001331,CID006139,CID008517,Friend
REL001332,CID000919,CID004068,Same Vehicle
REL001333,CID004217,CID006652,Same Vehicle
REL001334,CID005708,CID005529,Same Bank Account
REL001335,CID007395,CID001251,Same Bank Account
REL001336,CID000654,CID004461,Same Bank Account
REL001337,CID008963,CID003735,Brother
REL001338,CID008942,CID008547,Business Partner
REL001339,CID008065,CID008390,Money Transfer
REL001340,CID001004,CID005241,Friend
REL001341,CID009683,CID001242,Associate
REL001342,CID008882,CID002939,Business Partner
REL001343,CID000889,CID009519,Associate
REL001344,CID007227,CID005091,Friend
REL001345,CID004437,CID004014,Same Bank Account
REL001346,CID002899,CID006798,Same Vehicle
REL001347,CID005457,CID003346,Friend
REL001348,CID007775,CID000750,Money Transfer
REL001349,CID006408,CID003514,Same Vehicle
REL001350,CID003797,CID009604,Gang Member
REL001351,CID002256,CID003974,Same Vehicle
REL001352,CID001441,CID007373,Business Partner
REL001353,CID008997,CID002207,Same Bank Account
REL001354,CID003223,CID008801,Money Transfer
REL001355,CID008698,CID005448,Gang Member
REL001356,CID004560,CID001299,Gang Member
REL001357,CID001571,CID000801,Associate
REL001358,CID007607,CID009511,Same Phone
REL001359,CID002503,CID003119,Money Transfer
REL001360,CID008900,CID008124,Friend
REL001361,CID002204,CID007460,Friend
REL001362,CID005384,CID007158,Friend
REL001363,CID008184,CID003691,Friend
REL001364,CID001485,CID003394,Associate
REL001365,CID007478,CID009361,Business Partner
REL001366,CID009340,CID003855,Same Vehicle
REL001367,CID006897,CID005223,Business Partner
REL001368,CID001729,CID002599,Friend
REL001369,CID004229,CID000756,Gang Member
REL001370,CID003370,CID005391,Brother
REL001371,CID000645,CID002129,Friend
REL001372,CID006836,CID004967,Associate
REL001373,CID006776,CID000640,Money Transfer
REL001374,CID006148,CID004600,Gang Member
REL001375,CID004149,CID006297,Friend
REL001376,CID009448,CID007259,Gang Member
REL001377,CID006164,CID001417,Same Vehicle
REL001378,CID009755,CID001266,Money Transfer
REL001379,CID008794,CID008040,Money Transfer
REL001380,CID002120,CID002300,Money Transfer
REL001381,CID008973,CID008406,Associate
REL001382,CID004039,CID004204,Same Phone
REL001383,CID006111,CID002781,Same Phone
REL001384,CID003617,CID006350,Same Phone
REL001385,CID009771,CID000867,Same Vehicle
REL001386,CID006186,CID007236,Friend
REL001387,CID007368,CID003980,Brother
REL001388,CID000256,CID009837,Brother
REL001389,CID005450,CID001852,Brother
REL001390,CID009752,CID001195,Gang Member
REL001391,CID000731,CID008516,Associate
REL001392,CID002456,CID007870,Brother
REL001393,CID004372,CID006884,Money Transfer
REL001394,CID005860,CID004276,Same Phone
REL001395,CID009706,CID007281,Friend
REL001396,CID004563,CID004862,Associate
REL001397,CID000586,CID009184,Same Vehicle
REL001398,CID003498,CID002443,Same Phone
REL001399,CID003662,CID006625,Associate
REL001400,CID002353,CID008925,Business Partner
REL001401,CID009507,CID004649,Associate
REL001402,CID001920,CID007088,Associate
REL001403,CID008536,CID001778,Friend
REL001404,CID000995,CID002047,Gang Member
REL001405,CID007054,CID008541,Same Bank Account
REL001406,CID009009,CID001734,Same Vehicle
REL001407,CID006578,CID000999,Same Bank Account
REL001408,CID007508,CID003854,Same Vehicle
REL001409,CID000734,CID000734,Associate
REL001410,CID008573,CID008593,Gang Member
REL001411,CID001701,CID004761,Same Bank Account
REL001412,CID006219,CID008393,Friend
REL001413,CID003367,CID001301,Same Bank Account
REL001414,CID004879,CID008734,Same Phone
REL001415,CID005522,CID002720,Friend
REL001416,CID006380,CID006165,Brother
REL001417,CID006612,CID006180,Same Bank Account
REL001418,CID006229,CID007986,Same Phone
REL001419,CID002218,CID001579,Friend
REL001420,CID008102,CID003285,Business Partner
REL001421,CID002833,CID001577,Same Phone
REL001422,CID004480,CID008390,Friend
REL001423,CID007007,CID007908,Friend
REL001424,CID006664,CID009831,Money Transfer
REL001425,CID007113,CID003759,Business Partner
REL001426,CID007467,CID002256,Friend
REL001427,CID008152,CID003191,Associate
REL001428,CID003741,CID009707,Business Partner
REL001429,CID005285,CID004648,Same Bank Account
REL001430,CID005865,CID002833,Same Phone
REL001431,CID000556,CID005499,Brother
REL001432,CID009726,CID005571,Same Vehicle
REL001433,CID009247,CID000672,Same Vehicle
REL001434,CID004161,CID009368,Business Partner
REL001435,CID008346,CID009464,Money Transfer
REL001436,CID004066,CID009025,Business Partner
REL001437,CID000646,CID006146,Gang Member
REL001438,CID004063,CID000522,Brother
REL001439,CID000366,CID003526,Money Transfer
REL001440,CID004865,CID007596,Business Partner
REL001441,CID002745,CID009004,Same Phone
REL001442,CID004578,CID003208,Brother
REL001443,CID002455,CID000878,Associate
REL001444,CID005070,CID008404,Brother
REL001445,CID008722,CID007105,Business Partner
REL001446,CID008115,CID002780,Same Phone
REL001447,CID009468,CID006627,Same Bank Account
REL001448,CID003595,CID005902,Friend
REL001449,CID000175,CID004375,Gang Member
REL001450,CID004564,CID001724,Brother
REL001451,CID009897,CID000614,Business Partner
REL001452,CID006557,CID003452,Associate
REL001453,CID008285,CID002221,Gang Member
REL001454,CID000987,CID005557,Business Partner
REL001455,CID004802,CID007122,Associate
REL001456,CID000496,CID009066,Same Bank Account
REL001457,CID000685,CID008666,Same Bank Account
REL001458,CID002478,CID000717,Associate
REL001459,CID006333,CID008398,Money Transfer
REL001460,CID001859,CID000422,Brother
REL001461,CID001672,CID008362,Gang Member
REL001462,CID008641,CID001508,Same Phone
REL001463,CID000646,CID008724,Same Vehicle
REL001464,CID008666,CID003034,Same Vehicle
REL001465,CID002669,CID004645,Brother
REL001466,CID006377,CID008402,Same Bank Account
REL001467,CID002701,CID007496,Same Phone
REL001468,CID004003,CID006074,Friend
REL001469,CID009952,CID001954,Same Vehicle
REL001470,CID004541,CID009612,Gang Member
REL001471,CID006830,CID007462,Gang Member
REL001472,CID000506,CID000730,Same Bank Account
REL001473,CID005566,CID008403,Associate
REL001474,CID002609,CID007471,Same Vehicle
REL001475,CID006876,CID002299,Money Transfer
REL001476,CID007074,CID007083,Friend
REL001477,CID002425,CID006665,Same Phone
REL001478,CID004153,CID003515,Associate
REL001479,CID004687,CID007425,Business Partner
REL001480,CID008849,CID002469,Business Partner
REL001481,CID004686,CID008596,Same Phone
REL001482,CID009676,CID002451,Friend
REL001483,CID003617,CID001488,Associate
REL001484,CID000940,CID007814,Same Bank Account
REL001485,CID004502,CID000112,Same Vehicle
REL001486,CID005096,CID000450,Same Bank Account
REL001487,CID004658,CID000649,Same Bank Account
REL001488,CID006640,CID009361,Same Phone
REL001489,CID003945,CID003588,Money Transfer
REL001490,CID006981,CID007764,Same Phone
REL001491,CID008810,CID006642,Same Phone
REL001492,CID005442,CID009028,Same Vehicle
REL001493,CID003899,CID007158,Same Vehicle
REL001494,CID003723,CID000203,Money Transfer
REL001495,CID000726,CID009042,Friend
REL001496,CID000482,CID004308,Money Transfer
REL001497,CID001397,CID006935,Business Partner
REL001498,CID005095,CID007798,Same Phone
REL001499,CID008893,CID006780,Money Transfer
REL001500,CID001820,CID000235,Same Phone
REL001501,CID004927,CID001299,Gang Member
REL001502,CID002807,CID004186,Same Phone
REL001503,CID000872,CID005342,Same Phone
REL001504,CID004410,CID001564,Business Partner
REL001505,CID003063,CID009175,Gang Member
REL001506,CID005964,CID001349,Gang Member
REL001507,CID000412,CID007117,Same Phone
REL001508,CID007050,CID005169,Friend
REL001509,CID001448,CID007347,Business Partner
REL001510,CID003712,CID001384,Same Bank Account
REL001511,CID005571,CID002251,Associate
REL001512,CID000481,CID004430,Money Transfer
REL001513,CID001208,CID001804,Gang Member
REL001514,CID008679,CID005744,Money Transfer
REL001515,CID008387,CID006801,Business Partner
REL001516,CID006335,CID005670,Same Phone
REL001517,CID001812,CID006354,Business Partner
REL001518,CID000051,CID009184,Same Vehicle
REL001519,CID004845,CID006667,Gang Member
REL001520,CID009552,CID000286,Same Vehicle
REL001521,CID002263,CID000016,Friend
REL001522,CID000527,CID000355,Business Partner
REL001523,CID000809,CID006900,Gang Member
REL001524,CID002754,CID002958,Friend
REL001525,CID000133,CID009544,Gang Member
REL001526,CID006153,CID009652,Gang Member
REL001527,CID004159,CID008634,Associate
REL001528,CID004540,CID005199,Gang Member
REL001529,CID007335,CID003571,Same Bank Account
REL001530,CID008939,CID000140,Same Bank Account
REL001531,CID006639,CID009894,Same Bank Account
REL001532,CID008842,CID004773,Business Partner
REL001533,CID005960,CID002124,Associate
REL001534,CID006150,CID007062,Money Transfer
REL001535,CID006830,CID000094,Same Vehicle
REL001536,CID005953,CID003222,Brother
REL001537,CID003689,CID006081,Money Transfer
REL001538,CID000799,CID009396,Friend
REL001539,CID004414,CID001309,Business Partner
REL001540,CID008018,CID001193,Business Partner
REL001541,CID006534,CID004165,Money Transfer
REL001542,CID009210,CID004259,Same Vehicle
REL001543,CID004951,CID007963,Associate
REL001544,CID007090,CID007020,Business Partner
REL001545,CID005530,CID009514,Same Vehicle
REL001546,CID009163,CID009350,Associate
REL001547,CID005230,CID007222,Friend
REL001548,CID009345,CID003817,Brother
REL001549,CID003991,CID009441,Gang Member
REL001550,CID006012,CID004511,Same Bank Account
REL001551,CID006972,CID001815,Associate
REL001552,CID005282,CID006536,Business Partner
REL001553,CID008312,CID004162,Friend
REL001554,CID008780,CID007280,Same Bank Account
REL001555,CID000821,CID001910,Friend
REL001556,CID007894,CID002955,Business Partner
REL001557,CID005213,CID009147,Same Vehicle
REL001558,CID004666,CID003302,Business Partner
REL001559,CID003246,CID009712,Business Partner
REL001560,CID001857,CID007032,Business Partner
REL001561,CID003108,CID007095,Brother
REL001562,CID007326,CID000201,Associate
REL001563,CID001072,CID000051,Friend
REL001564,CID007767,CID003723,Associate
REL001565,CID006428,CID005373,Money Transfer
REL001566,CID002248,CID007151,Gang Member
REL001567,CID002967,CID008222,Same Bank Account
REL001568,CID002828,CID005718,Friend
REL001569,CID005182,CID005032,Brother
REL001570,CID000015,CID007136,Brother
REL001571,CID001412,CID007389,Associate
REL001572,CID006411,CID009398,Same Vehicle
REL001573,CID000733,CID001601,Associate
REL001574,CID005729,CID005459,Money Transfer
REL001575,CID006292,CID005617,Brother
REL001576,CID004543,CID007740,Friend
REL001577,CID003566,CID003723,Same Phone
REL001578,CID005225,CID005200,Money Transfer
REL001579,CID002344,CID001767,Associate
REL001580,CID003127,CID006182,Business Partner
REL001581,CID008507,CID009657,Friend
REL001582,CID001035,CID003862,Friend
REL001583,CID004388,CID009210,Associate
REL001584,CID005113,CID009427,Same Vehicle
REL001585,CID007220,CID002844,Same Phone
REL001586,CID002379,CID003589,Same Phone
REL001587,CID007381,CID002343,Same Phone
REL001588,CID009663,CID003492,Friend
REL001589,CID000480,CID006215,Business Partner
REL001590,CID005456,CID000647,Money Transfer
REL001591,CID007111,CID001274,Same Vehicle
REL001592,CID005226,CID007546,Business Partner
REL001593,CID003558,CID009287,Friend
REL001594,CID002601,CID001650,Brother
REL001595,CID005444,CID006703,Same Bank Account
REL001596,CID003818,CID006204,Associate
REL001597,CID008964,CID002785,Same Bank Account
REL001598,CID001794,CID006151,Business Partner
REL001599,CID005546,CID008459,Friend
REL001600,CID003260,CID000921,Money Transfer
REL001601,CID007029,CID004862,Gang Member
REL001602,CID002013,CID008936,Business Partner
REL001603,CID007913,CID001908,Brother
REL001604,CID009131,CID007509,Business Partner
REL001605,CID007365,CID001730,Same Vehicle
REL001606,CID006192,CID008863,Friend
REL001607,CID007824,CID005810,Business Partner
REL001608,CID001289,CID009856,Friend
REL001609,CID008269,CID007428,Brother
REL001610,CID007649,CID005664,Business Partner
REL001611,CID000349,CID002412,Friend
REL001612,CID001341,CID009659,Same Phone
REL001613,CID003583,CID004656,Brother
REL001614,CID001163,CID000746,Brother
REL001615,CID008628,CID008056,Brother
REL001616,CID000807,CID004430,Business Partner
REL001617,CID002459,CID007176,Friend
REL001618,CID003888,CID002946,Gang Member
REL001619,CID008492,CID000070,Friend
REL001620,CID005413,CID008656,Friend
REL001621,CID002810,CID000747,Brother
REL001622,CID008208,CID002739,Associate
REL001623,CID005062,CID003994,Gang Member
REL001624,CID003368,CID000175,Business Partner
REL001625,CID005993,CID007016,Same Vehicle
REL001626,CID008265,CID004171,Brother
REL001627,CID003061,CID000346,Same Phone
REL001628,CID001275,CID009632,Associate
REL001629,CID007445,CID009862,Same Vehicle
REL001630,CID004852,CID000481,Gang Member
REL001631,CID002533,CID002856,Associate
REL001632,CID006359,CID000911,Brother
REL001633,CID004480,CID005939,Same Bank Account
REL001634,CID006829,CID005549,Same Phone
REL001635,CID000046,CID005280,Same Bank Account
REL001636,CID004805,CID000691,Gang Member
REL001637,CID009826,CID007915,Same Phone
REL001638,CID009859,CID001340,Same Vehicle
REL001639,CID006226,CID003837,Same Phone
REL001640,CID007187,CID001267,Business Partner
REL001641,CID000273,CID008631,Same Phone
REL001642,CID002553,CID006083,Same Bank Account
REL001643,CID005526,CID008728,Friend
REL001644,CID005801,CID009356,Brother
REL001645,CID003808,CID003167,Business Partner
REL001646,CID002570,CID007811,Associate
REL001647,CID002957,CID001606,Same Phone
REL001648,CID000905,CID001475,Friend
REL001649,CID009244,CID001811,Same Phone
REL001650,CID007527,CID007726,Brother
REL001651,CID001460,CID007745,Business Partner
REL001652,CID000394,CID008508,Gang Member
REL001653,CID007729,CID001002,Money Transfer
REL001654,CID007263,CID004717,Money Transfer
REL001655,CID004006,CID005428,Same Vehicle
REL001656,CID000680,CID002738,Business Partner
REL001657,CID003829,CID008519,Same Bank Account
REL001658,CID004601,CID008184,Associate
REL001659,CID001055,CID005503,Business Partner
REL001660,CID002329,CID008858,Same Bank Account
REL001661,CID008179,CID009400,Same Vehicle
REL001662,CID009773,CID000354,Associate
REL001663,CID000079,CID007692,Associate
REL001664,CID000117,CID004333,Friend
REL001665,CID003710,CID005726,Friend
REL001666,CID003544,CID001365,Same Phone
REL001667,CID004208,CID001063,Same Phone
REL001668,CID006839,CID008728,Same Bank Account
REL001669,CID000408,CID008382,Associate
REL001670,CID006528,CID008012,Associate
REL001671,CID004889,CID007841,Business Partner
REL001672,CID004639,CID006984,Brother
REL001673,CID001604,CID005827,Same Bank Account
REL001674,CID007978,CID000067,Brother
REL001675,CID009509,CID003646,Friend
REL001676,CID006420,CID004406,Gang Member
REL001677,CID001982,CID004589,Gang Member
REL001678,CID002018,CID000218,Friend
REL001679,CID001497,CID008470,Same Vehicle
REL001680,CID001341,CID006495,Money Transfer
REL001681,CID008424,CID000321,Money Transfer
REL001682,CID009338,CID001756,Same Phone
REL001683,CID004588,CID007251,Same Bank Account
REL001684,CID006932,CID007927,Same Vehicle
REL001685,CID004659,CID007033,Money Transfer
REL001686,CID009101,CID000157,Gang Member
REL001687,CID008409,CID007974,Same Vehicle
REL001688,CID001931,CID006716,Money Transfer
REL001689,CID003605,CID009089,Business Partner
REL001690,CID003952,CID006446,Business Partner
REL001691,CID001814,CID008413,Brother
REL001692,CID009046,CID005050,Friend
REL001693,CID001690,CID005372,Friend
REL001694,CID009309,CID008209,Brother
REL001695,CID006749,CID009779,Brother
REL001696,CID000710,CID009801,Money Transfer
REL001697,CID007551,CID004118,Associate
REL001698,CID001887,CID007008,Friend
REL001699,CID009709,CID000749,Friend
REL001700,CID001713,CID008318,Associate
REL001701,CID007530,CID004500,Brother
REL001702,CID008022,CID000696,Same Vehicle
REL001703,CID006404,CID002467,Same Vehicle
REL001704,CID001328,CID005058,Same Phone
REL001705,CID008245,CID004422,Same Bank Account
REL001706,CID006674,CID000997,Same Bank Account
REL001707,CID003056,CID001974,Business Partner
REL001708,CID009152,CID005516,Friend
REL001709,CID002527,CID006720,Same Bank Account
REL001710,CID004432,CID002400,Friend
REL001711,CID007989,CID009176,Friend
REL001712,CID006004,CID003370,Same Phone
REL001713,CID002060,CID008695,Gang Member
REL001714,CID008773,CID004109,Brother
REL001715,CID006108,CID001814,Same Vehicle
REL001716,CID006712,CID006973,Money Transfer
REL001717,CID009869,CID008071,Money Transfer
REL001718,CID000639,CID007647,Same Phone
REL001719,CID001724,CID004698,Gang Member
REL001720,CID005138,CID008302,Friend
REL001721,CID003934,CID000592,Same Phone
REL001722,CID003030,CID000051,Associate
REL001723,CID006148,CID003941,Friend
REL001724,CID008055,CID004029,Gang Member
REL001725,CID007212,CID009949,Gang Member
REL001726,CID003602,CID006617,Same Phone
REL001727,CID000696,CID006316,Friend
REL001728,CID009914,CID005203,Same Bank Account
REL001729,CID007061,CID005920,Brother
REL001730,CID002460,CID006997,Gang Member
REL001731,CID005418,CID006292,Gang Member
REL001732,CID001275,CID005727,Same Bank Account
REL001733,CID003536,CID000571,Brother
REL001734,CID008506,CID007434,Same Bank Account
REL001735,CID007881,CID003231,Friend
REL001736,CID008452,CID007815,Brother
REL001737,CID003166,CID002298,Same Phone
REL001738,CID005603,CID007043,Business Partner
REL001739,CID004906,CID009892,Friend
REL001740,CID007842,CID005238,Same Vehicle
REL001741,CID009354,CID001114,Same Bank Account
REL001742,CID005834,CID000652,Gang Member
REL001743,CID001602,CID001792,Same Bank Account
REL001744,CID007716,CID002634,Same Phone
REL001745,CID000387,CID008237,Same Phone
REL001746,CID006532,CID003417,Business Partner
REL001747,CID000148,CID004146,Same Vehicle
REL001748,CID005057,CID009201,Gang Member
REL001749,CID007598,CID005509,Friend
REL001750,CID000142,CID009265,Friend
REL001751,CID003695,CID000646,Associate
REL001752,CID007970,CID001424,Brother
REL001753,CID008624,CID002072,Money Transfer
REL001754,CID006087,CID009414,Business Partner
REL001755,CID001273,CID006444,Same Bank Account
REL001756,CID004528,CID007296,Same Vehicle
REL001757,CID007631,CID003396,Gang Member
REL001758,CID006385,CID005756,Gang Member
REL001759,CID008757,CID002679,Gang Member
REL001760,CID003431,CID002476,Associate
REL001761,CID007200,CID003769,Money Transfer
REL001762,CID009687,CID008402,Same Bank Account
REL001763,CID004681,CID006393,Same Bank Account
REL001764,CID003974,CID003704,Same Vehicle
REL001765,CID009868,CID006995,Money Transfer
REL001766,CID002858,CID001245,Same Phone
REL001767,CID000080,CID009832,Same Bank Account
REL001768,CID006282,CID006554,Same Vehicle
REL001769,CID000068,CID007790,Same Vehicle
REL001770,CID008111,CID007374,Same Bank Account
REL001771,CID008882,CID008202,Same Vehicle
REL001772,CID001494,CID009618,Business Partner
REL001773,CID005741,CID007780,Same Phone
REL001774,CID000562,CID004930,Same Bank Account
REL001775,CID000018,CID004603,Same Bank Account
REL001776,CID009356,CID006465,Brother
REL001777,CID000614,CID005070,Same Bank Account
REL001778,CID009329,CID006859,Same Vehicle
REL001779,CID001553,CID006534,Associate
REL001780,CID009103,CID003878,Same Phone
REL001781,CID005657,CID007431,Money Transfer
REL001782,CID009988,CID007325,Same Bank Account
REL001783,CID007909,CID008317,Friend
REL001784,CID008249,CID001131,Money Transfer
REL001785,CID001452,CID004491,Brother
REL001786,CID008918,CID008219,Same Bank Account
REL001787,CID001308,CID002200,Same Phone
REL001788,CID004759,CID009819,Same Phone
REL001789,CID008712,CID000115,Associate
REL001790,CID002466,CID004913,Gang Member
REL001791,CID005057,CID007008,Brother
REL001792,CID000786,CID009771,Same Vehicle
REL001793,CID003924,CID009629,Business Partner
REL001794,CID009261,CID000773,Same Bank Account
REL001795,CID004435,CID005160,Gang Member
REL001796,CID002458,CID005171,Same Vehicle
REL001797,CID005388,CID002922,Associate
REL001798,CID006002,CID004573,Gang Member
REL001799,CID003595,CID004375,Same Phone
REL001800,CID007634,CID009485,Brother
REL001801,CID006529,CID009079,Same Vehicle
REL001802,CID005865,CID000476,Same Phone
REL001803,CID009726,CID009715,Associate
REL001804,CID004108,CID006215,Gang Member
REL001805,CID009641,CID002020,Same Vehicle
REL001806,CID009780,CID006553,Brother
REL001807,CID001437,CID006437,Friend
REL001808,CID008483,CID005281,Friend
REL001809,CID009958,CID003665,Same Phone
REL001810,CID001489,CID004689,Same Vehicle
REL001811,CID005612,CID003032,Gang Member
REL001812,CID005766,CID003235,Brother
REL001813,CID002983,CID008190,Same Bank Account
REL001814,CID009957,CID001648,Same Phone
REL001815,CID002043,CID001366,Business Partner
REL001816,CID002993,CID001776,Business Partner
REL001817,CID007143,CID004539,Same Phone
REL001818,CID002946,CID007848,Friend
REL001819,CID007523,CID004006,Same Bank Account
REL001820,CID007454,CID002901,Gang Member
REL001821,CID003436,CID009740,Brother
REL001822,CID002900,CID009512,Business Partner
REL001823,CID001486,CID004298,Money Transfer
REL001824,CID002088,CID000107,Friend
REL001825,CID004660,CID002942,Same Phone
REL001826,CID001992,CID006072,Gang Member
REL001827,CID003746,CID002041,Associate
REL001828,CID007324,CID004965,Friend
REL001829,CID005178,CID006500,Gang Member
REL001830,CID002543,CID003720,Brother
REL001831,CID006397,CID009962,Same Vehicle
REL001832,CID001110,CID000097,Business Partner
REL001833,CID008086,CID006147,Same Vehicle
REL001834,CID003426,CID003302,Same Phone
REL001835,CID001529,CID003415,Associate
REL001836,CID006127,CID006187,Gang Member
REL001837,CID002405,CID004863,Same Vehicle
REL001838,CID000083,CID009730,Gang Member
REL001839,CID003608,CID001625,Same Vehicle
REL001840,CID000451,CID005980,Same Bank Account
REL001841,CID006499,CID002827,Friend
REL001842,CID000777,CID008160,Business Partner
REL001843,CID003374,CID004123,Associate
REL001844,CID007047,CID007637,Brother
REL001845,CID006014,CID005622,Same Vehicle
REL001846,CID008696,CID008365,Same Phone
REL001847,CID008344,CID007948,Same Bank Account
REL001848,CID000616,CID008794,Same Phone
REL001849,CID007509,CID004235,Same Vehicle
REL001850,CID008048,CID003137,Same Bank Account
REL001851,CID005612,CID005441,Associate
REL001852,CID004502,CID008411,Same Bank Account
REL001853,CID009079,CID000579,Associate
REL001854,CID007738,CID004178,Same Bank Account
REL001855,CID007409,CID007682,Associate
REL001856,CID000338,CID005246,Friend
REL001857,CID009943,CID009370,Same Vehicle
REL001858,CID002104,CID005526,Same Vehicle
REL001859,CID008833,CID008654,Money Transfer
REL001860,CID000747,CID001285,Associate
REL001861,CID002883,CID002211,Brother
REL001862,CID009657,CID007825,Business Partner
REL001863,CID009250,CID000996,Gang Member
REL001864,CID000392,CID000704,Money Transfer
REL001865,CID001690,CID003065,Same Vehicle
REL001866,CID002141,CID009455,Associate
REL001867,CID005546,CID003613,Same Vehicle
REL001868,CID003187,CID008318,Money Transfer
REL001869,CID006631,CID001704,Associate
REL001870,CID008189,CID004188,Friend
REL001871,CID005503,CID007371,Same Phone
REL001872,CID005643,CID001050,Business Partner
REL001873,CID005228,CID005410,Same Phone
REL001874,CID002141,CID005862,Same Phone
REL001875,CID000383,CID009872,Business Partner
REL001876,CID008743,CID002000,Business Partner
REL001877,CID002104,CID001941,Money Transfer
REL001878,CID005240,CID009269,Friend
REL001879,CID001272,CID007532,Gang Member
REL001880,CID004163,CID007434,Gang Member
REL001881,CID009853,CID003144,Friend
REL001882,CID004548,CID007554,Gang Member
REL001883,CID003266,CID001022,Gang Member
REL001884,CID008770,CID003920,Same Phone
REL001885,CID004355,CID000665,Associate
REL001886,CID009071,CID009243,Same Phone
REL001887,CID007980,CID003623,Same Vehicle
REL001888,CID006765,CID004035,Brother
REL001889,CID002373,CID008564,Friend
REL001890,CID006968,CID003802,Associate
REL001891,CID009514,CID000265,Gang Member
REL001892,CID006110,CID002670,Money Transfer
REL001893,CID003306,CID003287,Money Transfer
REL001894,CID005855,CID000668,Gang Member
REL001895,CID005457,CID009119,Gang Member
REL001896,CID003490,CID009688,Friend
REL001897,CID006802,CID005634,Gang Member
REL001898,CID009793,CID004838,Money Transfer
REL001899,CID002163,CID001722,Associate
REL001900,CID006385,CID008877,Brother
REL001901,CID006403,CID001500,Business Partner
REL001902,CID001411,CID004640,Friend
REL001903,CID002625,CID007311,Same Bank Account
REL001904,CID006980,CID001770,Money Transfer
REL001905,CID008469,CID000020,Money Transfer
REL001906,CID006982,CID003323,Same Phone
REL001907,CID007783,CID000914,Same Vehicle
REL001908,CID004572,CID003909,Gang Member
REL001909,CID008917,CID007094,Same Phone
REL001910,CID005897,CID009584,Same Vehicle
REL001911,CID002457,CID009783,Brother
REL001912,CID001673,CID006883,Money Transfer
REL001913,CID009698,CID003471,Brother
REL001914,CID009469,CID009153,Same Phone
REL001915,CID004558,CID006789,Same Bank Account
REL001916,CID004103,CID002699,Gang Member
REL001917,CID007440,CID002733,Business Partner
REL001918,CID005721,CID006354,Same Phone
REL001919,CID009211,CID005296,Same Vehicle
REL001920,CID001398,CID003974,Money Transfer
REL001921,CID007425,CID005641,Same Bank Account
REL001922,CID006082,CID008701,Associate
REL001923,CID002652,CID001483,Gang Member
REL001924,CID009086,CID005602,Gang Member
REL001925,CID002006,CID001995,Business Partner
REL001926,CID003135,CID009712,Associate
REL001927,CID002204,CID004041,Same Phone
REL001928,CID005197,CID003333,Same Vehicle
REL001929,CID005790,CID005781,Friend
REL001930,CID008637,CID008628,Same Bank Account
REL001931,CID008196,CID008978,Gang Member
REL001932,CID003259,CID009029,Brother
REL001933,CID002662,CID008372,Brother
REL001934,CID003601,CID006725,Gang Member
REL001935,CID005333,CID004467,Same Bank Account
REL001936,CID007172,CID005654,Same Bank Account
REL001937,CID009107,CID001639,Same Phone
REL001938,CID003905,CID002882,Brother
REL001939,CID008684,CID007721,Gang Member
REL001940,CID003868,CID005897,Same Bank Account
REL001941,CID006686,CID006001,Same Vehicle
REL001942,CID001678,CID006374,Gang Member
REL001943,CID008441,CID001505,Business Partner
REL001944,CID009868,CID002601,Same Phone
REL001945,CID001481,CID002648,Same Phone
REL001946,CID005867,CID006479,Gang Member
REL001947,CID005573,CID004726,Same Bank Account
REL001948,CID007844,CID003228,Brother
REL001949,CID004157,CID006410,Brother
REL001950,CID008033,CID005778,Gang Member
REL001951,CID001719,CID002210,Same Vehicle
REL001952,CID008030,CID000175,Gang Member
REL001953,CID006513,CID000343,Friend
REL001954,CID007668,CID005096,Same Bank Account
REL001955,CID002175,CID000702,Gang Member
REL001956,CID007489,CID007815,Business Partner
REL001957,CID007569,CID009096,Gang Member
REL001958,CID004719,CID007676,Associate
REL001959,CID002366,CID009921,Same Vehicle
REL001960,CID009227,CID000868,Same Vehicle
REL001961,CID003973,CID008574,Associate
REL001962,CID009415,CID008641,Associate
REL001963,CID005879,CID009240,Associate
REL001964,CID004699,CID009633,Same Phone
REL001965,CID007296,CID001947,Associate
REL001966,CID001312,CID006505,Money Transfer
REL001967,CID007143,CID003297,Same Vehicle
REL001968,CID003528,CID008619,Same Vehicle
REL001969,CID006166,CID001817,Same Bank Account
REL001970,CID006237,CID002491,Same Bank Account
REL001971,CID000151,CID003074,Same Bank Account
REL001972,CID001044,CID002600,Associate
REL001973,CID001943,CID006982,Gang Member
REL001974,CID001876,CID006362,Same Phone
REL001975,CID009086,CID004608,Friend
REL001976,CID008431,CID007005,Brother
REL001977,CID000269,CID009599,Same Phone
REL001978,CID005640,CID007205,Same Phone
REL001979,CID000169,CID001597,Friend
REL001980,CID008845,CID008164,Gang Member
REL001981,CID003223,CID002280,Friend
REL001982,CID003715,CID000975,Same Vehicle
REL001983,CID001503,CID003790,Same Vehicle
REL001984,CID004148,CID002912,Same Vehicle
REL001985,CID003415,CID001512,Associate
REL001986,CID009743,CID007145,Brother
REL001987,CID001225,CID000294,Same Bank Account
REL001988,CID009041,CID000740,Associate
REL001989,CID001908,CID006450,Business Partner
REL001990,CID001908,CID004812,Friend
REL001991,CID005749,CID007010,Same Bank Account
REL001992,CID003130,CID005969,Money Transfer
REL001993,CID003751,CID006819,Money Transfer
REL001994,CID003132,CID006539,Money Transfer
REL001995,CID009786,CID000230,Money Transfer
REL001996,CID003828,CID003338,Gang Member
REL001997,CID008962,CID005299,Friend
REL001998,CID004319,CID005644,Money Transfer
REL001999,CID004767,CID006047,Business Partner
REL002000,CID005857,CID008824,Business Partner
REL002001,CID005754,CID002641,Same Vehicle
REL002002,CID001959,CID004974,Money Transfer
REL002003,CID005407,CID001813,Brother
REL002004,CID008909,CID002424,Friend
REL002005,CID001213,CID005190,Money Transfer
REL002006,CID003203,CID001051,Same Bank Account
REL002007,CID009870,CID009318,Brother
REL002008,CID007648,CID008949,Same Phone
REL002009,CID004797,CID009682,Associate
REL002010,CID003702,CID007983,Same Vehicle
REL002011,CID005982,CID008511,Brother
REL002012,CID000340,CID008109,Same Phone
REL002013,CID004665,CID008983,Same Vehicle
REL002014,CID005043,CID005263,Friend
REL002015,CID002200,CID002988,Brother
REL002016,CID005660,CID003746,Same Bank Account
REL002017,CID005000,CID008828,Business Partner
REL002018,CID007693,CID000089,Same Phone
REL002019,CID004388,CID001882,Associate
REL002020,CID001553,CID006025,Friend
REL002021,CID005473,CID002909,Friend
REL002022,CID000963,CID003449,Money Transfer
REL002023,CID005229,CID003609,Brother
REL002024,CID005884,CID000952,Same Vehicle
REL002025,CID005993,CID001244,Gang Member
REL002026,CID003916,CID006505,Associate
REL002027,CID001256,CID008464,Same Phone
REL002028,CID006606,CID007642,Same Bank Account
REL002029,CID009046,CID008699,Friend
REL002030,CID004470,CID004939,Brother
REL002031,CID007757,CID009159,Same Vehicle
REL002032,CID002097,CID000610,Money Transfer
REL002033,CID009400,CID002267,Gang Member
REL002034,CID007561,CID007042,Money Transfer
REL002035,CID005883,CID003693,Same Bank Account
REL002036,CID001906,CID000214,Same Bank Account
REL002037,CID004717,CID009527,Same Bank Account
REL002038,CID001693,CID006904,Friend
REL002039,CID001885,CID009256,Same Phone
REL002040,CID007731,CID009451,Gang Member
REL002041,CID008745,CID003315,Money Transfer
REL002042,CID001882,CID007530,Money Transfer
REL002043,CID002285,CID006123,Same Vehicle
REL002044,CID007775,CID007099,Money Transfer
REL002045,CID003860,CID002569,Business Partner
REL002046,CID008586,CID003933,Money Transfer
REL002047,CID005811,CID006086,Same Bank Account
REL002048,CID002641,CID007012,Same Vehicle
REL002049,CID007852,CID002282,Brother
REL002050,CID003528,CID009600,Friend
REL002051,CID007909,CID006257,Friend
REL002052,CID001940,CID006040,Gang Member
REL002053,CID000248,CID000673,Business Partner
REL002054,CID003574,CID006223,Money Transfer
REL002055,CID001038,CID000797,Same Bank Account
REL002056,CID002953,CID000142,Business Partner
REL002057,CID001425,CID003143,Money Transfer
REL002058,CID004036,CID002633,Same Vehicle
REL002059,CID003485,CID005900,Business Partner
REL002060,CID002910,CID000081,Gang Member
REL002061,CID007550,CID003326,Same Phone
REL002062,CID004633,CID002967,Same Vehicle
REL002063,CID001695,CID004852,Friend
REL002064,CID007571,CID006155,Same Vehicle
REL002065,CID000145,CID003568,Friend
REL002066,CID008915,CID009414,Money Transfer
REL002067,CID000361,CID004442,Same Phone
REL002068,CID006608,CID008236,Same Bank Account
REL002069,CID009593,CID007278,Gang Member
REL002070,CID001854,CID005511,Same Bank Account
REL002071,CID007283,CID005131,Associate
REL002072,CID000290,CID004975,Same Phone
REL002073,CID000780,CID009517,Same Bank Account
REL002074,CID004579,CID003197,Same Phone
REL002075,CID009413,CID002662,Business Partner
REL002076,CID009090,CID003080,Business Partner
REL002077,CID004290,CID005160,Business Partner
REL002078,CID009490,CID008189,Brother
REL002079,CID003780,CID002236,Business Partner
REL002080,CID003473,CID007497,Friend
REL002081,CID002356,CID007588,Money Transfer
REL002082,CID002361,CID007524,Friend
REL002083,CID001278,CID005268,Friend
REL002084,CID006732,CID000335,Money Transfer
REL002085,CID001119,CID004306,Same Bank Account
REL002086,CID009317,CID001330,Brother
REL002087,CID004517,CID002810,Brother
REL002088,CID005858,CID009770,Money Transfer
REL002089,CID002906,CID000608,Same Bank Account
REL002090,CID004536,CID002482,Associate
REL002091,CID006781,CID008855,Same Phone
REL002092,CID008154,CID007099,Brother
REL002093,CID007719,CID009099,Associate
REL002094,CID007845,CID001671,Brother
REL002095,CID001406,CID001577,Money Transfer
REL002096,CID008529,CID008419,Business Partner
REL002097,CID001367,CID003003,Same Phone
REL002098,CID004810,CID007526,Money Transfer
REL002099,CID000055,CID009462,Brother
REL002100,CID007277,CID004657,Friend
REL002101,CID005391,CID000503,Same Phone
REL002102,CID001854,CID004746,Money Transfer
REL002103,CID003557,CID006141,Gang Member
REL002104,CID009947,CID004181,Friend
REL002105,CID000228,CID001877,Same Bank Account
REL002106,CID009209,CID008713,Friend
REL002107,CID008095,CID003265,Brother
REL002108,CID005398,CID004707,Same Bank Account
REL002109,CID006348,CID004312,Associate
REL002110,CID000164,CID004401,Business Partner
REL002111,CID005857,CID004448,Associate
REL002112,CID004756,CID001157,Gang Member
REL002113,CID003413,CID005092,Business Partner
REL002114,CID003318,CID009317,Same Vehicle
REL002115,CID007817,CID008649,Same Bank Account
REL002116,CID003387,CID001954,Business Partner
REL002117,CID007238,CID009978,Same Phone
REL002118,CID003844,CID005511,Associate
REL002119,CID001564,CID002408,Brother
REL002120,CID008470,CID004691,Gang Member
REL002121,CID008113,CID007555,Money Transfer
REL002122,CID009026,CID007685,Friend
REL002123,CID007453,CID004597,Same Vehicle
REL002124,CID007494,CID002151,Same Phone
REL002125,CID008181,CID000025,Same Bank Account
REL002126,CID007990,CID007485,Same Bank Account
REL002127,CID000172,CID005158,Business Partner
REL002128,CID001302,CID000016,Friend
REL002129,CID000082,CID008679,Same Phone
REL002130,CID005582,CID001744,Brother
REL002131,CID003095,CID006253,Same Bank Account
REL002132,CID006957,CID009042,Friend
REL002133,CID000046,CID004607,Money Transfer
REL002134,CID009660,CID003783,Gang Member
REL002135,CID000247,CID004757,Same Vehicle
REL002136,CID009849,CID001462,Friend
REL002137,CID009865,CID009528,Same Vehicle
REL002138,CID008463,CID009238,Brother
REL002139,CID006872,CID009173,Brother
REL002140,CID008242,CID003003,Gang Member
REL002141,CID003769,CID007438,Money Transfer
REL002142,CID002719,CID009542,Same Bank Account
REL002143,CID004623,CID004107,Same Phone
REL002144,CID004103,CID004270,Associate
REL002145,CID009135,CID001508,Business Partner
REL002146,CID001867,CID003271,Same Phone
REL002147,CID007487,CID006891,Brother
REL002148,CID005880,CID009484,Same Bank Account
REL002149,CID002076,CID003376,Gang Member
REL002150,CID008360,CID007626,Friend
REL002151,CID007699,CID002205,Business Partner
REL002152,CID005203,CID000837,Friend
REL002153,CID003420,CID009400,Friend
REL002154,CID008690,CID007480,Brother
REL002155,CID005093,CID006167,Same Phone
REL002156,CID000002,CID003577,Same Vehicle
REL002157,CID001972,CID002835,Brother
REL002158,CID009135,CID005141,Gang Member
REL002159,CID004712,CID002691,Same Phone
REL002160,CID003589,CID004462,Friend
REL002161,CID003883,CID005275,Money Transfer
REL002162,CID004417,CID008668,Brother
REL002163,CID002200,CID006486,Business Partner
REL002164,CID001016,CID003087,Friend
REL002165,CID006217,CID008129,Same Vehicle
REL002166,CID009886,CID005303,Same Phone
REL002167,CID001105,CID004171,Gang Member
REL002168,CID002108,CID007956,Business Partner
REL002169,CID003084,CID003362,Business Partner
REL002170,CID002616,CID003758,Same Phone
REL002171,CID008941,CID005735,Associate
REL002172,CID003775,CID002728,Money Transfer
REL002173,CID002149,CID006757,Money Transfer
REL002174,CID006715,CID008542,Same Phone
REL002175,CID000291,CID009901,Friend
REL002176,CID007251,CID004371,Associate
REL002177,CID006481,CID000225,Same Bank Account
REL002178,CID008280,CID009615,Gang Member
REL002179,CID007046,CID002684,Brother
REL002180,CID009141,CID001389,Brother
REL002181,CID003519,CID008711,Same Phone
REL002182,CID001123,CID006253,Business Partner
REL002183,CID004878,CID001638,Same Bank Account
REL002184,CID003135,CID001372,Brother
REL002185,CID004942,CID008715,Business Partner
REL002186,CID004337,CID006874,Same Vehicle
REL002187,CID002751,CID000575,Business Partner
REL002188,CID008551,CID001761,Same Phone
REL002189,CID006594,CID009199,Friend
REL002190,CID007637,CID003976,Friend
REL002191,CID000246,CID007117,Associate
REL002192,CID002140,CID001613,Same Phone
REL002193,CID008375,CID000177,Brother
REL002194,CID007653,CID000769,Friend
REL002195,CID000783,CID004182,Money Transfer
REL002196,CID000800,CID001418,Business Partner
REL002197,CID006305,CID000841,Business Partner
REL002198,CID006457,CID006740,Same Vehicle
REL002199,CID008196,CID002893,Associate
REL002200,CID001416,CID003597,Business Partner
REL002201,CID003141,CID000504,Friend
REL002202,CID004933,CID004561,Same Bank Account
REL002203,CID006994,CID004074,Same Vehicle
REL002204,CID008108,CID006764,Associate
REL002205,CID005102,CID000733,Associate
REL002206,CID001512,CID007270,Money Transfer
REL002207,CID006779,CID008443,Friend
REL002208,CID001882,CID007886,Brother
REL002209,CID000802,CID000442,Same Phone
REL002210,CID006667,CID003997,Friend
REL002211,CID000538,CID002237,Business Partner
REL002212,CID008724,CID007483,Gang Member
REL002213,CID003272,CID009751,Gang Member
REL002214,CID004098,CID008472,Business Partner
REL002215,CID004087,CID009499,Gang Member
REL002216,CID007915,CID009415,Friend
REL002217,CID007730,CID006269,Associate
REL002218,CID008669,CID002601,Same Phone
REL002219,CID008562,CID005879,Friend
REL002220,CID003129,CID007287,Associate
REL002221,CID000697,CID004101,Business Partner
REL002222,CID002442,CID001361,Gang Member
REL002223,CID000687,CID009337,Brother
REL002224,CID002080,CID001630,Business Partner
REL002225,CID001628,CID004675,Same Vehicle
REL002226,CID007802,CID008741,Associate
REL002227,CID004773,CID009393,Same Bank Account
REL002228,CID002266,CID008339,Business Partner
REL002229,CID009446,CID008950,Money Transfer
REL002230,CID007728,CID008258,Same Phone
REL002231,CID001209,CID001706,Associate
REL002232,CID005182,CID008951,Brother
REL002233,CID005978,CID001733,Same Vehicle
REL002234,CID005565,CID008400,Business Partner
REL002235,CID001143,CID005885,Brother
REL002236,CID009526,CID001215,Same Bank Account
REL002237,CID006872,CID006079,Same Bank Account
REL002238,CID009467,CID008265,Money Transfer
REL002239,CID003273,CID007852,Same Bank Account
REL002240,CID001701,CID008365,Brother
REL002241,CID009447,CID008083,Friend
REL002242,CID005242,CID001971,Same Bank Account
REL002243,CID004721,CID006966,Brother
REL002244,CID000667,CID001598,Money Transfer
REL002245,CID007314,CID009552,Business Partner
REL002246,CID008516,CID006932,Same Phone
REL002247,CID007008,CID003795,Gang Member
REL002248,CID003770,CID000137,Gang Member
REL002249,CID009474,CID009985,Money Transfer
REL002250,CID001240,CID003849,Friend
REL002251,CID003198,CID008634,Associate
REL002252,CID005052,CID000422,Business Partner
REL002253,CID002382,CID001542,Business Partner
REL002254,CID008451,CID001279,Same Phone
REL002255,CID008075,CID006101,Associate
REL002256,CID002465,CID008705,Friend
REL002257,CID000226,CID009403,Business Partner
REL002258,CID009593,CID005623,Same Phone
REL002259,CID001911,CID004017,Associate
REL002260,CID005686,CID001445,Associate
REL002261,CID008983,CID008551,Same Vehicle
REL002262,CID003886,CID000068,Money Transfer
REL002263,CID003152,CID008211,Same Vehicle
REL002264,CID000202,CID000649,Friend
REL002265,CID009347,CID004457,Gang Member
REL002266,CID000446,CID008205,Brother
REL002267,CID008045,CID009987,Gang Member
REL002268,CID004482,CID009563,Business Partner
REL002269,CID009736,CID004465,Business Partner
REL002270,CID002371,CID000137,Business Partner
REL002271,CID007781,CID006030,Money Transfer
REL002272,CID001820,CID000009,Associate
REL002273,CID004716,CID001880,Associate
REL002274,CID009513,CID002442,Gang Member
REL002275,CID006140,CID005249,Friend
REL002276,CID007429,CID002085,Associate
REL002277,CID008679,CID001126,Associate
REL002278,CID000943,CID002257,Money Transfer
REL002279,CID006985,CID002610,Same Phone
REL002280,CID009245,CID007229,Associate
REL002281,CID004342,CID002942,Gang Member
REL002282,CID001496,CID009697,Associate
REL002283,CID009007,CID005820,Business Partner
REL002284,CID007288,CID006216,Brother
REL002285,CID007032,CID000701,Same Bank Account
REL002286,CID004296,CID000959,Gang Member
REL002287,CID001989,CID004600,Same Bank Account
REL002288,CID006399,CID009321,Associate
REL002289,CID003936,CID008766,Business Partner
REL002290,CID008905,CID002705,Associate
REL002291,CID005678,CID003143,Same Bank Account
REL002292,CID008057,CID004292,Gang Member
REL002293,CID009915,CID009377,Same Phone
REL002294,CID000359,CID003883,Business Partner
REL002295,CID004944,CID005606,Money Transfer
REL002296,CID004273,CID002315,Brother
REL002297,CID004394,CID000810,Money Transfer
REL002298,CID000090,CID006220,Same Bank Account
REL002299,CID009211,CID000485,Associate
REL002300,CID007264,CID007121,Brother
REL002301,CID007469,CID000149,Same Vehicle
REL002302,CID000604,CID000325,Brother
REL002303,CID001793,CID004768,Friend
REL002304,CID009282,CID000644,Gang Member
REL002305,CID005442,CID005822,Brother
REL002306,CID000172,CID007383,Money Transfer
REL002307,CID004249,CID008381,Same Vehicle
REL002308,CID003932,CID003343,Friend
REL002309,CID007753,CID002609,Friend
REL002310,CID000862,CID008116,Same Phone
REL002311,CID001412,CID001145,Same Vehicle
REL002312,CID006426,CID009955,Business Partner
REL002313,CID001132,CID000271,Business Partner
REL002314,CID003765,CID006818,Brother
REL002315,CID003509,CID006260,Friend
REL002316,CID007496,CID004887,Same Phone
REL002317,CID009665,CID001980,Same Vehicle
REL002318,CID006177,CID000784,Same Vehicle
REL002319,CID005053,CID004496,Same Phone
REL002320,CID008501,CID009894,Business Partner
REL002321,CID007370,CID007712,Associate
REL002322,CID008048,CID006263,Same Bank Account
REL002323,CID002054,CID006865,Gang Member
REL002324,CID001035,CID008346,Friend
REL002325,CID003765,CID007091,Money Transfer
REL002326,CID008604,CID008608,Same Vehicle
REL002327,CID001565,CID003805,Friend
REL002328,CID009209,CID008130,Same Phone
REL002329,CID003706,CID007500,Same Bank Account
REL002330,CID006172,CID007960,Same Bank Account
REL002331,CID000861,CID003084,Same Bank Account
REL002332,CID005498,CID007389,Money Transfer
REL002333,CID002254,CID004218,Same Phone
REL002334,CID009133,CID001304,Same Phone
REL002335,CID007534,CID000450,Money Transfer
REL002336,CID007873,CID002161,Associate
REL002337,CID000553,CID003530,Business Partner
REL002338,CID006138,CID007448,Same Phone
REL002339,CID000513,CID003376,Friend
REL002340,CID003463,CID003015,Associate
REL002341,CID005251,CID003465,Business Partner
REL002342,CID001308,CID006190,Associate
REL002343,CID008740,CID001071,Same Vehicle
REL002344,CID007800,CID006939,Brother
REL002345,CID002900,CID001433,Associate
REL002346,CID001981,CID007274,Same Vehicle
REL002347,CID006790,CID000983,Same Vehicle
REL002348,CID004313,CID008206,Associate
REL002349,CID005163,CID001728,Same Bank Account
REL002350,CID009729,CID007353,Same Phone
REL002351,CID007423,CID007513,Brother
REL002352,CID008505,CID006950,Gang Member
REL002353,CID008286,CID007381,Gang Member
REL002354,CID003375,CID001169,Brother
REL002355,CID000242,CID008927,Same Vehicle
REL002356,CID009320,CID000484,Brother
REL002357,CID007244,CID006809,Same Bank Account
REL002358,CID008202,CID003632,Brother
REL002359,CID008802,CID005845,Business Partner
REL002360,CID005790,CID003990,Gang Member
REL002361,CID006317,CID004964,Business Partner
REL002362,CID009803,CID000126,Same Vehicle
REL002363,CID001326,CID009470,Brother
REL002364,CID004708,CID005136,Associate
REL002365,CID009712,CID001066,Same Phone
REL002366,CID003324,CID007773,Business Partner
REL002367,CID003548,CID004897,Same Phone
REL002368,CID006125,CID001301,Same Vehicle
REL002369,CID007001,CID002452,Associate
REL002370,CID000210,CID003865,Friend
REL002371,CID007873,CID005342,Money Transfer
REL002372,CID006208,CID003886,Friend
REL002373,CID002324,CID006343,Friend
REL002374,CID005255,CID003206,Gang Member
REL002375,CID005591,CID003322,Same Vehicle
REL002376,CID002447,CID004999,Business Partner
REL002377,CID008454,CID009054,Business Partner
REL002378,CID006342,CID001508,Associate
REL002379,CID000803,CID008940,Friend
REL002380,CID004305,CID003754,Associate
REL002381,CID002845,CID006722,Friend
REL002382,CID003348,CID009886,Friend
REL002383,CID004516,CID007240,Money Transfer
REL002384,CID004904,CID003102,Same Bank Account
REL002385,CID001682,CID002089,Same Phone
REL002386,CID006472,CID007120,Gang Member
REL002387,CID008828,CID005327,Same Vehicle
REL002388,CID007247,CID002084,Gang Member
REL002389,CID006985,CID005310,Associate
REL002390,CID008569,CID003402,Friend
REL002391,CID006173,CID000618,Gang Member
REL002392,CID006386,CID002390,Business Partner
REL002393,CID001165,CID000889,Friend
REL002394,CID002584,CID008952,Business Partner
REL002395,CID008303,CID006866,Associate
REL002396,CID005366,CID009076,Brother
REL002397,CID008206,CID003720,Business Partner
REL002398,CID001772,CID008045,Friend
REL002399,CID002978,CID000741,Friend
REL002400,CID001136,CID002214,Money Transfer
REL002401,CID006288,CID006016,Friend
REL002402,CID003285,CID004767,Same Vehicle
REL002403,CID001990,CID000125,Brother
REL002404,CID001612,CID000085,Gang Member
REL002405,CID007554,CID009138,Same Phone
REL002406,CID009057,CID007383,Money Transfer
REL002407,CID009876,CID007295,Same Bank Account
REL002408,CID005132,CID009147,Friend
REL002409,CID009592,CID001291,Associate
REL002410,CID008536,CID000651,Gang Member
REL002411,CID006851,CID004424,Friend
REL002412,CID009826,CID004246,Same Vehicle
REL002413,CID001132,CID002053,Same Phone
REL002414,CID002528,CID008991,Associate
REL002415,CID003398,CID002474,Same Phone
REL002416,CID001441,CID002696,Associate
REL002417,CID008897,CID009929,Friend
REL002418,CID008711,CID004961,Brother
REL002419,CID004867,CID003321,Brother
REL002420,CID007478,CID002044,Friend
REL002421,CID005414,CID000695,Money Transfer
REL002422,CID008206,CID006903,Money Transfer
REL002423,CID004825,CID006200,Same Phone
REL002424,CID002957,CID007598,Same Vehicle
REL002425,CID002123,CID009121,Friend
REL002426,CID002443,CID001698,Brother
REL002427,CID002762,CID002582,Friend
REL002428,CID005218,CID005358,Same Phone
REL002429,CID003323,CID002728,Associate
REL002430,CID009746,CID001859,Business Partner
REL002431,CID007672,CID004171,Friend
REL002432,CID008600,CID005373,Same Bank Account
REL002433,CID000015,CID008030,Same Vehicle
REL002434,CID008846,CID005548,Brother
REL002435,CID003757,CID006774,Friend
REL002436,CID000799,CID009045,Gang Member
REL002437,CID005054,CID004062,Same Phone
REL002438,CID003807,CID009451,Same Vehicle
REL002439,CID008057,CID001656,Money Transfer
REL002440,CID005655,CID007656,Money Transfer
REL002441,CID003663,CID006518,Same Vehicle
REL002442,CID009616,CID006344,Money Transfer
REL002443,CID009413,CID006582,Associate
REL002444,CID005179,CID006924,Brother
REL002445,CID003927,CID002329,Money Transfer
REL002446,CID008624,CID007310,Same Bank Account
REL002447,CID006679,CID004682,Associate
REL002448,CID009883,CID009897,Money Transfer
REL002449,CID004800,CID006765,Money Transfer
REL002450,CID005008,CID002704,Gang Member
REL002451,CID002025,CID006742,Same Bank Account
REL002452,CID009073,CID008516,Associate
REL002453,CID009636,CID002434,Same Vehicle
REL002454,CID006428,CID006965,Same Bank Account
REL002455,CID004194,CID003915,Brother
REL002456,CID002685,CID009285,Brother
REL002457,CID009107,CID002289,Friend
REL002458,CID003943,CID005881,Gang Member
REL002459,CID003709,CID003315,Same Phone
REL002460,CID009288,CID003128,Money Transfer
REL002461,CID009143,CID000154,Same Phone
REL002462,CID005283,CID008291,Money Transfer
REL002463,CID005495,CID005066,Associate
REL002464,CID006990,CID001620,Same Phone
REL002465,CID001059,CID002637,Money Transfer
REL002466,CID000224,CID000696,Associate
REL002467,CID004437,CID004128,Business Partner
REL002468,CID009866,CID007674,Money Transfer
REL002469,CID009800,CID008569,Business Partner
REL002470,CID000545,CID000946,Friend
REL002471,CID006394,CID007517,Same Phone
REL002472,CID008923,CID005796,Same Bank Account
REL002473,CID002392,CID007102,Business Partner
REL002474,CID009982,CID006154,Associate
REL002475,CID009164,CID000686,Money Transfer
REL002476,CID008821,CID008274,Associate
REL002477,CID007366,CID004699,Brother
REL002478,CID002697,CID000166,Same Vehicle
REL002479,CID005546,CID005085,Same Phone
REL002480,CID008930,CID009942,Same Phone
REL002481,CID003003,CID002807,Business Partner
REL002482,CID002879,CID000470,Brother
REL002483,CID003917,CID005363,Brother
REL002484,CID004848,CID000243,Same Bank Account
REL002485,CID004251,CID004128,Gang Member
REL002486,CID000707,CID009575,Gang Member
REL002487,CID001044,CID001962,Same Bank Account
REL002488,CID007073,CID000878,Same Bank Account
REL002489,CID008290,CID009896,Friend
REL002490,CID008489,CID002756,Money Transfer
REL002491,CID005118,CID008690,Associate
REL002492,CID005311,CID003604,Money Transfer
REL002493,CID006394,CID005731,Brother
REL002494,CID003803,CID004407,Money Transfer
REL002495,CID005252,CID009374,Associate
REL002496,CID003926,CID003270,Brother
REL002497,CID004336,CID003043,Gang Member
REL002498,CID009757,CID006643,Same Bank Account
REL002499,CID007411,CID005489,Same Bank Account
REL002500,CID007369,CID002118,Business Partner
REL002501,CID001030,CID007454,Same Vehicle
REL002502,CID009174,CID005944,Money Transfer
REL002503,CID003023,CID005637,Business Partner
REL002504,CID003001,CID002609,Friend
REL002505,CID007895,CID001496,Same Vehicle
REL002506,CID005476,CID002931,Associate
REL002507,CID005468,CID001548,Money Transfer
REL002508,CID003886,CID009119,Same Phone
REL002509,CID007315,CID008727,Same Phone
REL002510,CID005762,CID003602,Same Phone
REL002511,CID001891,CID009222,Associate
REL002512,CID006118,CID007186,Brother
REL002513,CID003532,CID003278,Brother
REL002514,CID000506,CID003463,Brother
REL002515,CID004372,CID006359,Brother
REL002516,CID002575,CID009814,Gang Member
REL002517,CID007735,CID006994,Friend
REL002518,CID005520,CID002105,Same Bank Account
REL002519,CID008735,CID009660,Associate
REL002520,CID002319,CID004101,Gang Member
REL002521,CID009309,CID001186,Same Bank Account
REL002522,CID008468,CID004724,Same Vehicle
REL002523,CID001254,CID008347,Associate
REL002524,CID008445,CID004536,Brother
REL002525,CID006823,CID007227,Gang Member
REL002526,CID009353,CID000863,Same Vehicle
REL002527,CID009712,CID001187,Business Partner
REL002528,CID009077,CID003268,Gang Member
REL002529,CID008650,CID007194,Same Bank Account
REL002530,CID002813,CID008031,Business Partner
REL002531,CID003089,CID007336,Gang Member
REL002532,CID009626,CID003803,Business Partner
REL002533,CID002511,CID005929,Same Phone
REL002534,CID000551,CID007771,Same Bank Account
REL002535,CID005411,CID004900,Same Bank Account
REL002536,CID004631,CID001576,Same Phone
REL002537,CID001480,CID001469,Brother
REL002538,CID006512,CID005548,Gang Member
REL002539,CID004739,CID005758,Gang Member
REL002540,CID000227,CID007667,Brother
REL002541,CID001405,CID001827,Same Vehicle
REL002542,CID005334,CID002419,Gang Member
REL002543,CID003570,CID007790,Brother
REL002544,CID004798,CID004613,Associate
REL002545,CID007172,CID000877,Gang Member
REL002546,CID005364,CID006127,Gang Member
REL002547,CID002073,CID008693,Gang Member
REL002548,CID007110,CID006940,Money Transfer
REL002549,CID008104,CID008937,Same Bank Account
REL002550,CID002554,CID000360,Money Transfer
REL002551,CID004402,CID008062,Money Transfer
REL002552,CID000272,CID002797,Friend
REL002553,CID003236,CID000124,Brother
REL002554,CID005109,CID005953,Same Bank Account
REL002555,CID008639,CID008519,Same Bank Account
REL002556,CID006643,CID006021,Same Phone
REL002557,CID001038,CID004017,Same Bank Account
REL002558,CID008092,CID001865,Associate
REL002559,CID003226,CID001370,Friend
REL002560,CID007146,CID004340,Business Partner
REL002561,CID002183,CID009523,Friend
REL002562,CID006085,CID001557,Business Partner
REL002563,CID007676,CID004444,Associate
REL002564,CID000715,CID009297,Gang Member
REL002565,CID003537,CID008616,Gang Member
REL002566,CID007720,CID009982,Gang Member
REL002567,CID008351,CID006312,Associate
REL002568,CID007532,CID001062,Business Partner
REL002569,CID002409,CID005161,Money Transfer
REL002570,CID009143,CID008612,Associate
REL002571,CID001368,CID007833,Associate
REL002572,CID003948,CID001211,Brother
REL002573,CID009477,CID001123,Business Partner
REL002574,CID003693,CID005154,Gang Member
REL002575,CID009806,CID003588,Money Transfer
REL002576,CID001493,CID009421,Money Transfer
REL002577,CID009684,CID002791,Business Partner
REL002578,CID007218,CID000107,Same Vehicle
REL002579,CID000731,CID008303,Money Transfer
REL002580,CID004636,CID000672,Business Partner
REL002581,CID004300,CID009175,Money Transfer
REL002582,CID001582,CID007505,Money Transfer
REL002583,CID009260,CID006744,Same Phone
REL002584,CID001302,CID006377,Same Vehicle
REL002585,CID006624,CID008619,Same Phone
REL002586,CID003884,CID008807,Business Partner
REL002587,CID007445,CID006812,Friend
REL002588,CID000398,CID003338,Same Phone
REL002589,CID002646,CID005702,Brother
REL002590,CID004015,CID002323,Gang Member
REL002591,CID004947,CID004440,Brother
REL002592,CID006663,CID008152,Same Bank Account
REL002593,CID002923,CID007893,Same Bank Account
REL002594,CID007281,CID002039,Brother
REL002595,CID005634,CID003441,Same Vehicle
REL002596,CID008072,CID002272,Same Bank Account
REL002597,CID007904,CID005514,Gang Member
REL002598,CID003897,CID003923,Gang Member
REL002599,CID005627,CID008545,Money Transfer
REL002600,CID001104,CID002039,Money Transfer
REL002601,CID004624,CID002747,Same Phone
REL002602,CID006800,CID004443,Same Vehicle
REL002603,CID002039,CID005382,Same Vehicle
REL002604,CID006612,CID007529,Gang Member
REL002605,CID007326,CID000770,Gang Member
REL002606,CID008136,CID004967,Money Transfer
REL002607,CID003629,CID005044,Friend
REL002608,CID003824,CID009284,Same Bank Account
REL002609,CID009652,CID001298,Same Vehicle
REL002610,CID000869,CID008157,Gang Member
REL002611,CID001668,CID000456,Same Phone
REL002612,CID002092,CID005626,Same Vehicle
REL002613,CID001901,CID006222,Business Partner
REL002614,CID000079,CID005222,Same Vehicle
REL002615,CID008711,CID002549,Business Partner
REL002616,CID009571,CID003305,Same Vehicle
REL002617,CID006936,CID005529,Friend
REL002618,CID007717,CID007172,Gang Member
REL002619,CID002859,CID004436,Same Bank Account
REL002620,CID002981,CID008721,Money Transfer
REL002621,CID000080,CID008275,Brother
REL002622,CID005366,CID008167,Same Phone
REL002623,CID009797,CID009247,Brother
REL002624,CID004169,CID001762,Money Transfer
REL002625,CID001126,CID006713,Same Phone
REL002626,CID002005,CID002034,Brother
REL002627,CID007272,CID008849,Business Partner
REL002628,CID007244,CID009765,Money Transfer
REL002629,CID005089,CID000672,Business Partner
REL002630,CID004948,CID008633,Money Transfer
REL002631,CID009310,CID007627,Gang Member
REL002632,CID009351,CID009141,Brother
REL002633,CID000501,CID002371,Brother
REL002634,CID007114,CID004175,Friend
REL002635,CID007278,CID003384,Gang Member
REL002636,CID003370,CID007965,Associate
REL002637,CID001514,CID008678,Same Vehicle
REL002638,CID005732,CID009312,Money Transfer
REL002639,CID009218,CID001269,Business Partner
REL002640,CID003381,CID008826,Money Transfer
REL002641,CID007491,CID005631,Associate
REL002642,CID005978,CID006797,Same Phone
REL002643,CID003392,CID001302,Friend
REL002644,CID002728,CID000280,Business Partner
REL002645,CID005296,CID009686,Business Partner
REL002646,CID001845,CID001227,Same Bank Account
REL002647,CID001502,CID006603,Brother
REL002648,CID008733,CID001231,Same Bank Account
REL002649,CID009400,CID001815,Brother
REL002650,CID003773,CID000362,Gang Member
REL002651,CID007714,CID000225,Brother
REL002652,CID004269,CID004038,Same Bank Account
REL002653,CID005371,CID001058,Friend
REL002654,CID004224,CID007538,Gang Member
REL002655,CID003380,CID003375,Associate
REL002656,CID007544,CID000574,Same Vehicle
REL002657,CID009345,CID005458,Brother
REL002658,CID004929,CID006505,Business Partner
REL002659,CID003170,CID005637,Brother
REL002660,CID000418,CID006140,Money Transfer
REL002661,CID003384,CID001341,Business Partner
REL002662,CID004110,CID008512,Brother
REL002663,CID005297,CID006885,Brother
REL002664,CID001964,CID002185,Business Partner
REL002665,CID000044,CID007709,Same Bank Account
REL002666,CID006848,CID000339,Brother
REL002667,CID000886,CID000322,Same Bank Account
REL002668,CID003873,CID007729,Gang Member
REL002669,CID009479,CID003191,Same Phone
REL002670,CID009389,CID001329,Same Phone
REL002671,CID007703,CID007928,Gang Member
REL002672,CID009988,CID000666,Same Bank Account
REL002673,CID001117,CID000250,Business Partner
REL002674,CID009926,CID009100,Brother
REL002675,CID008357,CID007450,Money Transfer
REL002676,CID002206,CID001389,Same Bank Account
REL002677,CID006749,CID001091,Friend
REL002678,CID002458,CID003152,Money Transfer
REL002679,CID001517,CID007990,Brother
REL002680,CID009503,CID003463,Business Partner
REL002681,CID000264,CID004039,Associate
REL002682,CID006276,CID007861,Same Phone
REL002683,CID000611,CID001220,Associate
REL002684,CID006927,CID007898,Same Phone
REL002685,CID005434,CID002326,Same Vehicle
REL002686,CID000326,CID002350,Money Transfer
REL002687,CID005042,CID007039,Same Vehicle
REL002688,CID000225,CID005241,Brother
REL002689,CID007025,CID003426,Brother
REL002690,CID009883,CID001215,Gang Member
REL002691,CID003600,CID009902,Money Transfer
REL002692,CID006083,CID008715,Money Transfer
REL002693,CID004863,CID000339,Friend
REL002694,CID000624,CID001875,Same Vehicle
REL002695,CID007752,CID004440,Money Transfer
REL002696,CID004718,CID007215,Gang Member
REL002697,CID009940,CID005929,Gang Member
REL002698,CID006202,CID008519,Associate
REL002699,CID009750,CID001795,Business Partner
REL002700,CID003496,CID000242,Associate
REL002701,CID002380,CID003136,Business Partner
REL002702,CID001563,CID006942,Friend
REL002703,CID007588,CID003841,Associate
REL002704,CID006220,CID007926,Brother
REL002705,CID003010,CID002213,Same Vehicle
REL002706,CID009681,CID004642,Same Phone
REL002707,CID005751,CID005266,Business Partner
REL002708,CID007001,CID007716,Same Phone
REL002709,CID002269,CID000765,Associate
REL002710,CID008510,CID007824,Brother
REL002711,CID002110,CID000219,Same Bank Account
REL002712,CID007097,CID001443,Same Phone
REL002713,CID001175,CID004658,Same Phone
REL002714,CID001005,CID009677,Gang Member
REL002715,CID004337,CID003158,Same Bank Account
REL002716,CID004152,CID002007,Friend
REL002717,CID003199,CID005946,Business Partner
REL002718,CID000959,CID009561,Associate
REL002719,CID003457,CID005897,Associate
REL002720,CID004301,CID003972,Business Partner
REL002721,CID005738,CID001530,Same Bank Account
REL002722,CID006012,CID004892,Brother
REL002723,CID000730,CID008002,Money Transfer
REL002724,CID004017,CID002376,Same Vehicle
REL002725,CID003482,CID006596,Brother
REL002726,CID001760,CID007689,Same Bank Account
REL002727,CID000086,CID001788,Associate
REL002728,CID003831,CID000216,Same Bank Account
REL002729,CID001120,CID003000,Associate
REL002730,CID009397,CID004987,Same Phone
REL002731,CID009083,CID007178,Gang Member
REL002732,CID001990,CID000158,Friend
REL002733,CID004014,CID008541,Brother
REL002734,CID002635,CID003095,Money Transfer
REL002735,CID000227,CID000389,Friend
REL002736,CID001758,CID008070,Friend
REL002737,CID005670,CID000774,Same Vehicle
REL002738,CID006362,CID004580,Gang Member
REL002739,CID008669,CID003655,Money Transfer
REL002740,CID004635,CID004803,Gang Member
REL002741,CID003926,CID006239,Associate
REL002742,CID002597,CID001307,Money Transfer
REL002743,CID005761,CID001906,Friend
REL002744,CID008814,CID002543,Same Vehicle
REL002745,CID009610,CID008754,Same Phone
REL002746,CID000281,CID001100,Business Partner
REL002747,CID005579,CID007722,Gang Member
REL002748,CID008380,CID003113,Same Vehicle
REL002749,CID000042,CID007702,Associate
REL002750,CID001543,CID008689,Business Partner
REL002751,CID008494,CID006221,Associate
REL002752,CID002970,CID009032,Business Partner
REL002753,CID003252,CID003257,Business Partner
REL002754,CID000441,CID006801,Business Partner
REL002755,CID000857,CID009701,Friend
REL002756,CID006115,CID004044,Friend
REL002757,CID002006,CID009123,Associate
REL002758,CID003360,CID004741,Same Bank Account
REL002759,CID009114,CID005554,Same Vehicle
REL002760,CID002219,CID009806,Same Phone
REL002761,CID002081,CID001669,Business Partner
REL002762,CID009974,CID005616,Same Vehicle
REL002763,CID004030,CID002770,Money Transfer
REL002764,CID008922,CID002905,Friend
REL002765,CID003020,CID002608,Same Bank Account
REL002766,CID001121,CID002658,Same Vehicle
REL002767,CID005166,CID005452,Same Vehicle
REL002768,CID005468,CID003232,Business Partner
REL002769,CID008731,CID009296,Money Transfer
REL002770,CID000134,CID000298,Money Transfer
REL002771,CID000489,CID005758,Same Phone
REL002772,CID000349,CID000737,Gang Member
REL002773,CID005136,CID007499,Same Vehicle
REL002774,CID001679,CID004128,Money Transfer
REL002775,CID005629,CID003380,Same Bank Account
REL002776,CID004737,CID007155,Same Bank Account
REL002777,CID006707,CID003236,Business Partner
REL002778,CID003049,CID005995,Business Partner
REL002779,CID002372,CID005189,Gang Member
REL002780,CID007869,CID004974,Friend
REL002781,CID009308,CID000783,Associate
REL002782,CID001006,CID000447,Same Vehicle
REL002783,CID005439,CID005215,Brother
REL002784,CID004247,CID003950,Business Partner
REL002785,CID001460,CID008705,Same Bank Account
REL002786,CID007498,CID007015,Associate
REL002787,CID007380,CID006726,Friend
REL002788,CID002525,CID008041,Brother
REL002789,CID008960,CID007013,Money Transfer
REL002790,CID009247,CID001870,Same Vehicle
REL002791,CID007090,CID005436,Same Bank Account
REL002792,CID006711,CID006491,Associate
REL002793,CID003152,CID009090,Gang Member
REL002794,CID000400,CID004922,Brother
REL002795,CID000150,CID006382,Friend
REL002796,CID000854,CID005312,Business Partner
REL002797,CID007561,CID008048,Gang Member
REL002798,CID003822,CID006413,Same Phone
REL002799,CID006502,CID008916,Business Partner
REL002800,CID006793,CID008074,Same Vehicle
REL002801,CID007241,CID002066,Same Phone
REL002802,CID001409,CID000360,Business Partner
REL002803,CID006175,CID005336,Same Vehicle
REL002804,CID004088,CID000240,Brother
REL002805,CID001717,CID007668,Gang Member
REL002806,CID004521,CID002570,Brother
REL002807,CID007695,CID005157,Gang Member
REL002808,CID000134,CID007377,Business Partner
REL002809,CID000925,CID006409,Same Bank Account
REL002810,CID000266,CID004041,Same Phone
REL002811,CID003301,CID000471,Same Vehicle
REL002812,CID008443,CID000828,Money Transfer
REL002813,CID006184,CID001542,Gang Member
REL002814,CID003033,CID007887,Gang Member
REL002815,CID006381,CID006832,Brother
REL002816,CID008941,CID005174,Gang Member
REL002817,CID005023,CID003717,Friend
REL002818,CID009752,CID005454,Friend
REL002819,CID008645,CID003476,Business Partner
REL002820,CID009315,CID009334,Brother
REL002821,CID000327,CID005571,Money Transfer
REL002822,CID008353,CID002535,Same Phone
REL002823,CID000596,CID007048,Associate
REL002824,CID008026,CID001615,Business Partner
REL002825,CID004826,CID007121,Business Partner
REL002826,CID007998,CID001290,Brother
REL002827,CID002153,CID002415,Brother
REL002828,CID000821,CID004284,Brother
REL002829,CID005738,CID009889,Business Partner
REL002830,CID005743,CID007720,Gang Member
REL002831,CID004905,CID004617,Associate
REL002832,CID005197,CID001061,Same Vehicle
REL002833,CID002785,CID007841,Same Phone
REL002834,CID003875,CID008057,Same Bank Account
REL002835,CID005795,CID001326,Same Bank Account
REL002836,CID008689,CID003333,Gang Member
REL002837,CID000541,CID000279,Same Vehicle
REL002838,CID006904,CID007699,Same Vehicle
REL002839,CID009275,CID002131,Business Partner
REL002840,CID004726,CID007754,Associate
REL002841,CID002670,CID002113,Associate
REL002842,CID003385,CID000310,Same Vehicle
REL002843,CID002205,CID000986,Money Transfer
REL002844,CID000304,CID008540,Friend
REL002845,CID001995,CID002670,Gang Member
REL002846,CID000497,CID007083,Same Vehicle
REL002847,CID005397,CID001296,Same Bank Account
REL002848,CID006746,CID008325,Money Transfer
REL002849,CID007215,CID004205,Same Vehicle
REL002850,CID003873,CID000293,Money Transfer
REL002851,CID005726,CID001086,Money Transfer
REL002852,CID000743,CID006585,Associate
REL002853,CID001449,CID001327,Gang Member
REL002854,CID004633,CID007457,Same Bank Account
REL002855,CID001712,CID005430,Gang Member
REL002856,CID001939,CID009184,Associate
REL002857,CID008031,CID007054,Associate
REL002858,CID008604,CID005461,Same Bank Account
REL002859,CID007208,CID002522,Money Transfer
REL002860,CID004655,CID002143,Gang Member
REL002861,CID009697,CID009491,Associate
REL002862,CID003250,CID008823,Friend
REL002863,CID004909,CID007326,Same Phone
REL002864,CID004748,CID008519,Same Bank Account
REL002865,CID009479,CID006260,Gang Member
REL002866,CID003105,CID004397,Money Transfer
REL002867,CID000912,CID004102,Same Vehicle
REL002868,CID001731,CID001725,Money Transfer
REL002869,CID005609,CID009111,Gang Member
REL002870,CID003570,CID004605,Same Bank Account
REL002871,CID001742,CID000008,Business Partner
REL002872,CID004666,CID007643,Associate
REL002873,CID008947,CID002309,Same Phone
REL002874,CID000017,CID008294,Same Vehicle
REL002875,CID008680,CID006440,Friend
REL002876,CID007919,CID001780,Same Phone
REL002877,CID000310,CID002576,Gang Member
REL002878,CID000878,CID008702,Associate
REL002879,CID008825,CID008045,Business Partner
REL002880,CID006397,CID004744,Friend
REL002881,CID000467,CID009847,Business Partner
REL002882,CID001514,CID001239,Gang Member
REL002883,CID007566,CID009144,Business Partner
REL002884,CID005841,CID001792,Money Transfer
REL002885,CID004069,CID009691,Same Phone
REL002886,CID004271,CID005092,Business Partner
REL002887,CID008644,CID004156,Gang Member
REL002888,CID004693,CID000230,Friend
REL002889,CID000702,CID004195,Business Partner
REL002890,CID002573,CID006375,Associate
REL002891,CID008894,CID003872,Gang Member
REL002892,CID004015,CID009138,Business Partner
REL002893,CID001078,CID006340,Same Bank Account
REL002894,CID009831,CID005590,Associate
REL002895,CID001024,CID008863,Brother
REL002896,CID002573,CID006841,Brother
REL002897,CID009359,CID007603,Same Phone
REL002898,CID005066,CID000695,Friend
REL002899,CID001201,CID008495,Associate
REL002900,CID007668,CID003428,Associate
REL002901,CID009886,CID000740,Same Vehicle
REL002902,CID008957,CID007716,Same Phone
REL002903,CID008825,CID005295,Same Phone
REL002904,CID006069,CID000926,Gang Member
REL002905,CID000581,CID002252,Gang Member
REL002906,CID007971,CID004513,Gang Member
REL002907,CID002973,CID004088,Friend
REL002908,CID000615,CID009531,Business Partner
REL002909,CID001834,CID003456,Money Transfer
REL002910,CID006298,CID000034,Same Bank Account
REL002911,CID008069,CID009273,Gang Member
REL002912,CID009727,CID008544,Associate
REL002913,CID008433,CID001297,Money Transfer
REL002914,CID000950,CID004580,Same Bank Account
REL002915,CID009401,CID002751,Business Partner
REL002916,CID007926,CID006042,Business Partner
REL002917,CID005184,CID005437,Gang Member
REL002918,CID005005,CID002104,Same Bank Account
REL002919,CID002717,CID002085,Business Partner
REL002920,CID006246,CID009104,Friend
REL002921,CID003710,CID000847,Business Partner
REL002922,CID000687,CID004819,Friend
REL002923,CID007314,CID003347,Friend
REL002924,CID003768,CID003756,Same Bank Account
REL002925,CID002885,CID002574,Money Transfer
REL002926,CID004867,CID002817,Business Partner
REL002927,CID001957,CID000554,Business Partner
REL002928,CID003133,CID009662,Money Transfer
REL002929,CID009217,CID004365,Money Transfer
REL002930,CID004779,CID002520,Same Phone
REL002931,CID005443,CID004851,Same Vehicle
REL002932,CID002765,CID005741,Gang Member
REL002933,CID007423,CID005373,Gang Member
REL002934,CID001790,CID002164,Same Bank Account
REL002935,CID004301,CID008685,Same Vehicle
REL002936,CID008922,CID005039,Money Transfer
REL002937,CID000408,CID003672,Associate
REL002938,CID004186,CID009761,Gang Member
REL002939,CID001438,CID002217,Brother
REL002940,CID001562,CID006729,Associate
REL002941,CID008359,CID001208,Money Transfer
REL002942,CID008618,CID006413,Gang Member
REL002943,CID005052,CID006624,Same Bank Account
REL002944,CID002063,CID009219,Brother
REL002945,CID002683,CID003361,Gang Member
REL002946,CID008098,CID001339,Same Phone
REL002947,CID007877,CID004071,Associate
REL002948,CID006177,CID004353,Same Vehicle
REL002949,CID008292,CID006640,Friend
REL002950,CID001027,CID000207,Business Partner
REL002951,CID000753,CID007399,Business Partner
REL002952,CID008530,CID002722,Same Bank Account
REL002953,CID008817,CID004214,Business Partner
REL002954,CID007065,CID004966,Associate
REL002955,CID005424,CID008133,Same Phone
REL002956,CID009175,CID004573,Same Vehicle
REL002957,CID006011,CID006605,Brother
REL002958,CID004451,CID004812,Business Partner
REL002959,CID009457,CID009826,Money Transfer
REL002960,CID007847,CID002445,Money Transfer
REL002961,CID006638,CID006785,Business Partner
REL002962,CID003848,CID005740,Gang Member
REL002963,CID009647,CID009767,Same Vehicle
REL002964,CID001525,CID008466,Friend
REL002965,CID008456,CID006181,Same Bank Account
REL002966,CID006872,CID007884,Gang Member
REL002967,CID007738,CID002267,Gang Member
REL002968,CID008372,CID004858,Same Vehicle
REL002969,CID001250,CID001014,Brother
REL002970,CID001832,CID004900,Brother
REL002971,CID002832,CID002795,Same Bank Account
REL002972,CID005123,CID001885,Same Bank Account
REL002973,CID002296,CID009045,Brother
REL002974,CID006722,CID002320,Brother
REL002975,CID002270,CID001326,Same Bank Account
REL002976,CID007510,CID002854,Same Phone
REL002977,CID005202,CID000415,Same Bank Account
REL002978,CID006645,CID008045,Associate
REL002979,CID002177,CID004780,Associate
REL002980,CID007785,CID005680,Friend
REL002981,CID007279,CID002954,Associate
REL002982,CID000487,CID009089,Same Phone
REL002983,CID007457,CID008607,Business Partner
REL002984,CID004668,CID002185,Brother
REL002985,CID001108,CID006948,Brother
REL002986,CID004894,CID006056,Same Bank Account
REL002987,CID006622,CID003701,Friend
REL002988,CID003659,CID008519,Associate
REL002989,CID002013,CID007108,Associate
REL002990,CID004682,CID006608,Brother
REL002991,CID005724,CID003251,Money Transfer
REL002992,CID009009,CID006982,Business Partner
REL002993,CID008853,CID002598,Gang Member
REL002994,CID001332,CID007267,Same Vehicle
REL002995,CID001620,CID005663,Brother
REL002996,CID003971,CID004701,Associate
REL002997,CID001004,CID009509,Associate
REL002998,CID005139,CID004040,Gang Member
REL002999,CID008973,CID001813,Money Transfer
REL003000,CID005241,CID006331,Money Transfer
REL003001,CID000061,CID009420,Friend
REL003002,CID004513,CID002852,Friend
REL003003,CID006916,CID007928,Associate
REL003004,CID000278,CID009249,Money Transfer
REL003005,CID000920,CID006785,Friend
REL003006,CID003628,CID002608,Same Phone
REL003007,CID003364,CID007432,Same Vehicle
REL003008,CID006466,CID000830,Same Bank Account
REL003009,CID001724,CID000313,Same Phone
REL003010,CID009817,CID004262,Associate
REL003011,CID006310,CID009141,Business Partner
REL003012,CID006795,CID003879,Friend
REL003013,CID005314,CID004737,Brother
REL003014,CID004250,CID003961,Associate
REL003015,CID001224,CID008516,Associate
REL003016,CID005053,CID002984,Business Partner
REL003017,CID002720,CID009215,Same Phone
REL003018,CID006466,CID005127,Gang Member
REL003019,CID002356,CID006578,Friend
REL003020,CID004537,CID001818,Same Vehicle
REL003021,CID006607,CID006303,Business Partner
REL003022,CID002963,CID004312,Brother
REL003023,CID009907,CID007424,Money Transfer
REL003024,CID008270,CID007328,Same Vehicle
REL003025,CID009147,CID004264,Gang Member
REL003026,CID000613,CID003006,Friend
REL003027,CID004984,CID005922,Associate
REL003028,CID004740,CID003462,Same Phone
REL003029,CID000357,CID005119,Same Vehicle
REL003030,CID000121,CID004225,Brother
REL003031,CID007160,CID009952,Friend
REL003032,CID001192,CID002392,Same Vehicle
REL003033,CID005403,CID006763,Same Phone
REL003034,CID007761,CID005890,Friend
REL003035,CID007825,CID001326,Friend
REL003036,CID007162,CID009656,Brother
REL003037,CID001786,CID000803,Same Vehicle
REL003038,CID005494,CID006208,Associate
REL003039,CID008539,CID008146,Gang Member
REL003040,CID007810,CID005219,Same Bank Account
REL003041,CID001311,CID003997,Business Partner
REL003042,CID006308,CID009162,Money Transfer
REL003043,CID001231,CID005954,Friend
REL003044,CID005685,CID001151,Same Bank Account
REL003045,CID001514,CID005962,Brother
REL003046,CID005386,CID006080,Money Transfer
REL003047,CID004154,CID008720,Associate
REL003048,CID003922,CID004376,Associate
REL003049,CID005118,CID008414,Business Partner
REL003050,CID008846,CID006924,Gang Member
REL003051,CID008364,CID009072,Same Phone
REL003052,CID007629,CID001234,Brother
REL003053,CID001854,CID008869,Associate
REL003054,CID001096,CID007847,Friend
REL003055,CID003317,CID007128,Business Partner
REL003056,CID006228,CID004405,Money Transfer
REL003057,CID000077,CID001148,Same Phone
REL003058,CID006739,CID002808,Associate
REL003059,CID006243,CID000567,Same Bank Account
REL003060,CID000323,CID009478,Brother
REL003061,CID001223,CID006226,Same Vehicle
REL003062,CID007916,CID005607,Associate
REL003063,CID009851,CID001182,Friend
REL003064,CID004384,CID003327,Friend
REL003065,CID007680,CID003736,Gang Member
REL003066,CID000639,CID008569,Associate
REL003067,CID001719,CID002490,Gang Member
REL003068,CID003590,CID003722,Same Phone
REL003069,CID006872,CID003149,Same Phone
REL003070,CID005072,CID004910,Friend
REL003071,CID008290,CID007114,Friend
REL003072,CID001725,CID005546,Associate
REL003073,CID004899,CID008863,Business Partner
REL003074,CID003257,CID007344,Friend
REL003075,CID002121,CID003656,Same Bank Account
REL003076,CID008870,CID003465,Same Bank Account
REL003077,CID001628,CID005294,Money Transfer
REL003078,CID000850,CID006549,Same Vehicle
REL003079,CID000734,CID003408,Brother
REL003080,CID005102,CID005067,Money Transfer
REL003081,CID006514,CID009245,Gang Member
REL003082,CID000033,CID004198,Gang Member
REL003083,CID002366,CID009930,Gang Member
REL003084,CID006329,CID001711,Brother
REL003085,CID003335,CID004113,Friend
REL003086,CID000833,CID001233,Gang Member
REL003087,CID008754,CID006059,Business Partner
REL003088,CID000207,CID000081,Brother
REL003089,CID008177,CID001996,Same Bank Account
REL003090,CID000687,CID008981,Associate
REL003091,CID002766,CID002224,Gang Member
REL003092,CID001555,CID008220,Money Transfer
REL003093,CID007648,CID004390,Associate
REL003094,CID005267,CID008062,Friend
REL003095,CID008281,CID005364,Friend
REL003096,CID009760,CID005170,Associate
REL003097,CID002210,CID008119,Business Partner
REL003098,CID001542,CID006273,Same Bank Account
REL003099,CID006852,CID008928,Business Partner
REL003100,CID003239,CID007120,Same Bank Account
REL003101,CID004717,CID002903,Associate
REL003102,CID009525,CID009956,Same Phone
REL003103,CID009505,CID006804,Associate
REL003104,CID006932,CID006700,Same Phone
REL003105,CID004713,CID007859,Same Phone
REL003106,CID007592,CID007851,Business Partner
REL003107,CID004454,CID005501,Money Transfer
REL003108,CID002466,CID001907,Same Vehicle
REL003109,CID001482,CID009886,Associate
REL003110,CID000775,CID006100,Same Vehicle
REL003111,CID001432,CID009418,Same Vehicle
REL003112,CID009769,CID004688,Money Transfer
REL003113,CID003280,CID009566,Associate
REL003114,CID004726,CID009929,Friend
REL003115,CID007307,CID001251,Gang Member
REL003116,CID006536,CID001024,Brother
REL003117,CID004013,CID007798,Same Vehicle
REL003118,CID007832,CID009091,Brother
REL003119,CID002360,CID002105,Same Bank Account
REL003120,CID005661,CID001587,Business Partner
REL003121,CID008685,CID007768,Associate
REL003122,CID004860,CID009185,Money Transfer
REL003123,CID003730,CID007606,Gang Member
REL003124,CID000616,CID006424,Brother
REL003125,CID001286,CID001543,Business Partner
REL003126,CID002267,CID004398,Brother
REL003127,CID001503,CID003453,Brother
REL003128,CID000923,CID009231,Same Vehicle
REL003129,CID000031,CID008418,Business Partner
REL003130,CID005624,CID004887,Business Partner
REL003131,CID003521,CID005995,Gang Member
REL003132,CID002463,CID006667,Friend
REL003133,CID002582,CID009032,Gang Member
REL003134,CID003884,CID009910,Same Bank Account
REL003135,CID005728,CID001653,Gang Member
REL003136,CID006937,CID009709,Same Phone
REL003137,CID009988,CID004525,Business Partner
REL003138,CID009709,CID008608,Same Bank Account
REL003139,CID006010,CID004459,Associate
REL003140,CID007696,CID005435,Same Phone
REL003141,CID001339,CID009437,Same Bank Account
REL003142,CID000697,CID007432,Friend
REL003143,CID002140,CID007210,Same Phone
REL003144,CID008822,CID002686,Same Vehicle
REL003145,CID000901,CID003374,Money Transfer
REL003146,CID004241,CID008224,Brother
REL003147,CID004084,CID003142,Same Bank Account
REL003148,CID001610,CID003716,Same Vehicle
REL003149,CID009559,CID001111,Gang Member
REL003150,CID007642,CID009217,Associate
REL003151,CID006309,CID001201,Friend
REL003152,CID009894,CID007069,Friend
REL003153,CID008901,CID002655,Brother
REL003154,CID000397,CID001066,Same Vehicle
REL003155,CID009916,CID001385,Friend
REL003156,CID003729,CID001058,Brother
REL003157,CID009476,CID000101,Associate
REL003158,CID009241,CID001351,Business Partner
REL003159,CID004508,CID000679,Same Bank Account
REL003160,CID006001,CID009261,Brother
REL003161,CID006059,CID008216,Gang Member
REL003162,CID006774,CID001930,Same Phone
REL003163,CID003726,CID002315,Business Partner
REL003164,CID001142,CID000047,Same Vehicle
REL003165,CID009710,CID001506,Same Bank Account
REL003166,CID003741,CID002832,Business Partner
REL003167,CID002160,CID006253,Brother
REL003168,CID001770,CID004986,Gang Member
REL003169,CID007502,CID006842,Associate
REL003170,CID003461,CID004583,Same Phone
REL003171,CID003251,CID003156,Same Bank Account
REL003172,CID001071,CID003049,Associate
REL003173,CID008967,CID001172,Associate
REL003174,CID009161,CID002233,Money Transfer
REL003175,CID006465,CID008308,Same Bank Account
REL003176,CID004951,CID000677,Brother
REL003177,CID005260,CID007586,Associate
REL003178,CID009526,CID001255,Brother
REL003179,CID002680,CID006195,Brother
REL003180,CID004758,CID004487,Money Transfer
REL003181,CID006081,CID009456,Same Bank Account
REL003182,CID003432,CID009141,Same Phone
REL003183,CID007820,CID002980,Friend
REL003184,CID000659,CID006167,Friend
REL003185,CID000825,CID003929,Same Bank Account
REL003186,CID008450,CID004725,Brother
REL003187,CID008735,CID006317,Same Phone
REL003188,CID009186,CID008880,Money Transfer
REL003189,CID001830,CID003561,Same Bank Account
REL003190,CID000835,CID004094,Same Bank Account
REL003191,CID005637,CID000418,Gang Member
REL003192,CID007868,CID007804,Money Transfer
REL003193,CID003336,CID009663,Business Partner
REL003194,CID000361,CID009922,Business Partner
REL003195,CID005163,CID002689,Money Transfer
REL003196,CID007998,CID003385,Business Partner
REL003197,CID006772,CID004344,Gang Member
REL003198,CID009995,CID009526,Same Phone
REL003199,CID004523,CID003910,Same Bank Account
REL003200,CID000438,CID000832,Friend
REL003201,CID007535,CID009758,Money Transfer
REL003202,CID005714,CID006409,Gang Member
REL003203,CID006535,CID001948,Brother
REL003204,CID005910,CID005577,Associate
REL003205,CID005904,CID000848,Same Phone
REL003206,CID009232,CID001304,Business Partner
REL003207,CID007938,CID001245,Same Bank Account
REL003208,CID003305,CID006727,Associate
REL003209,CID007391,CID003081,Gang Member
REL003210,CID006423,CID000119,Same Bank Account
REL003211,CID005743,CID000939,Same Vehicle
REL003212,CID008523,CID004590,Money Transfer
REL003213,CID003378,CID007456,Business Partner
REL003214,CID000093,CID007059,Same Bank Account
REL003215,CID003143,CID003689,Money Transfer
REL003216,CID003385,CID008793,Gang Member
REL003217,CID003119,CID000032,Business Partner
REL003218,CID006550,CID004928,Associate
REL003219,CID008924,CID005131,Brother
REL003220,CID002010,CID001331,Same Phone
REL003221,CID003505,CID004943,Business Partner
REL003222,CID001934,CID004016,Friend
REL003223,CID007024,CID009153,Associate
REL003224,CID000692,CID000209,Same Phone
REL003225,CID008431,CID009238,Business Partner
REL003226,CID002003,CID002393,Associate
REL003227,CID009694,CID007109,Money Transfer
REL003228,CID001523,CID007080,Brother
REL003229,CID000124,CID002574,Friend
REL003230,CID009098,CID008585,Money Transfer
REL003231,CID001544,CID004970,Brother
REL003232,CID009788,CID006410,Same Vehicle
REL003233,CID009250,CID008109,Same Phone
REL003234,CID006191,CID008377,Business Partner
REL003235,CID001270,CID002785,Money Transfer
REL003236,CID001791,CID009107,Gang Member
REL003237,CID002430,CID002954,Business Partner
REL003238,CID008435,CID006157,Same Bank Account
REL003239,CID009072,CID007280,Brother
REL003240,CID005544,CID007459,Friend
REL003241,CID008530,CID000528,Money Transfer
REL003242,CID001294,CID001444,Same Bank Account
REL003243,CID001474,CID006914,Associate
REL003244,CID000196,CID002304,Same Bank Account
REL003245,CID002083,CID005986,Same Vehicle
REL003246,CID007343,CID006106,Associate
REL003247,CID003501,CID005957,Gang Member
REL003248,CID008906,CID004028,Gang Member
REL003249,CID006691,CID008354,Brother
REL003250,CID006951,CID001578,Brother
REL003251,CID006094,CID008571,Associate
REL003252,CID009010,CID007437,Gang Member
REL003253,CID002185,CID002712,Brother
REL003254,CID008236,CID000876,Same Bank Account
REL003255,CID002906,CID003785,Business Partner
REL003256,CID003654,CID005289,Same Vehicle
REL003257,CID005201,CID009419,Money Transfer
REL003258,CID000866,CID005752,Same Vehicle
REL003259,CID001570,CID009053,Same Bank Account
REL003260,CID007075,CID000456,Brother
REL003261,CID000627,CID004277,Money Transfer
REL003262,CID000098,CID006054,Business Partner
REL003263,CID000538,CID005591,Business Partner
REL003264,CID006019,CID002365,Same Phone
REL003265,CID004807,CID009326,Same Phone
REL003266,CID007411,CID002128,Brother
REL003267,CID006583,CID006796,Friend
REL003268,CID005245,CID003357,Brother
REL003269,CID002924,CID001020,Business Partner
REL003270,CID003543,CID009006,Gang Member
REL003271,CID005787,CID007450,Gang Member
REL003272,CID005678,CID002485,Brother
REL003273,CID007800,CID004390,Friend
REL003274,CID008920,CID003619,Same Phone
REL003275,CID005963,CID006997,Associate
REL003276,CID006843,CID000956,Gang Member
REL003277,CID004362,CID005124,Friend
REL003278,CID007084,CID004326,Same Bank Account
REL003279,CID000494,CID008135,Gang Member
REL003280,CID004293,CID002996,Business Partner
REL003281,CID002947,CID001299,Brother
REL003282,CID007243,CID006201,Friend
REL003283,CID009429,CID009387,Same Bank Account
REL003284,CID002469,CID009189,Gang Member
REL003285,CID000216,CID003753,Business Partner
REL003286,CID007933,CID002909,Same Phone
REL003287,CID002503,CID000027,Associate
REL003288,CID002543,CID000629,Friend
REL003289,CID003275,CID004855,Friend
REL003290,CID007330,CID004121,Same Phone
REL003291,CID000931,CID002273,Associate
REL003292,CID005740,CID009104,Friend
REL003293,CID000295,CID007556,Friend
REL003294,CID009079,CID005785,Brother
REL003295,CID002757,CID001091,Associate
REL003296,CID009470,CID005266,Business Partner
REL003297,CID008003,CID009223,Same Vehicle
REL003298,CID006773,CID007860,Money Transfer
REL003299,CID008046,CID004771,Friend
REL003300,CID006841,CID002154,Money Transfer
REL003301,CID000119,CID004619,Same Bank Account
REL003302,CID006747,CID006213,Same Vehicle
REL003303,CID004161,CID003229,Business Partner
REL003304,CID000300,CID009468,Same Bank Account
REL003305,CID002088,CID004568,Brother
REL003306,CID008464,CID007286,Same Bank Account
REL003307,CID004013,CID005453,Brother
REL003308,CID000271,CID004816,Friend
REL003309,CID008187,CID002576,Associate
REL003310,CID008879,CID002809,Same Phone
REL003311,CID003569,CID008793,Friend
REL003312,CID004262,CID003817,Money Transfer
REL003313,CID000634,CID009912,Brother
REL003314,CID004211,CID009048,Friend
REL003315,CID006475,CID007747,Brother
REL003316,CID005491,CID005864,Same Bank Account
REL003317,CID005254,CID005980,Associate
REL003318,CID005006,CID007857,Business Partner
REL003319,CID000816,CID004462,Same Bank Account
REL003320,CID004104,CID002491,Money Transfer
REL003321,CID002154,CID005067,Brother
REL003322,CID004343,CID007424,Same Bank Account
REL003323,CID000839,CID003675,Friend
REL003324,CID001570,CID008058,Friend
REL003325,CID001787,CID008289,Same Vehicle
REL003326,CID002439,CID001355,Money Transfer
REL003327,CID004947,CID002745,Gang Member
REL003328,CID004313,CID003738,Friend
REL003329,CID005098,CID003930,Associate
REL003330,CID005183,CID008448,Same Phone
REL003331,CID007079,CID006789,Money Transfer
REL003332,CID007323,CID000610,Same Bank Account
REL003333,CID000383,CID004428,Same Phone
REL003334,CID007427,CID001913,Friend
REL003335,CID006422,CID002854,Same Phone
REL003336,CID005326,CID006559,Friend
REL003337,CID001318,CID008932,Business Partner
REL003338,CID006696,CID007482,Associate
REL003339,CID006727,CID009071,Same Phone
REL003340,CID001905,CID008983,Brother
REL003341,CID000714,CID005236,Same Phone
REL003342,CID007631,CID008235,Brother
REL003343,CID001799,CID006434,Same Phone
REL003344,CID005526,CID007437,Gang Member
REL003345,CID002202,CID006186,Friend
REL003346,CID002746,CID000928,Business Partner
REL003347,CID005864,CID005152,Same Vehicle
REL003348,CID006847,CID004620,Business Partner
REL003349,CID002230,CID007441,Business Partner
REL003350,CID002985,CID006922,Business Partner
REL003351,CID002386,CID009977,Brother
REL003352,CID008144,CID006180,Brother
REL003353,CID005268,CID004557,Friend
REL003354,CID004246,CID001640,Business Partner
REL003355,CID008711,CID003891,Business Partner
REL003356,CID001898,CID004206,Brother
REL003357,CID007890,CID007863,Associate
REL003358,CID002649,CID008336,Same Bank Account
REL003359,CID005421,CID001569,Money Transfer
REL003360,CID004593,CID002606,Same Bank Account
REL003361,CID005198,CID008612,Associate
REL003362,CID002107,CID006109,Gang Member
REL003363,CID009122,CID008603,Friend
REL003364,CID000412,CID009705,Gang Member
REL003365,CID001556,CID005409,Brother
REL003366,CID006735,CID004929,Associate
REL003367,CID009696,CID007594,Friend
REL003368,CID006077,CID004846,Same Vehicle
REL003369,CID006111,CID001040,Gang Member
REL003370,CID000578,CID001954,Gang Member
REL003371,CID000282,CID008257,Friend
REL003372,CID005500,CID000984,Same Vehicle
REL003373,CID004292,CID007929,Gang Member
REL003374,CID006962,CID007809,Gang Member
REL003375,CID001945,CID000799,Money Transfer
REL003376,CID003514,CID008904,Associate
REL003377,CID009373,CID000678,Same Vehicle
REL003378,CID006442,CID008849,Associate
REL003379,CID008717,CID001931,Money Transfer
REL003380,CID001672,CID000075,Brother
REL003381,CID002462,CID006859,Friend
REL003382,CID002141,CID006078,Associate
REL003383,CID001470,CID000069,Business Partner
REL003384,CID002725,CID003403,Same Vehicle
REL003385,CID006889,CID007283,Same Bank Account
REL003386,CID009093,CID006100,Friend
REL003387,CID002122,CID002131,Same Phone
REL003388,CID000087,CID008322,Business Partner
REL003389,CID000753,CID002827,Business Partner
REL003390,CID004040,CID009272,Same Phone
REL003391,CID003653,CID004841,Brother
REL003392,CID005478,CID002278,Gang Member
REL003393,CID000357,CID008480,Same Vehicle
REL003394,CID005523,CID000263,Same Vehicle
REL003395,CID000464,CID002841,Money Transfer
REL003396,CID000546,CID007412,Money Transfer
REL003397,CID006692,CID008757,Same Phone
REL003398,CID001860,CID004335,Money Transfer
REL003399,CID007156,CID001670,Same Bank Account
REL003400,CID006465,CID000928,Money Transfer
REL003401,CID000284,CID008733,Brother
REL003402,CID006038,CID004897,Gang Member
REL003403,CID003567,CID003028,Associate
REL003404,CID007414,CID003008,Gang Member
REL003405,CID009961,CID008647,Brother
REL003406,CID005098,CID000855,Money Transfer
REL003407,CID002094,CID005000,Business Partner
REL003408,CID000947,CID007572,Same Bank Account
REL003409,CID005600,CID004555,Same Bank Account
REL003410,CID004268,CID004544,Associate
REL003411,CID002938,CID004811,Associate
REL003412,CID009695,CID006861,Same Vehicle
REL003413,CID003860,CID003660,Friend
REL003414,CID003324,CID002395,Associate
REL003415,CID007620,CID007220,Same Bank Account
REL003416,CID003194,CID003460,Same Bank Account
REL003417,CID004963,CID006171,Brother
REL003418,CID001505,CID004324,Same Vehicle
REL003419,CID005668,CID005814,Same Vehicle
REL003420,CID008864,CID004173,Friend
REL003421,CID008690,CID006905,Same Vehicle
REL003422,CID008446,CID000300,Same Phone
REL003423,CID006441,CID006090,Friend
REL003424,CID006488,CID008598,Gang Member
REL003425,CID002634,CID009446,Same Phone
REL003426,CID000700,CID008723,Same Bank Account
REL003427,CID007185,CID007300,Friend
REL003428,CID001494,CID008423,Business Partner
REL003429,CID000033,CID006041,Same Vehicle
REL003430,CID000437,CID003832,Friend
REL003431,CID001271,CID005478,Same Vehicle
REL003432,CID006590,CID007663,Same Phone
REL003433,CID008858,CID007872,Same Vehicle
REL003434,CID002274,CID004102,Same Vehicle
REL003435,CID005691,CID008160,Business Partner
REL003436,CID006776,CID000228,Business Partner
REL003437,CID007895,CID008027,Friend
REL003438,CID002621,CID004896,Associate
REL003439,CID000777,CID009538,Associate
REL003440,CID001027,CID008995,Same Vehicle
REL003441,CID008797,CID008758,Business Partner
REL003442,CID001929,CID005175,Associate
REL003443,CID007919,CID004915,Same Vehicle
REL003444,CID005074,CID009846,Brother
REL003445,CID008381,CID003888,Same Vehicle
REL003446,CID004287,CID006004,Money Transfer
REL003447,CID008294,CID000788,Gang Member
REL003448,CID003350,CID004149,Business Partner
REL003449,CID008092,CID008632,Brother
REL003450,CID006330,CID008132,Same Bank Account
REL003451,CID009329,CID006632,Associate
REL003452,CID000383,CID002596,Gang Member
REL003453,CID001525,CID004282,Same Bank Account
REL003454,CID000952,CID005460,Same Phone
REL003455,CID009763,CID009484,Money Transfer
REL003456,CID003883,CID008298,Same Phone
REL003457,CID000323,CID007427,Money Transfer
REL003458,CID005942,CID000623,Brother
REL003459,CID001755,CID007464,Friend
REL003460,CID006145,CID001619,Same Vehicle
REL003461,CID006805,CID000765,Gang Member
REL003462,CID009148,CID004228,Same Phone
REL003463,CID005645,CID008452,Same Bank Account
REL003464,CID009486,CID005527,Same Vehicle
REL003465,CID002124,CID005832,Brother
REL003466,CID006351,CID005865,Money Transfer
REL003467,CID001536,CID006572,Brother
REL003468,CID002582,CID009349,Associate
REL003469,CID001850,CID004031,Brother
REL003470,CID000962,CID007903,Business Partner
REL003471,CID009278,CID003388,Same Phone
REL003472,CID003819,CID006945,Associate
REL003473,CID006604,CID001344,Gang Member
REL003474,CID002674,CID005790,Business Partner
REL003475,CID004044,CID000149,Business Partner
REL003476,CID000772,CID002231,Friend
REL003477,CID002907,CID006443,Same Phone
REL003478,CID008346,CID000038,Brother
REL003479,CID007895,CID008131,Same Phone
REL003480,CID002630,CID005595,Associate
REL003481,CID009310,CID002820,Same Vehicle
REL003482,CID004817,CID002426,Friend
REL003483,CID005038,CID006067,Associate
REL003484,CID004381,CID001927,Money Transfer
REL003485,CID009942,CID006717,Associate
REL003486,CID007721,CID002696,Gang Member
REL003487,CID006031,CID009322,Business Partner
REL003488,CID003438,CID007678,Gang Member
REL003489,CID007074,CID001026,Business Partner
REL003490,CID004564,CID009532,Same Bank Account
REL003491,CID001905,CID004922,Gang Member
REL003492,CID003451,CID005685,Same Phone
REL003493,CID005336,CID008654,Same Phone
REL003494,CID001117,CID004834,Associate
REL003495,CID008933,CID001635,Money Transfer
REL003496,CID002117,CID006824,Same Vehicle
REL003497,CID008547,CID007513,Same Phone
REL003498,CID003292,CID004430,Same Phone
REL003499,CID007041,CID002504,Same Bank Account
REL003500,CID004229,CID005502,Same Vehicle
REL003501,CID006155,CID005485,Friend
REL003502,CID003308,CID004190,Brother
REL003503,CID001643,CID007476,Same Vehicle
REL003504,CID005111,CID000172,Business Partner
REL003505,CID000613,CID003517,Same Bank Account
REL003506,CID003084,CID001194,Same Phone
REL003507,CID008138,CID003303,Friend
REL003508,CID000801,CID005034,Money Transfer
REL003509,CID009282,CID007246,Money Transfer
REL003510,CID005853,CID002443,Same Vehicle
REL003511,CID003638,CID009887,Business Partner
REL003512,CID005324,CID005599,Friend
REL003513,CID003734,CID005878,Money Transfer
REL003514,CID005703,CID009942,Same Vehicle
REL003515,CID000371,CID003973,Brother
REL003516,CID007573,CID008175,Associate
REL003517,CID000580,CID002861,Business Partner
REL003518,CID009551,CID000348,Friend
REL003519,CID005032,CID008735,Friend
REL003520,CID001247,CID002524,Business Partner
REL003521,CID001700,CID009696,Business Partner
REL003522,CID000278,CID006881,Business Partner
REL003523,CID009634,CID009525,Money Transfer
REL003524,CID004723,CID000617,Money Transfer
REL003525,CID001522,CID001975,Same Bank Account
REL003526,CID009389,CID007189,Friend
REL003527,CID003460,CID003712,Brother
REL003528,CID007145,CID006551,Associate
REL003529,CID007939,CID004675,Same Bank Account
REL003530,CID006897,CID009697,Gang Member
REL003531,CID001967,CID001120,Gang Member
REL003532,CID007620,CID007992,Friend
REL003533,CID005589,CID002665,Same Bank Account
REL003534,CID002639,CID006681,Friend
REL003535,CID005417,CID003801,Same Vehicle
REL003536,CID006817,CID004665,Gang Member
REL003537,CID006898,CID000150,Same Bank Account
REL003538,CID006970,CID004218,Same Vehicle
REL003539,CID002606,CID009314,Associate
REL003540,CID004932,CID007025,Same Phone
REL003541,CID000324,CID009587,Same Phone
REL003542,CID003554,CID004238,Business Partner
REL003543,CID000412,CID007473,Business Partner
REL003544,CID001331,CID005515,Associate
REL003545,CID008665,CID000925,Same Phone
REL003546,CID009605,CID001321,Same Vehicle
REL003547,CID001185,CID003067,Same Bank Account
REL003548,CID005115,CID006405,Same Bank Account
REL003549,CID000948,CID006251,Brother
REL003550,CID006542,CID002788,Same Vehicle
REL003551,CID007512,CID009841,Gang Member
REL003552,CID004492,CID003306,Associate
REL003553,CID004096,CID007557,Business Partner
REL003554,CID007817,CID002919,Same Phone
REL003555,CID004727,CID002726,Business Partner
REL003556,CID004149,CID005970,Same Vehicle
REL003557,CID004884,CID008279,Money Transfer
REL003558,CID006299,CID009366,Same Bank Account
REL003559,CID005008,CID009759,Money Transfer
REL003560,CID009100,CID003449,Friend
REL003561,CID009841,CID004060,Same Phone
REL003562,CID009641,CID002248,Associate
REL003563,CID005605,CID001481,Friend
REL003564,CID009765,CID009504,Same Phone
REL003565,CID003768,CID000896,Same Bank Account
REL003566,CID000230,CID000545,Associate
REL003567,CID002738,CID004641,Gang Member
REL003568,CID006064,CID006495,Brother
REL003569,CID001237,CID006204,Friend
REL003570,CID001288,CID003533,Associate
REL003571,CID009353,CID003567,Money Transfer
REL003572,CID005818,CID004028,Friend
REL003573,CID009589,CID009974,Same Phone
REL003574,CID006732,CID004888,Associate
REL003575,CID009435,CID005510,Same Bank Account
REL003576,CID006780,CID000103,Friend
REL003577,CID008067,CID008869,Business Partner
REL003578,CID005871,CID001867,Friend
REL003579,CID005708,CID005818,Same Bank Account
REL003580,CID003829,CID002634,Brother
REL003581,CID003037,CID005998,Same Phone
REL003582,CID007024,CID008162,Gang Member
REL003583,CID002715,CID002053,Associate
REL003584,CID008500,CID000674,Same Bank Account
REL003585,CID003654,CID000494,Gang Member
REL003586,CID007145,CID001612,Gang Member
REL003587,CID009748,CID005606,Friend
REL003588,CID000572,CID004846,Same Phone
REL003589,CID001010,CID006822,Same Phone
REL003590,CID000918,CID003513,Same Bank Account
REL003591,CID002904,CID009279,Gang Member
REL003592,CID006125,CID003530,Associate
REL003593,CID006550,CID003334,Same Bank Account
REL003594,CID008910,CID006762,Money Transfer
REL003595,CID008187,CID008895,Brother
REL003596,CID006174,CID006366,Same Phone
REL003597,CID003467,CID005677,Same Vehicle
REL003598,CID002405,CID007759,Same Phone
REL003599,CID000271,CID006008,Business Partner
REL003600,CID001322,CID009988,Business Partner
REL003601,CID007557,CID000776,Associate
REL003602,CID007743,CID004144,Business Partner
REL003603,CID004469,CID006039,Associate
REL003604,CID006962,CID001772,Brother
REL003605,CID008011,CID009096,Gang Member
REL003606,CID003248,CID008731,Gang Member
REL003607,CID003346,CID003908,Same Bank Account
REL003608,CID008424,CID007731,Business Partner
REL003609,CID009879,CID009840,Same Bank Account
REL003610,CID009513,CID005941,Money Transfer
REL003611,CID005534,CID006841,Friend
REL003612,CID003301,CID003724,Associate
REL003613,CID006704,CID000818,Associate
REL003614,CID003635,CID003084,Business Partner
REL003615,CID003243,CID006246,Business Partner
REL003616,CID003053,CID002724,Business Partner
REL003617,CID008824,CID002643,Friend
REL003618,CID002815,CID004768,Same Bank Account
REL003619,CID005119,CID000108,Business Partner
REL003620,CID003208,CID008488,Same Vehicle
REL003621,CID006709,CID001394,Same Bank Account
REL003622,CID009166,CID001940,Money Transfer
REL003623,CID000196,CID006494,Brother
REL003624,CID003094,CID007854,Same Phone
REL003625,CID006365,CID007113,Same Phone
REL003626,CID000622,CID004992,Same Phone
REL003627,CID000448,CID001213,Same Phone
REL003628,CID006469,CID001100,Same Phone
REL003629,CID006860,CID005522,Same Vehicle
REL003630,CID000697,CID009442,Friend
REL003631,CID009634,CID001714,Same Vehicle
REL003632,CID003916,CID007648,Same Bank Account
REL003633,CID004348,CID002425,Money Transfer
REL003634,CID001238,CID007897,Same Phone
REL003635,CID001198,CID003467,Same Vehicle
REL003636,CID000585,CID002115,Brother
REL003637,CID000534,CID001028,Same Vehicle
REL003638,CID009497,CID008403,Brother
REL003639,CID008481,CID004247,Same Vehicle
REL003640,CID007903,CID008753,Brother
REL003641,CID005393,CID002235,Same Phone
REL003642,CID001423,CID005282,Money Transfer
REL003643,CID004010,CID003777,Money Transfer
REL003644,CID006030,CID006939,Money Transfer
REL003645,CID003261,CID003974,Gang Member
REL003646,CID004869,CID006574,Same Vehicle
REL003647,CID008056,CID009071,Brother
REL003648,CID008917,CID006884,Same Phone
REL003649,CID007555,CID003272,Same Bank Account
REL003650,CID008696,CID008540,Same Phone
REL003651,CID007061,CID008033,Gang Member
REL003652,CID001008,CID003673,Associate
REL003653,CID009171,CID005320,Same Phone
REL003654,CID005433,CID006419,Friend
REL003655,CID008982,CID002235,Friend
REL003656,CID001858,CID008316,Associate
REL003657,CID001698,CID005183,Gang Member
REL003658,CID007338,CID009715,Gang Member
REL003659,CID008616,CID002547,Business Partner
REL003660,CID005893,CID001167,Gang Member
REL003661,CID007260,CID007052,Money Transfer
REL003662,CID009171,CID003060,Same Bank Account
REL003663,CID009701,CID002885,Same Bank Account
REL003664,CID007042,CID006750,Friend
REL003665,CID003100,CID005831,Gang Member
REL003666,CID007570,CID006233,Business Partner
REL003667,CID007658,CID008444,Business Partner
REL003668,CID006058,CID000744,Brother
REL003669,CID004099,CID005239,Money Transfer
REL003670,CID005593,CID008424,Brother
REL003671,CID002441,CID006197,Friend
REL003672,CID007933,CID002104,Friend
REL003673,CID003399,CID005675,Brother
REL003674,CID002255,CID006184,Same Vehicle
REL003675,CID007079,CID004293,Brother
REL003676,CID008080,CID001113,Same Bank Account
REL003677,CID005657,CID009480,Business Partner
REL003678,CID001465,CID003991,Same Phone
REL003679,CID004898,CID009130,Money Transfer
REL003680,CID004109,CID005808,Same Bank Account
REL003681,CID003937,CID007287,Money Transfer
REL003682,CID001602,CID007767,Associate
REL003683,CID009766,CID003276,Gang Member
REL003684,CID005645,CID001273,Friend
REL003685,CID000061,CID003691,Business Partner
REL003686,CID009124,CID004674,Money Transfer
REL003687,CID005888,CID006666,Same Vehicle
REL003688,CID007864,CID001255,Business Partner
REL003689,CID008009,CID006519,Friend
REL003690,CID000356,CID005772,Money Transfer
REL003691,CID003238,CID005337,Gang Member
REL003692,CID001765,CID003481,Brother
REL003693,CID000705,CID002193,Same Bank Account
REL003694,CID002235,CID007723,Money Transfer
REL003695,CID006075,CID006041,Friend
REL003696,CID005225,CID005918,Same Bank Account
REL003697,CID007902,CID002833,Gang Member
REL003698,CID003258,CID006413,Same Phone
REL003699,CID007117,CID004436,Brother
REL003700,CID004436,CID006524,Same Phone
REL003701,CID005112,CID002592,Same Vehicle
REL003702,CID009702,CID004740,Associate
REL003703,CID002688,CID005443,Same Vehicle
REL003704,CID006486,CID007742,Same Phone
REL003705,CID005042,CID009803,Gang Member
REL003706,CID000965,CID003055,Friend
REL003707,CID000747,CID001173,Friend
REL003708,CID009851,CID000183,Same Phone
REL003709,CID007187,CID002449,Same Phone
REL003710,CID008993,CID007299,Same Vehicle
REL003711,CID000558,CID004901,Associate
REL003712,CID001520,CID005055,Gang Member
REL003713,CID005940,CID001224,Friend
REL003714,CID008740,CID006259,Money Transfer
REL003715,CID008294,CID008723,Same Bank Account
REL003716,CID006351,CID005357,Friend
REL003717,CID005686,CID007284,Same Bank Account
REL003718,CID003644,CID003799,Associate
REL003719,CID001517,CID001916,Brother
REL003720,CID009561,CID002105,Associate
REL003721,CID009757,CID007512,Associate
REL003722,CID005375,CID009016,Associate
REL003723,CID000604,CID002224,Associate
REL003724,CID002529,CID000442,Gang Member
REL003725,CID007078,CID006496,Same Bank Account
REL003726,CID002475,CID008703,Brother
REL003727,CID008720,CID003725,Money Transfer
REL003728,CID009143,CID001851,Business Partner
REL003729,CID003196,CID003690,Friend
REL003730,CID008021,CID002122,Business Partner
REL003731,CID004608,CID008104,Business Partner
REL003732,CID009734,CID001997,Money Transfer
REL003733,CID003026,CID005187,Associate
REL003734,CID003461,CID008216,Money Transfer
REL003735,CID000424,CID009727,Associate
REL003736,CID008366,CID003687,Same Phone
REL003737,CID009211,CID006576,Money Transfer
REL003738,CID009125,CID009955,Same Phone
REL003739,CID008272,CID008321,Same Bank Account
REL003740,CID007750,CID000779,Business Partner
REL003741,CID001061,CID002335,Money Transfer
REL003742,CID000174,CID007258,Gang Member
REL003743,CID009898,CID009307,Same Bank Account
REL003744,CID004775,CID006428,Same Vehicle
REL003745,CID009453,CID009790,Business Partner
REL003746,CID009165,CID008528,Business Partner
REL003747,CID004198,CID007103,Associate
REL003748,CID004942,CID006380,Same Vehicle
REL003749,CID003702,CID007568,Friend
REL003750,CID006261,CID009873,Same Vehicle
REL003751,CID000150,CID002869,Brother
REL003752,CID001578,CID000443,Same Bank Account
REL003753,CID007380,CID009807,Friend
REL003754,CID006830,CID004405,Associate
REL003755,CID002943,CID002699,Same Vehicle
REL003756,CID003128,CID009393,Same Vehicle
REL003757,CID008438,CID008976,Associate
REL003758,CID007925,CID006048,Gang Member
REL003759,CID006005,CID006728,Gang Member
REL003760,CID006179,CID004325,Same Vehicle
REL003761,CID006498,CID006139,Friend
REL003762,CID009803,CID004189,Same Phone
REL003763,CID006930,CID004206,Money Transfer
REL003764,CID002007,CID004564,Business Partner
REL003765,CID008738,CID009665,Same Phone
REL003766,CID000898,CID004350,Business Partner
REL003767,CID001536,CID001659,Same Phone
REL003768,CID009207,CID003451,Same Phone
REL003769,CID005972,CID005019,Brother
REL003770,CID008308,CID005809,Money Transfer
REL003771,CID004511,CID006533,Money Transfer
REL003772,CID006875,CID008342,Money Transfer
REL003773,CID002623,CID006113,Same Bank Account
REL003774,CID005567,CID003752,Same Phone
REL003775,CID005820,CID001219,Business Partner
REL003776,CID008271,CID009161,Friend
REL003777,CID002850,CID001845,Friend
REL003778,CID005969,CID007584,Same Vehicle
REL003779,CID005899,CID000056,Same Bank Account
REL003780,CID009106,CID005490,Same Phone
REL003781,CID000207,CID004228,Brother
REL003782,CID005931,CID002074,Associate
REL003783,CID004877,CID004616,Friend
REL003784,CID008465,CID007673,Brother
REL003785,CID009021,CID003686,Associate
REL003786,CID008714,CID007159,Gang Member
REL003787,CID000686,CID002196,Brother
REL003788,CID000318,CID008205,Same Phone
REL003789,CID000565,CID005832,Money Transfer
REL003790,CID004323,CID008109,Same Bank Account
REL003791,CID006025,CID000173,Gang Member
REL003792,CID009281,CID009176,Same Vehicle
REL003793,CID003363,CID009802,Brother
REL003794,CID006988,CID006318,Brother
REL003795,CID009264,CID003804,Business Partner
REL003796,CID005734,CID006825,Friend
REL003797,CID000017,CID001230,Friend
REL003798,CID004979,CID001173,Associate
REL003799,CID009902,CID009259,Associate
REL003800,CID008957,CID008242,Gang Member
REL003801,CID002402,CID008442,Same Phone
REL003802,CID009160,CID009477,Associate
REL003803,CID009920,CID000764,Business Partner
REL003804,CID009316,CID000721,Brother
REL003805,CID009037,CID000626,Brother
REL003806,CID008234,CID006288,Business Partner
REL003807,CID007115,CID002831,Associate
REL003808,CID005638,CID005138,Friend
REL003809,CID001904,CID004520,Associate
REL003810,CID000834,CID001572,Business Partner
REL003811,CID003139,CID001975,Same Vehicle
REL003812,CID001143,CID001893,Brother
REL003813,CID008200,CID007153,Business Partner
REL003814,CID000142,CID003136,Brother
REL003815,CID003744,CID007729,Same Bank Account
REL003816,CID004348,CID003757,Gang Member
REL003817,CID003390,CID009817,Money Transfer
REL003818,CID000984,CID001649,Friend
REL003819,CID009296,CID001777,Same Phone
REL003820,CID001828,CID002734,Associate
REL003821,CID002375,CID003696,Same Vehicle
REL003822,CID003600,CID001074,Associate
REL003823,CID006844,CID002723,Same Vehicle
REL003824,CID007590,CID001477,Gang Member
REL003825,CID009357,CID003135,Same Phone
REL003826,CID001042,CID000283,Money Transfer
REL003827,CID005439,CID006613,Gang Member
REL003828,CID007474,CID000285,Same Bank Account
REL003829,CID003180,CID007400,Associate
REL003830,CID002386,CID002339,Business Partner
REL003831,CID000294,CID006477,Same Phone
REL003832,CID008216,CID003048,Friend
REL003833,CID002295,CID005318,Brother
REL003834,CID008363,CID006858,Money Transfer
REL003835,CID006459,CID005157,Associate
REL003836,CID006405,CID004325,Friend
REL003837,CID007908,CID009673,Gang Member
REL003838,CID001185,CID000451,Same Phone
REL003839,CID003501,CID000373,Money Transfer
REL003840,CID006747,CID007710,Same Vehicle
REL003841,CID009475,CID004041,Same Bank Account
REL003842,CID000977,CID001287,Associate
REL003843,CID008535,CID001698,Business Partner
REL003844,CID004865,CID005251,Friend
REL003845,CID004993,CID009185,Same Vehicle
REL003846,CID000980,CID000310,Business Partner
REL003847,CID008322,CID002255,Money Transfer
REL003848,CID009648,CID001876,Associate
REL003849,CID004031,CID002225,Brother
REL003850,CID007022,CID008038,Same Phone
REL003851,CID003301,CID004487,Gang Member
REL003852,CID005395,CID003303,Brother
REL003853,CID001776,CID001868,Gang Member
REL003854,CID005188,CID002227,Associate
REL003855,CID008974,CID001913,Friend
REL003856,CID001617,CID007197,Same Bank Account
REL003857,CID004839,CID001769,Gang Member
REL003858,CID004246,CID009468,Same Vehicle
REL003859,CID000752,CID006245,Business Partner
REL003860,CID009080,CID008696,Same Phone
REL003861,CID008653,CID009305,Same Phone
REL003862,CID007834,CID003726,Same Vehicle
REL003863,CID003933,CID003253,Same Bank Account
REL003864,CID000280,CID006896,Money Transfer
REL003865,CID008674,CID008594,Gang Member
REL003866,CID008991,CID008493,Same Phone
REL003867,CID007677,CID003851,Associate
REL003868,CID002224,CID004849,Gang Member
REL003869,CID005412,CID000190,Gang Member
REL003870,CID003742,CID003252,Brother
REL003871,CID003599,CID009387,Brother
REL003872,CID002462,CID005925,Associate
REL003873,CID002238,CID007530,Same Phone
REL003874,CID007512,CID001033,Friend
REL003875,CID007417,CID001908,Associate
REL003876,CID009386,CID005170,Brother
REL003877,CID003653,CID007030,Money Transfer
REL003878,CID001952,CID006210,Same Bank Account
REL003879,CID002134,CID004727,Same Vehicle
REL003880,CID009850,CID001987,Same Vehicle
REL003881,CID001495,CID003056,Same Vehicle
REL003882,CID003848,CID002490,Money Transfer
REL003883,CID008362,CID003088,Business Partner
REL003884,CID009399,CID009673,Money Transfer
REL003885,CID000823,CID005699,Same Vehicle
REL003886,CID008607,CID009895,Same Bank Account
REL003887,CID000848,CID008232,Same Vehicle
REL003888,CID000839,CID001522,Money Transfer
REL003889,CID002262,CID006914,Same Bank Account
REL003890,CID009588,CID001778,Brother
REL003891,CID009665,CID009582,Same Vehicle
REL003892,CID004201,CID008930,Same Bank Account
REL003893,CID005452,CID006670,Same Phone
REL003894,CID002461,CID002083,Same Vehicle
REL003895,CID005634,CID009504,Associate
REL003896,CID002560,CID002379,Business Partner
REL003897,CID006121,CID000759,Brother
REL003898,CID002333,CID004020,Friend
REL003899,CID004525,CID006830,Same Vehicle
REL003900,CID004381,CID001582,Brother
REL003901,CID001204,CID008709,Same Bank Account
REL003902,CID006972,CID009558,Money Transfer
REL003903,CID008062,CID005837,Brother
REL003904,CID000517,CID004358,Same Bank Account
REL003905,CID003804,CID009661,Friend
REL003906,CID007791,CID003209,Brother
REL003907,CID007861,CID009530,Same Vehicle
REL003908,CID008839,CID006747,Same Bank Account
REL003909,CID008118,CID001063,Business Partner
REL003910,CID006566,CID004540,Associate
REL003911,CID005804,CID004302,Friend
REL003912,CID000585,CID002372,Brother
REL003913,CID008134,CID007419,Gang Member
REL003914,CID009613,CID001929,Brother
REL003915,CID005134,CID001059,Money Transfer
REL003916,CID003181,CID001639,Same Phone
REL003917,CID002017,CID008234,Same Phone
REL003918,CID006848,CID004125,Associate
REL003919,CID007348,CID001533,Same Bank Account
REL003920,CID004865,CID005645,Same Vehicle
REL003921,CID002939,CID000085,Money Transfer
REL003922,CID000867,CID000745,Friend
REL003923,CID005654,CID009123,Money Transfer
REL003924,CID000304,CID000237,Same Phone
REL003925,CID007105,CID003637,Same Vehicle
REL003926,CID003140,CID002592,Associate
REL003927,CID008945,CID006930,Gang Member
REL003928,CID009619,CID009543,Gang Member
REL003929,CID004186,CID003757,Brother
REL003930,CID002090,CID000345,Friend
REL003931,CID008199,CID001383,Business Partner
REL003932,CID003192,CID008577,Money Transfer
REL003933,CID002269,CID003906,Same Bank Account
REL003934,CID006009,CID005129,Associate
REL003935,CID004686,CID005451,Money Transfer
REL003936,CID008409,CID003014,Business Partner
REL003937,CID002939,CID008037,Same Bank Account
REL003938,CID004967,CID004124,Money Transfer
REL003939,CID004654,CID000967,Business Partner
REL003940,CID006311,CID000150,Gang Member
REL003941,CID008976,CID006173,Associate
REL003942,CID005447,CID003384,Same Phone
REL003943,CID008738,CID006059,Same Vehicle
REL003944,CID002198,CID002977,Brother
REL003945,CID001167,CID009325,Friend
REL003946,CID001741,CID005705,Same Bank Account
REL003947,CID007973,CID000007,Business Partner
REL003948,CID009239,CID004848,Same Vehicle
REL003949,CID004010,CID003798,Money Transfer
REL003950,CID003484,CID005803,Same Bank Account
REL003951,CID002115,CID002904,Same Bank Account
REL003952,CID009223,CID001684,Business Partner
REL003953,CID004878,CID004179,Friend
REL003954,CID000222,CID004626,Same Phone
REL003955,CID009639,CID006363,Same Vehicle
REL003956,CID006820,CID006801,Same Phone
REL003957,CID005193,CID006416,Gang Member
REL003958,CID003951,CID003638,Gang Member
REL003959,CID007042,CID004673,Brother
REL003960,CID005944,CID008400,Friend
REL003961,CID003545,CID004981,Same Bank Account
REL003962,CID002875,CID009953,Business Partner
REL003963,CID000772,CID007446,Friend
REL003964,CID002917,CID005690,Same Vehicle
REL003965,CID001318,CID001038,Gang Member
REL003966,CID008470,CID000181,Same Phone
REL003967,CID007968,CID002737,Gang Member
REL003968,CID003221,CID009303,Friend
REL003969,CID007505,CID002910,Brother
REL003970,CID004461,CID004373,Business Partner
REL003971,CID007440,CID009845,Associate
REL003972,CID007985,CID001987,Same Bank Account
REL003973,CID004381,CID003360,Associate
REL003974,CID009721,CID004531,Friend
REL003975,CID007026,CID000551,Same Vehicle
REL003976,CID009485,CID001551,Business Partner
REL003977,CID005971,CID005989,Same Bank Account
REL003978,CID001983,CID003807,Same Vehicle
REL003979,CID009185,CID001804,Business Partner
REL003980,CID006725,CID009615,Friend
REL003981,CID003873,CID006059,Money Transfer
REL003982,CID005517,CID005462,Same Phone
REL003983,CID007362,CID006519,Same Bank Account
REL003984,CID002104,CID008413,Same Phone
REL003985,CID002600,CID003266,Gang Member
REL003986,CID004224,CID002857,Same Phone
REL003987,CID000086,CID006225,Friend
REL003988,CID009206,CID009219,Money Transfer
REL003989,CID001805,CID000068,Same Phone
REL003990,CID004382,CID008591,Friend
REL003991,CID004168,CID004802,Same Phone
REL003992,CID006513,CID006663,Same Bank Account
REL003993,CID006618,CID009208,Gang Member
REL003994,CID008770,CID001597,Associate
REL003995,CID008498,CID000264,Money Transfer
REL003996,CID007046,CID006092,Gang Member
REL003997,CID009055,CID008035,Gang Member
REL003998,CID005579,CID002240,Brother
REL003999,CID000255,CID005074,Brother
REL004000,CID008963,CID006330,Same Phone
REL004001,CID003669,CID002548,Brother
REL004002,CID004732,CID008615,Business Partner
REL004003,CID000732,CID007355,Money Transfer
REL004004,CID000777,CID003925,Same Vehicle
REL004005,CID009306,CID006162,Gang Member
REL004006,CID008665,CID008735,Same Phone
REL004007,CID008975,CID002866,Gang Member
REL004008,CID005169,CID008126,Business Partner
REL004009,CID005701,CID007166,Friend
REL004010,CID004587,CID007932,Same Vehicle
REL004011,CID003005,CID003554,Business Partner
REL004012,CID009126,CID007587,Same Phone
REL004013,CID008550,CID008907,Same Bank Account
REL004014,CID009593,CID008323,Same Bank Account
REL004015,CID000674,CID006943,Friend
REL004016,CID002393,CID006864,Same Vehicle
REL004017,CID006212,CID000254,Associate
REL004018,CID001624,CID003482,Money Transfer
REL004019,CID007107,CID007577,Associate
REL004020,CID006863,CID007921,Gang Member
REL004021,CID000305,CID000476,Gang Member
REL004022,CID003626,CID007953,Friend
REL004023,CID002497,CID000596,Brother
REL004024,CID005022,CID007064,Money Transfer
REL004025,CID006394,CID002799,Gang Member
REL004026,CID002714,CID008848,Money Transfer
REL004027,CID005242,CID004882,Same Vehicle
REL004028,CID009921,CID008925,Gang Member
REL004029,CID000356,CID000718,Brother
REL004030,CID002422,CID006594,Business Partner
REL004031,CID000469,CID007655,Gang Member
REL004032,CID001790,CID000352,Same Phone
REL004033,CID006071,CID005322,Same Bank Account
REL004034,CID009412,CID001819,Same Vehicle
REL004035,CID003827,CID002210,Money Transfer
REL004036,CID003215,CID003206,Business Partner
REL004037,CID006392,CID007969,Gang Member
REL004038,CID009581,CID009024,Associate
REL004039,CID009825,CID004010,Same Bank Account
REL004040,CID003450,CID005243,Brother
REL004041,CID006071,CID001684,Gang Member
REL004042,CID007080,CID005206,Money Transfer
REL004043,CID004973,CID007404,Business Partner
REL004044,CID004265,CID006745,Same Bank Account
REL004045,CID007966,CID007992,Same Vehicle
REL004046,CID002228,CID001273,Associate
REL004047,CID008926,CID006287,Associate
REL004048,CID001972,CID006788,Friend
REL004049,CID007426,CID004423,Business Partner
REL004050,CID009378,CID003637,Associate
REL004051,CID005127,CID000142,Business Partner
REL004052,CID006727,CID000422,Associate
REL004053,CID008327,CID006113,Brother
REL004054,CID005846,CID001241,Same Phone
REL004055,CID002786,CID003685,Same Vehicle
REL004056,CID007684,CID005106,Money Transfer
REL004057,CID004354,CID006762,Brother
REL004058,CID009964,CID006384,Same Vehicle
REL004059,CID008851,CID002375,Same Phone
REL004060,CID005874,CID001718,Friend
REL004061,CID008003,CID002597,Gang Member
REL004062,CID007789,CID006315,Friend
REL004063,CID005410,CID007367,Same Vehicle
REL004064,CID001755,CID009853,Brother
REL004065,CID006826,CID002084,Same Phone
REL004066,CID005167,CID004113,Money Transfer
REL004067,CID006459,CID002677,Friend
REL004068,CID003026,CID003297,Same Bank Account
REL004069,CID009110,CID006040,Associate
REL004070,CID003448,CID008478,Brother
REL004071,CID009339,CID007574,Same Vehicle
REL004072,CID002230,CID005062,Friend
REL004073,CID007194,CID000881,Gang Member
REL004074,CID007010,CID007282,Associate
REL004075,CID008825,CID002472,Brother
REL004076,CID006165,CID007114,Associate
REL004077,CID002306,CID002924,Money Transfer
REL004078,CID000245,CID001257,Brother
REL004079,CID007357,CID001281,Same Bank Account
REL004080,CID004035,CID005706,Friend
REL004081,CID008713,CID009238,Same Phone
REL004082,CID004868,CID003287,Money Transfer
REL004083,CID005069,CID006165,Same Phone
REL004084,CID008675,CID008098,Gang Member
REL004085,CID009284,CID003305,Same Vehicle
REL004086,CID006707,CID007224,Same Phone
REL004087,CID004859,CID002148,Money Transfer
REL004088,CID005457,CID000433,Same Vehicle
REL004089,CID001528,CID001371,Gang Member
REL004090,CID007687,CID000940,Same Vehicle
REL004091,CID004898,CID009109,Same Bank Account
REL004092,CID009628,CID004605,Same Vehicle
REL004093,CID002974,CID007436,Money Transfer
REL004094,CID006945,CID003380,Same Phone
REL004095,CID000406,CID002672,Money Transfer
REL004096,CID008075,CID000606,Brother
REL004097,CID008868,CID008222,Friend
REL004098,CID007148,CID008020,Associate
REL004099,CID006135,CID008866,Gang Member
REL004100,CID003584,CID004161,Same Vehicle
REL004101,CID005266,CID004229,Same Phone
REL004102,CID006560,CID003027,Business Partner
REL004103,CID002901,CID003180,Friend
REL004104,CID001539,CID005144,Friend
REL004105,CID009030,CID002325,Brother
REL004106,CID007884,CID006233,Same Phone
REL004107,CID003183,CID002848,Same Bank Account
REL004108,CID007055,CID006057,Business Partner
REL004109,CID000065,CID007768,Friend
REL004110,CID007747,CID009752,Same Phone
REL004111,CID009266,CID001298,Money Transfer
REL004112,CID001132,CID008116,Associate
REL004113,CID008894,CID006345,Associate
REL004114,CID004531,CID002326,Associate
REL004115,CID004833,CID006943,Same Vehicle
REL004116,CID002418,CID000333,Gang Member
REL004117,CID006237,CID001408,Brother
REL004118,CID000375,CID001926,Same Bank Account
REL004119,CID000321,CID002226,Same Vehicle
REL004120,CID001924,CID005058,Friend
REL004121,CID000402,CID005807,Gang Member
REL004122,CID000197,CID002696,Brother
REL004123,CID008199,CID004086,Brother
REL004124,CID006623,CID003679,Same Vehicle
REL004125,CID002774,CID000453,Brother
REL004126,CID003070,CID009204,Same Phone
REL004127,CID007133,CID009846,Same Phone
REL004128,CID005549,CID005906,Brother
REL004129,CID006526,CID002372,Associate
REL004130,CID004052,CID002007,Same Bank Account
REL004131,CID003497,CID004334,Same Phone
REL004132,CID008731,CID008373,Friend
REL004133,CID006816,CID002960,Friend
REL004134,CID000382,CID009398,Associate
REL004135,CID007147,CID002441,Associate
REL004136,CID000385,CID002368,Money Transfer
REL004137,CID003355,CID001516,Friend
REL004138,CID001368,CID007582,Associate
REL004139,CID000481,CID006033,Business Partner
REL004140,CID002807,CID005292,Same Vehicle
REL004141,CID003295,CID002961,Business Partner
REL004142,CID001460,CID006501,Same Phone
REL004143,CID007987,CID008618,Money Transfer
REL004144,CID005087,CID006035,Money Transfer
REL004145,CID002492,CID006395,Same Phone
REL004146,CID001076,CID002877,Money Transfer
REL004147,CID000059,CID004235,Brother
REL004148,CID009184,CID003164,Brother
REL004149,CID007286,CID002778,Money Transfer
REL004150,CID008362,CID005695,Gang Member
REL004151,CID004583,CID005774,Same Bank Account
REL004152,CID000321,CID006666,Brother
REL004153,CID005366,CID009440,Same Bank Account
REL004154,CID002019,CID002111,Same Bank Account
REL004155,CID004708,CID006779,Same Vehicle
REL004156,CID004238,CID006928,Brother
REL004157,CID004082,CID008788,Money Transfer
REL004158,CID008704,CID009024,Same Bank Account
REL004159,CID002899,CID006783,Same Phone
REL004160,CID002872,CID001541,Brother
REL004161,CID001225,CID003793,Same Vehicle
REL004162,CID009888,CID003918,Money Transfer
REL004163,CID001552,CID008917,Same Bank Account
REL004164,CID004357,CID008155,Same Phone
REL004165,CID000728,CID005928,Business Partner
REL004166,CID007958,CID009988,Same Vehicle
REL004167,CID008290,CID004604,Money Transfer
REL004168,CID001096,CID004445,Associate
REL004169,CID009016,CID001463,Gang Member
REL004170,CID004870,CID009350,Same Bank Account
REL004171,CID007231,CID001563,Associate
REL004172,CID000346,CID007171,Friend
REL004173,CID006895,CID003873,Money Transfer
REL004174,CID003151,CID006951,Brother
REL004175,CID005261,CID008045,Friend
REL004176,CID004976,CID004504,Same Vehicle
REL004177,CID005645,CID001727,Gang Member
REL004178,CID006193,CID001971,Money Transfer
REL004179,CID007278,CID002811,Gang Member
REL004180,CID003290,CID008364,Associate
REL004181,CID005754,CID008323,Friend
REL004182,CID007696,CID003974,Same Phone
REL004183,CID007848,CID003034,Associate
REL004184,CID000416,CID003235,Money Transfer
REL004185,CID008675,CID008286,Same Vehicle
REL004186,CID001007,CID006251,Same Bank Account
REL004187,CID005197,CID005630,Same Vehicle
REL004188,CID008370,CID008513,Same Bank Account
REL004189,CID008354,CID004172,Same Vehicle
REL004190,CID004522,CID004333,Business Partner
REL004191,CID005976,CID006720,Gang Member
REL004192,CID009627,CID002321,Business Partner
REL004193,CID009148,CID000694,Same Vehicle
REL004194,CID000362,CID000486,Associate
REL004195,CID007649,CID006536,Gang Member
REL004196,CID000070,CID009445,Brother
REL004197,CID005781,CID000964,Same Vehicle
REL004198,CID000927,CID000019,Money Transfer
REL004199,CID003096,CID002766,Money Transfer
REL004200,CID009854,CID004473,Money Transfer
REL004201,CID008858,CID005976,Same Phone
REL004202,CID007931,CID008612,Same Bank Account
REL004203,CID005556,CID000581,Business Partner
REL004204,CID008713,CID005445,Associate
REL004205,CID003205,CID000341,Same Phone
REL004206,CID003883,CID009617,Same Bank Account
REL004207,CID003889,CID009514,Brother
REL004208,CID003241,CID001722,Associate
REL004209,CID006125,CID007270,Associate
REL004210,CID003777,CID001498,Associate
REL004211,CID007632,CID005106,Brother
REL004212,CID002369,CID009905,Business Partner
REL004213,CID004547,CID008642,Same Vehicle
REL004214,CID004363,CID000442,Same Bank Account
REL004215,CID009506,CID001446,Same Bank Account
REL004216,CID003927,CID006817,Money Transfer
REL004217,CID003355,CID003536,Brother
REL004218,CID003240,CID003879,Same Vehicle
REL004219,CID006931,CID001743,Business Partner
REL004220,CID009954,CID008909,Business Partner
REL004221,CID001539,CID000719,Money Transfer
REL004222,CID004215,CID004653,Friend
REL004223,CID001790,CID008651,Associate
REL004224,CID001833,CID004890,Gang Member
REL004225,CID001159,CID009283,Associate
REL004226,CID002763,CID001304,Same Phone
REL004227,CID002534,CID008410,Brother
REL004228,CID000834,CID004388,Same Phone
REL004229,CID008559,CID006778,Friend
REL004230,CID006981,CID007978,Same Phone
REL004231,CID001658,CID001212,Associate
REL004232,CID007650,CID001178,Same Vehicle
REL004233,CID004485,CID003004,Business Partner
REL004234,CID004051,CID006029,Same Bank Account
REL004235,CID002088,CID001753,Business Partner
REL004236,CID002254,CID009408,Business Partner
REL004237,CID001771,CID001584,Money Transfer
REL004238,CID002783,CID004942,Business Partner
REL004239,CID003814,CID003917,Brother
REL004240,CID009015,CID000325,Same Vehicle
REL004241,CID005605,CID009596,Associate
REL004242,CID008000,CID002798,Brother
REL004243,CID008442,CID007640,Business Partner
REL004244,CID008150,CID006448,Same Bank Account
REL004245,CID005497,CID006889,Associate
REL004246,CID000909,CID006395,Same Vehicle
REL004247,CID004773,CID009348,Gang Member
REL004248,CID008807,CID001297,Same Phone
REL004249,CID005868,CID009462,Brother
REL004250,CID000596,CID005402,Same Vehicle
REL004251,CID004557,CID003035,Same Phone
REL004252,CID004644,CID000503,Money Transfer
REL004253,CID002013,CID007277,Same Phone
REL004254,CID000156,CID007789,Friend
REL004255,CID006272,CID009884,Business Partner
REL004256,CID006369,CID005402,Same Phone
REL004257,CID001439,CID005836,Business Partner
REL004258,CID003709,CID005135,Same Bank Account
REL004259,CID003786,CID005498,Same Phone
REL004260,CID002001,CID002930,Associate
REL004261,CID002492,CID001091,Brother
REL004262,CID007191,CID007481,Money Transfer
REL004263,CID006305,CID002260,Brother
REL004264,CID004428,CID008869,Business Partner
REL004265,CID006127,CID002128,Business Partner
REL004266,CID006559,CID002262,Same Bank Account
REL004267,CID001362,CID006350,Friend
REL004268,CID000703,CID006082,Same Vehicle
REL004269,CID009864,CID007343,Same Vehicle
REL004270,CID005343,CID008069,Same Vehicle
REL004271,CID001336,CID000504,Same Phone
REL004272,CID004128,CID003713,Business Partner
REL004273,CID005396,CID004883,Gang Member
REL004274,CID009672,CID006676,Friend
REL004275,CID003433,CID009812,Associate
REL004276,CID008997,CID008037,Friend
REL004277,CID003223,CID008228,Associate
REL004278,CID003972,CID003450,Business Partner
REL004279,CID006226,CID002117,Same Vehicle
REL004280,CID002430,CID002317,Brother
REL004281,CID002534,CID009841,Same Phone
REL004282,CID001544,CID006428,Same Phone
REL004283,CID002060,CID004493,Associate
REL004284,CID008563,CID002072,Friend
REL004285,CID004227,CID004413,Gang Member
REL004286,CID001817,CID003890,Gang Member
REL004287,CID009023,CID006765,Same Phone
REL004288,CID008737,CID009131,Same Phone
REL004289,CID004302,CID009940,Money Transfer
REL004290,CID008504,CID002876,Friend
REL004291,CID002412,CID002763,Associate
REL004292,CID004566,CID009653,Same Phone
REL004293,CID008500,CID005078,Gang Member
REL004294,CID001354,CID000644,Gang Member
REL004295,CID002063,CID007900,Gang Member
REL004296,CID004232,CID008846,Money Transfer
REL004297,CID000812,CID009794,Same Phone
REL004298,CID000304,CID006627,Money Transfer
REL004299,CID004851,CID008215,Same Phone
REL004300,CID008854,CID005173,Associate
REL004301,CID007259,CID000148,Gang Member
REL004302,CID000497,CID006671,Same Phone
REL004303,CID000367,CID005543,Same Phone
REL004304,CID002146,CID003731,Brother
REL004305,CID008161,CID005005,Brother
REL004306,CID004003,CID002061,Brother
REL004307,CID005726,CID007294,Same Phone
REL004308,CID003452,CID001246,Same Bank Account
REL004309,CID008912,CID000267,Gang Member
REL004310,CID000297,CID008504,Same Vehicle
REL004311,CID000743,CID003969,Associate
REL004312,CID009911,CID000451,Same Vehicle
REL004313,CID007076,CID001290,Same Phone
REL004314,CID003267,CID002995,Same Vehicle
REL004315,CID004626,CID002947,Money Transfer
REL004316,CID000455,CID002487,Same Phone
REL004317,CID005894,CID003386,Associate
REL004318,CID004235,CID009852,Same Phone
REL004319,CID001029,CID006385,Associate
REL004320,CID000640,CID006755,Money Transfer
REL004321,CID001846,CID001714,Same Phone
REL004322,CID005297,CID009940,Same Phone
REL004323,CID001633,CID003730,Friend
REL004324,CID004941,CID003080,Business Partner
REL004325,CID006080,CID003047,Brother
REL004326,CID006116,CID001275,Gang Member
REL004327,CID001417,CID006398,Associate
REL004328,CID007225,CID002919,Same Vehicle
REL004329,CID007314,CID003043,Brother
REL004330,CID004894,CID002376,Associate
REL004331,CID006031,CID000059,Gang Member
REL004332,CID003028,CID001411,Friend
REL004333,CID007909,CID006183,Money Transfer
REL004334,CID000030,CID000054,Gang Member
REL004335,CID004418,CID000489,Gang Member
REL004336,CID005522,CID005340,Gang Member
REL004337,CID007637,CID005777,Brother
REL004338,CID002163,CID008329,Brother
REL004339,CID004497,CID006306,Associate
REL004340,CID008400,CID004374,Same Bank Account
REL004341,CID004454,CID007287,Friend
REL004342,CID002520,CID006365,Money Transfer
REL004343,CID007737,CID009440,Business Partner
REL004344,CID006105,CID002983,Brother
REL004345,CID008817,CID004072,Same Vehicle
REL004346,CID008025,CID006118,Associate
REL004347,CID002307,CID007827,Brother
REL004348,CID009291,CID006657,Associate
REL004349,CID001224,CID005961,Money Transfer
REL004350,CID006623,CID008014,Gang Member
REL004351,CID005567,CID001144,Same Bank Account
REL004352,CID008459,CID006110,Gang Member
REL004353,CID002789,CID004801,Associate
REL004354,CID004410,CID000252,Associate
REL004355,CID008756,CID006575,Money Transfer
REL004356,CID008688,CID008696,Gang Member
REL004357,CID009622,CID003346,Same Vehicle
REL004358,CID009275,CID006006,Gang Member
REL004359,CID004002,CID001382,Associate
REL004360,CID005819,CID004635,Associate
REL004361,CID007626,CID008466,Same Vehicle
REL004362,CID002009,CID001437,Associate
REL004363,CID002443,CID004712,Gang Member
REL004364,CID006297,CID002323,Brother
REL004365,CID006841,CID007024,Same Vehicle
REL004366,CID000435,CID006330,Business Partner
REL004367,CID002553,CID008288,Same Phone
REL004368,CID005155,CID007232,Associate
REL004369,CID009889,CID002729,Same Vehicle
REL004370,CID003805,CID003766,Money Transfer
REL004371,CID008570,CID007353,Gang Member
REL004372,CID004708,CID000378,Brother
REL004373,CID009928,CID009108,Associate
REL004374,CID006779,CID006302,Money Transfer
REL004375,CID007227,CID005517,Same Vehicle
REL004376,CID006397,CID009810,Gang Member
REL004377,CID007586,CID004797,Business Partner
REL004378,CID009923,CID002300,Business Partner
REL004379,CID006435,CID000651,Same Vehicle
REL004380,CID000278,CID003304,Money Transfer
REL004381,CID005454,CID002035,Associate
REL004382,CID006862,CID001124,Gang Member
REL004383,CID000803,CID002792,Money Transfer
REL004384,CID001654,CID000290,Associate
REL004385,CID008190,CID005869,Friend
REL004386,CID006165,CID006349,Money Transfer
REL004387,CID003633,CID003931,Business Partner
REL004388,CID000870,CID003898,Same Bank Account
REL004389,CID009559,CID004256,Same Bank Account
REL004390,CID004715,CID007912,Associate
REL004391,CID000733,CID000797,Same Vehicle
REL004392,CID000579,CID000243,Same Vehicle
REL004393,CID001690,CID002141,Same Phone
REL004394,CID000533,CID003115,Same Phone
REL004395,CID005622,CID008469,Money Transfer
REL004396,CID006392,CID004158,Brother
REL004397,CID006493,CID000042,Same Bank Account
REL004398,CID008706,CID005720,Gang Member
REL004399,CID003555,CID003404,Friend
REL004400,CID002065,CID002697,Same Vehicle
REL004401,CID000092,CID006067,Brother
REL004402,CID002503,CID007170,Same Vehicle
REL004403,CID007609,CID009849,Friend
REL004404,CID000750,CID005686,Money Transfer
REL004405,CID003058,CID000172,Brother
REL004406,CID005119,CID003300,Brother
REL004407,CID002778,CID000617,Business Partner
REL004408,CID008547,CID009697,Gang Member
REL004409,CID003727,CID005969,Friend
REL004410,CID007563,CID003444,Gang Member
REL004411,CID003985,CID009379,Same Vehicle
REL004412,CID003529,CID006184,Business Partner
REL004413,CID001249,CID008686,Gang Member
REL004414,CID005637,CID000799,Same Bank Account
REL004415,CID001531,CID007237,Same Phone
REL004416,CID006155,CID002588,Same Phone
REL004417,CID006705,CID000865,Friend
REL004418,CID006649,CID000662,Brother
REL004419,CID000483,CID005191,Gang Member
REL004420,CID007327,CID002048,Gang Member
REL004421,CID006966,CID007237,Business Partner
REL004422,CID004871,CID008775,Associate
REL004423,CID008294,CID001597,Friend
REL004424,CID003453,CID006842,Business Partner
REL004425,CID000077,CID006275,Same Vehicle
REL004426,CID009669,CID008069,Associate
REL004427,CID001290,CID000032,Gang Member
REL004428,CID008221,CID002641,Money Transfer
REL004429,CID002998,CID001044,Gang Member
REL004430,CID005488,CID000560,Business Partner
REL004431,CID007818,CID000922,Money Transfer
REL004432,CID001493,CID004019,Brother
REL004433,CID006586,CID009917,Brother
REL004434,CID000386,CID000867,Business Partner
REL004435,CID006978,CID004177,Gang Member
REL004436,CID001720,CID008980,Money Transfer
REL004437,CID009178,CID003286,Gang Member
REL004438,CID007004,CID008145,Money Transfer
REL004439,CID008730,CID006265,Gang Member
REL004440,CID009361,CID003402,Brother
REL004441,CID003320,CID005220,Same Vehicle
REL004442,CID001172,CID005480,Friend
REL004443,CID007128,CID009184,Associate
REL004444,CID006482,CID007759,Same Vehicle
REL004445,CID006282,CID000412,Gang Member
REL004446,CID003241,CID008376,Associate
REL004447,CID006693,CID005785,Associate
REL004448,CID007445,CID003904,Money Transfer
REL004449,CID008436,CID009177,Money Transfer
REL004450,CID004520,CID001350,Friend
REL004451,CID001670,CID005263,Same Bank Account
REL004452,CID003987,CID007504,Friend
REL004453,CID000138,CID002826,Same Phone
REL004454,CID000227,CID006833,Gang Member
REL004455,CID009413,CID005609,Friend
REL004456,CID002795,CID007186,Gang Member
REL004457,CID006433,CID005333,Same Phone
REL004458,CID005674,CID003683,Same Bank Account
REL004459,CID001945,CID007133,Gang Member
REL004460,CID007942,CID000173,Business Partner
REL004461,CID007664,CID008340,Friend
REL004462,CID005770,CID007108,Same Bank Account
REL004463,CID009572,CID005732,Brother
REL004464,CID000209,CID006768,Business Partner
REL004465,CID000501,CID002651,Same Vehicle
REL004466,CID007372,CID003453,Money Transfer
REL004467,CID002750,CID009841,Associate
REL004468,CID009754,CID001993,Same Bank Account
REL004469,CID008204,CID000017,Business Partner
REL004470,CID002996,CID001326,Friend
REL004471,CID006292,CID009679,Friend
REL004472,CID006451,CID000083,Business Partner
REL004473,CID005638,CID007645,Money Transfer
REL004474,CID002525,CID006497,Brother
REL004475,CID003889,CID006805,Same Vehicle
REL004476,CID008233,CID006563,Business Partner
REL004477,CID009447,CID005640,Business Partner
REL004478,CID001481,CID006515,Business Partner
REL004479,CID006097,CID001734,Friend
REL004480,CID003581,CID008429,Same Bank Account
REL004481,CID001585,CID009242,Same Vehicle
REL004482,CID007521,CID001509,Friend
REL004483,CID002893,CID001863,Brother
REL004484,CID007269,CID009407,Business Partner
REL004485,CID005863,CID001068,Brother
REL004486,CID009198,CID009634,Friend
REL004487,CID005605,CID002275,Business Partner
REL004488,CID002734,CID008894,Business Partner
REL004489,CID007827,CID001859,Money Transfer
REL004490,CID002271,CID005757,Same Phone
REL004491,CID007846,CID007545,Money Transfer
REL004492,CID003777,CID008337,Brother
REL004493,CID003528,CID003557,Same Bank Account
REL004494,CID006976,CID006775,Money Transfer
REL004495,CID008356,CID000239,Same Bank Account
REL004496,CID006156,CID005848,Gang Member
REL004497,CID006788,CID009669,Gang Member
REL004498,CID003158,CID009042,Business Partner
REL004499,CID008092,CID002111,Gang Member
REL004500,CID007841,CID004152,Business Partner
REL004501,CID009214,CID000837,Money Transfer
REL004502,CID008992,CID001993,Gang Member
REL004503,CID000264,CID000157,Gang Member
REL004504,CID005674,CID004140,Business Partner
REL004505,CID009180,CID007766,Money Transfer
REL004506,CID006884,CID004244,Same Bank Account
REL004507,CID008589,CID005312,Same Vehicle
REL004508,CID001088,CID006492,Business Partner
REL004509,CID009530,CID008889,Friend
REL004510,CID005830,CID009235,Same Bank Account
REL004511,CID008929,CID000938,Associate
REL004512,CID008253,CID001294,Business Partner
REL004513,CID008227,CID004065,Associate
REL004514,CID005428,CID005360,Same Vehicle
REL004515,CID002122,CID007262,Business Partner
REL004516,CID006619,CID001004,Business Partner
REL004517,CID006437,CID001585,Friend
REL004518,CID009514,CID005128,Same Phone
REL004519,CID002852,CID002187,Associate
REL004520,CID005862,CID006965,Same Bank Account
REL004521,CID005542,CID001347,Business Partner
REL004522,CID006099,CID003737,Same Phone
REL004523,CID002935,CID008557,Business Partner
REL004524,CID005461,CID005192,Same Phone
REL004525,CID000460,CID004405,Friend
REL004526,CID003855,CID009485,Gang Member
REL004527,CID005205,CID008740,Money Transfer
REL004528,CID000055,CID003769,Friend
REL004529,CID008275,CID009273,Associate
REL004530,CID002776,CID002396,Same Vehicle
REL004531,CID008717,CID009336,Same Phone
REL004532,CID008367,CID003514,Business Partner
REL004533,CID000422,CID006857,Business Partner
REL004534,CID000304,CID008865,Gang Member
REL004535,CID008567,CID007506,Brother
REL004536,CID007515,CID006448,Friend
REL004537,CID000501,CID000573,Gang Member
REL004538,CID009018,CID001481,Friend
REL004539,CID007611,CID003785,Friend
REL004540,CID005676,CID004987,Business Partner
REL004541,CID002039,CID003515,Business Partner
REL004542,CID002910,CID002281,Same Bank Account
REL004543,CID003921,CID004683,Same Vehicle
REL004544,CID004276,CID006793,Brother
REL004545,CID004839,CID006769,Same Vehicle
REL004546,CID008624,CID002434,Same Vehicle
REL004547,CID005538,CID008802,Brother
REL004548,CID000033,CID003585,Gang Member
REL004549,CID001492,CID006235,Associate
REL004550,CID000580,CID008663,Same Vehicle
REL004551,CID003888,CID006870,Same Vehicle
REL004552,CID005315,CID002167,Same Bank Account
REL004553,CID008267,CID001570,Brother
REL004554,CID008044,CID005008,Money Transfer
REL004555,CID005233,CID009037,Same Phone
REL004556,CID001029,CID003180,Friend
REL004557,CID009707,CID000407,Money Transfer
REL004558,CID008036,CID009198,Associate
REL004559,CID000951,CID001924,Friend
REL004560,CID006758,CID000716,Brother
REL004561,CID002810,CID005536,Money Transfer
REL004562,CID001563,CID000495,Business Partner
REL004563,CID007394,CID002794,Gang Member
REL004564,CID003029,CID003017,Brother
REL004565,CID004783,CID008464,Friend
REL004566,CID001507,CID006806,Brother
REL004567,CID005089,CID006936,Friend
REL004568,CID002080,CID007877,Business Partner
REL004569,CID007154,CID007656,Same Vehicle
REL004570,CID007042,CID000238,Money Transfer
REL004571,CID007656,CID002756,Associate
REL004572,CID008512,CID000067,Same Vehicle
REL004573,CID003461,CID002658,Friend
REL004574,CID005413,CID003585,Same Bank Account
REL004575,CID001293,CID009225,Same Phone
REL004576,CID001166,CID002813,Associate
REL004577,CID002818,CID008437,Same Vehicle
REL004578,CID001826,CID009961,Gang Member
REL004579,CID007600,CID003025,Friend
REL004580,CID004425,CID004306,Associate
REL004581,CID007096,CID003134,Money Transfer
REL004582,CID000859,CID002040,Business Partner
REL004583,CID007007,CID003153,Money Transfer
REL004584,CID005325,CID005126,Same Vehicle
REL004585,CID002312,CID000715,Same Phone
REL004586,CID000194,CID006091,Brother
REL004587,CID009226,CID004168,Business Partner
REL004588,CID003593,CID009460,Same Phone
REL004589,CID006825,CID001875,Business Partner
REL004590,CID007636,CID007444,Associate
REL004591,CID007088,CID009877,Same Vehicle
REL004592,CID003701,CID008900,Brother
REL004593,CID003765,CID000603,Brother
REL004594,CID001361,CID008138,Business Partner
REL004595,CID001505,CID001598,Same Bank Account
REL004596,CID000202,CID009731,Gang Member
REL004597,CID008531,CID001718,Business Partner
REL004598,CID006900,CID004755,Brother
REL004599,CID002489,CID005095,Associate
REL004600,CID002533,CID008715,Associate
REL004601,CID005494,CID006306,Money Transfer
REL004602,CID007125,CID007346,Gang Member
REL004603,CID009315,CID008952,Money Transfer
REL004604,CID009685,CID006578,Same Bank Account
REL004605,CID000321,CID008255,Friend
REL004606,CID000810,CID008767,Business Partner
REL004607,CID009172,CID008828,Associate
REL004608,CID008121,CID006930,Business Partner
REL004609,CID003732,CID002681,Money Transfer
REL004610,CID004510,CID001638,Associate
REL004611,CID001592,CID009799,Brother
REL004612,CID006412,CID002428,Friend
REL004613,CID009328,CID007435,Business Partner
REL004614,CID008852,CID001920,Gang Member
REL004615,CID003712,CID001214,Same Vehicle
REL004616,CID000941,CID006900,Friend
REL004617,CID009519,CID006969,Gang Member
REL004618,CID006622,CID000781,Brother
REL004619,CID005759,CID001523,Same Vehicle
REL004620,CID004640,CID007941,Same Phone
REL004621,CID000614,CID007691,Same Vehicle
REL004622,CID000433,CID003772,Brother
REL004623,CID008083,CID008267,Business Partner
REL004624,CID006524,CID008401,Same Vehicle
REL004625,CID004687,CID005656,Same Vehicle
REL004626,CID006044,CID004605,Money Transfer
REL004627,CID003434,CID008159,Friend
REL004628,CID001221,CID001073,Money Transfer
REL004629,CID007276,CID005648,Brother
REL004630,CID002959,CID002858,Business Partner
REL004631,CID000644,CID002715,Same Phone
REL004632,CID007165,CID002796,Money Transfer
REL004633,CID006178,CID007347,Money Transfer
REL004634,CID007571,CID000596,Gang Member
REL004635,CID000218,CID005328,Gang Member
REL004636,CID007246,CID007660,Brother
REL004637,CID000153,CID005976,Gang Member
REL004638,CID001098,CID005849,Same Bank Account
REL004639,CID004633,CID004397,Business Partner
REL004640,CID004121,CID004573,Same Bank Account
REL004641,CID001545,CID001799,Brother
REL004642,CID008835,CID000494,Gang Member
REL004643,CID000843,CID002733,Business Partner
REL004644,CID004118,CID000732,Business Partner
REL004645,CID000592,CID004206,Brother
REL004646,CID006862,CID007865,Same Bank Account
REL004647,CID000546,CID002961,Same Bank Account
REL004648,CID000132,CID006018,Same Vehicle
REL004649,CID002562,CID007892,Friend
REL004650,CID000251,CID009113,Friend
REL004651,CID007976,CID005607,Money Transfer
REL004652,CID003039,CID008127,Friend
REL004653,CID006881,CID001392,Friend
REL004654,CID002063,CID006893,Money Transfer
REL004655,CID001194,CID004678,Same Bank Account
REL004656,CID000098,CID002653,Same Phone
REL004657,CID003078,CID000903,Same Bank Account
REL004658,CID003079,CID009754,Same Phone
REL004659,CID000803,CID003411,Same Phone
REL004660,CID005549,CID007900,Same Vehicle
REL004661,CID000696,CID005852,Business Partner
REL004662,CID008534,CID001911,Money Transfer
REL004663,CID009191,CID008398,Gang Member
REL004664,CID008110,CID004777,Same Vehicle
REL004665,CID004849,CID003722,Money Transfer
REL004666,CID005385,CID002477,Same Vehicle
REL004667,CID004788,CID000281,Money Transfer
REL004668,CID006534,CID006964,Friend
REL004669,CID007272,CID002980,Gang Member
REL004670,CID009648,CID002452,Brother
REL004671,CID000269,CID008256,Gang Member
REL004672,CID000884,CID004137,Business Partner
REL004673,CID007060,CID007085,Money Transfer
REL004674,CID001671,CID009816,Money Transfer
REL004675,CID009851,CID008012,Same Phone
REL004676,CID006649,CID007425,Money Transfer
REL004677,CID006342,CID007550,Gang Member
REL004678,CID002686,CID006273,Same Bank Account
REL004679,CID008443,CID007953,Business Partner
REL004680,CID006717,CID000196,Friend
REL004681,CID000868,CID009708,Money Transfer
REL004682,CID004455,CID002375,Same Phone
REL004683,CID007613,CID004854,Gang Member
REL004684,CID002411,CID009378,Same Phone
REL004685,CID006647,CID008118,Same Bank Account
REL004686,CID008910,CID003046,Gang Member
REL004687,CID006246,CID004582,Same Phone
REL004688,CID009576,CID003130,Friend
REL004689,CID009911,CID006033,Same Phone
REL004690,CID008360,CID007143,Brother
REL004691,CID006360,CID009483,Same Phone
REL004692,CID007837,CID006487,Friend
REL004693,CID004325,CID004017,Gang Member
REL004694,CID005701,CID003989,Money Transfer
REL004695,CID003609,CID005048,Business Partner
REL004696,CID004125,CID003344,Associate
REL004697,CID007105,CID009775,Same Vehicle
REL004698,CID002767,CID000491,Same Vehicle
REL004699,CID009015,CID004201,Same Bank Account
REL004700,CID006286,CID006205,Money Transfer
REL004701,CID000866,CID007643,Brother
REL004702,CID000396,CID005507,Associate
REL004703,CID001296,CID001753,Same Bank Account
REL004704,CID006380,CID008108,Business Partner
REL004705,CID006884,CID009748,Associate
REL004706,CID003696,CID005284,Same Vehicle
REL004707,CID001604,CID007362,Same Vehicle
REL004708,CID004833,CID006778,Friend
REL004709,CID003222,CID005333,Same Vehicle
REL004710,CID009703,CID004917,Money Transfer
REL004711,CID002366,CID003604,Same Vehicle
REL004712,CID009869,CID008018,Associate
REL004713,CID006763,CID002276,Gang Member
REL004714,CID000195,CID001522,Money Transfer
REL004715,CID000984,CID007185,Business Partner
REL004716,CID002859,CID008808,Same Vehicle
REL004717,CID006359,CID003966,Gang Member
REL004718,CID004735,CID001633,Money Transfer
REL004719,CID003390,CID004940,Same Vehicle
REL004720,CID008587,CID009153,Associate
REL004721,CID003028,CID006026,Gang Member
REL004722,CID000144,CID000012,Same Vehicle
REL004723,CID008386,CID006166,Brother
REL004724,CID009941,CID000660,Associate
REL004725,CID005532,CID008049,Friend
REL004726,CID007435,CID009678,Gang Member
REL004727,CID006690,CID005564,Business Partner
REL004728,CID006923,CID007048,Gang Member
REL004729,CID004832,CID009070,Brother
REL004730,CID005228,CID003436,Money Transfer
REL004731,CID006147,CID004932,Money Transfer
REL004732,CID009333,CID007016,Same Phone
REL004733,CID007469,CID002201,Associate
REL004734,CID002551,CID002381,Same Phone
REL004735,CID000073,CID009207,Money Transfer
REL004736,CID001139,CID009417,Money Transfer
REL004737,CID006894,CID004851,Same Vehicle
REL004738,CID009032,CID008688,Business Partner
REL004739,CID003747,CID004438,Business Partner
REL004740,CID002392,CID002155,Business Partner
REL004741,CID000850,CID009473,Business Partner
REL004742,CID006465,CID009715,Business Partner
REL004743,CID009558,CID001884,Money Transfer
REL004744,CID008101,CID006041,Same Vehicle
REL004745,CID008972,CID002789,Associate
REL004746,CID007391,CID008416,Money Transfer
REL004747,CID002011,CID000392,Same Phone
REL004748,CID007981,CID000619,Gang Member
REL004749,CID001561,CID009194,Friend
REL004750,CID008463,CID001871,Friend
REL004751,CID003198,CID008230,Same Vehicle
REL004752,CID006873,CID008137,Business Partner
REL004753,CID007513,CID003953,Same Bank Account
REL004754,CID005070,CID003359,Business Partner
REL004755,CID004479,CID004033,Gang Member
REL004756,CID005270,CID003606,Business Partner
REL004757,CID008828,CID007399,Same Phone
REL004758,CID001518,CID009442,Same Phone
REL004759,CID004289,CID008542,Brother
REL004760,CID000837,CID007646,Gang Member
REL004761,CID000470,CID002112,Business Partner
REL004762,CID006089,CID006144,Business Partner
REL004763,CID004579,CID009694,Same Bank Account
REL004764,CID009375,CID009637,Same Vehicle
REL004765,CID007058,CID008887,Business Partner
REL004766,CID006980,CID007270,Same Bank Account
REL004767,CID003345,CID008890,Same Phone
REL004768,CID000725,CID005252,Same Phone
REL004769,CID002304,CID005393,Business Partner
REL004770,CID006800,CID007783,Same Phone
REL004771,CID004618,CID002933,Same Bank Account
REL004772,CID008750,CID002606,Associate
REL004773,CID004510,CID000862,Same Phone
REL004774,CID000960,CID008167,Friend
REL004775,CID001480,CID001119,Same Bank Account
REL004776,CID005360,CID003756,Same Phone
REL004777,CID002211,CID006687,Same Phone
REL004778,CID004972,CID008929,Gang Member
REL004779,CID009892,CID008276,Brother
REL004780,CID002422,CID000971,Friend
REL004781,CID007801,CID000996,Same Vehicle
REL004782,CID009517,CID005878,Business Partner
REL004783,CID007954,CID002326,Friend
REL004784,CID007086,CID009107,Money Transfer
REL004785,CID003170,CID007883,Money Transfer
REL004786,CID009183,CID000413,Business Partner
REL004787,CID006429,CID009256,Business Partner
REL004788,CID002675,CID000602,Money Transfer
REL004789,CID002665,CID004224,Same Vehicle
REL004790,CID008819,CID009237,Brother
REL004791,CID008367,CID007638,Brother
REL004792,CID004126,CID002816,Money Transfer
REL004793,CID009858,CID003537,Associate
REL004794,CID002688,CID008835,Same Vehicle
REL004795,CID009407,CID001782,Gang Member
REL004796,CID006059,CID006778,Business Partner
REL004797,CID006466,CID002439,Gang Member
REL004798,CID001743,CID004190,Same Vehicle
REL004799,CID000485,CID002792,Brother
REL004800,CID007806,CID000878,Same Vehicle
REL004801,CID007791,CID003664,Associate
REL004802,CID002077,CID004783,Gang Member
REL004803,CID008245,CID007748,Brother
REL004804,CID009710,CID008629,Brother
REL004805,CID009529,CID001264,Same Phone
REL004806,CID004708,CID003847,Same Vehicle
REL004807,CID005894,CID006679,Brother
REL004808,CID000811,CID004337,Business Partner
REL004809,CID006154,CID009539,Same Phone
REL004810,CID002536,CID005793,Business Partner
REL004811,CID006790,CID000960,Friend
REL004812,CID000174,CID003509,Money Transfer
REL004813,CID007677,CID005784,Business Partner
REL004814,CID009643,CID001907,Associate
REL004815,CID003314,CID007268,Same Vehicle
REL004816,CID006565,CID003691,Business Partner
REL004817,CID007939,CID008944,Same Vehicle
REL004818,CID007350,CID005330,Associate
REL004819,CID009939,CID006252,Same Bank Account
REL004820,CID007675,CID002290,Brother
REL004821,CID007756,CID007723,Money Transfer
REL004822,CID002797,CID009351,Business Partner
REL004823,CID006809,CID005616,Gang Member
REL004824,CID001069,CID001851,Gang Member
REL004825,CID000855,CID000566,Same Vehicle
REL004826,CID009073,CID006690,Gang Member
REL004827,CID004947,CID000436,Money Transfer
REL004828,CID002090,CID009596,Money Transfer
REL004829,CID006233,CID008537,Gang Member
REL004830,CID005040,CID009398,Associate
REL004831,CID007546,CID006918,Same Vehicle
REL004832,CID004140,CID001283,Same Phone
REL004833,CID009664,CID007083,Gang Member
REL004834,CID007551,CID005548,Business Partner
REL004835,CID000954,CID007853,Brother
REL004836,CID008665,CID006915,Gang Member
REL004837,CID002863,CID003321,Business Partner
REL004838,CID003293,CID006146,Business Partner
REL004839,CID002037,CID004525,Same Phone
REL004840,CID001858,CID006616,Money Transfer
REL004841,CID008874,CID007046,Same Bank Account
REL004842,CID009759,CID007217,Same Phone
REL004843,CID001027,CID006950,Same Bank Account
REL004844,CID009357,CID007393,Business Partner
REL004845,CID001388,CID001217,Brother
REL004846,CID005837,CID001818,Same Phone
REL004847,CID005971,CID009246,Brother
REL004848,CID007940,CID004541,Brother
REL004849,CID007718,CID005735,Associate
REL004850,CID005140,CID000417,Gang Member
REL004851,CID000864,CID006239,Gang Member
REL004852,CID005745,CID001197,Same Phone
REL004853,CID002551,CID002898,Same Bank Account
REL004854,CID008076,CID008260,Brother
REL004855,CID006746,CID007503,Same Bank Account
REL004856,CID001211,CID006028,Same Phone
REL004857,CID007912,CID004032,Brother
REL004858,CID003325,CID003385,Associate
REL004859,CID001181,CID009936,Friend
REL004860,CID008676,CID002889,Associate
REL004861,CID007011,CID008645,Gang Member
REL004862,CID006377,CID009066,Same Vehicle
REL004863,CID009042,CID005674,Same Vehicle
REL004864,CID008165,CID006554,Same Vehicle
REL004865,CID004088,CID005306,Brother
REL004866,CID008150,CID002333,Money Transfer
REL004867,CID003122,CID008022,Friend
REL004868,CID002941,CID008602,Brother
REL004869,CID005630,CID002720,Same Vehicle
REL004870,CID004471,CID005039,Friend
REL004871,CID007944,CID005564,Business Partner
REL004872,CID007935,CID007708,Gang Member
REL004873,CID005879,CID005806,Gang Member
REL004874,CID004383,CID008766,Business Partner
REL004875,CID005776,CID000313,Friend
REL004876,CID003390,CID001183,Business Partner
REL004877,CID002376,CID004354,Gang Member
REL004878,CID005978,CID006996,Friend
REL004879,CID008009,CID008761,Gang Member
REL004880,CID004011,CID004223,Same Vehicle
REL004881,CID003396,CID009336,Same Phone
REL004882,CID003290,CID009382,Associate
REL004883,CID002459,CID007581,Same Bank Account
REL004884,CID002197,CID000095,Brother
REL004885,CID003313,CID007225,Same Bank Account
REL004886,CID001441,CID006532,Same Phone
REL004887,CID001673,CID004695,Same Bank Account
REL004888,CID001398,CID006444,Gang Member
REL004889,CID003724,CID007386,Business Partner
REL004890,CID000325,CID009097,Gang Member
REL004891,CID003146,CID009873,Associate
REL004892,CID006110,CID000728,Gang Member
REL004893,CID003174,CID003030,Friend
REL004894,CID004200,CID004836,Money Transfer
REL004895,CID005017,CID008842,Business Partner
REL004896,CID007412,CID006212,Associate
REL004897,CID005084,CID002477,Associate
REL004898,CID007794,CID002432,Business Partner
REL004899,CID005303,CID001366,Same Phone
REL004900,CID002635,CID004471,Associate
REL004901,CID009959,CID000090,Same Vehicle
REL004902,CID006524,CID003726,Associate
REL004903,CID009826,CID007163,Friend
REL004904,CID007032,CID003055,Gang Member
REL004905,CID001990,CID005024,Associate
REL004906,CID007495,CID004630,Gang Member
REL004907,CID004964,CID005245,Same Bank Account
REL004908,CID006758,CID006599,Gang Member
REL004909,CID006651,CID003678,Same Bank Account
REL004910,CID009760,CID004472,Associate
REL004911,CID007571,CID006442,Friend
REL004912,CID005784,CID003784,Brother
REL004913,CID008575,CID007068,Brother
REL004914,CID007506,CID001248,Same Vehicle
REL004915,CID001520,CID001376,Business Partner
REL004916,CID009086,CID001367,Same Vehicle
REL004917,CID006287,CID006108,Gang Member
REL004918,CID003635,CID007517,Same Vehicle
REL004919,CID007833,CID005219,Gang Member
REL004920,CID004305,CID000805,Brother
REL004921,CID005786,CID006501,Same Bank Account
REL004922,CID002983,CID002279,Brother
REL004923,CID008350,CID006853,Same Phone
REL004924,CID007201,CID002089,Business Partner
REL004925,CID003714,CID004064,Gang Member
REL004926,CID003310,CID007378,Brother
REL004927,CID000151,CID005256,Same Bank Account
REL004928,CID006767,CID005111,Money Transfer
REL004929,CID008518,CID008085,Same Phone
REL004930,CID005593,CID003306,Same Phone
REL004931,CID004700,CID009724,Associate
REL004932,CID000752,CID006504,Same Bank Account
REL004933,CID005311,CID005341,Same Vehicle
REL004934,CID003011,CID002363,Same Bank Account
REL004935,CID004951,CID000181,Same Vehicle
REL004936,CID003691,CID005803,Same Phone
REL004937,CID007131,CID008540,Gang Member
REL004938,CID002151,CID000252,Same Phone
REL004939,CID002537,CID000792,Friend
REL004940,CID007966,CID004622,Money Transfer
REL004941,CID000206,CID007862,Business Partner
REL004942,CID001109,CID007726,Same Vehicle
REL004943,CID002943,CID003590,Brother
REL004944,CID001032,CID007907,Same Vehicle
REL004945,CID003766,CID003081,Associate
REL004946,CID003895,CID006027,Same Phone
REL004947,CID002844,CID000713,Friend
REL004948,CID007628,CID000791,Same Vehicle
REL004949,CID001077,CID007255,Same Phone
REL004950,CID001123,CID007756,Money Transfer
REL004951,CID002341,CID007681,Friend
REL004952,CID004610,CID005106,Friend
REL004953,CID008172,CID005332,Business Partner
REL004954,CID007907,CID004673,Same Vehicle
REL004955,CID007263,CID002394,Brother
REL004956,CID003394,CID008607,Brother
REL004957,CID004955,CID007360,Money Transfer
REL004958,CID001580,CID005595,Business Partner
REL004959,CID001212,CID008996,Gang Member
REL004960,CID004838,CID008131,Associate
REL004961,CID009359,CID006149,Associate
REL004962,CID004694,CID005849,Associate
REL004963,CID004024,CID009380,Friend
REL004964,CID009241,CID002779,Friend
REL004965,CID004515,CID002027,Same Bank Account
REL004966,CID000050,CID000585,Same Phone
REL004967,CID004467,CID003147,Same Phone
REL004968,CID002619,CID008341,Same Phone
REL004969,CID008318,CID003210,Friend
REL004970,CID006406,CID003372,Business Partner
REL004971,CID009716,CID006664,Friend
REL004972,CID001879,CID007387,Associate
REL004973,CID000088,CID001704,Same Bank Account
REL004974,CID008836,CID001946,Same Vehicle
REL004975,CID006817,CID007529,Same Bank Account
REL004976,CID007857,CID001157,Same Bank Account
REL004977,CID000339,CID000845,Same Phone
REL004978,CID009847,CID001930,Friend
REL004979,CID006479,CID008403,Brother
REL004980,CID003300,CID006278,Friend
REL004981,CID008557,CID002874,Same Phone
REL004982,CID002608,CID009724,Brother
REL004983,CID006660,CID009437,Associate
REL004984,CID008444,CID008890,Money Transfer
REL004985,CID006154,CID000066,Same Phone
REL004986,CID009095,CID007027,Money Transfer
REL004987,CID008033,CID002559,Brother
REL004988,CID001540,CID000610,Business Partner
REL004989,CID007951,CID009107,Business Partner
REL004990,CID009780,CID001238,Same Vehicle
REL004991,CID008483,CID009591,Associate
REL004992,CID009035,CID009475,Same Vehicle
REL004993,CID008517,CID003213,Brother
REL004994,CID001033,CID008126,Same Phone
REL004995,CID004424,CID004869,Money Transfer
REL004996,CID002169,CID007763,Money Transfer
REL004997,CID008125,CID001505,Friend
REL004998,CID007455,CID008993,Gang Member
REL004999,CID008431,CID008472,Associate
REL005000,CID004837,CID005560,Friend
