account_id,citizen_id,bank_name,account_number,ifsc
ACC000001,CID000002,SBI,987548145159,SBIN701555
ACC000002,CID000003,SBI,152638785384,SBIN221606
ACC000003,CID000004,Canara Bank,514276245677,SBIN223748
ACC000004,CID000005,HDFC Bank,565119687743,SBIN268091
ACC000005,CID000006,HDFC Bank,181217496702,SBIN544918
ACC000006,CID000007,HDFC Bank,959875740928,SBIN870899
ACC000007,CID000008,Union Bank,654279739294,SBIN318349
ACC000008,CID000009,Union Bank,157333072526,SBIN868563
ACC000009,CID000010,Union Bank,704138101872,SBIN314139
ACC000010,CID000013,Axis Bank,818136681053,SBIN582202
ACC000011,CID000015,Canara Bank,507561493762,SBIN977489
ACC000012,CID000016,Bank of Baroda,270515474156,SBIN915758
ACC000013,CID000017,Bank of Baroda,808019721178,SBIN459398
ACC000014,CID000019,Axis Bank,432060668236,SBIN584438
ACC000015,CID000020,Axis Bank,869472874834,SBIN910193
ACC000016,CID000021,ICICI Bank,778764305730,SBIN826594
ACC000017,CID000022,SBI,193063133977,SBIN260874
ACC000018,CID000023,Bank of Baroda,983332001797,SBIN600812
ACC000019,CID000026,ICICI Bank,458695261136,SBIN864766
ACC000020,CID000027,Bank of Baroda,519494757321,SBIN141488
ACC000021,CID000028,Axis Bank,589178474917,SBIN109735
ACC000022,CID000029,SBI,318454639467,SBIN688289
ACC000023,CID000031,Axis Bank,197290041407,SBIN111928
ACC000024,CID000032,SBI,786142766967,SBIN446985
ACC000025,CID000035,SBI,421009152501,SBIN109752
ACC000026,CID000036,Axis Bank,511758759824,SBIN141516
ACC000027,CID000037,Canara Bank,358426772243,SBIN580590
ACC000028,CID000038,Union Bank,243521099473,SBIN971269
ACC000029,CID000039,HDFC Bank,714064081910,SBIN465129
ACC000030,CID000040,HDFC Bank,751871378650,SBIN249681
ACC000031,CID000042,SBI,218708501570,SBIN150193
ACC000032,CID000043,ICICI Bank,565719365288,SBIN232625
ACC000033,CID000045,ICICI Bank,511478657747,SBIN607887
ACC000034,CID000046,Canara Bank,729522275344,SBIN203196
ACC000035,CID000047,Bank of Baroda,791752997462,SBIN809843
ACC000036,CID000048,HDFC Bank,810122072340,SBIN114565
ACC000037,CID000049,Bank of Baroda,859630297683,SBIN667366
ACC000038,CID000050,Axis Bank,974184460244,SBIN955185
ACC000039,CID000052,ICICI Bank,122729832390,SBIN768529
ACC000040,CID000053,HDFC Bank,875426979327,SBIN822286
ACC000041,CID000054,SBI,351541854175,SBIN865474
ACC000042,CID000056,ICICI Bank,314269589824,SBIN707120
ACC000043,CID000057,Axis Bank,152651108404,SBIN196998
ACC000044,CID000058,HDFC Bank,756178991934,SBIN935403
ACC000045,CID000060,Axis Bank,178796008804,SBIN841065
ACC000046,CID000061,Bank of Baroda,700621237712,SBIN171735
ACC000047,CID000062,Union Bank,785437058484,SBIN675097
ACC000048,CID000064,ICICI Bank,759667116856,SBIN198951
ACC000049,CID000065,Axis Bank,816418176305,SBIN255257
ACC000050,CID000066,Bank of Baroda,786775058486,SBIN497865
ACC000051,CID000068,SBI,436810379620,SBIN698264
ACC000052,CID000069,SBI,417562588645,SBIN259105
ACC000053,CID000070,ICICI Bank,172203537828,SBIN485268
ACC000054,CID000071,Union Bank,584090575007,SBIN577908
ACC000055,CID000072,ICICI Bank,522713838664,SBIN211070
ACC000056,CID000073,HDFC Bank,332729660928,SBIN986211
ACC000057,CID000075,HDFC Bank,727181746701,SBIN564163
ACC000058,CID000076,Canara Bank,399387442669,SBIN551357
ACC000059,CID000078,ICICI Bank,111989880404,SBIN430928
ACC000060,CID000079,SBI,700468305130,SBIN311157
ACC000061,CID000080,Axis Bank,520391909821,SBIN765683
ACC000062,CID000081,SBI,959473819107,SBIN412150
ACC000063,CID000082,SBI,866543246262,SBIN655533
ACC000064,CID000084,ICICI Bank,800898200487,SBIN355188
ACC000065,CID000085,Canara Bank,398858246630,SBIN422373
ACC000066,CID000086,ICICI Bank,570283241544,SBIN525352
ACC000067,CID000087,HDFC Bank,707245863062,SBIN233234
ACC000068,CID000088,SBI,402829816959,SBIN711482
ACC000069,CID000089,Union Bank,115708140442,SBIN106056
ACC000070,CID000090,ICICI Bank,744279808122,SBIN589086
ACC000071,CID000091,SBI,397467554579,SBIN909303
ACC000072,CID000092,Axis Bank,153372894562,SBIN629105
ACC000073,CID000093,Bank of Baroda,292800175255,SBIN724786
ACC000074,CID000094,HDFC Bank,710266063510,SBIN338016
ACC000075,CID000095,SBI,246162632241,SBIN184630
ACC000076,CID000096,SBI,775786848410,SBIN518825
ACC000077,CID000097,Union Bank,747231469125,SBIN352312
ACC000078,CID000098,Axis Bank,976351600248,SBIN559375
ACC000079,CID000099,Union Bank,347266614540,SBIN219760
ACC000080,CID000102,SBI,993136825048,SBIN547510
ACC000081,CID000103,Canara Bank,590760087709,SBIN415747
ACC000082,CID000104,Union Bank,184330467795,SBIN251419
ACC000083,CID000105,Axis Bank,297797537888,SBIN586630
ACC000084,CID000106,ICICI Bank,216064733392,SBIN657260
ACC000085,CID000107,Canara Bank,151971819422,SBIN976984
ACC000086,CID000108,Union Bank,997792508848,SBIN360619
ACC000087,CID000109,Axis Bank,475680352771,SBIN227550
ACC000088,CID000110,Axis Bank,287609979642,SBIN932356
ACC000089,CID000111,ICICI Bank,390357604792,SBIN271815
ACC000090,CID000112,SBI,250611144302,SBIN268948
ACC000091,CID000113,ICICI Bank,594976125676,SBIN300216
ACC000092,CID000114,Union Bank,737895240016,SBIN464578
ACC000093,CID000115,Bank of Baroda,396162528816,SBIN508292
ACC000094,CID000116,HDFC Bank,734424592817,SBIN170914
ACC000095,CID000117,Bank of Baroda,197015441384,SBIN137778
ACC000096,CID000118,SBI,188479790400,SBIN114709
ACC000097,CID000119,Union Bank,251927294417,SBIN581131
ACC000098,CID000120,Canara Bank,219928687956,SBIN168892
ACC000099,CID000123,Canara Bank,887438556634,SBIN919508
ACC000100,CID000125,Canara Bank,996268470632,SBIN572613
ACC000101,CID000126,SBI,863000945373,SBIN399874
ACC000102,CID000127,Axis Bank,288105781185,SBIN145058
ACC000103,CID000128,SBI,746794658308,SBIN143778
ACC000104,CID000129,Canara Bank,917793106059,SBIN755034
ACC000105,CID000130,SBI,800695133698,SBIN739051
ACC000106,CID000131,Canara Bank,944959137414,SBIN918297
ACC000107,CID000132,Union Bank,290598040584,SBIN635335
ACC000108,CID000134,Union Bank,965194106489,SBIN603757
ACC000109,CID000135,Bank of Baroda,929742819274,SBIN111443
ACC000110,CID000136,HDFC Bank,771835895291,SBIN218430
ACC000111,CID000137,Axis Bank,756350103362,SBIN177097
ACC000112,CID000138,Canara Bank,789546594965,SBIN166287
ACC000113,CID000139,Canara Bank,562702000968,SBIN398466
ACC000114,CID000140,Bank of Baroda,210487010601,SBIN951550
ACC000115,CID000141,HDFC Bank,590130620607,SBIN704289
ACC000116,CID000142,HDFC Bank,137182688517,SBIN226063
ACC000117,CID000143,Bank of Baroda,235207177098,SBIN998589
ACC000118,CID000144,SBI,825898970257,SBIN824506
ACC000119,CID000145,Axis Bank,233777674479,SBIN603613
ACC000120,CID000146,Axis Bank,878272820968,SBIN320174
ACC000121,CID000147,SBI,904432937498,SBIN328613
ACC000122,CID000148,ICICI Bank,843655262649,SBIN470638
ACC000123,CID000150,Canara Bank,196625564068,SBIN823847
ACC000124,CID000151,Axis Bank,772932640752,SBIN974578
ACC000125,CID000152,Union Bank,714251171616,SBIN589597
ACC000126,CID000153,HDFC Bank,232951944488,SBIN275461
ACC000127,CID000154,Bank of Baroda,981844374051,SBIN903174
ACC000128,CID000155,Bank of Baroda,647336458214,SBIN390304
ACC000129,CID000156,SBI,363981418615,SBIN193144
ACC000130,CID000158,Union Bank,974482911474,SBIN856419
ACC000131,CID000159,SBI,815967159178,SBIN402714
ACC000132,CID000160,Bank of Baroda,743021879390,SBIN108288
ACC000133,CID000161,HDFC Bank,579387671994,SBIN494082
ACC000134,CID000163,Union Bank,872567766020,SBIN351435
ACC000135,CID000165,HDFC Bank,915994206149,SBIN687954
ACC000136,CID000166,HDFC Bank,402306804472,SBIN406939
ACC000137,CID000167,Bank of Baroda,664872652821,SBIN359168
ACC000138,CID000169,Canara Bank,133562525964,SBIN777736
ACC000139,CID000170,Bank of Baroda,425416367939,SBIN655915
ACC000140,CID000171,SBI,650569133654,SBIN626388
ACC000141,CID000173,Canara Bank,274626186003,SBIN781265
ACC000142,CID000174,Canara Bank,366886771942,SBIN456000
ACC000143,CID000177,Canara Bank,363736013491,SBIN887978
ACC000144,CID000178,Axis Bank,827123031041,SBIN389993
ACC000145,CID000179,SBI,996361960804,SBIN432402
ACC000146,CID000180,Union Bank,257934209452,SBIN417664
ACC000147,CID000181,Axis Bank,991952482635,SBIN339181
ACC000148,CID000182,Union Bank,367137424575,SBIN577774
ACC000149,CID000183,ICICI Bank,524377396195,SBIN257131
ACC000150,CID000184,Union Bank,612128590636,SBIN564532
ACC000151,CID000185,Canara Bank,749717747169,SBIN572323
ACC000152,CID000186,HDFC Bank,350792198084,SBIN505393
ACC000153,CID000187,Union Bank,961698852850,SBIN718957
ACC000154,CID000188,ICICI Bank,952369437210,SBIN654843
ACC000155,CID000189,Axis Bank,191005025402,SBIN949609
ACC000156,CID000191,Union Bank,943553986540,SBIN178490
ACC000157,CID000192,Canara Bank,510204796638,SBIN615450
ACC000158,CID000193,Axis Bank,528641192903,SBIN532582
ACC000159,CID000194,Canara Bank,625934649011,SBIN884811
ACC000160,CID000195,Axis Bank,104303556179,SBIN663538
ACC000161,CID000196,Axis Bank,884385943014,SBIN198788
ACC000162,CID000197,Canara Bank,576239313839,SBIN543455
ACC000163,CID000198,Union Bank,359447719792,SBIN458119
ACC000164,CID000199,Canara Bank,277585924614,SBIN953300
ACC000165,CID000200,Canara Bank,849531382027,SBIN981345
ACC000166,CID000201,Bank of Baroda,989007442491,SBIN377848
ACC000167,CID000202,SBI,709751928791,SBIN400459
ACC000168,CID000203,HDFC Bank,920549321914,SBIN799634
ACC000169,CID000205,ICICI Bank,752236042325,SBIN607422
ACC000170,CID000206,ICICI Bank,708975383402,SBIN869732
ACC000171,CID000207,Canara Bank,545617251555,SBIN821754
ACC000172,CID000208,Union Bank,949681065840,SBIN905800
ACC000173,CID000209,Union Bank,555660765884,SBIN915449
ACC000174,CID000211,Union Bank,922920656737,SBIN264589
ACC000175,CID000212,Bank of Baroda,883526267834,SBIN617880
ACC000176,CID000213,Bank of Baroda,564616139783,SBIN577611
ACC000177,CID000215,SBI,145340775740,SBIN969258
ACC000178,CID000216,ICICI Bank,197728442621,SBIN229173
ACC000179,CID000217,Bank of Baroda,895827501893,SBIN786961
ACC000180,CID000218,Canara Bank,711419019660,SBIN604521
ACC000181,CID000219,SBI,357978724285,SBIN773390
ACC000182,CID000220,SBI,604408872674,SBIN372795
ACC000183,CID000221,Canara Bank,318088415810,SBIN396927
ACC000184,CID000223,Axis Bank,675045703040,SBIN800989
ACC000185,CID000224,Axis Bank,146061458207,SBIN663500
ACC000186,CID000225,HDFC Bank,910466339743,SBIN636374
ACC000187,CID000226,Axis Bank,383390947192,SBIN198194
ACC000188,CID000227,Bank of Baroda,553327419475,SBIN196960
ACC000189,CID000228,HDFC Bank,759525803101,SBIN741706
ACC000190,CID000229,Union Bank,526575241664,SBIN498536
ACC000191,CID000230,SBI,201801794689,SBIN973723
ACC000192,CID000232,ICICI Bank,938192935209,SBIN258892
ACC000193,CID000233,Canara Bank,943540264735,SBIN390376
ACC000194,CID000234,Bank of Baroda,676879316489,SBIN706173
ACC000195,CID000235,Union Bank,326750129634,SBIN813150
ACC000196,CID000236,SBI,217342306143,SBIN955118
ACC000197,CID000237,Union Bank,260262223833,SBIN668188
ACC000198,CID000238,Canara Bank,900484792105,SBIN790034
ACC000199,CID000239,Axis Bank,320615996342,SBIN610700
ACC000200,CID000240,HDFC Bank,864183892691,SBIN832374
ACC000201,CID000241,Canara Bank,683310754502,SBIN444076
ACC000202,CID000242,Axis Bank,899716554319,SBIN462473
ACC000203,CID000243,SBI,691692959117,SBIN334835
ACC000204,CID000244,SBI,242102885017,SBIN554584
ACC000205,CID000245,SBI,961562009742,SBIN598099
ACC000206,CID000246,Canara Bank,135643203570,SBIN849317
ACC000207,CID000247,ICICI Bank,810661927466,SBIN877220
ACC000208,CID000248,ICICI Bank,196375565135,SBIN536998
ACC000209,CID000249,Axis Bank,137125122608,SBIN408758
ACC000210,CID000250,Axis Bank,345287852100,SBIN779746
ACC000211,CID000251,Bank of Baroda,148800491991,SBIN826629
ACC000212,CID000252,Canara Bank,889436161885,SBIN658332
ACC000213,CID000253,HDFC Bank,435931441182,SBIN599552
ACC000214,CID000254,HDFC Bank,239618703019,SBIN753733
ACC000215,CID000256,Axis Bank,806294811853,SBIN474954
ACC000216,CID000257,Axis Bank,553366746410,SBIN403985
ACC000217,CID000258,Canara Bank,134828370245,SBIN760912
ACC000218,CID000259,HDFC Bank,763308939799,SBIN698009
ACC000219,CID000261,Canara Bank,786050755828,SBIN113173
ACC000220,CID000262,Axis Bank,551739951366,SBIN386354
ACC000221,CID000264,SBI,501828098148,SBIN601895
ACC000222,CID000266,Union Bank,981399808651,SBIN801868
ACC000223,CID000270,Bank of Baroda,813044877077,SBIN108100
ACC000224,CID000271,Union Bank,693008654256,SBIN989601
ACC000225,CID000272,SBI,774714686861,SBIN344142
ACC000226,CID000273,Axis Bank,907166325333,SBIN173519
ACC000227,CID000274,Canara Bank,947690290059,SBIN472004
ACC000228,CID000275,HDFC Bank,669860781692,SBIN782509
ACC000229,CID000276,SBI,881959264486,SBIN678586
ACC000230,CID000277,Axis Bank,545401198263,SBIN467221
ACC000231,CID000278,HDFC Bank,301359966636,SBIN823052
ACC000232,CID000279,Union Bank,830068556051,SBIN347034
ACC000233,CID000280,Axis Bank,542352413513,SBIN155090
ACC000234,CID000281,Axis Bank,604105007565,SBIN707249
ACC000235,CID000282,Union Bank,165915236592,SBIN420775
ACC000236,CID000283,SBI,740045479406,SBIN518684
ACC000237,CID000285,SBI,802698933055,SBIN985331
ACC000238,CID000286,HDFC Bank,337416395561,SBIN843493
ACC000239,CID000287,Axis Bank,473698369202,SBIN958092
ACC000240,CID000288,Bank of Baroda,172594081420,SBIN935905
ACC000241,CID000289,ICICI Bank,455024714045,SBIN999227
ACC000242,CID000290,HDFC Bank,466059406216,SBIN290832
ACC000243,CID000291,SBI,952852787816,SBIN940118
ACC000244,CID000292,Axis Bank,734187270302,SBIN884587
ACC000245,CID000293,Union Bank,385564952322,SBIN500545
ACC000246,CID000294,Canara Bank,850878031538,SBIN933955
ACC000247,CID000295,Bank of Baroda,296298705304,SBIN758123
ACC000248,CID000296,Axis Bank,997003090643,SBIN469316
ACC000249,CID000297,Axis Bank,520636067622,SBIN217317
ACC000250,CID000298,Bank of Baroda,579472787747,SBIN185517
ACC000251,CID000299,Union Bank,343460469720,SBIN434252
ACC000252,CID000300,HDFC Bank,713229640917,SBIN275839
ACC000253,CID000301,HDFC Bank,747743368172,SBIN206164
ACC000254,CID000302,HDFC Bank,758174755456,SBIN732892
ACC000255,CID000303,Axis Bank,316312784952,SBIN942052
ACC000256,CID000304,HDFC Bank,314562564753,SBIN304072
ACC000257,CID000305,SBI,663673904484,SBIN390256
ACC000258,CID000306,HDFC Bank,796567564449,SBIN799428
ACC000259,CID000307,Union Bank,936391549002,SBIN575573
ACC000260,CID000308,Bank of Baroda,759750801910,SBIN643327
ACC000261,CID000309,Union Bank,127457072337,SBIN190665
ACC000262,CID000310,ICICI Bank,115850253001,SBIN755231
ACC000263,CID000311,Union Bank,259727741002,SBIN523436
ACC000264,CID000312,HDFC Bank,739008230367,SBIN589187
ACC000265,CID000313,Axis Bank,532063453991,SBIN582060
ACC000266,CID000314,SBI,393897185344,SBIN816099
ACC000267,CID000316,Canara Bank,172189302735,SBIN883272
ACC000268,CID000317,Axis Bank,310746858654,SBIN892279
ACC000269,CID000318,Axis Bank,919024196171,SBIN406526
ACC000270,CID000319,ICICI Bank,425162286433,SBIN517455
ACC000271,CID000320,Bank of Baroda,124287038632,SBIN434841
ACC000272,CID000321,HDFC Bank,946210748999,SBIN520478
ACC000273,CID000322,Canara Bank,834942099363,SBIN712942
ACC000274,CID000324,Axis Bank,430631387663,SBIN502651
ACC000275,CID000325,ICICI Bank,191894189606,SBIN295164
ACC000276,CID000326,HDFC Bank,769374692236,SBIN113991
ACC000277,CID000327,Union Bank,377212262472,SBIN945696
ACC000278,CID000328,Bank of Baroda,518580379266,SBIN554578
ACC000279,CID000329,Canara Bank,726606997520,SBIN104060
ACC000280,CID000330,Axis Bank,181767783228,SBIN271028
ACC000281,CID000332,Bank of Baroda,627248337079,SBIN882568
ACC000282,CID000333,Union Bank,235143074263,SBIN311717
ACC000283,CID000334,ICICI Bank,715965900797,SBIN847640
ACC000284,CID000335,Union Bank,862755049889,SBIN529913
ACC000285,CID000336,ICICI Bank,322559592664,SBIN310413
ACC000286,CID000337,Union Bank,657607073040,SBIN971250
ACC000287,CID000338,Axis Bank,380430536902,SBIN604361
ACC000288,CID000339,Bank of Baroda,461536970739,SBIN421109
ACC000289,CID000340,Union Bank,474630512432,SBIN935644
ACC000290,CID000341,SBI,448174582424,SBIN344337
ACC000291,CID000342,ICICI Bank,820339622196,SBIN412703
ACC000292,CID000343,Bank of Baroda,121368985518,SBIN786096
ACC000293,CID000344,SBI,818055812669,SBIN690560
ACC000294,CID000345,HDFC Bank,571426482567,SBIN747001
ACC000295,CID000346,Union Bank,890350786306,SBIN882912
ACC000296,CID000347,HDFC Bank,316086599934,SBIN207050
ACC000297,CID000348,HDFC Bank,369038421046,SBIN956215
ACC000298,CID000349,Axis Bank,590930464687,SBIN592016
ACC000299,CID000350,ICICI Bank,945251632919,SBIN506129
ACC000300,CID000351,Union Bank,107978570911,SBIN498515
ACC000301,CID000352,ICICI Bank,192527358242,SBIN822179
ACC000302,CID000353,Bank of Baroda,916404472480,SBIN953099
ACC000303,CID000354,Canara Bank,726098874122,SBIN888584
ACC000304,CID000356,Bank of Baroda,918079800387,SBIN109498
ACC000305,CID000357,ICICI Bank,738906721317,SBIN444460
ACC000306,CID000358,Union Bank,335657166720,SBIN201362
ACC000307,CID000359,Axis Bank,208066239077,SBIN903136
ACC000308,CID000360,HDFC Bank,402877148847,SBIN629837
ACC000309,CID000361,Canara Bank,261081481097,SBIN795942
ACC000310,CID000362,HDFC Bank,468252403319,SBIN335561
ACC000311,CID000363,Canara Bank,446341611566,SBIN176857
ACC000312,CID000364,ICICI Bank,388353837877,SBIN762102
ACC000313,CID000365,ICICI Bank,854885974037,SBIN122663
ACC000314,CID000366,SBI,556474094303,SBIN908909
ACC000315,CID000367,Canara Bank,344515522375,SBIN525482
ACC000316,CID000368,Bank of Baroda,431082553137,SBIN683595
ACC000317,CID000369,Canara Bank,976526653276,SBIN864064
ACC000318,CID000370,SBI,184309263526,SBIN811696
ACC000319,CID000372,Bank of Baroda,814557927966,SBIN286815
ACC000320,CID000373,Canara Bank,589900654797,SBIN811211
ACC000321,CID000374,Axis Bank,967055955468,SBIN332705
ACC000322,CID000375,Canara Bank,453718793645,SBIN252502
ACC000323,CID000376,Bank of Baroda,862519783663,SBIN398495
ACC000324,CID000377,ICICI Bank,361409757693,SBIN142712
ACC000325,CID000378,SBI,441175648935,SBIN573948
ACC000326,CID000379,ICICI Bank,394039425080,SBIN995995
ACC000327,CID000381,SBI,176612914674,SBIN885307
ACC000328,CID000382,Bank of Baroda,490781913444,SBIN999352
ACC000329,CID000383,Axis Bank,826506394684,SBIN122361
ACC000330,CID000384,Union Bank,566329493994,SBIN210855
ACC000331,CID000385,Axis Bank,160399973300,SBIN630987
ACC000332,CID000386,HDFC Bank,794948397909,SBIN766982
ACC000333,CID000387,Union Bank,931743921334,SBIN480477
ACC000334,CID000388,Bank of Baroda,461508166649,SBIN691397
ACC000335,CID000389,Bank of Baroda,413756979490,SBIN813517
ACC000336,CID000390,Union Bank,350203771186,SBIN325645
ACC000337,CID000391,Union Bank,769007238987,SBIN506253
ACC000338,CID000392,HDFC Bank,338326569514,SBIN276357
ACC000339,CID000393,Union Bank,656810382572,SBIN903488
ACC000340,CID000396,Canara Bank,390860345672,SBIN790080
ACC000341,CID000397,SBI,785288504396,SBIN586100
ACC000342,CID000398,Axis Bank,887404693530,SBIN662118
ACC000343,CID000399,ICICI Bank,106523859544,SBIN806291
ACC000344,CID000400,HDFC Bank,436407122737,SBIN304456
ACC000345,CID000401,Axis Bank,264938565554,SBIN599798
ACC000346,CID000402,HDFC Bank,473190857021,SBIN231258
ACC000347,CID000403,HDFC Bank,720513831182,SBIN239245
ACC000348,CID000406,Axis Bank,161842553311,SBIN204497
ACC000349,CID000407,SBI,914664501079,SBIN608456
ACC000350,CID000408,Union Bank,252847496891,SBIN361027
ACC000351,CID000409,Canara Bank,101033953973,SBIN942500
ACC000352,CID000410,HDFC Bank,661793919194,SBIN147695
ACC000353,CID000412,SBI,929021213616,SBIN486223
ACC000354,CID000414,Bank of Baroda,705753524225,SBIN143965
ACC000355,CID000416,Canara Bank,753193179667,SBIN610172
ACC000356,CID000417,SBI,241687283288,SBIN727688
ACC000357,CID000418,SBI,372283264791,SBIN250562
ACC000358,CID000420,Union Bank,299265665772,SBIN948727
ACC000359,CID000422,Canara Bank,213031822179,SBIN967897
ACC000360,CID000423,Axis Bank,536128059147,SBIN837403
ACC000361,CID000424,Axis Bank,840068065860,SBIN380061
ACC000362,CID000426,Union Bank,172878934760,SBIN570102
ACC000363,CID000428,Union Bank,121515387659,SBIN240018
ACC000364,CID000430,Bank of Baroda,660641607805,SBIN110110
ACC000365,CID000431,Union Bank,721299941101,SBIN930023
ACC000366,CID000432,Bank of Baroda,892889236934,SBIN940731
ACC000367,CID000433,Union Bank,659322809076,SBIN769778
ACC000368,CID000434,Axis Bank,979753372614,SBIN174498
ACC000369,CID000435,Bank of Baroda,610379930711,SBIN336963
ACC000370,CID000436,Union Bank,867028009403,SBIN433302
ACC000371,CID000437,SBI,619361257377,SBIN736573
ACC000372,CID000438,Bank of Baroda,523212336877,SBIN263456
ACC000373,CID000439,HDFC Bank,274473615387,SBIN244620
ACC000374,CID000440,Union Bank,471870164303,SBIN406054
ACC000375,CID000441,Axis Bank,469779306507,SBIN135280
ACC000376,CID000442,HDFC Bank,990967438178,SBIN753757
ACC000377,CID000444,HDFC Bank,671553061739,SBIN970521
ACC000378,CID000445,Union Bank,543378400624,SBIN301463
ACC000379,CID000448,Axis Bank,609493921577,SBIN950318
ACC000380,CID000450,Bank of Baroda,117089071662,SBIN579290
ACC000381,CID000451,Canara Bank,736612942142,SBIN208457
ACC000382,CID000452,Union Bank,266322361231,SBIN968542
ACC000383,CID000456,Union Bank,187191149348,SBIN375513
ACC000384,CID000457,Axis Bank,758183792647,SBIN469168
ACC000385,CID000458,Bank of Baroda,156743974901,SBIN246192
ACC000386,CID000459,ICICI Bank,115473824057,SBIN796714
ACC000387,CID000460,Bank of Baroda,411977190314,SBIN902586
ACC000388,CID000461,Bank of Baroda,875203815457,SBIN778874
ACC000389,CID000462,Bank of Baroda,661174398851,SBIN726918
ACC000390,CID000463,Union Bank,526404993830,SBIN627876
ACC000391,CID000464,Axis Bank,868369004743,SBIN778762
ACC000392,CID000465,SBI,992721596315,SBIN509246
ACC000393,CID000466,ICICI Bank,490428410379,SBIN565701
ACC000394,CID000467,ICICI Bank,712759003941,SBIN351593
ACC000395,CID000468,HDFC Bank,610825151690,SBIN502859
ACC000396,CID000469,Axis Bank,463515689893,SBIN126357
ACC000397,CID000470,Canara Bank,204786710647,SBIN607975
ACC000398,CID000471,Canara Bank,899518398793,SBIN835786
ACC000399,CID000472,SBI,645001347356,SBIN590327
ACC000400,CID000473,Union Bank,154810344310,SBIN381581
ACC000401,CID000475,Union Bank,718555029149,SBIN660911
ACC000402,CID000476,Bank of Baroda,678269475476,SBIN918975
ACC000403,CID000477,Axis Bank,762919465332,SBIN273465
ACC000404,CID000478,HDFC Bank,773648813526,SBIN397181
ACC000405,CID000479,Canara Bank,861160278029,SBIN212597
ACC000406,CID000480,SBI,356081466564,SBIN928406
ACC000407,CID000481,Union Bank,879973926155,SBIN839865
ACC000408,CID000482,Union Bank,223341581045,SBIN459409
ACC000409,CID000484,Canara Bank,964457821242,SBIN554852
ACC000410,CID000487,ICICI Bank,518305093939,SBIN669560
ACC000411,CID000488,HDFC Bank,903801240626,SBIN294245
ACC000412,CID000489,Canara Bank,522575533500,SBIN929142
ACC000413,CID000491,ICICI Bank,951667726993,SBIN211838
ACC000414,CID000492,Union Bank,812719918354,SBIN387934
ACC000415,CID000493,Union Bank,228732772484,SBIN721217
ACC000416,CID000494,Canara Bank,606761711799,SBIN449563
ACC000417,CID000496,SBI,826303278887,SBIN913834
ACC000418,CID000497,Axis Bank,750751968064,SBIN693843
ACC000419,CID000498,SBI,181569087931,SBIN509978
ACC000420,CID000499,SBI,302866458773,SBIN848008
ACC000421,CID000500,HDFC Bank,445282449443,SBIN945786
ACC000422,CID000501,SBI,358464929481,SBIN622194
ACC000423,CID000502,Axis Bank,147528500326,SBIN827454
ACC000424,CID000504,Union Bank,868728138762,SBIN374820
ACC000425,CID000505,ICICI Bank,883280003625,SBIN203317
ACC000426,CID000506,Bank of Baroda,688417024125,SBIN399101
ACC000427,CID000507,SBI,194752207039,SBIN316850
ACC000428,CID000508,Union Bank,464693267109,SBIN531416
ACC000429,CID000509,HDFC Bank,627108966294,SBIN820647
ACC000430,CID000510,Bank of Baroda,907099792518,SBIN449738
ACC000431,CID000511,Axis Bank,190582240782,SBIN442557
ACC000432,CID000513,HDFC Bank,211121291543,SBIN880989
ACC000433,CID000514,Bank of Baroda,518635512666,SBIN985673
ACC000434,CID000515,Axis Bank,657240158049,SBIN734366
ACC000435,CID000516,HDFC Bank,709754170723,SBIN913443
ACC000436,CID000517,SBI,791689039113,SBIN454819
ACC000437,CID000518,Axis Bank,368741870044,SBIN246196
ACC000438,CID000520,HDFC Bank,742606660462,SBIN949382
ACC000439,CID000521,Union Bank,136329122777,SBIN773705
ACC000440,CID000522,SBI,757544675321,SBIN969641
ACC000441,CID000523,HDFC Bank,380603263435,SBIN812444
ACC000442,CID000525,Bank of Baroda,248049558318,SBIN610995
ACC000443,CID000526,SBI,100709918540,SBIN671791
ACC000444,CID000527,Canara Bank,897890929925,SBIN186274
ACC000445,CID000528,Canara Bank,304956254007,SBIN439251
ACC000446,CID000529,Bank of Baroda,786681317479,SBIN711523
ACC000447,CID000530,ICICI Bank,607388435644,SBIN171253
ACC000448,CID000531,HDFC Bank,754772907597,SBIN978325
ACC000449,CID000533,Axis Bank,268971489265,SBIN916397
ACC000450,CID000534,Bank of Baroda,351954574134,SBIN102546
ACC000451,CID000535,ICICI Bank,881831712039,SBIN826805
ACC000452,CID000536,Union Bank,913758392063,SBIN619497
ACC000453,CID000537,Bank of Baroda,990918715668,SBIN521586
ACC000454,CID000538,HDFC Bank,577905977053,SBIN893841
ACC000455,CID000539,SBI,133633715738,SBIN193862
ACC000456,CID000540,Bank of Baroda,144217315900,SBIN601187
ACC000457,CID000541,HDFC Bank,809540401960,SBIN890423
ACC000458,CID000542,Union Bank,971552957439,SBIN527995
ACC000459,CID000543,Union Bank,854724100010,SBIN448371
ACC000460,CID000544,Union Bank,563249653355,SBIN160992
ACC000461,CID000545,HDFC Bank,801013382096,SBIN106957
ACC000462,CID000546,SBI,850154771875,SBIN481665
ACC000463,CID000547,Bank of Baroda,129774876596,SBIN781381
ACC000464,CID000548,Canara Bank,880717712705,SBIN228855
ACC000465,CID000549,SBI,628970406370,SBIN595013
ACC000466,CID000550,Canara Bank,257496515672,SBIN304048
ACC000467,CID000551,ICICI Bank,650471053619,SBIN786616
ACC000468,CID000552,ICICI Bank,784792423034,SBIN715536
ACC000469,CID000553,Axis Bank,799657546117,SBIN350590
ACC000470,CID000554,ICICI Bank,454651928977,SBIN421094
ACC000471,CID000555,Bank of Baroda,329013540816,SBIN637112
ACC000472,CID000556,Canara Bank,144576143469,SBIN596258
ACC000473,CID000557,ICICI Bank,761916706227,SBIN584902
ACC000474,CID000559,Axis Bank,370929240293,SBIN440250
ACC000475,CID000560,Bank of Baroda,558223064873,SBIN673298
ACC000476,CID000561,HDFC Bank,233884936242,SBIN120561
ACC000477,CID000562,Union Bank,504828684623,SBIN939500
ACC000478,CID000563,Bank of Baroda,123964786281,SBIN518105
ACC000479,CID000564,SBI,952567548657,SBIN582454
ACC000480,CID000565,Bank of Baroda,273910924698,SBIN605129
ACC000481,CID000566,Canara Bank,298692119653,SBIN207406
ACC000482,CID000568,Canara Bank,854506252594,SBIN246105
ACC000483,CID000570,Axis Bank,299225687496,SBIN138681
ACC000484,CID000571,HDFC Bank,449981093035,SBIN215692
ACC000485,CID000572,Union Bank,795943290352,SBIN759922
ACC000486,CID000573,Union Bank,502220548056,SBIN908012
ACC000487,CID000575,Bank of Baroda,992159922440,SBIN560151
ACC000488,CID000576,HDFC Bank,883773689004,SBIN949514
ACC000489,CID000577,SBI,283339089911,SBIN727440
ACC000490,CID000578,Union Bank,406999864521,SBIN780219
ACC000491,CID000579,Union Bank,500965206513,SBIN595759
ACC000492,CID000580,Union Bank,239216408860,SBIN468302
ACC000493,CID000582,HDFC Bank,331932877723,SBIN546518
ACC000494,CID000583,Axis Bank,409123639558,SBIN778686
ACC000495,CID000584,Bank of Baroda,927943883009,SBIN324615
ACC000496,CID000585,ICICI Bank,172469775568,SBIN119695
ACC000497,CID000588,Bank of Baroda,831283591089,SBIN439442
ACC000498,CID000590,SBI,642720231605,SBIN200140
ACC000499,CID000592,Canara Bank,370421445412,SBIN105688
ACC000500,CID000593,HDFC Bank,200522378075,SBIN622338
ACC000501,CID000594,Union Bank,451231976512,SBIN114374
ACC000502,CID000595,ICICI Bank,975985686307,SBIN721863
ACC000503,CID000596,Axis Bank,222510218021,SBIN402399
ACC000504,CID000597,HDFC Bank,522187387541,SBIN392081
ACC000505,CID000598,SBI,619675007150,SBIN264449
ACC000506,CID000599,Canara Bank,394987349266,SBIN501707
ACC000507,CID000600,Axis Bank,936223389725,SBIN730095
ACC000508,CID000601,Canara Bank,791448149626,SBIN916094
ACC000509,CID000603,HDFC Bank,497698872045,SBIN363233
ACC000510,CID000604,Union Bank,983418904896,SBIN798003
ACC000511,CID000606,ICICI Bank,486480783835,SBIN372169
ACC000512,CID000607,SBI,697832497668,SBIN646151
ACC000513,CID000608,SBI,247586173947,SBIN676006
ACC000514,CID000609,ICICI Bank,774059712674,SBIN380693
ACC000515,CID000610,ICICI Bank,394476781637,SBIN282766
ACC000516,CID000611,Axis Bank,681429986121,SBIN711545
ACC000517,CID000612,Union Bank,631193394423,SBIN239580
ACC000518,CID000613,SBI,620957605665,SBIN364229
ACC000519,CID000614,Union Bank,713730457876,SBIN578532
ACC000520,CID000616,Axis Bank,748718404532,SBIN611388
ACC000521,CID000617,HDFC Bank,890632083451,SBIN598024
ACC000522,CID000618,Union Bank,649238657419,SBIN132086
ACC000523,CID000619,Canara Bank,823393636022,SBIN342860
ACC000524,CID000620,Axis Bank,539435810391,SBIN494710
ACC000525,CID000621,ICICI Bank,921315278297,SBIN619223
ACC000526,CID000622,Union Bank,457658398324,SBIN589945
ACC000527,CID000623,Axis Bank,191250469502,SBIN552981
ACC000528,CID000624,ICICI Bank,727779374357,SBIN867436
ACC000529,CID000625,HDFC Bank,975285696602,SBIN451528
ACC000530,CID000626,Union Bank,188069700517,SBIN238478
ACC000531,CID000627,ICICI Bank,634544758537,SBIN664784
ACC000532,CID000628,HDFC Bank,368810322743,SBIN121086
ACC000533,CID000630,HDFC Bank,902334231054,SBIN766802
ACC000534,CID000631,Canara Bank,879989159284,SBIN304358
ACC000535,CID000632,HDFC Bank,282200257745,SBIN996586
ACC000536,CID000634,ICICI Bank,271997631555,SBIN200966
ACC000537,CID000635,Axis Bank,794859472603,SBIN681865
ACC000538,CID000636,Canara Bank,800767626869,SBIN382174
ACC000539,CID000637,Union Bank,422269450129,SBIN286200
ACC000540,CID000639,Canara Bank,940307427126,SBIN800680
ACC000541,CID000642,SBI,377449348431,SBIN597107
ACC000542,CID000644,SBI,540641801915,SBIN951170
ACC000543,CID000645,Bank of Baroda,695899486905,SBIN876991
ACC000544,CID000646,SBI,230173232009,SBIN946419
ACC000545,CID000647,SBI,704359565016,SBIN700339
ACC000546,CID000648,ICICI Bank,192240452219,SBIN986378
ACC000547,CID000649,HDFC Bank,870705408892,SBIN921491
ACC000548,CID000650,ICICI Bank,407130251372,SBIN575105
ACC000549,CID000651,Axis Bank,808737480085,SBIN789330
ACC000550,CID000652,ICICI Bank,196146246520,SBIN276556
ACC000551,CID000653,Canara Bank,370088822487,SBIN406736
ACC000552,CID000654,Axis Bank,136734986468,SBIN723171
ACC000553,CID000655,Canara Bank,388054447620,SBIN869022
ACC000554,CID000656,SBI,674005960503,SBIN565114
ACC000555,CID000657,HDFC Bank,249891325476,SBIN774946
ACC000556,CID000658,Canara Bank,616421411909,SBIN522354
ACC000557,CID000659,Bank of Baroda,658104752713,SBIN739299
ACC000558,CID000660,ICICI Bank,419466369046,SBIN721703
ACC000559,CID000661,Bank of Baroda,726934568171,SBIN107113
ACC000560,CID000662,Bank of Baroda,902006974718,SBIN629075
ACC000561,CID000663,Union Bank,724597903944,SBIN676145
ACC000562,CID000664,ICICI Bank,436436190639,SBIN696202
ACC000563,CID000665,Canara Bank,792671400599,SBIN839919
ACC000564,CID000666,HDFC Bank,752044136466,SBIN991938
ACC000565,CID000667,SBI,417505644347,SBIN718754
ACC000566,CID000668,Axis Bank,150868634015,SBIN915535
ACC000567,CID000669,ICICI Bank,816019362834,SBIN820919
ACC000568,CID000670,Canara Bank,697934974710,SBIN712145
ACC000569,CID000671,HDFC Bank,105534234307,SBIN698202
ACC000570,CID000672,HDFC Bank,305812238849,SBIN942732
ACC000571,CID000673,HDFC Bank,366620410014,SBIN351525
ACC000572,CID000674,HDFC Bank,968621913245,SBIN636009
ACC000573,CID000675,SBI,845535975686,SBIN215631
ACC000574,CID000676,Axis Bank,870116425576,SBIN633481
ACC000575,CID000677,HDFC Bank,369818030723,SBIN647424
ACC000576,CID000678,Union Bank,311578660556,SBIN912833
ACC000577,CID000679,ICICI Bank,852177037784,SBIN346452
ACC000578,CID000680,ICICI Bank,188316564513,SBIN700662
ACC000579,CID000681,Canara Bank,252611415179,SBIN526048
ACC000580,CID000682,ICICI Bank,599626969301,SBIN766636
ACC000581,CID000683,ICICI Bank,742545117506,SBIN767853
ACC000582,CID000684,Canara Bank,749088362809,SBIN203065
ACC000583,CID000685,Bank of Baroda,705631550638,SBIN206315
ACC000584,CID000686,SBI,345247401867,SBIN782102
ACC000585,CID000687,Axis Bank,850108934171,SBIN577056
ACC000586,CID000688,Bank of Baroda,272258304726,SBIN306162
ACC000587,CID000689,Canara Bank,569650293833,SBIN469565
ACC000588,CID000691,SBI,341509246733,SBIN992458
ACC000589,CID000692,Axis Bank,946100536785,SBIN655009
ACC000590,CID000693,Canara Bank,756371749522,SBIN270912
ACC000591,CID000694,ICICI Bank,509314132594,SBIN782829
ACC000592,CID000696,SBI,280874947700,SBIN976163
ACC000593,CID000697,Canara Bank,284421430309,SBIN130000
ACC000594,CID000698,ICICI Bank,438072451340,SBIN886694
ACC000595,CID000699,Bank of Baroda,985598188524,SBIN311967
ACC000596,CID000700,Canara Bank,119786192412,SBIN580456
ACC000597,CID000701,Axis Bank,581565000695,SBIN843183
ACC000598,CID000702,Axis Bank,368510160674,SBIN691087
ACC000599,CID000703,ICICI Bank,240063183507,SBIN565526
ACC000600,CID000704,Canara Bank,753455378282,SBIN448456
ACC000601,CID000707,Bank of Baroda,890147537504,SBIN581257
ACC000602,CID000708,Union Bank,678418865498,SBIN468337
ACC000603,CID000709,SBI,793299572402,SBIN950060
ACC000604,CID000710,Bank of Baroda,258385496057,SBIN622312
ACC000605,CID000711,Union Bank,852354425095,SBIN843804
ACC000606,CID000713,Canara Bank,221185539082,SBIN998492
ACC000607,CID000714,Canara Bank,693172552810,SBIN775617
ACC000608,CID000715,HDFC Bank,162288973827,SBIN404824
ACC000609,CID000717,Axis Bank,887968656226,SBIN917784
ACC000610,CID000718,Axis Bank,275432981467,SBIN837629
ACC000611,CID000719,SBI,106091804929,SBIN606032
ACC000612,CID000720,ICICI Bank,915432885593,SBIN716411
ACC000613,CID000721,HDFC Bank,950669417674,SBIN919235
ACC000614,CID000722,ICICI Bank,478469220057,SBIN926862
ACC000615,CID000723,Bank of Baroda,521825588683,SBIN653360
ACC000616,CID000724,Bank of Baroda,893352234650,SBIN224216
ACC000617,CID000725,ICICI Bank,144227161324,SBIN717300
ACC000618,CID000726,Canara Bank,863791077234,SBIN760692
ACC000619,CID000727,Canara Bank,845610679484,SBIN749709
ACC000620,CID000728,HDFC Bank,335246846745,SBIN935455
ACC000621,CID000730,ICICI Bank,121032744645,SBIN837419
ACC000622,CID000731,ICICI Bank,217510137184,SBIN412529
ACC000623,CID000732,ICICI Bank,487421682941,SBIN184515
ACC000624,CID000733,Axis Bank,278476680461,SBIN707185
ACC000625,CID000734,SBI,604208939668,SBIN458005
ACC000626,CID000735,Bank of Baroda,156606547251,SBIN955926
ACC000627,CID000736,ICICI Bank,999147036736,SBIN104782
ACC000628,CID000737,Axis Bank,345606889210,SBIN718889
ACC000629,CID000740,Axis Bank,219278297736,SBIN940761
ACC000630,CID000741,Union Bank,707959035006,SBIN237438
ACC000631,CID000743,Axis Bank,488441550403,SBIN383411
ACC000632,CID000744,Canara Bank,680458529155,SBIN888303
ACC000633,CID000745,Axis Bank,689037648094,SBIN325204
ACC000634,CID000746,Union Bank,619418461926,SBIN595611
ACC000635,CID000747,SBI,192555630724,SBIN478670
ACC000636,CID000748,Canara Bank,137327903041,SBIN941909
ACC000637,CID000749,Bank of Baroda,187745755303,SBIN174413
ACC000638,CID000750,Union Bank,337712134459,SBIN706531
ACC000639,CID000751,ICICI Bank,101053455726,SBIN731229
ACC000640,CID000752,Union Bank,798723496772,SBIN784176
ACC000641,CID000754,HDFC Bank,821950668962,SBIN404023
ACC000642,CID000755,Axis Bank,516432020501,SBIN126417
ACC000643,CID000756,ICICI Bank,296258755332,SBIN981051
ACC000644,CID000759,Canara Bank,580171493323,SBIN478131
ACC000645,CID000760,SBI,900884049602,SBIN546113
ACC000646,CID000761,HDFC Bank,745059718481,SBIN512186
ACC000647,CID000762,HDFC Bank,515722106703,SBIN625303
ACC000648,CID000763,Union Bank,803089008730,SBIN299530
ACC000649,CID000764,Bank of Baroda,509882953766,SBIN137246
ACC000650,CID000765,HDFC Bank,925721253724,SBIN285607
ACC000651,CID000767,Canara Bank,216082048265,SBIN261622
ACC000652,CID000768,Union Bank,606743984264,SBIN468643
ACC000653,CID000769,HDFC Bank,815322494229,SBIN298820
ACC000654,CID000771,ICICI Bank,304071769826,SBIN520765
ACC000655,CID000772,HDFC Bank,841148804904,SBIN685330
ACC000656,CID000773,Canara Bank,935393049358,SBIN441292
ACC000657,CID000774,Canara Bank,403245977459,SBIN742290
ACC000658,CID000775,ICICI Bank,754998776604,SBIN882536
ACC000659,CID000777,SBI,509458250866,SBIN756114
ACC000660,CID000778,Bank of Baroda,391314622217,SBIN547508
ACC000661,CID000779,HDFC Bank,226086089835,SBIN780993
ACC000662,CID000780,ICICI Bank,572049432744,SBIN346350
ACC000663,CID000781,Union Bank,881781004895,SBIN138946
ACC000664,CID000782,HDFC Bank,390010550737,SBIN289195
ACC000665,CID000784,Canara Bank,390701017233,SBIN448918
ACC000666,CID000785,HDFC Bank,774858175704,SBIN405494
ACC000667,CID000786,Bank of Baroda,900527210788,SBIN187460
ACC000668,CID000787,SBI,196307751495,SBIN972197
ACC000669,CID000788,SBI,557307778102,SBIN512220
ACC000670,CID000789,Canara Bank,431041636033,SBIN988768
ACC000671,CID000790,Bank of Baroda,754576955271,SBIN436938
ACC000672,CID000791,Union Bank,717513575278,SBIN385544
ACC000673,CID000792,SBI,399381375138,SBIN924544
ACC000674,CID000793,Axis Bank,779042189443,SBIN558119
ACC000675,CID000794,Axis Bank,702289223589,SBIN559911
ACC000676,CID000796,ICICI Bank,795274463755,SBIN510327
ACC000677,CID000798,SBI,262135781633,SBIN290901
ACC000678,CID000799,SBI,728850328138,SBIN848843
ACC000679,CID000800,Axis Bank,746384857902,SBIN679393
ACC000680,CID000802,SBI,438173358740,SBIN399045
ACC000681,CID000803,Bank of Baroda,298408851433,SBIN776239
ACC000682,CID000804,Axis Bank,653576979862,SBIN851334
ACC000683,CID000805,Bank of Baroda,709345061855,SBIN570068
ACC000684,CID000806,ICICI Bank,727614197898,SBIN116336
ACC000685,CID000807,Bank of Baroda,876021653644,SBIN156727
ACC000686,CID000808,SBI,172479054414,SBIN256110
ACC000687,CID000809,SBI,937691381286,SBIN357922
ACC000688,CID000810,Axis Bank,686360609007,SBIN591391
ACC000689,CID000812,Bank of Baroda,577584872088,SBIN197130
ACC000690,CID000813,Axis Bank,397206552511,SBIN418680
ACC000691,CID000814,Axis Bank,302054092205,SBIN935584
ACC000692,CID000815,Canara Bank,585404832026,SBIN544374
ACC000693,CID000816,Union Bank,515753173719,SBIN728854
ACC000694,CID000817,SBI,509195607595,SBIN608748
ACC000695,CID000818,HDFC Bank,489555709229,SBIN826756
ACC000696,CID000819,Canara Bank,562518188897,SBIN165309
ACC000697,CID000820,HDFC Bank,973647531767,SBIN337668
ACC000698,CID000821,HDFC Bank,111315390323,SBIN115321
ACC000699,CID000823,Canara Bank,190430214230,SBIN699241
ACC000700,CID000824,HDFC Bank,532482736133,SBIN194578
ACC000701,CID000825,Axis Bank,448728297946,SBIN419782
ACC000702,CID000826,Bank of Baroda,458443715670,SBIN398778
ACC000703,CID000828,Axis Bank,908319109560,SBIN141975
ACC000704,CID000829,ICICI Bank,897652049743,SBIN922113
ACC000705,CID000830,Canara Bank,744175052934,SBIN806586
ACC000706,CID000832,ICICI Bank,901172503934,SBIN833855
ACC000707,CID000833,Axis Bank,980007431318,SBIN812684
ACC000708,CID000834,Axis Bank,918839583497,SBIN941931
ACC000709,CID000836,Bank of Baroda,828156298209,SBIN664850
ACC000710,CID000837,Axis Bank,981719104174,SBIN110985
ACC000711,CID000838,Canara Bank,749223603780,SBIN326386
ACC000712,CID000839,Bank of Baroda,818410326971,SBIN291897
ACC000713,CID000840,Canara Bank,237158311470,SBIN363662
ACC000714,CID000841,Bank of Baroda,195542187406,SBIN359115
ACC000715,CID000842,SBI,425664374930,SBIN594391
ACC000716,CID000843,Canara Bank,333582505436,SBIN946168
ACC000717,CID000844,Canara Bank,224934985394,SBIN234394
ACC000718,CID000845,ICICI Bank,376579848514,SBIN155486
ACC000719,CID000846,Axis Bank,995957695842,SBIN672754
ACC000720,CID000847,Union Bank,915802400146,SBIN338834
ACC000721,CID000848,Bank of Baroda,466650268601,SBIN422621
ACC000722,CID000849,Canara Bank,629698094366,SBIN448832
ACC000723,CID000850,ICICI Bank,181974261566,SBIN542628
ACC000724,CID000851,Union Bank,811504990775,SBIN877873
ACC000725,CID000852,ICICI Bank,246057569114,SBIN754786
ACC000726,CID000853,Bank of Baroda,396032141657,SBIN735887
ACC000727,CID000854,ICICI Bank,506229999101,SBIN199004
ACC000728,CID000855,Axis Bank,693823552335,SBIN877635
ACC000729,CID000856,HDFC Bank,844534915930,SBIN596296
ACC000730,CID000857,ICICI Bank,161643199007,SBIN560136
ACC000731,CID000858,Bank of Baroda,162649196496,SBIN171781
ACC000732,CID000859,Axis Bank,558864934167,SBIN627878
ACC000733,CID000860,ICICI Bank,709145005987,SBIN817389
ACC000734,CID000861,Bank of Baroda,644728680701,SBIN835061
ACC000735,CID000862,ICICI Bank,591450863766,SBIN924304
ACC000736,CID000863,Union Bank,956205762499,SBIN811108
ACC000737,CID000864,Axis Bank,434572642312,SBIN605388
ACC000738,CID000865,SBI,354717386746,SBIN746585
ACC000739,CID000866,Canara Bank,384861943839,SBIN964169
ACC000740,CID000867,HDFC Bank,784078268647,SBIN955767
ACC000741,CID000868,SBI,710889066002,SBIN828059
ACC000742,CID000869,HDFC Bank,261633712301,SBIN825105
ACC000743,CID000870,Canara Bank,158437941552,SBIN521116
ACC000744,CID000871,ICICI Bank,789393998838,SBIN102288
ACC000745,CID000872,Union Bank,631929902657,SBIN136797
ACC000746,CID000873,SBI,486799493299,SBIN847784
ACC000747,CID000874,Bank of Baroda,999972577986,SBIN565216
ACC000748,CID000875,Bank of Baroda,187149393405,SBIN686778
ACC000749,CID000876,SBI,986001877412,SBIN592496
ACC000750,CID000877,Union Bank,404538506647,SBIN323699
ACC000751,CID000878,Bank of Baroda,932228102485,SBIN117884
ACC000752,CID000879,Union Bank,802181808858,SBIN991180
ACC000753,CID000880,SBI,565209232426,SBIN903906
ACC000754,CID000881,Bank of Baroda,319947042618,SBIN457690
ACC000755,CID000882,Union Bank,399097759735,SBIN675781
ACC000756,CID000884,ICICI Bank,682469510704,SBIN248815
ACC000757,CID000885,Union Bank,558179362899,SBIN300545
ACC000758,CID000886,HDFC Bank,627829320842,SBIN934989
ACC000759,CID000887,Bank of Baroda,584030860398,SBIN842361
ACC000760,CID000888,HDFC Bank,326719229780,SBIN155254
ACC000761,CID000889,Canara Bank,921711677205,SBIN973140
ACC000762,CID000891,SBI,497126984746,SBIN183326
ACC000763,CID000892,Bank of Baroda,202954426810,SBIN854261
ACC000764,CID000893,HDFC Bank,936360474283,SBIN435069
ACC000765,CID000894,ICICI Bank,567061532295,SBIN886650
ACC000766,CID000895,ICICI Bank,903514998819,SBIN952476
ACC000767,CID000896,Axis Bank,818002228871,SBIN789110
ACC000768,CID000897,ICICI Bank,613685321820,SBIN383984
ACC000769,CID000898,ICICI Bank,485293214748,SBIN292499
ACC000770,CID000899,Bank of Baroda,352010017903,SBIN947404
ACC000771,CID000900,HDFC Bank,252913518986,SBIN961909
ACC000772,CID000901,Axis Bank,363436456206,SBIN904403
ACC000773,CID000902,Canara Bank,230945272732,SBIN339608
ACC000774,CID000903,Axis Bank,984686068083,SBIN612592
ACC000775,CID000904,Union Bank,871567466481,SBIN817131
ACC000776,CID000905,Axis Bank,433158037438,SBIN202193
ACC000777,CID000906,Canara Bank,536164701379,SBIN404898
ACC000778,CID000907,SBI,771300401125,SBIN522612
ACC000779,CID000908,Bank of Baroda,317467171349,SBIN231775
ACC000780,CID000910,Axis Bank,726506837215,SBIN712808
ACC000781,CID000911,Canara Bank,824526035870,SBIN946423
ACC000782,CID000912,Union Bank,656679018882,SBIN230636
ACC000783,CID000915,SBI,296849249005,SBIN504273
ACC000784,CID000916,SBI,754956400235,SBIN942280
ACC000785,CID000917,HDFC Bank,995569436628,SBIN749474
ACC000786,CID000918,SBI,258568966075,SBIN140482
ACC000787,CID000919,Bank of Baroda,139064956284,SBIN775472
ACC000788,CID000920,ICICI Bank,117548132136,SBIN490693
ACC000789,CID000922,Bank of Baroda,606733329210,SBIN138706
ACC000790,CID000923,HDFC Bank,146822861036,SBIN268885
ACC000791,CID000924,SBI,274820716761,SBIN285027
ACC000792,CID000925,SBI,881991816304,SBIN439133
ACC000793,CID000926,Axis Bank,737458203666,SBIN840258
ACC000794,CID000927,Union Bank,510819197831,SBIN211647
ACC000795,CID000929,Axis Bank,515012812641,SBIN320502
ACC000796,CID000930,Axis Bank,926931051628,SBIN726846
ACC000797,CID000931,Union Bank,109052788970,SBIN642807
ACC000798,CID000932,SBI,764670537951,SBIN553930
ACC000799,CID000933,ICICI Bank,182754605368,SBIN203740
ACC000800,CID000934,Canara Bank,343949753639,SBIN592965
ACC000801,CID000935,SBI,308428115826,SBIN856007
ACC000802,CID000936,Axis Bank,887703804378,SBIN624080
ACC000803,CID000939,ICICI Bank,126924859780,SBIN880679
ACC000804,CID000940,Bank of Baroda,531478090110,SBIN985965
ACC000805,CID000941,Bank of Baroda,981545169671,SBIN607185
ACC000806,CID000944,HDFC Bank,124546492201,SBIN550266
ACC000807,CID000945,Bank of Baroda,642663976978,SBIN581743
ACC000808,CID000946,Canara Bank,889739023814,SBIN551237
ACC000809,CID000947,Axis Bank,329659800239,SBIN974610
ACC000810,CID000948,HDFC Bank,981539238389,SBIN938331
ACC000811,CID000950,Axis Bank,578161969930,SBIN794812
ACC000812,CID000952,Union Bank,482798444607,SBIN543215
ACC000813,CID000953,Bank of Baroda,701495877805,SBIN161816
ACC000814,CID000954,SBI,972541253474,SBIN753282
ACC000815,CID000955,Axis Bank,898671193056,SBIN297113
ACC000816,CID000956,ICICI Bank,633429431042,SBIN501621
ACC000817,CID000957,ICICI Bank,580838107685,SBIN110644
ACC000818,CID000958,HDFC Bank,184742437100,SBIN728666
ACC000819,CID000959,Axis Bank,348373420210,SBIN202128
ACC000820,CID000960,Bank of Baroda,861669705148,SBIN977129
ACC000821,CID000961,HDFC Bank,116389548092,SBIN320632
ACC000822,CID000962,SBI,433056724394,SBIN561527
ACC000823,CID000963,Bank of Baroda,206728178547,SBIN637935
ACC000824,CID000965,HDFC Bank,265158382648,SBIN441278
ACC000825,CID000966,Union Bank,513100344308,SBIN311873
ACC000826,CID000967,HDFC Bank,381652225165,SBIN491710
ACC000827,CID000968,Canara Bank,719341699821,SBIN920860
ACC000828,CID000969,SBI,431501260149,SBIN112341
ACC000829,CID000970,SBI,346873512850,SBIN807234
ACC000830,CID000972,SBI,846794699022,SBIN223471
ACC000831,CID000973,Bank of Baroda,341332502688,SBIN795116
ACC000832,CID000974,Union Bank,751472516201,SBIN824403
ACC000833,CID000975,Bank of Baroda,176620105950,SBIN534391
ACC000834,CID000977,ICICI Bank,499059119001,SBIN869943
ACC000835,CID000979,Bank of Baroda,842735516303,SBIN874663
ACC000836,CID000980,SBI,208605690730,SBIN518336
ACC000837,CID000981,SBI,143746356714,SBIN499120
ACC000838,CID000982,Bank of Baroda,815612914248,SBIN734464
ACC000839,CID000983,SBI,862599132413,SBIN729938
ACC000840,CID000984,SBI,333551378434,SBIN494859
ACC000841,CID000985,HDFC Bank,604520848954,SBIN859939
ACC000842,CID000986,ICICI Bank,789834020583,SBIN978973
ACC000843,CID000987,SBI,330937655827,SBIN253743
ACC000844,CID000988,Axis Bank,835468835247,SBIN276040
ACC000845,CID000989,Axis Bank,654950056054,SBIN694728
ACC000846,CID000990,Canara Bank,367400672013,SBIN796370
ACC000847,CID000991,ICICI Bank,477337700362,SBIN687134
ACC000848,CID000992,Bank of Baroda,582555894813,SBIN337132
ACC000849,CID000993,HDFC Bank,305161075065,SBIN585262
ACC000850,CID000994,Bank of Baroda,112632023048,SBIN278119
ACC000851,CID000996,Union Bank,165880167416,SBIN621594
ACC000852,CID000997,ICICI Bank,728302390883,SBIN581428
ACC000853,CID000998,SBI,750604899544,SBIN188259
ACC000854,CID000999,HDFC Bank,720562038043,SBIN697895
ACC000855,CID001000,Union Bank,840297206550,SBIN514997
ACC000856,CID001001,Bank of Baroda,811291752589,SBIN291813
ACC000857,CID001003,SBI,378879028037,SBIN111674
ACC000858,CID001004,Bank of Baroda,237133914979,SBIN371877
ACC000859,CID001006,SBI,316754352816,SBIN889481
ACC000860,CID001009,Union Bank,522944096015,SBIN571315
ACC000861,CID001013,Bank of Baroda,125621827254,SBIN610219
ACC000862,CID001014,Axis Bank,432468340496,SBIN476328
ACC000863,CID001015,SBI,634983032316,SBIN818465
ACC000864,CID001016,Union Bank,770280786655,SBIN308394
ACC000865,CID001017,SBI,155700861678,SBIN796839
ACC000866,CID001019,SBI,361443918525,SBIN435788
ACC000867,CID001020,ICICI Bank,112866314023,SBIN441071
ACC000868,CID001021,SBI,604600122254,SBIN659989
ACC000869,CID001023,Bank of Baroda,717732757684,SBIN259816
ACC000870,CID001024,Axis Bank,924515621255,SBIN266778
ACC000871,CID001025,ICICI Bank,758178083858,SBIN808164
ACC000872,CID001026,ICICI Bank,877021580856,SBIN538508
ACC000873,CID001028,Axis Bank,959291675472,SBIN109982
ACC000874,CID001029,Bank of Baroda,300692964847,SBIN655433
ACC000875,CID001031,HDFC Bank,923580217904,SBIN715046
ACC000876,CID001032,ICICI Bank,606700815053,SBIN236103
ACC000877,CID001034,HDFC Bank,407825194842,SBIN749581
ACC000878,CID001035,HDFC Bank,478146670797,SBIN296744
ACC000879,CID001036,Union Bank,494664772565,SBIN451938
ACC000880,CID001037,Union Bank,406586552713,SBIN283829
ACC000881,CID001038,ICICI Bank,775355410771,SBIN602477
ACC000882,CID001039,Axis Bank,915384830467,SBIN207310
ACC000883,CID001040,Bank of Baroda,911094399074,SBIN996316
ACC000884,CID001041,Axis Bank,502680143318,SBIN509776
ACC000885,CID001042,ICICI Bank,513521801803,SBIN657031
ACC000886,CID001043,HDFC Bank,314787815639,SBIN778267
ACC000887,CID001044,Union Bank,527704044696,SBIN106311
ACC000888,CID001045,Canara Bank,999538985165,SBIN899494
ACC000889,CID001047,Union Bank,120285211768,SBIN844923
ACC000890,CID001048,ICICI Bank,699615854707,SBIN455358
ACC000891,CID001049,Bank of Baroda,959502033515,SBIN154807
ACC000892,CID001050,Canara Bank,835772106336,SBIN550203
ACC000893,CID001051,Canara Bank,832833121081,SBIN959935
ACC000894,CID001052,Union Bank,878462674232,SBIN980086
ACC000895,CID001053,Canara Bank,780028870791,SBIN431569
ACC000896,CID001055,HDFC Bank,746514337625,SBIN497101
ACC000897,CID001056,SBI,853731573392,SBIN825463
ACC000898,CID001057,ICICI Bank,271089836062,SBIN292095
ACC000899,CID001058,HDFC Bank,998391240153,SBIN691753
ACC000900,CID001059,ICICI Bank,546670025567,SBIN441429
ACC000901,CID001060,ICICI Bank,485275467846,SBIN187514
ACC000902,CID001061,HDFC Bank,296124370310,SBIN662704
ACC000903,CID001062,Axis Bank,106659795582,SBIN350104
ACC000904,CID001063,Bank of Baroda,809135648859,SBIN257751
ACC000905,CID001064,Union Bank,730639878254,SBIN184433
ACC000906,CID001066,HDFC Bank,605038455078,SBIN640148
ACC000907,CID001068,ICICI Bank,138745186390,SBIN956130
ACC000908,CID001069,HDFC Bank,638420437255,SBIN920906
ACC000909,CID001070,ICICI Bank,349924341578,SBIN954093
ACC000910,CID001071,Canara Bank,547935812110,SBIN920116
ACC000911,CID001072,ICICI Bank,420057769099,SBIN898973
ACC000912,CID001073,SBI,277257827813,SBIN187362
ACC000913,CID001074,Canara Bank,428969106040,SBIN306238
ACC000914,CID001075,Bank of Baroda,695341915552,SBIN571149
ACC000915,CID001076,SBI,810264398169,SBIN879136
ACC000916,CID001078,Union Bank,148146739427,SBIN102737
ACC000917,CID001080,HDFC Bank,668000540235,SBIN831364
ACC000918,CID001081,ICICI Bank,966780179816,SBIN348332
ACC000919,CID001082,Union Bank,891633323056,SBIN939115
ACC000920,CID001083,Bank of Baroda,988714931829,SBIN355085
ACC000921,CID001084,Canara Bank,434600860575,SBIN752702
ACC000922,CID001085,Union Bank,349807720007,SBIN310044
ACC000923,CID001086,ICICI Bank,392402619429,SBIN678193
ACC000924,CID001087,HDFC Bank,680563298951,SBIN368107
ACC000925,CID001088,Canara Bank,624466828824,SBIN167044
ACC000926,CID001089,Canara Bank,516170298270,SBIN869195
ACC000927,CID001090,ICICI Bank,767990394792,SBIN945194
ACC000928,CID001091,Union Bank,692880375834,SBIN850312
ACC000929,CID001092,Union Bank,969103179704,SBIN645490
ACC000930,CID001093,Union Bank,954887350759,SBIN389276
ACC000931,CID001095,ICICI Bank,529011792087,SBIN561658
ACC000932,CID001096,SBI,866658651319,SBIN669058
ACC000933,CID001097,HDFC Bank,982660499077,SBIN977052
ACC000934,CID001098,Axis Bank,382070181068,SBIN699945
ACC000935,CID001099,SBI,986686713884,SBIN742116
ACC000936,CID001100,Bank of Baroda,134283572712,SBIN960327
ACC000937,CID001101,Axis Bank,564890311885,SBIN297496
ACC000938,CID001103,HDFC Bank,505418448834,SBIN985022
ACC000939,CID001104,HDFC Bank,200044616464,SBIN854157
ACC000940,CID001105,Axis Bank,408864027767,SBIN662448
ACC000941,CID001106,Axis Bank,807981197380,SBIN597895
ACC000942,CID001108,Bank of Baroda,653514022437,SBIN478678
ACC000943,CID001109,Canara Bank,863227420848,SBIN243752
ACC000944,CID001110,Bank of Baroda,319774963320,SBIN987335
ACC000945,CID001111,HDFC Bank,378035173439,SBIN953501
ACC000946,CID001113,SBI,438057429035,SBIN787442
ACC000947,CID001114,Union Bank,201727874619,SBIN303910
ACC000948,CID001115,Canara Bank,173906193639,SBIN785390
ACC000949,CID001117,ICICI Bank,100796242222,SBIN855100
ACC000950,CID001118,Canara Bank,412879174493,SBIN767301
ACC000951,CID001119,SBI,587328700710,SBIN247645
ACC000952,CID001120,SBI,630857060387,SBIN836753
ACC000953,CID001122,SBI,851882771065,SBIN951163
ACC000954,CID001123,Bank of Baroda,615076960217,SBIN300433
ACC000955,CID001124,SBI,670183145532,SBIN464242
ACC000956,CID001125,HDFC Bank,467171482379,SBIN375140
ACC000957,CID001126,HDFC Bank,536008451672,SBIN825552
ACC000958,CID001128,Union Bank,109662522538,SBIN124317
ACC000959,CID001129,SBI,906939091511,SBIN527621
ACC000960,CID001130,HDFC Bank,746075492919,SBIN722666
ACC000961,CID001131,HDFC Bank,627656640868,SBIN249237
ACC000962,CID001132,Canara Bank,339208106056,SBIN723774
ACC000963,CID001133,Canara Bank,100816666526,SBIN331955
ACC000964,CID001134,Union Bank,861709879991,SBIN378362
ACC000965,CID001135,Canara Bank,919595874336,SBIN179006
ACC000966,CID001136,Bank of Baroda,808399779763,SBIN468042
ACC000967,CID001137,SBI,168977837988,SBIN506478
ACC000968,CID001138,ICICI Bank,916005920936,SBIN134879
ACC000969,CID001139,Union Bank,394875280819,SBIN318055
ACC000970,CID001140,Axis Bank,529555511898,SBIN529453
ACC000971,CID001141,Canara Bank,261136477045,SBIN263879
ACC000972,CID001144,Union Bank,362490725665,SBIN173188
ACC000973,CID001145,Axis Bank,597232174927,SBIN345446
ACC000974,CID001146,HDFC Bank,924930599444,SBIN497562
ACC000975,CID001147,Bank of Baroda,371412674784,SBIN254668
ACC000976,CID001150,Canara Bank,708559311205,SBIN215414
ACC000977,CID001151,HDFC Bank,597979235479,SBIN138016
ACC000978,CID001152,SBI,455099819568,SBIN113467
ACC000979,CID001153,ICICI Bank,775390903215,SBIN104180
ACC000980,CID001154,SBI,759463058641,SBIN125815
ACC000981,CID001155,SBI,937239077436,SBIN726864
ACC000982,CID001156,Bank of Baroda,563503877941,SBIN729264
ACC000983,CID001157,Axis Bank,295085502431,SBIN880039
ACC000984,CID001158,ICICI Bank,667297252062,SBIN952173
ACC000985,CID001159,HDFC Bank,842363413790,SBIN119535
ACC000986,CID001160,Axis Bank,706870638489,SBIN278760
ACC000987,CID001161,Bank of Baroda,214274657144,SBIN127234
ACC000988,CID001162,Axis Bank,621122417224,SBIN514018
ACC000989,CID001163,ICICI Bank,575075261401,SBIN132655
ACC000990,CID001164,Axis Bank,336243431072,SBIN663621
ACC000991,CID001165,SBI,328240115603,SBIN503679
ACC000992,CID001166,Axis Bank,897764111567,SBIN749796
ACC000993,CID001167,Union Bank,691923498786,SBIN209070
ACC000994,CID001168,ICICI Bank,566527117124,SBIN802373
ACC000995,CID001169,ICICI Bank,226484812593,SBIN895151
ACC000996,CID001170,HDFC Bank,515809880121,SBIN526264
ACC000997,CID001171,Union Bank,215597977909,SBIN688361
ACC000998,CID001172,Canara Bank,264433351018,SBIN864163
ACC000999,CID001173,ICICI Bank,277315820784,SBIN369630
ACC001000,CID001174,Canara Bank,939159852210,SBIN372844
ACC001001,CID001175,HDFC Bank,153602731165,SBIN692128
ACC001002,CID001177,ICICI Bank,193079931675,SBIN586567
ACC001003,CID001178,Union Bank,558717977249,SBIN605363
ACC001004,CID001179,Canara Bank,426640040353,SBIN413076
ACC001005,CID001180,Bank of Baroda,585031823521,SBIN734041
ACC001006,CID001182,SBI,202499762753,SBIN551536
ACC001007,CID001183,Canara Bank,220899822505,SBIN785802
ACC001008,CID001184,ICICI Bank,963358617079,SBIN167218
ACC001009,CID001185,Union Bank,600109577024,SBIN526685
ACC001010,CID001186,HDFC Bank,521058010021,SBIN594526
ACC001011,CID001187,Union Bank,733026926237,SBIN496350
ACC001012,CID001188,ICICI Bank,494659675519,SBIN700178
ACC001013,CID001190,HDFC Bank,567974787891,SBIN406035
ACC001014,CID001192,ICICI Bank,207102301081,SBIN258758
ACC001015,CID001193,SBI,842141438098,SBIN835729
ACC001016,CID001194,ICICI Bank,355182639259,SBIN283186
ACC001017,CID001195,Bank of Baroda,583743266794,SBIN325668
ACC001018,CID001196,Canara Bank,434094648103,SBIN570714
ACC001019,CID001197,ICICI Bank,375754984012,SBIN749518
ACC001020,CID001200,ICICI Bank,911593690245,SBIN438085
ACC001021,CID001201,SBI,810169392963,SBIN615811
ACC001022,CID001202,HDFC Bank,484244563888,SBIN314494
ACC001023,CID001204,Canara Bank,351124242007,SBIN910903
ACC001024,CID001205,ICICI Bank,758626742201,SBIN660999
ACC001025,CID001206,Canara Bank,823162307724,SBIN290073
ACC001026,CID001207,SBI,884147499118,SBIN434028
ACC001027,CID001209,ICICI Bank,193746902176,SBIN618221
ACC001028,CID001211,Canara Bank,942385806268,SBIN447064
ACC001029,CID001212,Union Bank,448615249385,SBIN112112
ACC001030,CID001213,Canara Bank,931027602918,SBIN115042
ACC001031,CID001214,Axis Bank,768971350628,SBIN480595
ACC001032,CID001215,ICICI Bank,596561779994,SBIN724526
ACC001033,CID001216,ICICI Bank,239858915033,SBIN856003
ACC001034,CID001217,HDFC Bank,680455094769,SBIN748319
ACC001035,CID001218,Canara Bank,914095686193,SBIN284567
ACC001036,CID001219,Axis Bank,279785259806,SBIN103043
ACC001037,CID001220,ICICI Bank,753725912973,SBIN972317
ACC001038,CID001221,Canara Bank,558088976600,SBIN697390
ACC001039,CID001222,ICICI Bank,265240518814,SBIN558241
ACC001040,CID001223,SBI,456390602316,SBIN702321
ACC001041,CID001224,Axis Bank,367535223819,SBIN597739
ACC001042,CID001225,ICICI Bank,154660518371,SBIN872576
ACC001043,CID001226,Canara Bank,480936184816,SBIN584869
ACC001044,CID001227,ICICI Bank,972201804243,SBIN789974
ACC001045,CID001228,SBI,697997926072,SBIN711072
ACC001046,CID001229,ICICI Bank,386151413055,SBIN586590
ACC001047,CID001230,Bank of Baroda,192126367764,SBIN820065
ACC001048,CID001231,Bank of Baroda,583492882828,SBIN544653
ACC001049,CID001232,Union Bank,952303095516,SBIN196643
ACC001050,CID001233,Bank of Baroda,349248885291,SBIN518262
ACC001051,CID001234,Canara Bank,346283798684,SBIN690841
ACC001052,CID001235,Bank of Baroda,688892411319,SBIN390352
ACC001053,CID001236,HDFC Bank,968882799078,SBIN568922
ACC001054,CID001237,Union Bank,692501026291,SBIN671746
ACC001055,CID001238,HDFC Bank,120234391252,SBIN318131
ACC001056,CID001239,Canara Bank,387651058828,SBIN267487
ACC001057,CID001240,HDFC Bank,379771354320,SBIN487008
ACC001058,CID001242,ICICI Bank,969330753298,SBIN172712
ACC001059,CID001244,Axis Bank,255000095136,SBIN167258
ACC001060,CID001245,Axis Bank,824886899798,SBIN498119
ACC001061,CID001246,Union Bank,962968956842,SBIN773101
ACC001062,CID001247,Bank of Baroda,311650976447,SBIN610984
ACC001063,CID001248,HDFC Bank,236555291177,SBIN100011
ACC001064,CID001249,HDFC Bank,704516551505,SBIN703311
ACC001065,CID001250,Bank of Baroda,447824665344,SBIN713492
ACC001066,CID001251,ICICI Bank,331438430788,SBIN747989
ACC001067,CID001252,Canara Bank,135409739059,SBIN690303
ACC001068,CID001253,SBI,830686756986,SBIN211307
ACC001069,CID001254,HDFC Bank,409100289393,SBIN411901
ACC001070,CID001255,Axis Bank,911973817623,SBIN869766
ACC001071,CID001256,Canara Bank,622131566607,SBIN972388
ACC001072,CID001258,ICICI Bank,494242094259,SBIN402291
ACC001073,CID001260,SBI,273108889089,SBIN775055
ACC001074,CID001261,ICICI Bank,322387661104,SBIN690310
ACC001075,CID001262,Union Bank,279177908081,SBIN131156
ACC001076,CID001263,HDFC Bank,929551219255,SBIN466835
ACC001077,CID001264,Canara Bank,308261043765,SBIN468065
ACC001078,CID001267,Axis Bank,513809971241,SBIN398029
ACC001079,CID001268,HDFC Bank,586726324339,SBIN316445
ACC001080,CID001269,SBI,430862212324,SBIN153957
ACC001081,CID001271,Canara Bank,998036269880,SBIN995725
ACC001082,CID001272,Axis Bank,677053956301,SBIN952903
ACC001083,CID001273,SBI,878905534608,SBIN354357
ACC001084,CID001274,Axis Bank,517490849581,SBIN809775
ACC001085,CID001275,HDFC Bank,475503973648,SBIN889733
ACC001086,CID001277,SBI,319622698086,SBIN435144
ACC001087,CID001279,HDFC Bank,556900271237,SBIN120980
ACC001088,CID001280,Canara Bank,960055498470,SBIN630226
ACC001089,CID001281,Bank of Baroda,712501540988,SBIN474745
ACC001090,CID001282,ICICI Bank,556145872334,SBIN895192
ACC001091,CID001283,Bank of Baroda,401510855112,SBIN168027
ACC001092,CID001285,HDFC Bank,231076395239,SBIN302974
ACC001093,CID001286,Axis Bank,145356882819,SBIN582793
ACC001094,CID001287,HDFC Bank,462987372750,SBIN239543
ACC001095,CID001288,Axis Bank,484039384234,SBIN559343
ACC001096,CID001290,Bank of Baroda,663002581808,SBIN807859
ACC001097,CID001291,SBI,639318988525,SBIN510614
ACC001098,CID001292,HDFC Bank,850090339173,SBIN579019
ACC001099,CID001293,SBI,943152989764,SBIN773490
ACC001100,CID001295,Axis Bank,601209436707,SBIN986960
ACC001101,CID001296,SBI,302251110351,SBIN267491
ACC001102,CID001297,SBI,847252801396,SBIN145032
ACC001103,CID001298,Axis Bank,535089893153,SBIN908818
ACC001104,CID001300,Bank of Baroda,901380407880,SBIN147243
ACC001105,CID001302,Bank of Baroda,767892549157,SBIN327472
ACC001106,CID001303,ICICI Bank,741634800135,SBIN357493
ACC001107,CID001304,SBI,558165405143,SBIN721724
ACC001108,CID001305,SBI,366944813849,SBIN821464
ACC001109,CID001308,ICICI Bank,599840540226,SBIN779791
ACC001110,CID001309,Bank of Baroda,561619478357,SBIN994183
ACC001111,CID001310,Bank of Baroda,814994758894,SBIN364531
ACC001112,CID001311,HDFC Bank,381413006629,SBIN499190
ACC001113,CID001312,HDFC Bank,764566380609,SBIN412112
ACC001114,CID001313,Bank of Baroda,809137990745,SBIN686488
ACC001115,CID001314,SBI,182412866962,SBIN257740
ACC001116,CID001315,Union Bank,202546340079,SBIN596923
ACC001117,CID001316,Axis Bank,793967408034,SBIN332556
ACC001118,CID001317,Axis Bank,504444052866,SBIN934591
ACC001119,CID001318,Axis Bank,719270929747,SBIN322361
ACC001120,CID001319,Union Bank,721422852829,SBIN754255
ACC001121,CID001321,Axis Bank,462484853488,SBIN162097
ACC001122,CID001322,SBI,584901105761,SBIN882987
ACC001123,CID001323,Bank of Baroda,686778879795,SBIN635341
ACC001124,CID001325,ICICI Bank,685066772229,SBIN794937
ACC001125,CID001326,SBI,660588671862,SBIN166001
ACC001126,CID001328,SBI,590829583445,SBIN934467
ACC001127,CID001329,Axis Bank,767193492978,SBIN348637
ACC001128,CID001331,Union Bank,536391573406,SBIN907497
ACC001129,CID001332,Bank of Baroda,133021664301,SBIN570894
ACC001130,CID001333,ICICI Bank,857119723949,SBIN407097
ACC001131,CID001334,Canara Bank,105876359720,SBIN758691
ACC001132,CID001335,Union Bank,601128424485,SBIN354411
ACC001133,CID001336,SBI,116341421317,SBIN802318
ACC001134,CID001337,Union Bank,959624857114,SBIN398289
ACC001135,CID001338,ICICI Bank,194929379795,SBIN475870
ACC001136,CID001339,Union Bank,364140341364,SBIN689344
ACC001137,CID001341,Axis Bank,831560628852,SBIN326811
ACC001138,CID001345,ICICI Bank,452636268365,SBIN721005
ACC001139,CID001346,Axis Bank,324699090503,SBIN817829
ACC001140,CID001347,Axis Bank,252215273018,SBIN966474
ACC001141,CID001349,Bank of Baroda,379070587840,SBIN106143
ACC001142,CID001351,Union Bank,201061998255,SBIN610192
ACC001143,CID001352,SBI,930515623401,SBIN276400
ACC001144,CID001353,Union Bank,888420030944,SBIN355593
ACC001145,CID001354,Axis Bank,452390508031,SBIN789226
ACC001146,CID001355,ICICI Bank,181052973263,SBIN751486
ACC001147,CID001356,Bank of Baroda,629122996554,SBIN586762
ACC001148,CID001357,Axis Bank,253359185746,SBIN453619
ACC001149,CID001358,ICICI Bank,544938679808,SBIN722914
ACC001150,CID001359,Bank of Baroda,793119810134,SBIN364986
ACC001151,CID001360,HDFC Bank,290997481748,SBIN366344
ACC001152,CID001361,Canara Bank,270448665086,SBIN346716
ACC001153,CID001362,ICICI Bank,102765949863,SBIN792134
ACC001154,CID001363,ICICI Bank,323715486190,SBIN101107
ACC001155,CID001364,SBI,879516263237,SBIN164133
ACC001156,CID001365,HDFC Bank,775889346658,SBIN644282
ACC001157,CID001366,Axis Bank,461091346677,SBIN163237
ACC001158,CID001367,HDFC Bank,652163006031,SBIN277915
ACC001159,CID001368,ICICI Bank,415619130966,SBIN603835
ACC001160,CID001369,Union Bank,866641089501,SBIN105258
ACC001161,CID001370,ICICI Bank,597324487935,SBIN636387
ACC001162,CID001371,Union Bank,209521980644,SBIN647014
ACC001163,CID001373,Axis Bank,187551124826,SBIN880568
ACC001164,CID001374,Union Bank,202004559172,SBIN450998
ACC001165,CID001375,Bank of Baroda,863956718197,SBIN187539
ACC001166,CID001376,Axis Bank,725979001059,SBIN251287
ACC001167,CID001377,HDFC Bank,908160528573,SBIN631232
ACC001168,CID001378,ICICI Bank,306982654651,SBIN797846
ACC001169,CID001379,SBI,878816067218,SBIN165174
ACC001170,CID001380,SBI,188043439135,SBIN966631
ACC001171,CID001381,Union Bank,773994734032,SBIN824928
ACC001172,CID001382,SBI,225449621715,SBIN275298
ACC001173,CID001383,Axis Bank,354331848507,SBIN561393
ACC001174,CID001384,HDFC Bank,180318649594,SBIN167496
ACC001175,CID001385,Canara Bank,139759814944,SBIN609318
ACC001176,CID001386,Union Bank,658939208203,SBIN540995
ACC001177,CID001387,Canara Bank,848430048808,SBIN185802
ACC001178,CID001388,Axis Bank,120465521450,SBIN206140
ACC001179,CID001390,Canara Bank,629930891813,SBIN179140
ACC001180,CID001391,Axis Bank,328480629830,SBIN391042
ACC001181,CID001392,Canara Bank,848890948180,SBIN322429
ACC001182,CID001393,Axis Bank,182382545284,SBIN484579
ACC001183,CID001394,Union Bank,101944403427,SBIN725252
ACC001184,CID001395,Axis Bank,519115929987,SBIN572601
ACC001185,CID001396,Union Bank,587367402630,SBIN597147
ACC001186,CID001399,Axis Bank,115235484671,SBIN130396
ACC001187,CID001400,SBI,466111736400,SBIN145794
ACC001188,CID001401,HDFC Bank,678149895562,SBIN859240
ACC001189,CID001402,Union Bank,923841757752,SBIN626065
ACC001190,CID001403,Bank of Baroda,589415815685,SBIN300023
ACC001191,CID001404,HDFC Bank,794479317740,SBIN423890
ACC001192,CID001405,Bank of Baroda,458030846956,SBIN456815
ACC001193,CID001406,SBI,817853420377,SBIN647385
ACC001194,CID001407,ICICI Bank,796104455358,SBIN301166
ACC001195,CID001408,Canara Bank,917472023709,SBIN137701
ACC001196,CID001409,Canara Bank,133904029440,SBIN499334
ACC001197,CID001410,Union Bank,858371837154,SBIN173779
ACC001198,CID001411,Bank of Baroda,267672954043,SBIN967243
ACC001199,CID001412,Union Bank,839020455260,SBIN979924
ACC001200,CID001413,Canara Bank,756984423541,SBIN872855
ACC001201,CID001414,ICICI Bank,492226553901,SBIN559468
ACC001202,CID001415,SBI,627891377173,SBIN197010
ACC001203,CID001417,HDFC Bank,509859670631,SBIN956799
ACC001204,CID001418,ICICI Bank,818917799145,SBIN511724
ACC001205,CID001420,SBI,632473937779,SBIN732436
ACC001206,CID001421,SBI,735653169573,SBIN761176
ACC001207,CID001423,Bank of Baroda,986169023379,SBIN204860
ACC001208,CID001424,ICICI Bank,183406591677,SBIN841364
ACC001209,CID001425,SBI,784253893552,SBIN932191
ACC001210,CID001426,Canara Bank,480532701945,SBIN445262
ACC001211,CID001428,SBI,613678663322,SBIN189200
ACC001212,CID001429,Axis Bank,175389752646,SBIN998089
ACC001213,CID001430,Union Bank,778858337999,SBIN498073
ACC001214,CID001431,Union Bank,525412851012,SBIN104081
ACC001215,CID001432,SBI,716887054768,SBIN753464
ACC001216,CID001433,HDFC Bank,220181771858,SBIN760681
ACC001217,CID001434,SBI,817433516831,SBIN710733
ACC001218,CID001436,SBI,569524267993,SBIN385194
ACC001219,CID001437,HDFC Bank,698047493784,SBIN667252
ACC001220,CID001438,Canara Bank,365163773952,SBIN672631
ACC001221,CID001439,Canara Bank,111369241788,SBIN197622
ACC001222,CID001440,Union Bank,524639111631,SBIN363042
ACC001223,CID001441,Canara Bank,815750451557,SBIN831278
ACC001224,CID001442,Union Bank,747154524406,SBIN369267
ACC001225,CID001443,Axis Bank,242382375928,SBIN593404
ACC001226,CID001444,Canara Bank,138842557615,SBIN200654
ACC001227,CID001445,SBI,272392960729,SBIN547956
ACC001228,CID001446,Union Bank,189165871021,SBIN975604
ACC001229,CID001447,HDFC Bank,350998933381,SBIN964199
ACC001230,CID001448,HDFC Bank,402422660306,SBIN540853
ACC001231,CID001451,SBI,502448887274,SBIN994513
ACC001232,CID001452,Canara Bank,325195446350,SBIN857751
ACC001233,CID001453,SBI,391801019646,SBIN546410
ACC001234,CID001454,SBI,962220527465,SBIN515526
ACC001235,CID001455,Union Bank,327028587376,SBIN606576
ACC001236,CID001456,HDFC Bank,199862440208,SBIN280539
ACC001237,CID001457,Union Bank,391253771914,SBIN894540
ACC001238,CID001458,Union Bank,497746017918,SBIN406760
ACC001239,CID001459,Canara Bank,966079235377,SBIN462134
ACC001240,CID001460,ICICI Bank,609403261017,SBIN543969
ACC001241,CID001461,HDFC Bank,831436548223,SBIN178685
ACC001242,CID001462,Union Bank,825216197347,SBIN383447
ACC001243,CID001463,Canara Bank,293424047527,SBIN343503
ACC001244,CID001464,Union Bank,490681526531,SBIN130854
ACC001245,CID001465,Union Bank,823467888729,SBIN627380
ACC001246,CID001466,Axis Bank,181343739203,SBIN848904
ACC001247,CID001467,Axis Bank,305223680671,SBIN201648
ACC001248,CID001468,Canara Bank,405606066301,SBIN365940
ACC001249,CID001469,SBI,717558411443,SBIN391739
ACC001250,CID001470,Axis Bank,336608622344,SBIN599775
ACC001251,CID001471,Axis Bank,355785373446,SBIN442810
ACC001252,CID001472,SBI,897308952494,SBIN483357
ACC001253,CID001473,SBI,576250914478,SBIN139648
ACC001254,CID001474,Bank of Baroda,625556584019,SBIN590654
ACC001255,CID001475,Bank of Baroda,498797653741,SBIN241030
ACC001256,CID001476,Axis Bank,922209001594,SBIN443502
ACC001257,CID001477,SBI,226333464339,SBIN912518
ACC001258,CID001478,HDFC Bank,416714649185,SBIN302815
ACC001259,CID001479,SBI,920100641032,SBIN120084
ACC001260,CID001481,SBI,560723996054,SBIN400154
ACC001261,CID001482,Union Bank,520854087983,SBIN672569
ACC001262,CID001483,HDFC Bank,839119348512,SBIN733178
ACC001263,CID001484,Union Bank,781633067559,SBIN937175
ACC001264,CID001485,Union Bank,163593245814,SBIN963734
ACC001265,CID001486,Union Bank,686022017991,SBIN637783
ACC001266,CID001487,HDFC Bank,880859441855,SBIN260495
ACC001267,CID001488,Axis Bank,159814789106,SBIN822164
ACC001268,CID001489,ICICI Bank,245054847648,SBIN440110
ACC001269,CID001490,SBI,575114409948,SBIN597500
ACC001270,CID001491,Union Bank,154854705451,SBIN138848
ACC001271,CID001492,ICICI Bank,944396211717,SBIN565562
ACC001272,CID001493,SBI,608862719792,SBIN457788
ACC001273,CID001494,ICICI Bank,498309734805,SBIN195048
ACC001274,CID001495,Union Bank,578847437928,SBIN114014
ACC001275,CID001496,ICICI Bank,108227239912,SBIN437181
ACC001276,CID001497,Union Bank,233213389702,SBIN376823
ACC001277,CID001498,Bank of Baroda,382488471271,SBIN418938
ACC001278,CID001499,SBI,417796120967,SBIN283751
ACC001279,CID001500,ICICI Bank,574085827522,SBIN158378
ACC001280,CID001501,Axis Bank,484065239262,SBIN590098
ACC001281,CID001502,Union Bank,916964890437,SBIN466735
ACC001282,CID001503,Canara Bank,727022734755,SBIN788116
ACC001283,CID001504,ICICI Bank,979712937288,SBIN891166
ACC001284,CID001505,Union Bank,967804700175,SBIN111981
ACC001285,CID001507,Bank of Baroda,821522995315,SBIN600631
ACC001286,CID001509,ICICI Bank,279669000023,SBIN637514
ACC001287,CID001510,Axis Bank,823013605852,SBIN990860
ACC001288,CID001512,Bank of Baroda,632446057131,SBIN267100
ACC001289,CID001513,Canara Bank,351653810432,SBIN763133
ACC001290,CID001514,ICICI Bank,434454159144,SBIN188398
ACC001291,CID001515,HDFC Bank,968293941771,SBIN686712
ACC001292,CID001516,ICICI Bank,798577055573,SBIN164084
ACC001293,CID001517,Canara Bank,485073288865,SBIN880249
ACC001294,CID001518,HDFC Bank,187142746592,SBIN437615
ACC001295,CID001519,ICICI Bank,754668759489,SBIN373650
ACC001296,CID001520,Union Bank,707036495902,SBIN636215
ACC001297,CID001521,Axis Bank,159726703641,SBIN524599
ACC001298,CID001522,HDFC Bank,913501590005,SBIN789368
ACC001299,CID001523,Canara Bank,745412276073,SBIN787278
ACC001300,CID001524,Canara Bank,311969686269,SBIN530210
ACC001301,CID001525,ICICI Bank,182163579525,SBIN242961
ACC001302,CID001527,Bank of Baroda,415777168178,SBIN571974
ACC001303,CID001528,Bank of Baroda,346302768871,SBIN385645
ACC001304,CID001529,Bank of Baroda,640831427434,SBIN506775
ACC001305,CID001530,Bank of Baroda,734997603109,SBIN780651
ACC001306,CID001531,Bank of Baroda,373904157613,SBIN787055
ACC001307,CID001532,ICICI Bank,640237431406,SBIN392683
ACC001308,CID001533,ICICI Bank,732895360345,SBIN553022
ACC001309,CID001534,Union Bank,241599190581,SBIN360921
ACC001310,CID001535,Bank of Baroda,100357092470,SBIN602418
ACC001311,CID001536,Canara Bank,972319096391,SBIN983790
ACC001312,CID001537,Canara Bank,788263568873,SBIN652091
ACC001313,CID001538,Axis Bank,196271867592,SBIN605761
ACC001314,CID001539,ICICI Bank,971678058957,SBIN799352
ACC001315,CID001540,Bank of Baroda,825111996075,SBIN223294
ACC001316,CID001541,Union Bank,193880929777,SBIN289957
ACC001317,CID001542,Axis Bank,456247804323,SBIN783681
ACC001318,CID001543,HDFC Bank,604871022295,SBIN838711
ACC001319,CID001544,Union Bank,796458237221,SBIN834734
ACC001320,CID001546,SBI,117771510946,SBIN922604
ACC001321,CID001548,HDFC Bank,856489313453,SBIN732655
ACC001322,CID001549,Union Bank,358690103588,SBIN178294
ACC001323,CID001550,HDFC Bank,274558649089,SBIN512002
ACC001324,CID001551,SBI,544435146725,SBIN213492
ACC001325,CID001552,Union Bank,987964660452,SBIN668246
ACC001326,CID001554,Bank of Baroda,184555307668,SBIN286075
ACC001327,CID001555,SBI,285914337036,SBIN436902
ACC001328,CID001557,Canara Bank,944249468358,SBIN448630
ACC001329,CID001558,Bank of Baroda,390278433450,SBIN296459
ACC001330,CID001559,SBI,550745961794,SBIN623092
ACC001331,CID001560,HDFC Bank,526446074395,SBIN170327
ACC001332,CID001561,Canara Bank,793835079561,SBIN644710
ACC001333,CID001562,HDFC Bank,673805839601,SBIN469572
ACC001334,CID001563,Canara Bank,249299094512,SBIN852299
ACC001335,CID001565,Bank of Baroda,799741033107,SBIN810022
ACC001336,CID001567,SBI,176132588119,SBIN160549
ACC001337,CID001568,Canara Bank,934040439457,SBIN854430
ACC001338,CID001571,Canara Bank,699061718447,SBIN810830
ACC001339,CID001572,Union Bank,692560021882,SBIN750029
ACC001340,CID001573,Bank of Baroda,147080227313,SBIN422092
ACC001341,CID001574,HDFC Bank,721196521010,SBIN275005
ACC001342,CID001576,Bank of Baroda,867460590010,SBIN612984
ACC001343,CID001577,Union Bank,989955606030,SBIN563646
ACC001344,CID001578,Axis Bank,996109915011,SBIN694408
ACC001345,CID001579,SBI,999515038608,SBIN443779
ACC001346,CID001581,ICICI Bank,395027591528,SBIN259077
ACC001347,CID001583,Canara Bank,882002551248,SBIN760885
ACC001348,CID001584,SBI,109183626571,SBIN548871
ACC001349,CID001585,Union Bank,195255519379,SBIN893169
ACC001350,CID001586,ICICI Bank,966867645438,SBIN974696
ACC001351,CID001587,Bank of Baroda,185859285755,SBIN608260
ACC001352,CID001588,ICICI Bank,994925312137,SBIN647068
ACC001353,CID001589,ICICI Bank,747563115785,SBIN323079
ACC001354,CID001590,Union Bank,283833124880,SBIN520272
ACC001355,CID001592,Axis Bank,857958551587,SBIN222518
ACC001356,CID001593,ICICI Bank,862564991355,SBIN144914
ACC001357,CID001596,ICICI Bank,593687134881,SBIN332554
ACC001358,CID001598,HDFC Bank,689980168929,SBIN846185
ACC001359,CID001599,Canara Bank,384056133339,SBIN137951
ACC001360,CID001600,HDFC Bank,863433473652,SBIN204675
ACC001361,CID001601,ICICI Bank,130291930773,SBIN810250
ACC001362,CID001605,ICICI Bank,727622714165,SBIN483947
ACC001363,CID001606,SBI,912001516152,SBIN175973
ACC001364,CID001607,HDFC Bank,328715247650,SBIN506477
ACC001365,CID001608,ICICI Bank,735587913355,SBIN116156
ACC001366,CID001609,SBI,789685541893,SBIN429773
ACC001367,CID001610,HDFC Bank,302456808448,SBIN522909
ACC001368,CID001611,Bank of Baroda,240066568312,SBIN947841
ACC001369,CID001612,Axis Bank,831048005725,SBIN899461
ACC001370,CID001613,Canara Bank,244533851946,SBIN356119
ACC001371,CID001614,Canara Bank,895332732065,SBIN699644
ACC001372,CID001615,ICICI Bank,605536398869,SBIN822133
ACC001373,CID001616,Bank of Baroda,871291646910,SBIN116646
ACC001374,CID001618,Axis Bank,581666793767,SBIN363348
ACC001375,CID001621,Union Bank,124508410341,SBIN432274
ACC001376,CID001622,HDFC Bank,890984212319,SBIN255388
ACC001377,CID001623,Canara Bank,541057121637,SBIN837080
ACC001378,CID001624,Canara Bank,293453538001,SBIN903530
ACC001379,CID001625,HDFC Bank,427043004414,SBIN954389
ACC001380,CID001626,SBI,179613287035,SBIN638025
ACC001381,CID001627,Axis Bank,548668576838,SBIN401252
ACC001382,CID001628,Bank of Baroda,662129609377,SBIN754952
ACC001383,CID001629,Canara Bank,509041292043,SBIN382959
ACC001384,CID001631,SBI,165992063329,SBIN541188
ACC001385,CID001632,Canara Bank,252387725082,SBIN226069
ACC001386,CID001634,Canara Bank,810110552418,SBIN978664
ACC001387,CID001635,SBI,886859800533,SBIN245948
ACC001388,CID001636,Canara Bank,507257865990,SBIN625921
ACC001389,CID001637,ICICI Bank,233548228197,SBIN654166
ACC001390,CID001638,Bank of Baroda,191954568083,SBIN975921
ACC001391,CID001639,Bank of Baroda,180931929340,SBIN282784
ACC001392,CID001640,Union Bank,116179665495,SBIN561958
ACC001393,CID001641,ICICI Bank,725378564967,SBIN202636
ACC001394,CID001642,SBI,679183632982,SBIN838117
ACC001395,CID001643,SBI,530327975674,SBIN551735
ACC001396,CID001644,SBI,906993579277,SBIN299628
ACC001397,CID001645,Bank of Baroda,331186815337,SBIN569464
ACC001398,CID001647,HDFC Bank,532006365368,SBIN152485
ACC001399,CID001648,HDFC Bank,515285640001,SBIN512769
ACC001400,CID001649,Canara Bank,189093740657,SBIN873501
ACC001401,CID001650,ICICI Bank,589159875347,SBIN363450
ACC001402,CID001652,SBI,158380526873,SBIN552254
ACC001403,CID001653,SBI,992923590620,SBIN520764
ACC001404,CID001655,Bank of Baroda,188043966311,SBIN917265
ACC001405,CID001656,Axis Bank,792455557319,SBIN915992
ACC001406,CID001657,Axis Bank,682705476430,SBIN260588
ACC001407,CID001660,HDFC Bank,518945330728,SBIN103865
ACC001408,CID001661,Bank of Baroda,553695976467,SBIN642902
ACC001409,CID001662,Axis Bank,198793067838,SBIN359077
ACC001410,CID001663,Axis Bank,344285049957,SBIN750381
ACC001411,CID001664,Union Bank,784240311305,SBIN318870
ACC001412,CID001666,SBI,679219789677,SBIN911057
ACC001413,CID001667,Axis Bank,600948680048,SBIN620980
ACC001414,CID001668,Union Bank,903138271680,SBIN670736
ACC001415,CID001669,Axis Bank,830729321135,SBIN476957
ACC001416,CID001670,Canara Bank,746321585738,SBIN507009
ACC001417,CID001671,Bank of Baroda,209355083010,SBIN101941
ACC001418,CID001672,Axis Bank,797710171824,SBIN857258
ACC001419,CID001673,Canara Bank,232742902410,SBIN199391
ACC001420,CID001674,Union Bank,140973948798,SBIN771114
ACC001421,CID001675,HDFC Bank,395271492158,SBIN771814
ACC001422,CID001676,Bank of Baroda,443700141598,SBIN622258
ACC001423,CID001677,SBI,552431500677,SBIN347610
ACC001424,CID001678,ICICI Bank,818004746978,SBIN245047
ACC001425,CID001679,SBI,929644847899,SBIN823391
ACC001426,CID001680,SBI,877860271037,SBIN298812
ACC001427,CID001681,HDFC Bank,761099182978,SBIN498196
ACC001428,CID001682,Canara Bank,546170779235,SBIN226132
ACC001429,CID001684,HDFC Bank,751411933462,SBIN791068
ACC001430,CID001685,Bank of Baroda,155605042943,SBIN450256
ACC001431,CID001686,Union Bank,609709517503,SBIN733477
ACC001432,CID001687,Union Bank,947513769175,SBIN703310
ACC001433,CID001688,Bank of Baroda,379485341299,SBIN352186
ACC001434,CID001689,Union Bank,328456543678,SBIN109449
ACC001435,CID001690,Union Bank,594784899680,SBIN722030
ACC001436,CID001691,HDFC Bank,662639649628,SBIN339886
ACC001437,CID001692,HDFC Bank,220598228150,SBIN325765
ACC001438,CID001693,ICICI Bank,102803540916,SBIN728790
ACC001439,CID001694,Axis Bank,707857880201,SBIN821162
ACC001440,CID001695,ICICI Bank,360496838431,SBIN496450
ACC001441,CID001696,ICICI Bank,840072636898,SBIN104317
ACC001442,CID001697,Axis Bank,854977077604,SBIN350567
ACC001443,CID001698,HDFC Bank,145108259129,SBIN122054
ACC001444,CID001699,Bank of Baroda,737006847851,SBIN383413
ACC001445,CID001700,SBI,757024090766,SBIN235070
ACC001446,CID001701,Axis Bank,236459843540,SBIN398169
ACC001447,CID001702,ICICI Bank,658372463129,SBIN972208
ACC001448,CID001703,Canara Bank,219329926463,SBIN701110
ACC001449,CID001704,Canara Bank,259263664560,SBIN720909
ACC001450,CID001705,Axis Bank,645723796725,SBIN136306
ACC001451,CID001706,Axis Bank,943693401966,SBIN274708
ACC001452,CID001709,Axis Bank,140380972991,SBIN206021
ACC001453,CID001710,Union Bank,469056658902,SBIN422697
ACC001454,CID001711,Bank of Baroda,235935561347,SBIN810531
ACC001455,CID001712,Canara Bank,539847601811,SBIN114599
ACC001456,CID001713,Canara Bank,352519795809,SBIN686040
ACC001457,CID001714,ICICI Bank,180802995941,SBIN105787
ACC001458,CID001715,Axis Bank,913176528299,SBIN865650
ACC001459,CID001717,Canara Bank,578997023218,SBIN234138
ACC001460,CID001719,Bank of Baroda,361053465185,SBIN862476
ACC001461,CID001720,Union Bank,886281666445,SBIN516895
ACC001462,CID001721,Union Bank,152899759978,SBIN348456
ACC001463,CID001722,Axis Bank,808399335802,SBIN710008
ACC001464,CID001723,Bank of Baroda,327825824267,SBIN747677
ACC001465,CID001724,HDFC Bank,613492156568,SBIN339748
ACC001466,CID001725,HDFC Bank,107735496117,SBIN411771
ACC001467,CID001726,Canara Bank,293842655994,SBIN816204
ACC001468,CID001727,Bank of Baroda,209820327409,SBIN944035
ACC001469,CID001729,HDFC Bank,236374407667,SBIN904131
ACC001470,CID001730,Union Bank,344553533095,SBIN575698
ACC001471,CID001731,SBI,694142713802,SBIN821185
ACC001472,CID001733,Canara Bank,521438097474,SBIN988913
ACC001473,CID001734,Canara Bank,194570001520,SBIN702003
ACC001474,CID001735,HDFC Bank,605453833351,SBIN808437
ACC001475,CID001736,Bank of Baroda,577126763505,SBIN321136
ACC001476,CID001737,Canara Bank,525286603457,SBIN314960
ACC001477,CID001738,ICICI Bank,934953440246,SBIN370912
ACC001478,CID001739,ICICI Bank,527154586201,SBIN875833
ACC001479,CID001740,Axis Bank,968762343821,SBIN251098
ACC001480,CID001741,Axis Bank,927655618943,SBIN192284
ACC001481,CID001742,Bank of Baroda,822403252899,SBIN515243
ACC001482,CID001743,ICICI Bank,950040091335,SBIN973454
ACC001483,CID001744,Axis Bank,878166322017,SBIN744636
ACC001484,CID001746,Canara Bank,140969405783,SBIN896735
ACC001485,CID001747,Axis Bank,828384027630,SBIN891006
ACC001486,CID001748,ICICI Bank,327429994131,SBIN293664
ACC001487,CID001750,Bank of Baroda,628105622401,SBIN495708
ACC001488,CID001751,Axis Bank,503987859208,SBIN918979
ACC001489,CID001752,Canara Bank,647633337392,SBIN996380
ACC001490,CID001753,Axis Bank,518802353902,SBIN359345
ACC001491,CID001754,Bank of Baroda,695132465448,SBIN888091
ACC001492,CID001755,Bank of Baroda,186414392415,SBIN957371
ACC001493,CID001756,HDFC Bank,570709470939,SBIN172588
ACC001494,CID001757,Union Bank,545295276313,SBIN109079
ACC001495,CID001758,Union Bank,600450187997,SBIN917039
ACC001496,CID001759,Union Bank,552665993200,SBIN780836
ACC001497,CID001761,Bank of Baroda,997471722912,SBIN796069
ACC001498,CID001762,Canara Bank,354378394861,SBIN846585
ACC001499,CID001763,Union Bank,118731624923,SBIN230779
ACC001500,CID001765,Bank of Baroda,504729118930,SBIN509000
ACC001501,CID001766,Bank of Baroda,750452881740,SBIN767734
ACC001502,CID001767,Axis Bank,679396033539,SBIN873471
ACC001503,CID001768,SBI,330181449300,SBIN878699
ACC001504,CID001769,HDFC Bank,638716056469,SBIN988298
ACC001505,CID001770,Union Bank,881041180413,SBIN489195
ACC001506,CID001771,ICICI Bank,577244171159,SBIN528839
ACC001507,CID001772,SBI,738832886561,SBIN925298
ACC001508,CID001773,HDFC Bank,417886745604,SBIN163889
ACC001509,CID001774,HDFC Bank,423727643123,SBIN730755
ACC001510,CID001775,HDFC Bank,788569047558,SBIN300675
ACC001511,CID001776,Bank of Baroda,539806291995,SBIN830090
ACC001512,CID001777,ICICI Bank,535512900832,SBIN240332
ACC001513,CID001778,ICICI Bank,472948259250,SBIN993891
ACC001514,CID001779,Canara Bank,893842591638,SBIN635650
ACC001515,CID001781,Bank of Baroda,194832063060,SBIN514872
ACC001516,CID001782,Bank of Baroda,764450691108,SBIN258093
ACC001517,CID001783,HDFC Bank,547873019494,SBIN911688
ACC001518,CID001784,Axis Bank,824507055989,SBIN311445
ACC001519,CID001785,HDFC Bank,314518692713,SBIN323648
ACC001520,CID001786,SBI,125166620389,SBIN959831
ACC001521,CID001787,Bank of Baroda,851142858559,SBIN556331
ACC001522,CID001788,Union Bank,936562464505,SBIN654670
ACC001523,CID001789,Axis Bank,559709768001,SBIN426678
ACC001524,CID001791,HDFC Bank,362039780904,SBIN353452
ACC001525,CID001792,Axis Bank,716351790966,SBIN759450
ACC001526,CID001793,SBI,593456810855,SBIN707141
ACC001527,CID001794,ICICI Bank,110211629016,SBIN410145
ACC001528,CID001795,Bank of Baroda,545105784118,SBIN207134
ACC001529,CID001796,Canara Bank,790682180050,SBIN796273
ACC001530,CID001797,Union Bank,317761720795,SBIN638101
ACC001531,CID001799,Bank of Baroda,613885380527,SBIN133316
ACC001532,CID001800,Union Bank,223094098840,SBIN930649
ACC001533,CID001801,Axis Bank,232118288005,SBIN265704
ACC001534,CID001803,Bank of Baroda,810478869582,SBIN561847
ACC001535,CID001804,Axis Bank,721779661909,SBIN645617
ACC001536,CID001806,Bank of Baroda,941533185441,SBIN535425
ACC001537,CID001807,HDFC Bank,653391708078,SBIN690294
ACC001538,CID001808,Bank of Baroda,334608681734,SBIN463838
ACC001539,CID001809,Axis Bank,910187890993,SBIN170112
ACC001540,CID001810,Union Bank,243743727724,SBIN252160
ACC001541,CID001811,Canara Bank,146537603663,SBIN550096
ACC001542,CID001812,ICICI Bank,355314040735,SBIN351589
ACC001543,CID001813,HDFC Bank,716383073009,SBIN834891
ACC001544,CID001814,Canara Bank,235741731090,SBIN452055
ACC001545,CID001815,ICICI Bank,102428777346,SBIN892878
ACC001546,CID001817,Union Bank,274079359764,SBIN837269
ACC001547,CID001818,Axis Bank,855184587983,SBIN442242
ACC001548,CID001819,Union Bank,475406137565,SBIN513104
ACC001549,CID001820,Bank of Baroda,765198561952,SBIN972900
ACC001550,CID001821,Union Bank,388295887048,SBIN361983
ACC001551,CID001822,Axis Bank,791069436841,SBIN784262
ACC001552,CID001823,Axis Bank,425884305586,SBIN110106
ACC001553,CID001824,SBI,291844413169,SBIN410441
ACC001554,CID001825,Bank of Baroda,808323603611,SBIN572314
ACC001555,CID001826,SBI,257679490937,SBIN637860
ACC001556,CID001827,Axis Bank,795058214772,SBIN299333
ACC001557,CID001828,Union Bank,647985577110,SBIN362814
ACC001558,CID001829,SBI,150604701512,SBIN454016
ACC001559,CID001830,Canara Bank,178475763414,SBIN956081
ACC001560,CID001831,Canara Bank,751254357372,SBIN404127
ACC001561,CID001833,Canara Bank,415834524517,SBIN755125
ACC001562,CID001834,ICICI Bank,875499190471,SBIN879633
ACC001563,CID001835,Canara Bank,331010829840,SBIN759771
ACC001564,CID001837,SBI,515212602984,SBIN791485
ACC001565,CID001838,Canara Bank,613000084802,SBIN714465
ACC001566,CID001839,ICICI Bank,420129056489,SBIN169049
ACC001567,CID001840,Union Bank,688471695665,SBIN916551
ACC001568,CID001841,Bank of Baroda,576111612802,SBIN393201
ACC001569,CID001843,Union Bank,163336165293,SBIN452365
ACC001570,CID001844,Union Bank,123138587263,SBIN701884
ACC001571,CID001845,Union Bank,724333720637,SBIN914073
ACC001572,CID001846,SBI,115559903386,SBIN429752
ACC001573,CID001847,SBI,602923496623,SBIN543685
ACC001574,CID001848,Axis Bank,299729284002,SBIN732271
ACC001575,CID001849,Canara Bank,491508713370,SBIN637351
ACC001576,CID001850,HDFC Bank,499039000633,SBIN582791
ACC001577,CID001851,HDFC Bank,641828095624,SBIN649663
ACC001578,CID001852,SBI,793175027573,SBIN191483
ACC001579,CID001853,SBI,222748075018,SBIN277681
ACC001580,CID001854,HDFC Bank,627716944888,SBIN870859
ACC001581,CID001855,SBI,426023985972,SBIN991775
ACC001582,CID001856,ICICI Bank,513430462250,SBIN489805
ACC001583,CID001858,Canara Bank,113161667223,SBIN907425
ACC001584,CID001859,Bank of Baroda,216416077272,SBIN653286
ACC001585,CID001860,Canara Bank,369549190114,SBIN592212
ACC001586,CID001861,Canara Bank,198579516466,SBIN177930
ACC001587,CID001862,HDFC Bank,186061731538,SBIN610834
ACC001588,CID001865,ICICI Bank,504487932291,SBIN767701
ACC001589,CID001866,Union Bank,623204514381,SBIN488932
ACC001590,CID001867,Union Bank,218337566677,SBIN659615
ACC001591,CID001868,Bank of Baroda,683155741300,SBIN745618
ACC001592,CID001870,SBI,330175841118,SBIN786016
ACC001593,CID001871,HDFC Bank,800849995820,SBIN552074
ACC001594,CID001872,Axis Bank,543967005258,SBIN427226
ACC001595,CID001873,ICICI Bank,775326857496,SBIN465757
ACC001596,CID001874,HDFC Bank,788982345013,SBIN218077
ACC001597,CID001875,HDFC Bank,563319149378,SBIN472427
ACC001598,CID001876,ICICI Bank,439038134282,SBIN494245
ACC001599,CID001877,Bank of Baroda,604929767738,SBIN241168
ACC001600,CID001879,Bank of Baroda,553167149698,SBIN210355
ACC001601,CID001880,Canara Bank,145421912085,SBIN478461
ACC001602,CID001881,Bank of Baroda,982922039371,SBIN931582
ACC001603,CID001883,HDFC Bank,903906808014,SBIN547202
ACC001604,CID001884,SBI,619732424332,SBIN763338
ACC001605,CID001885,Bank of Baroda,252716435415,SBIN212321
ACC001606,CID001886,HDFC Bank,514724611039,SBIN635513
ACC001607,CID001887,Canara Bank,297022778531,SBIN759452
ACC001608,CID001888,Union Bank,276345131072,SBIN855323
ACC001609,CID001889,Union Bank,700561252504,SBIN227594
ACC001610,CID001890,HDFC Bank,817667375604,SBIN977188
ACC001611,CID001891,Bank of Baroda,865832793171,SBIN670592
ACC001612,CID001892,Bank of Baroda,609393332904,SBIN168620
ACC001613,CID001893,Axis Bank,965231598613,SBIN784880
ACC001614,CID001894,ICICI Bank,902160187215,SBIN613312
ACC001615,CID001897,Axis Bank,525747255752,SBIN241312
ACC001616,CID001898,SBI,874654764113,SBIN693042
ACC001617,CID001900,SBI,677984606144,SBIN373975
ACC001618,CID001901,Union Bank,939202784816,SBIN679835
ACC001619,CID001902,SBI,253856253952,SBIN152676
ACC001620,CID001904,SBI,384219531565,SBIN717222
ACC001621,CID001905,SBI,224507926803,SBIN505764
ACC001622,CID001906,Canara Bank,478602005216,SBIN642829
ACC001623,CID001907,HDFC Bank,407731060370,SBIN741011
ACC001624,CID001908,Axis Bank,482112820197,SBIN801787
ACC001625,CID001909,Bank of Baroda,624571104919,SBIN291095
ACC001626,CID001910,HDFC Bank,143055995807,SBIN631334
ACC001627,CID001911,ICICI Bank,129341181595,SBIN977081
ACC001628,CID001912,Axis Bank,897216712236,SBIN440210
ACC001629,CID001913,SBI,716790561278,SBIN406098
ACC001630,CID001914,Axis Bank,586682435536,SBIN703883
ACC001631,CID001915,SBI,134202202192,SBIN628746
ACC001632,CID001916,Axis Bank,458208044123,SBIN378228
ACC001633,CID001918,ICICI Bank,579655018254,SBIN206498
ACC001634,CID001919,HDFC Bank,921504379076,SBIN774823
ACC001635,CID001921,Axis Bank,531821891171,SBIN197119
ACC001636,CID001922,Union Bank,640218062074,SBIN722887
ACC001637,CID001923,HDFC Bank,190230978500,SBIN611061
ACC001638,CID001924,Canara Bank,462029947215,SBIN133347
ACC001639,CID001926,Canara Bank,877310442096,SBIN234061
ACC001640,CID001928,HDFC Bank,630918830810,SBIN278555
ACC001641,CID001929,Union Bank,752273405676,SBIN243301
ACC001642,CID001930,Bank of Baroda,336051513817,SBIN339065
ACC001643,CID001931,Axis Bank,298118698363,SBIN265158
ACC001644,CID001932,Canara Bank,208021284081,SBIN251516
ACC001645,CID001933,Union Bank,813788079887,SBIN722732
ACC001646,CID001934,ICICI Bank,292550798622,SBIN370895
ACC001647,CID001935,ICICI Bank,227957615114,SBIN690537
ACC001648,CID001936,Union Bank,137945101689,SBIN112790
ACC001649,CID001937,Canara Bank,330838304223,SBIN479900
ACC001650,CID001938,HDFC Bank,373616236949,SBIN270474
ACC001651,CID001939,ICICI Bank,960028628984,SBIN143039
ACC001652,CID001940,Canara Bank,659985441399,SBIN132875
ACC001653,CID001941,Bank of Baroda,442474309903,SBIN765433
ACC001654,CID001943,Axis Bank,853850218193,SBIN527187
ACC001655,CID001944,Union Bank,247627759294,SBIN631366
ACC001656,CID001945,Union Bank,990024371604,SBIN913996
ACC001657,CID001946,Bank of Baroda,610092044089,SBIN480417
ACC001658,CID001947,Union Bank,202566853854,SBIN989183
ACC001659,CID001948,ICICI Bank,807749857795,SBIN488347
ACC001660,CID001949,Axis Bank,786516315254,SBIN849212
ACC001661,CID001950,HDFC Bank,548277540345,SBIN658706
ACC001662,CID001951,HDFC Bank,649647358389,SBIN424244
ACC001663,CID001952,Bank of Baroda,237215758440,SBIN361110
ACC001664,CID001953,Axis Bank,901841491057,SBIN451326
ACC001665,CID001954,SBI,571124554226,SBIN981137
ACC001666,CID001955,Axis Bank,445724967697,SBIN289995
ACC001667,CID001956,SBI,138228596830,SBIN224978
ACC001668,CID001957,HDFC Bank,703522300553,SBIN763947
ACC001669,CID001958,Union Bank,582286062136,SBIN793342
ACC001670,CID001959,Union Bank,736922668851,SBIN979632
ACC001671,CID001960,SBI,999950497770,SBIN499273
ACC001672,CID001961,ICICI Bank,250212751734,SBIN254715
ACC001673,CID001962,Canara Bank,556568416772,SBIN892789
ACC001674,CID001963,Canara Bank,783938283403,SBIN208873
ACC001675,CID001965,Axis Bank,231872627631,SBIN870263
ACC001676,CID001966,SBI,400176486288,SBIN830841
ACC001677,CID001967,ICICI Bank,759236562515,SBIN991145
ACC001678,CID001968,HDFC Bank,725906817587,SBIN267890
ACC001679,CID001969,Axis Bank,449502018971,SBIN741330
ACC001680,CID001970,Union Bank,952894405067,SBIN297082
ACC001681,CID001971,Bank of Baroda,183144554603,SBIN827040
ACC001682,CID001972,HDFC Bank,913601037061,SBIN928628
ACC001683,CID001973,ICICI Bank,852804246387,SBIN754187
ACC001684,CID001974,SBI,792210922397,SBIN122492
ACC001685,CID001975,Union Bank,289467873679,SBIN792741
ACC001686,CID001977,ICICI Bank,603278240171,SBIN451357
ACC001687,CID001978,ICICI Bank,995592099020,SBIN317915
ACC001688,CID001979,Union Bank,355784319638,SBIN741040
ACC001689,CID001980,Union Bank,800704449246,SBIN277349
ACC001690,CID001981,Bank of Baroda,359531607254,SBIN142804
ACC001691,CID001982,Bank of Baroda,966153809460,SBIN922055
ACC001692,CID001983,SBI,520776161682,SBIN529517
ACC001693,CID001984,Union Bank,662148912032,SBIN732232
ACC001694,CID001987,HDFC Bank,889841096233,SBIN507994
ACC001695,CID001988,HDFC Bank,107191454042,SBIN282062
ACC001696,CID001989,HDFC Bank,155847786384,SBIN978496
ACC001697,CID001990,ICICI Bank,140530739797,SBIN705935
ACC001698,CID001991,Bank of Baroda,675036104233,SBIN463850
ACC001699,CID001992,Axis Bank,814467251130,SBIN452558
ACC001700,CID001993,HDFC Bank,359010534910,SBIN448175
ACC001701,CID001994,Union Bank,311374764109,SBIN741439
ACC001702,CID001995,Canara Bank,968945075902,SBIN862952
ACC001703,CID001996,HDFC Bank,302529110740,SBIN848003
ACC001704,CID001997,Axis Bank,251529552359,SBIN707962
ACC001705,CID001998,Canara Bank,847421522190,SBIN156855
ACC001706,CID001999,ICICI Bank,592420260158,SBIN743837
ACC001707,CID002001,HDFC Bank,692663850489,SBIN641575
ACC001708,CID002002,Canara Bank,992809874033,SBIN819176
ACC001709,CID002003,HDFC Bank,978669341283,SBIN764602
ACC001710,CID002005,ICICI Bank,133080703564,SBIN789683
ACC001711,CID002006,Axis Bank,497302684630,SBIN694877
ACC001712,CID002007,ICICI Bank,522688161851,SBIN945619
ACC001713,CID002008,HDFC Bank,560386552332,SBIN216757
ACC001714,CID002009,SBI,341857993184,SBIN927362
ACC001715,CID002010,Axis Bank,779795683746,SBIN247940
ACC001716,CID002011,Canara Bank,868668324481,SBIN866304
ACC001717,CID002012,Bank of Baroda,428913031851,SBIN213472
ACC001718,CID002013,Axis Bank,265266935610,SBIN268052
ACC001719,CID002014,ICICI Bank,912649546788,SBIN499379
ACC001720,CID002015,Axis Bank,878114843256,SBIN259516
ACC001721,CID002017,Canara Bank,681341429239,SBIN723628
ACC001722,CID002018,HDFC Bank,449404135347,SBIN136541
ACC001723,CID002019,Axis Bank,984744755896,SBIN584341
ACC001724,CID002021,SBI,472060379668,SBIN597070
ACC001725,CID002022,HDFC Bank,699156489439,SBIN407657
ACC001726,CID002023,Union Bank,444769599830,SBIN876646
ACC001727,CID002024,Union Bank,947076090432,SBIN820537
ACC001728,CID002025,ICICI Bank,780091601239,SBIN453114
ACC001729,CID002026,Union Bank,854846682658,SBIN679548
ACC001730,CID002027,ICICI Bank,193841633840,SBIN999178
ACC001731,CID002028,Canara Bank,716463425481,SBIN942916
ACC001732,CID002029,ICICI Bank,263358992319,SBIN648942
ACC001733,CID002030,HDFC Bank,123077217371,SBIN653643
ACC001734,CID002031,Bank of Baroda,972830888497,SBIN428861
ACC001735,CID002032,Axis Bank,434524040877,SBIN212067
ACC001736,CID002033,Axis Bank,986775434967,SBIN252854
ACC001737,CID002034,SBI,803398845432,SBIN483793
ACC001738,CID002035,Axis Bank,114269816743,SBIN798282
ACC001739,CID002037,Bank of Baroda,603526610788,SBIN107209
ACC001740,CID002038,Bank of Baroda,216479585485,SBIN713631
ACC001741,CID002040,Bank of Baroda,584438165116,SBIN365954
ACC001742,CID002041,Union Bank,435272473013,SBIN714981
ACC001743,CID002042,Canara Bank,294747060884,SBIN848934
ACC001744,CID002043,Bank of Baroda,914466171466,SBIN188654
ACC001745,CID002044,HDFC Bank,406442048874,SBIN247464
ACC001746,CID002046,Canara Bank,279299557570,SBIN193276
ACC001747,CID002047,Axis Bank,331938583408,SBIN447660
ACC001748,CID002048,Bank of Baroda,667441964571,SBIN105449
ACC001749,CID002050,Canara Bank,179988696244,SBIN837263
ACC001750,CID002051,ICICI Bank,173420273833,SBIN422337
ACC001751,CID002052,SBI,298795103646,SBIN816570
ACC001752,CID002053,SBI,839856454772,SBIN620515
ACC001753,CID002054,Axis Bank,430450716820,SBIN231127
ACC001754,CID002055,SBI,296015414233,SBIN844795
ACC001755,CID002056,HDFC Bank,906712692807,SBIN150983
ACC001756,CID002057,Bank of Baroda,661728467706,SBIN296398
ACC001757,CID002058,SBI,437642282468,SBIN209198
ACC001758,CID002059,Union Bank,754103446715,SBIN111693
ACC001759,CID002061,HDFC Bank,668756599056,SBIN334781
ACC001760,CID002062,Axis Bank,697773915924,SBIN217589
ACC001761,CID002063,Union Bank,601960790611,SBIN590611
ACC001762,CID002064,Canara Bank,785612715222,SBIN204349
ACC001763,CID002065,Bank of Baroda,373407379800,SBIN290555
ACC001764,CID002066,Union Bank,912288183408,SBIN816586
ACC001765,CID002067,HDFC Bank,513013192334,SBIN837912
ACC001766,CID002068,ICICI Bank,900649058860,SBIN481547
ACC001767,CID002069,Union Bank,714644553929,SBIN938729
ACC001768,CID002070,SBI,840829661782,SBIN938087
ACC001769,CID002071,Bank of Baroda,231037363981,SBIN976552
ACC001770,CID002072,SBI,939686066300,SBIN565029
ACC001771,CID002073,HDFC Bank,753757080965,SBIN366135
ACC001772,CID002075,Canara Bank,956069743639,SBIN916892
ACC001773,CID002076,Canara Bank,228096697749,SBIN484942
ACC001774,CID002077,Union Bank,801148936559,SBIN673729
ACC001775,CID002078,Bank of Baroda,467580877678,SBIN491523
ACC001776,CID002080,SBI,194449411260,SBIN888339
ACC001777,CID002081,Canara Bank,526256487013,SBIN950119
ACC001778,CID002082,Canara Bank,958760373526,SBIN894083
ACC001779,CID002083,Canara Bank,846020934530,SBIN568956
ACC001780,CID002085,Bank of Baroda,387259825925,SBIN313935
ACC001781,CID002086,Axis Bank,237652025876,SBIN758024
ACC001782,CID002087,HDFC Bank,374740390078,SBIN353539
ACC001783,CID002088,Bank of Baroda,524976969661,SBIN792638
ACC001784,CID002089,Union Bank,481222008621,SBIN307891
ACC001785,CID002090,Axis Bank,408666635215,SBIN300384
ACC001786,CID002091,SBI,347199859098,SBIN771863
ACC001787,CID002092,Axis Bank,941426160126,SBIN199606
ACC001788,CID002093,HDFC Bank,954670101469,SBIN780064
ACC001789,CID002095,SBI,109258245780,SBIN534711
ACC001790,CID002096,SBI,162598662222,SBIN750215
ACC001791,CID002097,ICICI Bank,709453408169,SBIN713670
ACC001792,CID002098,ICICI Bank,305397253541,SBIN358037
ACC001793,CID002100,Axis Bank,489391053003,SBIN355592
ACC001794,CID002101,Union Bank,976585154851,SBIN566619
ACC001795,CID002102,ICICI Bank,766252609802,SBIN906358
ACC001796,CID002103,Union Bank,428349861794,SBIN125532
ACC001797,CID002104,Union Bank,907200384115,SBIN309677
ACC001798,CID002105,Canara Bank,881405642478,SBIN884531
ACC001799,CID002106,ICICI Bank,676479586517,SBIN509336
ACC001800,CID002107,Bank of Baroda,994103538826,SBIN607609
ACC001801,CID002108,Union Bank,352403438643,SBIN487384
ACC001802,CID002109,HDFC Bank,702606031262,SBIN772859
ACC001803,CID002110,HDFC Bank,631207236481,SBIN319223
ACC001804,CID002111,Canara Bank,428526463731,SBIN517854
ACC001805,CID002112,Canara Bank,523033222805,SBIN808304
ACC001806,CID002113,Union Bank,262432320159,SBIN291029
ACC001807,CID002114,Bank of Baroda,475075039212,SBIN699400
ACC001808,CID002115,Canara Bank,282146358037,SBIN519698
ACC001809,CID002116,Axis Bank,224961990571,SBIN420331
ACC001810,CID002117,HDFC Bank,153555195075,SBIN899286
ACC001811,CID002118,Axis Bank,273506850949,SBIN150374
ACC001812,CID002119,Bank of Baroda,731028710929,SBIN918385
ACC001813,CID002120,Axis Bank,710419069831,SBIN331979
ACC001814,CID002121,ICICI Bank,482053957943,SBIN739605
ACC001815,CID002122,Axis Bank,830881338740,SBIN515536
ACC001816,CID002123,SBI,172514486326,SBIN784255
ACC001817,CID002124,Canara Bank,533855756123,SBIN670115
ACC001818,CID002126,Union Bank,792827698827,SBIN523723
ACC001819,CID002127,Canara Bank,115913668200,SBIN939958
ACC001820,CID002128,Axis Bank,809074594665,SBIN530418
ACC001821,CID002129,Union Bank,698820732995,SBIN401143
ACC001822,CID002130,SBI,558963700280,SBIN937218
ACC001823,CID002131,Union Bank,755901484497,SBIN947493
ACC001824,CID002134,Bank of Baroda,365053235705,SBIN416074
ACC001825,CID002135,Bank of Baroda,509132592320,SBIN171541
ACC001826,CID002136,Bank of Baroda,794520344362,SBIN649370
ACC001827,CID002137,Canara Bank,837211560529,SBIN409479
ACC001828,CID002138,ICICI Bank,995726430111,SBIN389489
ACC001829,CID002139,Bank of Baroda,507108360330,SBIN357467
ACC001830,CID002140,Axis Bank,810296112776,SBIN211757
ACC001831,CID002141,ICICI Bank,419316148691,SBIN636175
ACC001832,CID002142,Bank of Baroda,593033814537,SBIN562311
ACC001833,CID002143,Canara Bank,789325982980,SBIN942927
ACC001834,CID002144,ICICI Bank,603286783113,SBIN988543
ACC001835,CID002145,Canara Bank,557374622329,SBIN290276
ACC001836,CID002146,HDFC Bank,574585774132,SBIN609566
ACC001837,CID002147,Bank of Baroda,462343008759,SBIN921226
ACC001838,CID002149,ICICI Bank,646599040439,SBIN652094
ACC001839,CID002152,Union Bank,164912654192,SBIN130237
ACC001840,CID002153,ICICI Bank,729467846868,SBIN444703
ACC001841,CID002154,Canara Bank,386526693132,SBIN298100
ACC001842,CID002156,SBI,708263912799,SBIN220060
ACC001843,CID002157,HDFC Bank,640039086438,SBIN110670
ACC001844,CID002159,SBI,206894918507,SBIN396500
ACC001845,CID002161,Bank of Baroda,309371023488,SBIN901022
ACC001846,CID002162,Union Bank,191578434053,SBIN847944
ACC001847,CID002163,HDFC Bank,912599027496,SBIN718987
ACC001848,CID002164,Bank of Baroda,380948058373,SBIN210826
ACC001849,CID002165,Axis Bank,921575501739,SBIN773491
ACC001850,CID002169,Union Bank,966001196600,SBIN278701
ACC001851,CID002170,Union Bank,112367313158,SBIN125021
ACC001852,CID002171,SBI,660763675554,SBIN462300
ACC001853,CID002172,HDFC Bank,520944925394,SBIN999302
ACC001854,CID002174,HDFC Bank,436951902896,SBIN381209
ACC001855,CID002175,HDFC Bank,172805008286,SBIN136101
ACC001856,CID002176,HDFC Bank,225586474297,SBIN921005
ACC001857,CID002177,Bank of Baroda,732110274389,SBIN199612
ACC001858,CID002178,Union Bank,921603739848,SBIN245627
ACC001859,CID002179,ICICI Bank,676069241595,SBIN315311
ACC001860,CID002180,Bank of Baroda,669767333693,SBIN357766
ACC001861,CID002182,SBI,392487131972,SBIN791811
ACC001862,CID002183,HDFC Bank,514399838543,SBIN475575
ACC001863,CID002184,ICICI Bank,706267552914,SBIN495298
ACC001864,CID002185,Bank of Baroda,920185400549,SBIN912902
ACC001865,CID002186,Axis Bank,170680934366,SBIN581689
ACC001866,CID002187,HDFC Bank,162291795659,SBIN377188
ACC001867,CID002188,Bank of Baroda,917136375905,SBIN317738
ACC001868,CID002189,Axis Bank,246741020039,SBIN104985
ACC001869,CID002190,SBI,585575289442,SBIN831514
ACC001870,CID002191,Canara Bank,442261507705,SBIN157620
ACC001871,CID002192,Axis Bank,148464709018,SBIN727767
ACC001872,CID002193,ICICI Bank,349051227773,SBIN993263
ACC001873,CID002195,SBI,786386954155,SBIN787916
ACC001874,CID002196,Canara Bank,216593324716,SBIN311572
ACC001875,CID002197,Canara Bank,255996744954,SBIN611831
ACC001876,CID002198,SBI,995615876077,SBIN787593
ACC001877,CID002199,Axis Bank,704761786572,SBIN855682
ACC001878,CID002202,HDFC Bank,363510962167,SBIN211950
ACC001879,CID002203,Axis Bank,584813716057,SBIN182347
ACC001880,CID002204,Bank of Baroda,356089801907,SBIN789256
ACC001881,CID002206,ICICI Bank,359185927097,SBIN559648
ACC001882,CID002207,Axis Bank,600704832232,SBIN381818
ACC001883,CID002208,Union Bank,687530254346,SBIN127621
ACC001884,CID002210,Union Bank,136190515798,SBIN680699
ACC001885,CID002211,SBI,283624087425,SBIN305809
ACC001886,CID002212,Union Bank,191489808151,SBIN614092
ACC001887,CID002213,Canara Bank,861116135405,SBIN337711
ACC001888,CID002214,Canara Bank,774837885057,SBIN118641
ACC001889,CID002215,Canara Bank,222604114629,SBIN533344
ACC001890,CID002216,HDFC Bank,127258056658,SBIN940777
ACC001891,CID002217,HDFC Bank,523649993939,SBIN912065
ACC001892,CID002218,Canara Bank,819721050743,SBIN614028
ACC001893,CID002219,Axis Bank,591359090727,SBIN180568
ACC001894,CID002221,Union Bank,172749095605,SBIN123360
ACC001895,CID002222,Bank of Baroda,107544657187,SBIN561126
ACC001896,CID002223,Bank of Baroda,105951670115,SBIN878423
ACC001897,CID002224,Union Bank,512308186897,SBIN749350
ACC001898,CID002225,Axis Bank,958506826390,SBIN938845
ACC001899,CID002226,Axis Bank,612109225046,SBIN475644
ACC001900,CID002227,Bank of Baroda,196622333490,SBIN178310
ACC001901,CID002228,Canara Bank,347748399264,SBIN909937
ACC001902,CID002229,Canara Bank,744198801382,SBIN974716
ACC001903,CID002230,Bank of Baroda,277933819031,SBIN654462
ACC001904,CID002231,HDFC Bank,703862083640,SBIN160087
ACC001905,CID002232,Axis Bank,479823959565,SBIN342261
ACC001906,CID002233,Union Bank,124635258363,SBIN742698
ACC001907,CID002234,Axis Bank,611733133952,SBIN969954
ACC001908,CID002235,SBI,224211297929,SBIN702245
ACC001909,CID002236,Bank of Baroda,996964261386,SBIN705150
ACC001910,CID002237,Union Bank,650982041950,SBIN242784
ACC001911,CID002238,Axis Bank,966479644710,SBIN753583
ACC001912,CID002239,ICICI Bank,325458537058,SBIN919851
ACC001913,CID002240,Union Bank,640721334048,SBIN841596
ACC001914,CID002241,SBI,379015388060,SBIN210030
ACC001915,CID002242,Canara Bank,379171472733,SBIN910048
ACC001916,CID002243,SBI,756673821904,SBIN519624
ACC001917,CID002244,Bank of Baroda,486791881686,SBIN590286
ACC001918,CID002245,Bank of Baroda,828461785747,SBIN823504
ACC001919,CID002246,HDFC Bank,287571305393,SBIN463599
ACC001920,CID002247,ICICI Bank,565776777793,SBIN475916
ACC001921,CID002248,ICICI Bank,667657377658,SBIN242143
ACC001922,CID002249,Union Bank,658168890594,SBIN372800
ACC001923,CID002250,Axis Bank,231168239693,SBIN503810
ACC001924,CID002251,Union Bank,189742874169,SBIN351964
ACC001925,CID002252,ICICI Bank,665825951287,SBIN652345
ACC001926,CID002253,Bank of Baroda,557584797453,SBIN829250
ACC001927,CID002254,HDFC Bank,695589793842,SBIN159147
ACC001928,CID002255,ICICI Bank,572943451643,SBIN529816
ACC001929,CID002258,Canara Bank,432641428498,SBIN111400
ACC001930,CID002259,SBI,593932528110,SBIN251900
ACC001931,CID002260,Bank of Baroda,312408479159,SBIN308832
ACC001932,CID002261,Canara Bank,718991173960,SBIN688505
ACC001933,CID002262,Axis Bank,458657958806,SBIN823282
ACC001934,CID002263,Union Bank,434238241836,SBIN590981
ACC001935,CID002264,Union Bank,743109331838,SBIN791374
ACC001936,CID002265,Union Bank,444764884015,SBIN112656
ACC001937,CID002266,SBI,933591585821,SBIN420178
ACC001938,CID002267,ICICI Bank,759332215906,SBIN798869
ACC001939,CID002268,ICICI Bank,695655660166,SBIN244185
ACC001940,CID002269,Axis Bank,872015983739,SBIN578497
ACC001941,CID002270,Axis Bank,335205331952,SBIN897532
ACC001942,CID002271,ICICI Bank,634802130641,SBIN780259
ACC001943,CID002272,Union Bank,359381537836,SBIN991650
ACC001944,CID002273,Axis Bank,158427858144,SBIN149464
ACC001945,CID002275,Canara Bank,219111641881,SBIN463154
ACC001946,CID002277,HDFC Bank,580238857123,SBIN511551
ACC001947,CID002279,HDFC Bank,867058027237,SBIN726297
ACC001948,CID002280,ICICI Bank,249397402071,SBIN143214
ACC001949,CID002281,SBI,220029822502,SBIN718010
ACC001950,CID002282,SBI,210379765444,SBIN323530
ACC001951,CID002283,ICICI Bank,866390387768,SBIN584520
ACC001952,CID002284,ICICI Bank,915316924906,SBIN519824
ACC001953,CID002285,ICICI Bank,308085761026,SBIN153954
ACC001954,CID002286,HDFC Bank,904904563229,SBIN977451
ACC001955,CID002287,Bank of Baroda,940641282436,SBIN773219
ACC001956,CID002288,HDFC Bank,210032053806,SBIN170667
ACC001957,CID002291,Canara Bank,293271100388,SBIN409211
ACC001958,CID002292,Axis Bank,681859030741,SBIN327561
ACC001959,CID002293,Canara Bank,580466767375,SBIN219019
ACC001960,CID002294,Union Bank,784130554719,SBIN274412
ACC001961,CID002295,SBI,539858998719,SBIN952161
ACC001962,CID002296,ICICI Bank,970440373661,SBIN943766
ACC001963,CID002297,ICICI Bank,735546880283,SBIN149639
ACC001964,CID002298,Axis Bank,979244844403,SBIN432839
ACC001965,CID002299,SBI,938774022334,SBIN480274
ACC001966,CID002300,Axis Bank,236118781533,SBIN780968
ACC001967,CID002302,Bank of Baroda,523828469588,SBIN649795
ACC001968,CID002303,Union Bank,786273423157,SBIN406266
ACC001969,CID002306,ICICI Bank,485200790047,SBIN617790
ACC001970,CID002307,ICICI Bank,191459643605,SBIN763013
ACC001971,CID002308,Bank of Baroda,352666628921,SBIN838602
ACC001972,CID002311,ICICI Bank,905359714539,SBIN351482
ACC001973,CID002312,ICICI Bank,654324665471,SBIN975236
ACC001974,CID002313,Axis Bank,971410655184,SBIN406058
ACC001975,CID002314,HDFC Bank,339842961474,SBIN220714
ACC001976,CID002315,Canara Bank,830729176668,SBIN891723
ACC001977,CID002316,Union Bank,512935774289,SBIN480865
ACC001978,CID002317,Canara Bank,726332966034,SBIN269242
ACC001979,CID002318,SBI,683553889104,SBIN461595
ACC001980,CID002320,HDFC Bank,956143225736,SBIN725313
ACC001981,CID002322,Union Bank,695060349859,SBIN634384
ACC001982,CID002323,Union Bank,565086343199,SBIN268236
ACC001983,CID002324,HDFC Bank,659730470333,SBIN932968
ACC001984,CID002325,HDFC Bank,109851344482,SBIN240756
ACC001985,CID002326,Axis Bank,118778996316,SBIN169694
ACC001986,CID002327,SBI,926833368698,SBIN653798
ACC001987,CID002328,Canara Bank,822039343981,SBIN159626
ACC001988,CID002329,HDFC Bank,235284447810,SBIN105119
ACC001989,CID002330,Canara Bank,146252255212,SBIN452901
ACC001990,CID002331,SBI,619188355886,SBIN974230
ACC001991,CID002332,SBI,189611176155,SBIN410706
ACC001992,CID002333,HDFC Bank,603498226212,SBIN863777
ACC001993,CID002335,HDFC Bank,360391099974,SBIN611739
ACC001994,CID002336,Bank of Baroda,242830400122,SBIN451090
ACC001995,CID002337,Union Bank,802631651176,SBIN478165
ACC001996,CID002338,SBI,426498127207,SBIN269629
ACC001997,CID002339,SBI,106807166741,SBIN495051
ACC001998,CID002340,Bank of Baroda,652077255958,SBIN682584
ACC001999,CID002341,HDFC Bank,392150851184,SBIN543266
ACC002000,CID002342,ICICI Bank,838521132432,SBIN766570
ACC002001,CID002343,SBI,470451463786,SBIN969540
ACC002002,CID002344,Bank of Baroda,316610586414,SBIN178794
ACC002003,CID002345,HDFC Bank,468701090513,SBIN833320
ACC002004,CID002346,Bank of Baroda,924369996290,SBIN677601
ACC002005,CID002348,HDFC Bank,466515004670,SBIN664665
ACC002006,CID002349,SBI,419257289380,SBIN997720
ACC002007,CID002350,Canara Bank,609973803602,SBIN990135
ACC002008,CID002351,Union Bank,839046762421,SBIN765962
ACC002009,CID002352,Axis Bank,226038930593,SBIN254594
ACC002010,CID002353,Union Bank,228221693726,SBIN926168
ACC002011,CID002354,Union Bank,610979567932,SBIN577495
ACC002012,CID002355,Union Bank,799412008565,SBIN616050
ACC002013,CID002356,SBI,751686515192,SBIN624408
ACC002014,CID002357,SBI,127854954085,SBIN395871
ACC002015,CID002358,ICICI Bank,718593611609,SBIN526381
ACC002016,CID002359,Bank of Baroda,727452240011,SBIN507267
ACC002017,CID002360,SBI,841122325345,SBIN526125
ACC002018,CID002362,HDFC Bank,979213751950,SBIN813403
ACC002019,CID002363,Axis Bank,725429129432,SBIN309750
ACC002020,CID002364,SBI,758772940985,SBIN500060
ACC002021,CID002365,Bank of Baroda,533683268159,SBIN420811
ACC002022,CID002366,Bank of Baroda,518227057756,SBIN826568
ACC002023,CID002367,Bank of Baroda,414816859368,SBIN692627
ACC002024,CID002368,Bank of Baroda,693688157539,SBIN408055
ACC002025,CID002369,SBI,946524257581,SBIN978832
ACC002026,CID002370,SBI,237479239238,SBIN771029
ACC002027,CID002372,ICICI Bank,223503553175,SBIN437421
ACC002028,CID002373,ICICI Bank,724875680776,SBIN347563
ACC002029,CID002374,Canara Bank,692917770206,SBIN762816
ACC002030,CID002375,Bank of Baroda,140075758308,SBIN729777
ACC002031,CID002376,Canara Bank,822661226935,SBIN167045
ACC002032,CID002377,Bank of Baroda,740783020355,SBIN235296
ACC002033,CID002378,HDFC Bank,158232261340,SBIN731349
ACC002034,CID002379,ICICI Bank,679559331943,SBIN728748
ACC002035,CID002381,ICICI Bank,106839320786,SBIN690156
ACC002036,CID002382,SBI,403725357426,SBIN568367
ACC002037,CID002383,Axis Bank,947407752743,SBIN280621
ACC002038,CID002384,SBI,402274219317,SBIN775810
ACC002039,CID002385,SBI,766470564980,SBIN671542
ACC002040,CID002386,Bank of Baroda,279674172336,SBIN784026
ACC002041,CID002387,Axis Bank,924338478103,SBIN125963
ACC002042,CID002388,Canara Bank,542592452890,SBIN338915
ACC002043,CID002389,Bank of Baroda,728561055545,SBIN305781
ACC002044,CID002390,HDFC Bank,769822216475,SBIN703156
ACC002045,CID002391,HDFC Bank,871683290077,SBIN377668
ACC002046,CID002392,Axis Bank,784753312676,SBIN400280
ACC002047,CID002393,Union Bank,454445446431,SBIN416064
ACC002048,CID002394,SBI,746038230565,SBIN528807
ACC002049,CID002395,Union Bank,449394453959,SBIN857808
ACC002050,CID002396,SBI,902612540810,SBIN478632
ACC002051,CID002397,ICICI Bank,574914568257,SBIN247750
ACC002052,CID002398,Union Bank,200131546284,SBIN621313
ACC002053,CID002399,SBI,537088232324,SBIN659068
ACC002054,CID002400,HDFC Bank,722041589816,SBIN433377
ACC002055,CID002401,Union Bank,937118830596,SBIN579294
ACC002056,CID002402,SBI,604847281488,SBIN888849
ACC002057,CID002403,Bank of Baroda,389597088346,SBIN744930
ACC002058,CID002405,HDFC Bank,640400677860,SBIN367784
ACC002059,CID002406,HDFC Bank,436508784179,SBIN358992
ACC002060,CID002407,Bank of Baroda,843599966375,SBIN154470
ACC002061,CID002408,Axis Bank,988985446186,SBIN265719
ACC002062,CID002409,SBI,879425334821,SBIN550685
ACC002063,CID002410,HDFC Bank,836674216703,SBIN864764
ACC002064,CID002411,Canara Bank,587823245124,SBIN862130
ACC002065,CID002412,HDFC Bank,356829541045,SBIN791255
ACC002066,CID002413,SBI,645662511449,SBIN377749
ACC002067,CID002414,HDFC Bank,351019866812,SBIN462744
ACC002068,CID002415,Canara Bank,859013967124,SBIN122442
ACC002069,CID002416,ICICI Bank,413663335744,SBIN675903
ACC002070,CID002417,ICICI Bank,234939839492,SBIN786286
ACC002071,CID002418,Bank of Baroda,773143186282,SBIN123023
ACC002072,CID002419,Axis Bank,155861585416,SBIN461976
ACC002073,CID002420,SBI,765421285032,SBIN606520
ACC002074,CID002421,Bank of Baroda,351313184516,SBIN624659
ACC002075,CID002422,SBI,522601759116,SBIN185474
ACC002076,CID002423,Axis Bank,711157306912,SBIN116997
ACC002077,CID002424,ICICI Bank,560140206851,SBIN891827
ACC002078,CID002425,Canara Bank,375307297530,SBIN344461
ACC002079,CID002426,Bank of Baroda,274198652085,SBIN102439
ACC002080,CID002427,SBI,589379347065,SBIN503055
ACC002081,CID002428,Canara Bank,673993325062,SBIN969820
ACC002082,CID002429,ICICI Bank,655162254515,SBIN226757
ACC002083,CID002430,Axis Bank,674735066067,SBIN392909
ACC002084,CID002431,HDFC Bank,751392437809,SBIN881630
ACC002085,CID002434,HDFC Bank,666054392602,SBIN544711
ACC002086,CID002436,Axis Bank,268265630992,SBIN370989
ACC002087,CID002437,Axis Bank,393234239065,SBIN399225
ACC002088,CID002438,SBI,834786389299,SBIN839434
ACC002089,CID002439,Canara Bank,983158814454,SBIN228286
ACC002090,CID002440,ICICI Bank,839309441358,SBIN454646
ACC002091,CID002441,HDFC Bank,958794959564,SBIN488305
ACC002092,CID002442,ICICI Bank,776440732231,SBIN465452
ACC002093,CID002443,Union Bank,793583279293,SBIN165656
ACC002094,CID002444,ICICI Bank,673344274494,SBIN674649
ACC002095,CID002445,Union Bank,630079475879,SBIN459677
ACC002096,CID002446,Bank of Baroda,146772804751,SBIN153356
ACC002097,CID002447,Canara Bank,353587537690,SBIN373717
ACC002098,CID002448,HDFC Bank,522389606629,SBIN734109
ACC002099,CID002450,Canara Bank,794912014502,SBIN442352
ACC002100,CID002451,Canara Bank,631487549822,SBIN217024
ACC002101,CID002452,SBI,688501684448,SBIN984653
ACC002102,CID002453,Canara Bank,320405835434,SBIN441325
ACC002103,CID002454,ICICI Bank,432496199142,SBIN378448
ACC002104,CID002455,HDFC Bank,757397790915,SBIN475246
ACC002105,CID002456,ICICI Bank,952850361863,SBIN164602
ACC002106,CID002457,ICICI Bank,701275977367,SBIN203587
ACC002107,CID002459,Canara Bank,458061894304,SBIN876238
ACC002108,CID002460,Union Bank,675629885472,SBIN982145
ACC002109,CID002461,Bank of Baroda,933305826463,SBIN785401
ACC002110,CID002462,Canara Bank,798173968044,SBIN367012
ACC002111,CID002463,Union Bank,563833517922,SBIN321334
ACC002112,CID002464,Union Bank,514221893939,SBIN398078
ACC002113,CID002465,Union Bank,621459656885,SBIN357929
ACC002114,CID002466,SBI,929884434455,SBIN248713
ACC002115,CID002468,ICICI Bank,197517344080,SBIN389299
ACC002116,CID002469,SBI,883909906610,SBIN164590
ACC002117,CID002470,HDFC Bank,941758223699,SBIN876854
ACC002118,CID002473,SBI,114243140092,SBIN981039
ACC002119,CID002474,Union Bank,701791762396,SBIN816865
ACC002120,CID002475,Union Bank,831828847460,SBIN155645
ACC002121,CID002476,Bank of Baroda,916726990475,SBIN947041
ACC002122,CID002477,Union Bank,257158832138,SBIN288270
ACC002123,CID002478,Union Bank,633276042857,SBIN143735
ACC002124,CID002479,Axis Bank,530929194828,SBIN705440
ACC002125,CID002480,Bank of Baroda,592803134961,SBIN834972
ACC002126,CID002481,Axis Bank,602859780691,SBIN233607
ACC002127,CID002482,Bank of Baroda,792666649357,SBIN819116
ACC002128,CID002483,HDFC Bank,366634366100,SBIN998783
ACC002129,CID002484,Bank of Baroda,562686288971,SBIN572018
ACC002130,CID002485,Canara Bank,396306433798,SBIN330987
ACC002131,CID002486,Canara Bank,544142733591,SBIN697504
ACC002132,CID002487,HDFC Bank,410734886383,SBIN492432
ACC002133,CID002488,HDFC Bank,813600317484,SBIN269813
ACC002134,CID002489,Union Bank,109799433692,SBIN987963
ACC002135,CID002490,SBI,570654470971,SBIN771592
ACC002136,CID002491,Union Bank,807351877486,SBIN511033
ACC002137,CID002492,HDFC Bank,336895711900,SBIN873089
ACC002138,CID002493,SBI,377838039929,SBIN719166
ACC002139,CID002494,ICICI Bank,297447120131,SBIN465322
ACC002140,CID002495,Union Bank,725342153896,SBIN303346
ACC002141,CID002496,Bank of Baroda,229386192068,SBIN123289
ACC002142,CID002497,Axis Bank,634150492277,SBIN669116
ACC002143,CID002500,Canara Bank,163200374391,SBIN865718
ACC002144,CID002501,Union Bank,175922567266,SBIN110963
ACC002145,CID002503,Bank of Baroda,335101516025,SBIN145253
ACC002146,CID002504,SBI,922985393913,SBIN290506
ACC002147,CID002506,SBI,892815317503,SBIN668463
ACC002148,CID002507,Union Bank,608449536472,SBIN808163
ACC002149,CID002508,ICICI Bank,443106918674,SBIN662453
ACC002150,CID002509,Bank of Baroda,500310695720,SBIN144481
ACC002151,CID002511,SBI,852955422079,SBIN281746
ACC002152,CID002512,SBI,254360043892,SBIN338835
ACC002153,CID002513,Axis Bank,126173284000,SBIN886977
ACC002154,CID002514,ICICI Bank,396508966574,SBIN814525
ACC002155,CID002515,Union Bank,408776907720,SBIN151240
ACC002156,CID002516,Axis Bank,855216473318,SBIN887312
ACC002157,CID002517,HDFC Bank,691157966757,SBIN870449
ACC002158,CID002518,Bank of Baroda,328831874221,SBIN373852
ACC002159,CID002519,Bank of Baroda,213206118307,SBIN830917
ACC002160,CID002521,HDFC Bank,627373760475,SBIN945045
ACC002161,CID002522,ICICI Bank,964881819287,SBIN199242
ACC002162,CID002523,Axis Bank,842548722746,SBIN514880
ACC002163,CID002524,Axis Bank,448418345764,SBIN814506
ACC002164,CID002525,Union Bank,801992204690,SBIN576727
ACC002165,CID002526,SBI,653780107313,SBIN662803
ACC002166,CID002527,Axis Bank,180692835804,SBIN325632
ACC002167,CID002529,Union Bank,240369881885,SBIN549875
ACC002168,CID002530,Bank of Baroda,810530696151,SBIN642582
ACC002169,CID002531,ICICI Bank,782656260970,SBIN140040
ACC002170,CID002533,Axis Bank,877110548349,SBIN676802
ACC002171,CID002535,Canara Bank,286088206168,SBIN211914
ACC002172,CID002536,Bank of Baroda,674772480707,SBIN123501
ACC002173,CID002537,Union Bank,281279625086,SBIN948553
ACC002174,CID002538,HDFC Bank,161066014083,SBIN691235
ACC002175,CID002540,HDFC Bank,819689320321,SBIN146209
ACC002176,CID002541,SBI,540221476602,SBIN741376
ACC002177,CID002542,Axis Bank,728068107116,SBIN783410
ACC002178,CID002543,HDFC Bank,285558029341,SBIN175491
ACC002179,CID002544,Bank of Baroda,628546980917,SBIN789199
ACC002180,CID002545,SBI,814982236055,SBIN605659
ACC002181,CID002547,Axis Bank,999033189429,SBIN690625
ACC002182,CID002548,Canara Bank,493480755431,SBIN363102
ACC002183,CID002549,Union Bank,750120174760,SBIN815760
ACC002184,CID002551,Bank of Baroda,558325810572,SBIN480280
ACC002185,CID002552,HDFC Bank,507502381752,SBIN533147
ACC002186,CID002553,SBI,711109095509,SBIN621338
ACC002187,CID002554,Union Bank,507892187767,SBIN839311
ACC002188,CID002555,Union Bank,345887669298,SBIN537587
ACC002189,CID002556,ICICI Bank,262269354563,SBIN298521
ACC002190,CID002557,Canara Bank,869486147182,SBIN649818
ACC002191,CID002559,Axis Bank,947697115028,SBIN625520
ACC002192,CID002560,ICICI Bank,964204252413,SBIN784737
ACC002193,CID002562,SBI,814606319476,SBIN632863
ACC002194,CID002563,HDFC Bank,116751981001,SBIN112619
ACC002195,CID002564,Union Bank,987391040210,SBIN684921
ACC002196,CID002565,Bank of Baroda,389032830502,SBIN461119
ACC002197,CID002566,Union Bank,794082018178,SBIN869038
ACC002198,CID002568,ICICI Bank,346983617460,SBIN812098
ACC002199,CID002569,HDFC Bank,360340324632,SBIN424397
ACC002200,CID002570,Union Bank,648769944137,SBIN436959
ACC002201,CID002572,Axis Bank,229180945595,SBIN699735
ACC002202,CID002574,Bank of Baroda,457527329877,SBIN542426
ACC002203,CID002575,Canara Bank,141657717257,SBIN962055
ACC002204,CID002576,HDFC Bank,274089380807,SBIN269788
ACC002205,CID002577,HDFC Bank,381870630654,SBIN924683
ACC002206,CID002580,ICICI Bank,846572291512,SBIN575371
ACC002207,CID002581,SBI,409165821700,SBIN242917
ACC002208,CID002582,Canara Bank,856508958344,SBIN665196
ACC002209,CID002583,HDFC Bank,244120668156,SBIN847245
ACC002210,CID002584,Canara Bank,367477192737,SBIN589035
ACC002211,CID002585,Bank of Baroda,963242497881,SBIN450289
ACC002212,CID002586,Axis Bank,531139797023,SBIN119131
ACC002213,CID002587,SBI,369288538791,SBIN841681
ACC002214,CID002588,ICICI Bank,231615111149,SBIN419253
ACC002215,CID002589,Canara Bank,407272106186,SBIN419000
ACC002216,CID002590,HDFC Bank,270140819466,SBIN858727
ACC002217,CID002591,Bank of Baroda,860345655676,SBIN994317
ACC002218,CID002592,SBI,764880187290,SBIN105416
ACC002219,CID002593,SBI,458884167508,SBIN685454
ACC002220,CID002594,Bank of Baroda,315775348290,SBIN366525
ACC002221,CID002595,Union Bank,652226733740,SBIN226917
ACC002222,CID002596,Axis Bank,329988322657,SBIN974843
ACC002223,CID002597,Union Bank,604984017279,SBIN682175
ACC002224,CID002598,ICICI Bank,835449684448,SBIN429615
ACC002225,CID002600,Axis Bank,654572803263,SBIN901157
ACC002226,CID002601,Axis Bank,497814412107,SBIN840805
ACC002227,CID002602,SBI,231206390456,SBIN221314
ACC002228,CID002603,Bank of Baroda,398786402957,SBIN915505
ACC002229,CID002604,Canara Bank,903760739900,SBIN203592
ACC002230,CID002605,Bank of Baroda,697513649794,SBIN626270
ACC002231,CID002606,SBI,908165087958,SBIN893750
ACC002232,CID002607,SBI,286729171124,SBIN393852
ACC002233,CID002608,Union Bank,502992143391,SBIN916765
ACC002234,CID002609,SBI,632316718993,SBIN154793
ACC002235,CID002610,Axis Bank,594184629249,SBIN579770
ACC002236,CID002611,HDFC Bank,494153232606,SBIN223690
ACC002237,CID002612,Bank of Baroda,583394474967,SBIN878432
ACC002238,CID002613,HDFC Bank,473789880348,SBIN423175
ACC002239,CID002614,Bank of Baroda,901646629079,SBIN368631
ACC002240,CID002615,Axis Bank,902114682081,SBIN188978
ACC002241,CID002616,Axis Bank,652023396092,SBIN117363
ACC002242,CID002618,HDFC Bank,236542592153,SBIN639282
ACC002243,CID002619,SBI,922324591156,SBIN462966
ACC002244,CID002621,Canara Bank,148427645905,SBIN438326
ACC002245,CID002623,Union Bank,158832182786,SBIN116847
ACC002246,CID002624,HDFC Bank,956588725677,SBIN699150
ACC002247,CID002625,ICICI Bank,517187259999,SBIN105948
ACC002248,CID002626,SBI,838928405082,SBIN376719
ACC002249,CID002629,HDFC Bank,245611915652,SBIN174876
ACC002250,CID002630,Union Bank,194837389292,SBIN866734
ACC002251,CID002631,Bank of Baroda,593839952156,SBIN697958
ACC002252,CID002634,ICICI Bank,979398467978,SBIN470056
ACC002253,CID002635,ICICI Bank,180540666727,SBIN153749
ACC002254,CID002636,ICICI Bank,626791719606,SBIN790169
ACC002255,CID002637,Bank of Baroda,288440301130,SBIN911022
ACC002256,CID002638,Canara Bank,819108373281,SBIN227361
ACC002257,CID002639,SBI,811042689928,SBIN569227
ACC002258,CID002640,Axis Bank,600932268678,SBIN507468
ACC002259,CID002641,ICICI Bank,392110346717,SBIN455007
ACC002260,CID002643,Bank of Baroda,811271212904,SBIN954976
ACC002261,CID002644,Axis Bank,191221828234,SBIN450934
ACC002262,CID002645,Union Bank,845099291842,SBIN785776
ACC002263,CID002646,HDFC Bank,917215744945,SBIN904654
ACC002264,CID002647,Union Bank,874026404070,SBIN443829
ACC002265,CID002648,SBI,308463649399,SBIN282104
ACC002266,CID002649,Bank of Baroda,150282044688,SBIN160759
ACC002267,CID002650,ICICI Bank,934355237224,SBIN224024
ACC002268,CID002651,Union Bank,156816783023,SBIN866164
ACC002269,CID002652,HDFC Bank,262091962073,SBIN435916
ACC002270,CID002653,Union Bank,873445206794,SBIN505241
ACC002271,CID002654,ICICI Bank,115756399739,SBIN432749
ACC002272,CID002655,SBI,736385964622,SBIN224352
ACC002273,CID002656,Bank of Baroda,963340528878,SBIN637830
ACC002274,CID002658,Union Bank,430177591083,SBIN693943
ACC002275,CID002659,HDFC Bank,777494197268,SBIN574886
ACC002276,CID002660,HDFC Bank,351898871548,SBIN668930
ACC002277,CID002661,Union Bank,598730264060,SBIN610176
ACC002278,CID002662,SBI,814243299307,SBIN400116
ACC002279,CID002663,SBI,416046164264,SBIN377088
ACC002280,CID002664,Union Bank,801313506455,SBIN688063
ACC002281,CID002665,Bank of Baroda,411861867876,SBIN731858
ACC002282,CID002667,Bank of Baroda,203395356483,SBIN519694
ACC002283,CID002668,ICICI Bank,551285716974,SBIN111710
ACC002284,CID002669,Axis Bank,939685567014,SBIN517760
ACC002285,CID002671,ICICI Bank,595928358789,SBIN749297
ACC002286,CID002672,Bank of Baroda,981943933457,SBIN695113
ACC002287,CID002673,Bank of Baroda,470088547313,SBIN882508
ACC002288,CID002674,SBI,691963600153,SBIN603062
ACC002289,CID002675,Canara Bank,903201370478,SBIN965558
ACC002290,CID002677,Axis Bank,206011336164,SBIN389004
ACC002291,CID002678,Union Bank,868036260811,SBIN515118
ACC002292,CID002679,ICICI Bank,183505370462,SBIN465822
ACC002293,CID002681,Union Bank,218028556343,SBIN184126
ACC002294,CID002682,ICICI Bank,791190460181,SBIN109937
ACC002295,CID002683,Canara Bank,914693777141,SBIN724976
ACC002296,CID002685,Canara Bank,388250333350,SBIN724313
ACC002297,CID002686,HDFC Bank,127799324881,SBIN392033
ACC002298,CID002688,Canara Bank,936884134911,SBIN194527
ACC002299,CID002689,ICICI Bank,398781712483,SBIN524923
ACC002300,CID002690,Union Bank,463905077346,SBIN583787
ACC002301,CID002691,Bank of Baroda,378431491707,SBIN219420
ACC002302,CID002692,SBI,654201270908,SBIN253556
ACC002303,CID002693,SBI,375631857784,SBIN556403
ACC002304,CID002694,Canara Bank,113287531562,SBIN636370
ACC002305,CID002697,SBI,988395608418,SBIN309427
ACC002306,CID002698,Axis Bank,670700228613,SBIN529272
ACC002307,CID002699,HDFC Bank,386282859416,SBIN762746
ACC002308,CID002700,Union Bank,189228282651,SBIN542379
ACC002309,CID002701,Bank of Baroda,256197742995,SBIN863629
ACC002310,CID002702,ICICI Bank,226410880182,SBIN881321
ACC002311,CID002703,Union Bank,124294963884,SBIN967741
ACC002312,CID002705,Bank of Baroda,194276209530,SBIN614125
ACC002313,CID002706,Axis Bank,924700523173,SBIN447404
ACC002314,CID002707,Canara Bank,268887816545,SBIN722720
ACC002315,CID002708,Union Bank,682047792922,SBIN797311
ACC002316,CID002709,Axis Bank,422347297045,SBIN959262
ACC002317,CID002710,SBI,474421642981,SBIN273106
ACC002318,CID002712,Union Bank,730153195035,SBIN685518
ACC002319,CID002713,Union Bank,485178166262,SBIN105177
ACC002320,CID002716,Union Bank,105292552474,SBIN513371
ACC002321,CID002717,ICICI Bank,726685552198,SBIN134171
ACC002322,CID002718,HDFC Bank,648307347852,SBIN837537
ACC002323,CID002719,Union Bank,262609912372,SBIN239327
ACC002324,CID002720,Bank of Baroda,175322772216,SBIN352960
ACC002325,CID002721,Bank of Baroda,639508211622,SBIN811911
ACC002326,CID002722,Bank of Baroda,467565794916,SBIN603885
ACC002327,CID002724,ICICI Bank,713068458481,SBIN246800
ACC002328,CID002725,ICICI Bank,863464083502,SBIN947612
ACC002329,CID002726,Bank of Baroda,516908830045,SBIN826832
ACC002330,CID002728,Union Bank,806454785787,SBIN175439
ACC002331,CID002729,SBI,177482267932,SBIN404850
ACC002332,CID002730,Axis Bank,441134136089,SBIN744641
ACC002333,CID002731,ICICI Bank,841485593529,SBIN265766
ACC002334,CID002732,Union Bank,245481043919,SBIN178994
ACC002335,CID002733,ICICI Bank,237228449101,SBIN697326
ACC002336,CID002734,Axis Bank,271593034757,SBIN499316
ACC002337,CID002736,ICICI Bank,653538259626,SBIN451870
ACC002338,CID002737,ICICI Bank,287596775296,SBIN773614
ACC002339,CID002738,ICICI Bank,413409203451,SBIN845412
ACC002340,CID002739,Bank of Baroda,805776663231,SBIN245412
ACC002341,CID002740,Canara Bank,370364103682,SBIN977233
ACC002342,CID002741,SBI,460239470124,SBIN149738
ACC002343,CID002742,HDFC Bank,716774051774,SBIN277475
ACC002344,CID002743,Canara Bank,879349767099,SBIN622926
ACC002345,CID002745,Canara Bank,410345104522,SBIN432958
ACC002346,CID002746,HDFC Bank,646863241621,SBIN216790
ACC002347,CID002747,SBI,104037625431,SBIN154619
ACC002348,CID002748,HDFC Bank,369934150605,SBIN837365
ACC002349,CID002749,HDFC Bank,876976032433,SBIN933953
ACC002350,CID002750,Axis Bank,211583075634,SBIN412352
ACC002351,CID002751,Union Bank,183640485487,SBIN953231
ACC002352,CID002752,SBI,379904455476,SBIN133013
ACC002353,CID002753,Axis Bank,678815724656,SBIN866669
ACC002354,CID002755,Axis Bank,560517629757,SBIN288104
ACC002355,CID002756,SBI,766415917308,SBIN762091
ACC002356,CID002757,Bank of Baroda,534524106020,SBIN776501
ACC002357,CID002758,Axis Bank,669967681901,SBIN634413
ACC002358,CID002759,ICICI Bank,503662373487,SBIN715013
ACC002359,CID002760,Bank of Baroda,896791659345,SBIN236926
ACC002360,CID002761,SBI,655974605247,SBIN655182
ACC002361,CID002762,SBI,985433990269,SBIN833712
ACC002362,CID002763,Axis Bank,192213163629,SBIN506655
ACC002363,CID002765,Canara Bank,840841141602,SBIN384191
ACC002364,CID002767,Canara Bank,609313638869,SBIN720575
ACC002365,CID002768,HDFC Bank,713217917749,SBIN562941
ACC002366,CID002769,Axis Bank,652427221290,SBIN535775
ACC002367,CID002772,Axis Bank,995831672038,SBIN323833
ACC002368,CID002773,HDFC Bank,755823519941,SBIN669511
ACC002369,CID002774,ICICI Bank,575970453809,SBIN504293
ACC002370,CID002775,Axis Bank,131056298570,SBIN571808
ACC002371,CID002776,Bank of Baroda,133312149312,SBIN295672
ACC002372,CID002777,Bank of Baroda,815053286749,SBIN461992
ACC002373,CID002778,Axis Bank,953468894496,SBIN595185
ACC002374,CID002779,HDFC Bank,149086935019,SBIN899562
ACC002375,CID002780,SBI,473341418238,SBIN856198
ACC002376,CID002782,ICICI Bank,548387927198,SBIN888607
ACC002377,CID002783,HDFC Bank,134175561974,SBIN501764
ACC002378,CID002785,Axis Bank,119439429925,SBIN907565
ACC002379,CID002786,Canara Bank,957172239706,SBIN288399
ACC002380,CID002787,HDFC Bank,570756167478,SBIN491991
ACC002381,CID002788,Union Bank,536146616986,SBIN217706
ACC002382,CID002791,HDFC Bank,588958272493,SBIN979609
ACC002383,CID002793,HDFC Bank,954849810888,SBIN848578
ACC002384,CID002794,ICICI Bank,292191629009,SBIN292668
ACC002385,CID002795,Canara Bank,329486017382,SBIN192567
ACC002386,CID002796,HDFC Bank,457969413756,SBIN749458
ACC002387,CID002798,Canara Bank,726808762083,SBIN272621
ACC002388,CID002799,Union Bank,230845646653,SBIN665449
ACC002389,CID002800,Bank of Baroda,423365186533,SBIN571360
ACC002390,CID002801,HDFC Bank,611317811769,SBIN536850
ACC002391,CID002802,SBI,921331726327,SBIN151343
ACC002392,CID002803,Union Bank,109844919724,SBIN604433
ACC002393,CID002804,Union Bank,521396076536,SBIN925585
ACC002394,CID002805,HDFC Bank,301306526681,SBIN385164
ACC002395,CID002806,Union Bank,224542987221,SBIN137660
ACC002396,CID002807,Bank of Baroda,885133183820,SBIN418469
ACC002397,CID002809,Union Bank,814266501543,SBIN899864
ACC002398,CID002810,Bank of Baroda,289937988895,SBIN733386
ACC002399,CID002812,SBI,457086049999,SBIN596129
ACC002400,CID002813,Axis Bank,833145697735,SBIN371235
ACC002401,CID002815,Axis Bank,694132263944,SBIN126032
ACC002402,CID002816,ICICI Bank,907117046223,SBIN275860
ACC002403,CID002817,HDFC Bank,920327918017,SBIN708365
ACC002404,CID002818,SBI,619502325124,SBIN465415
ACC002405,CID002819,SBI,326784093584,SBIN248435
ACC002406,CID002820,Union Bank,914627425865,SBIN446860
ACC002407,CID002821,ICICI Bank,455345002206,SBIN828552
ACC002408,CID002822,Bank of Baroda,437779726814,SBIN102993
ACC002409,CID002823,Canara Bank,552961319764,SBIN794892
ACC002410,CID002825,HDFC Bank,813450224281,SBIN958521
ACC002411,CID002826,Union Bank,829647833363,SBIN829869
ACC002412,CID002827,Axis Bank,706839557349,SBIN146492
ACC002413,CID002828,HDFC Bank,686158001250,SBIN943246
ACC002414,CID002829,Axis Bank,637034827920,SBIN750466
ACC002415,CID002830,Union Bank,296840834587,SBIN385739
ACC002416,CID002832,ICICI Bank,978204545310,SBIN886652
ACC002417,CID002834,Axis Bank,610545014335,SBIN581209
ACC002418,CID002835,Canara Bank,724574412695,SBIN220979
ACC002419,CID002836,Axis Bank,368007115810,SBIN924038
ACC002420,CID002837,HDFC Bank,869570177963,SBIN388791
ACC002421,CID002838,HDFC Bank,354369854939,SBIN291489
ACC002422,CID002839,SBI,958045638615,SBIN178807
ACC002423,CID002840,ICICI Bank,409312428075,SBIN896764
ACC002424,CID002841,SBI,103588310768,SBIN939594
ACC002425,CID002842,Bank of Baroda,413822107945,SBIN199259
ACC002426,CID002843,SBI,889110985585,SBIN229461
ACC002427,CID002844,ICICI Bank,741358225922,SBIN831964
ACC002428,CID002845,Canara Bank,778400423957,SBIN538559
ACC002429,CID002846,Axis Bank,966028415216,SBIN643730
ACC002430,CID002847,SBI,815688297588,SBIN292759
ACC002431,CID002848,ICICI Bank,467961974597,SBIN261032
ACC002432,CID002849,Union Bank,881806364812,SBIN339182
ACC002433,CID002850,HDFC Bank,261469317335,SBIN271308
ACC002434,CID002851,ICICI Bank,900277798646,SBIN595919
ACC002435,CID002852,SBI,277379361393,SBIN956617
ACC002436,CID002853,Axis Bank,797881164506,SBIN527041
ACC002437,CID002854,Canara Bank,113434631493,SBIN577812
ACC002438,CID002855,SBI,888855654222,SBIN440295
ACC002439,CID002856,ICICI Bank,739193779416,SBIN594940
ACC002440,CID002857,SBI,635541649608,SBIN781189
ACC002441,CID002858,Bank of Baroda,520237901879,SBIN713349
ACC002442,CID002859,ICICI Bank,888175595273,SBIN652292
ACC002443,CID002860,Bank of Baroda,393751680794,SBIN252173
ACC002444,CID002861,HDFC Bank,874591187467,SBIN566996
ACC002445,CID002865,Axis Bank,748422381508,SBIN610222
ACC002446,CID002866,ICICI Bank,298844597914,SBIN870873
ACC002447,CID002867,Bank of Baroda,854287077449,SBIN287642
ACC002448,CID002868,Canara Bank,493214977235,SBIN677574
ACC002449,CID002869,Canara Bank,275284908731,SBIN763986
ACC002450,CID002870,Bank of Baroda,237038271722,SBIN993536
ACC002451,CID002871,Canara Bank,285352502395,SBIN516176
ACC002452,CID002872,SBI,399429006858,SBIN690380
ACC002453,CID002873,Bank of Baroda,233226572053,SBIN957268
ACC002454,CID002874,Axis Bank,310075448674,SBIN228212
ACC002455,CID002875,Canara Bank,422793275257,SBIN306884
ACC002456,CID002877,Canara Bank,134819985278,SBIN631559
ACC002457,CID002878,ICICI Bank,130766278091,SBIN602932
ACC002458,CID002879,HDFC Bank,119798791278,SBIN179526
ACC002459,CID002880,HDFC Bank,489840892254,SBIN776971
ACC002460,CID002881,Axis Bank,750662530293,SBIN735696
ACC002461,CID002882,Bank of Baroda,227496496731,SBIN112126
ACC002462,CID002883,HDFC Bank,832967456365,SBIN424575
ACC002463,CID002884,Union Bank,280501602068,SBIN965715
ACC002464,CID002885,Bank of Baroda,701692100580,SBIN945933
ACC002465,CID002886,Axis Bank,608886317362,SBIN988549
ACC002466,CID002887,HDFC Bank,739345663647,SBIN160505
ACC002467,CID002890,Canara Bank,266027813401,SBIN467768
ACC002468,CID002892,Union Bank,180963339675,SBIN159498
ACC002469,CID002893,Canara Bank,724001143375,SBIN606164
ACC002470,CID002894,ICICI Bank,860773082917,SBIN926806
ACC002471,CID002895,Union Bank,174503528117,SBIN962274
ACC002472,CID002896,HDFC Bank,762454487683,SBIN258321
ACC002473,CID002897,Canara Bank,310870920227,SBIN941295
ACC002474,CID002898,SBI,106339500610,SBIN233526
ACC002475,CID002899,Canara Bank,120753509787,SBIN388703
ACC002476,CID002900,ICICI Bank,619650949993,SBIN308442
ACC002477,CID002901,ICICI Bank,189196672385,SBIN382365
ACC002478,CID002902,SBI,630656353935,SBIN128880
ACC002479,CID002903,Union Bank,946387378780,SBIN352410
ACC002480,CID002904,Axis Bank,972853203948,SBIN170487
ACC002481,CID002905,HDFC Bank,895717970575,SBIN653886
ACC002482,CID002906,Axis Bank,865224610339,SBIN179806
ACC002483,CID002907,Canara Bank,689249455582,SBIN110200
ACC002484,CID002908,Bank of Baroda,401278821218,SBIN303420
ACC002485,CID002910,Bank of Baroda,769805023202,SBIN634302
ACC002486,CID002911,Axis Bank,132134268792,SBIN916656
ACC002487,CID002912,Union Bank,651317952180,SBIN172583
ACC002488,CID002913,Union Bank,843405898668,SBIN998236
ACC002489,CID002914,ICICI Bank,307344913565,SBIN862432
ACC002490,CID002915,SBI,210626386820,SBIN596658
ACC002491,CID002916,Bank of Baroda,585012772289,SBIN835806
ACC002492,CID002918,Bank of Baroda,968604716410,SBIN180960
ACC002493,CID002919,SBI,555153359608,SBIN243537
ACC002494,CID002920,Canara Bank,979958083035,SBIN113877
ACC002495,CID002922,ICICI Bank,722145957226,SBIN342798
ACC002496,CID002923,HDFC Bank,283637882086,SBIN884241
ACC002497,CID002924,Bank of Baroda,389748646411,SBIN406556
ACC002498,CID002925,Bank of Baroda,492510206424,SBIN580641
ACC002499,CID002926,SBI,239022614443,SBIN697176
ACC002500,CID002927,SBI,406330232911,SBIN647951
ACC002501,CID002928,Canara Bank,239754917960,SBIN676691
ACC002502,CID002929,Axis Bank,897068784764,SBIN285851
ACC002503,CID002931,Canara Bank,944196423431,SBIN262640
ACC002504,CID002932,Union Bank,808116496610,SBIN319680
ACC002505,CID002933,Axis Bank,228274499178,SBIN404898
ACC002506,CID002935,HDFC Bank,220043669187,SBIN769740
ACC002507,CID002937,ICICI Bank,409997287248,SBIN161481
ACC002508,CID002938,Canara Bank,148403314061,SBIN247105
ACC002509,CID002939,Union Bank,689311448283,SBIN323380
ACC002510,CID002940,SBI,272269506839,SBIN433872
ACC002511,CID002942,HDFC Bank,832193475521,SBIN397037
ACC002512,CID002943,Bank of Baroda,851029268994,SBIN461786
ACC002513,CID002944,Bank of Baroda,683731881411,SBIN935436
ACC002514,CID002946,HDFC Bank,131885660853,SBIN627881
ACC002515,CID002947,ICICI Bank,823151941163,SBIN822537
ACC002516,CID002948,Union Bank,393361413098,SBIN427337
ACC002517,CID002949,Axis Bank,813588674002,SBIN813796
ACC002518,CID002950,Union Bank,743643756427,SBIN660765
ACC002519,CID002951,SBI,890263138509,SBIN529749
ACC002520,CID002952,Axis Bank,456102335523,SBIN899977
ACC002521,CID002953,HDFC Bank,433813536138,SBIN547572
ACC002522,CID002954,Union Bank,766310204176,SBIN609938
ACC002523,CID002955,Axis Bank,913029879900,SBIN951092
ACC002524,CID002956,ICICI Bank,565184125653,SBIN593129
ACC002525,CID002957,SBI,347168383729,SBIN815349
ACC002526,CID002958,Canara Bank,829394327289,SBIN755544
ACC002527,CID002961,Axis Bank,535052811791,SBIN397878
ACC002528,CID002962,HDFC Bank,655410686341,SBIN910129
ACC002529,CID002964,Canara Bank,914836065087,SBIN745511
ACC002530,CID002965,Bank of Baroda,538405688383,SBIN860975
ACC002531,CID002966,Axis Bank,611168162396,SBIN758196
ACC002532,CID002967,Axis Bank,229340838163,SBIN946230
ACC002533,CID002968,Canara Bank,134443409016,SBIN947864
ACC002534,CID002969,Bank of Baroda,556065176665,SBIN293250
ACC002535,CID002970,HDFC Bank,734354920600,SBIN439764
ACC002536,CID002971,Union Bank,904663741144,SBIN372083
ACC002537,CID002972,Bank of Baroda,806290069888,SBIN512634
ACC002538,CID002973,Union Bank,122202103417,SBIN125741
ACC002539,CID002974,Canara Bank,671143774505,SBIN669730
ACC002540,CID002976,ICICI Bank,127073100717,SBIN428077
ACC002541,CID002977,Union Bank,976260129038,SBIN955462
ACC002542,CID002978,Union Bank,283263045630,SBIN987475
ACC002543,CID002979,Axis Bank,553547964081,SBIN286960
ACC002544,CID002980,HDFC Bank,998897431134,SBIN664166
ACC002545,CID002981,Bank of Baroda,885489479880,SBIN320527
ACC002546,CID002984,HDFC Bank,686959337775,SBIN973339
ACC002547,CID002985,HDFC Bank,305793134868,SBIN776617
ACC002548,CID002986,Canara Bank,316117347021,SBIN231688
ACC002549,CID002987,Bank of Baroda,181228790679,SBIN392414
ACC002550,CID002988,HDFC Bank,515162117051,SBIN957406
ACC002551,CID002989,ICICI Bank,997634258645,SBIN538495
ACC002552,CID002990,Union Bank,262708272142,SBIN669164
ACC002553,CID002991,ICICI Bank,733024922337,SBIN829793
ACC002554,CID002992,SBI,924572598382,SBIN117963
ACC002555,CID002993,Axis Bank,441258272079,SBIN342049
ACC002556,CID002994,Axis Bank,755952596554,SBIN290157
ACC002557,CID002995,Axis Bank,325186935924,SBIN827616
ACC002558,CID002996,HDFC Bank,403480333982,SBIN136286
ACC002559,CID002997,Canara Bank,180870507467,SBIN924064
ACC002560,CID002998,Canara Bank,351123227314,SBIN262937
ACC002561,CID002999,Union Bank,362544584034,SBIN435645
ACC002562,CID003000,Bank of Baroda,912816193301,SBIN911575
ACC002563,CID003001,SBI,936559833404,SBIN140037
ACC002564,CID003003,Union Bank,314615614806,SBIN687455
ACC002565,CID003004,Axis Bank,444188308113,SBIN169236
ACC002566,CID003005,Union Bank,341696757992,SBIN306404
ACC002567,CID003006,Union Bank,703854016417,SBIN877668
ACC002568,CID003007,ICICI Bank,798652962500,SBIN516738
ACC002569,CID003008,Bank of Baroda,114913146895,SBIN720384
ACC002570,CID003009,Axis Bank,377616710065,SBIN408526
ACC002571,CID003010,Union Bank,590278406717,SBIN728879
ACC002572,CID003011,Bank of Baroda,963180695674,SBIN144610
ACC002573,CID003012,Axis Bank,381478434909,SBIN180069
ACC002574,CID003013,Axis Bank,957031463797,SBIN297252
ACC002575,CID003014,Bank of Baroda,194590515363,SBIN567087
ACC002576,CID003015,ICICI Bank,305038249369,SBIN524159
ACC002577,CID003016,Canara Bank,584428804389,SBIN219744
ACC002578,CID003017,Bank of Baroda,822319266423,SBIN758707
ACC002579,CID003018,Canara Bank,801487353197,SBIN848121
ACC002580,CID003019,HDFC Bank,763162921072,SBIN539501
ACC002581,CID003020,Canara Bank,951075495798,SBIN282088
ACC002582,CID003021,Bank of Baroda,395524185683,SBIN251968
ACC002583,CID003023,HDFC Bank,483033719520,SBIN274251
ACC002584,CID003025,HDFC Bank,921960731924,SBIN707791
ACC002585,CID003026,Axis Bank,326630487408,SBIN624278
ACC002586,CID003027,ICICI Bank,445725797581,SBIN830044
ACC002587,CID003028,Canara Bank,770333210109,SBIN994717
ACC002588,CID003029,Bank of Baroda,147700553020,SBIN760333
ACC002589,CID003030,Bank of Baroda,772622438991,SBIN595430
ACC002590,CID003031,HDFC Bank,353716509386,SBIN186661
ACC002591,CID003032,Axis Bank,910479295898,SBIN731006
ACC002592,CID003033,HDFC Bank,500711462509,SBIN952911
ACC002593,CID003034,Canara Bank,857178243743,SBIN416090
ACC002594,CID003035,Canara Bank,684757911069,SBIN512857
ACC002595,CID003036,Bank of Baroda,449912219926,SBIN911171
ACC002596,CID003037,ICICI Bank,675687763824,SBIN899124
ACC002597,CID003038,Union Bank,644896592048,SBIN203873
ACC002598,CID003039,Canara Bank,514428427572,SBIN614860
ACC002599,CID003040,SBI,778884915784,SBIN622774
ACC002600,CID003042,HDFC Bank,520610372252,SBIN160238
ACC002601,CID003045,ICICI Bank,402172676763,SBIN402854
ACC002602,CID003046,Axis Bank,678655016769,SBIN481273
ACC002603,CID003047,Bank of Baroda,610363246688,SBIN198414
ACC002604,CID003048,Canara Bank,275749571240,SBIN294286
ACC002605,CID003049,Union Bank,408328474112,SBIN631624
ACC002606,CID003050,HDFC Bank,656741605416,SBIN880288
ACC002607,CID003051,Canara Bank,413591343844,SBIN437255
ACC002608,CID003052,Axis Bank,160550710860,SBIN121531
ACC002609,CID003053,HDFC Bank,757227179850,SBIN144888
ACC002610,CID003054,HDFC Bank,317366871163,SBIN291397
ACC002611,CID003055,Union Bank,385833820013,SBIN743967
ACC002612,CID003056,HDFC Bank,192570561359,SBIN311637
ACC002613,CID003057,Bank of Baroda,844300869930,SBIN541095
ACC002614,CID003058,HDFC Bank,194207161202,SBIN137043
ACC002615,CID003059,SBI,877284131595,SBIN440326
ACC002616,CID003060,Union Bank,656857348451,SBIN899807
ACC002617,CID003061,HDFC Bank,300582057247,SBIN497130
ACC002618,CID003062,HDFC Bank,166584507878,SBIN380667
ACC002619,CID003063,Canara Bank,664795903564,SBIN587351
ACC002620,CID003064,Bank of Baroda,734344941465,SBIN504186
ACC002621,CID003065,Union Bank,864166421539,SBIN337134
ACC002622,CID003066,Bank of Baroda,409992642922,SBIN909937
ACC002623,CID003067,SBI,282889388015,SBIN438517
ACC002624,CID003068,Union Bank,491393763023,SBIN845560
ACC002625,CID003069,SBI,410950957697,SBIN166800
ACC002626,CID003070,Axis Bank,571002970323,SBIN872148
ACC002627,CID003071,SBI,100561237267,SBIN331118
ACC002628,CID003072,ICICI Bank,845872459387,SBIN531574
ACC002629,CID003073,Canara Bank,703796701157,SBIN181478
ACC002630,CID003074,Canara Bank,362277154419,SBIN604079
ACC002631,CID003076,Bank of Baroda,384859745547,SBIN856751
ACC002632,CID003077,Bank of Baroda,387530080399,SBIN877130
ACC002633,CID003078,ICICI Bank,853882827320,SBIN236428
ACC002634,CID003079,Union Bank,447178681195,SBIN184619
ACC002635,CID003080,Axis Bank,941188101073,SBIN150791
ACC002636,CID003081,Bank of Baroda,852852544525,SBIN910321
ACC002637,CID003082,Canara Bank,592944861251,SBIN492119
ACC002638,CID003083,HDFC Bank,632144332967,SBIN835875
ACC002639,CID003084,SBI,394847997497,SBIN810908
ACC002640,CID003085,Canara Bank,948361047957,SBIN317265
ACC002641,CID003086,HDFC Bank,153104063032,SBIN126473
ACC002642,CID003087,SBI,842046237011,SBIN156141
ACC002643,CID003089,Union Bank,300458803021,SBIN739714
ACC002644,CID003090,Bank of Baroda,103576265833,SBIN714426
ACC002645,CID003091,SBI,126863138906,SBIN737565
ACC002646,CID003092,ICICI Bank,708456182481,SBIN743066
ACC002647,CID003093,ICICI Bank,992333423386,SBIN526645
ACC002648,CID003094,Union Bank,636315757266,SBIN986173
ACC002649,CID003095,Axis Bank,798384442456,SBIN634618
ACC002650,CID003097,Axis Bank,871510176026,SBIN914151
ACC002651,CID003098,Axis Bank,888287169123,SBIN914092
ACC002652,CID003099,HDFC Bank,702772830203,SBIN362666
ACC002653,CID003100,HDFC Bank,325780405920,SBIN988306
ACC002654,CID003101,HDFC Bank,440511022875,SBIN708865
ACC002655,CID003102,Canara Bank,825223901382,SBIN223736
ACC002656,CID003103,Axis Bank,400857490776,SBIN252071
ACC002657,CID003104,Axis Bank,880785645439,SBIN557006
ACC002658,CID003105,Bank of Baroda,997959195743,SBIN798282
ACC002659,CID003106,Bank of Baroda,179366123604,SBIN477694
ACC002660,CID003109,SBI,942497433178,SBIN235211
ACC002661,CID003110,Axis Bank,662040443331,SBIN342864
ACC002662,CID003111,Union Bank,597204273511,SBIN801009
ACC002663,CID003112,Axis Bank,351197041202,SBIN330017
ACC002664,CID003113,Bank of Baroda,117282787474,SBIN923516
ACC002665,CID003114,Union Bank,653398842702,SBIN849234
ACC002666,CID003116,ICICI Bank,593451216513,SBIN926401
ACC002667,CID003117,SBI,524887847923,SBIN974239
ACC002668,CID003118,Union Bank,882143195204,SBIN827899
ACC002669,CID003120,ICICI Bank,853188699023,SBIN948935
ACC002670,CID003121,Union Bank,584643223588,SBIN360906
ACC002671,CID003122,Canara Bank,938643798464,SBIN973536
ACC002672,CID003125,Axis Bank,244706449636,SBIN269875
ACC002673,CID003126,SBI,402761981348,SBIN393768
ACC002674,CID003128,Axis Bank,593493508899,SBIN534749
ACC002675,CID003129,Axis Bank,826706996763,SBIN103907
ACC002676,CID003131,Bank of Baroda,154019219263,SBIN488635
ACC002677,CID003132,ICICI Bank,467458982941,SBIN973401
ACC002678,CID003133,Bank of Baroda,848815389923,SBIN544220
ACC002679,CID003134,Canara Bank,310733590679,SBIN532402
ACC002680,CID003135,Axis Bank,929173229924,SBIN188944
ACC002681,CID003136,HDFC Bank,912087673376,SBIN192699
ACC002682,CID003137,Canara Bank,873868123407,SBIN238950
ACC002683,CID003138,Canara Bank,279648595444,SBIN809082
ACC002684,CID003140,ICICI Bank,197984619822,SBIN515632
ACC002685,CID003141,Canara Bank,719717144100,SBIN600496
ACC002686,CID003142,SBI,185829768725,SBIN520239
ACC002687,CID003144,Union Bank,477111744428,SBIN872369
ACC002688,CID003145,Canara Bank,645252280720,SBIN816110
ACC002689,CID003146,HDFC Bank,443151620496,SBIN512373
ACC002690,CID003147,Canara Bank,875873313259,SBIN923941
ACC002691,CID003149,ICICI Bank,924484912058,SBIN350321
ACC002692,CID003150,Bank of Baroda,597206284481,SBIN560041
ACC002693,CID003151,SBI,162683301982,SBIN535278
ACC002694,CID003154,Bank of Baroda,589244055359,SBIN662240
ACC002695,CID003155,ICICI Bank,225841380595,SBIN140902
ACC002696,CID003156,HDFC Bank,331887026228,SBIN643484
ACC002697,CID003157,Bank of Baroda,895035283987,SBIN991277
ACC002698,CID003158,ICICI Bank,471537983111,SBIN381328
ACC002699,CID003159,HDFC Bank,588200582259,SBIN313658
ACC002700,CID003160,Axis Bank,156356576849,SBIN663250
ACC002701,CID003161,ICICI Bank,476788736855,SBIN881416
ACC002702,CID003162,Canara Bank,970478404064,SBIN566013
ACC002703,CID003163,ICICI Bank,670383954040,SBIN491968
ACC002704,CID003164,Bank of Baroda,921640693118,SBIN908798
ACC002705,CID003165,HDFC Bank,958120857412,SBIN186547
ACC002706,CID003166,Union Bank,754545907463,SBIN548736
ACC002707,CID003167,ICICI Bank,637341549027,SBIN219082
ACC002708,CID003168,Union Bank,900679206366,SBIN197312
ACC002709,CID003169,ICICI Bank,965276168724,SBIN275997
ACC002710,CID003170,Union Bank,291172016027,SBIN582700
ACC002711,CID003171,SBI,357222122597,SBIN115033
ACC002712,CID003173,SBI,987158709154,SBIN677518
ACC002713,CID003174,Axis Bank,881437201032,SBIN932007
ACC002714,CID003175,SBI,533867538942,SBIN615883
ACC002715,CID003177,Axis Bank,230490449141,SBIN441846
ACC002716,CID003178,Axis Bank,573877723096,SBIN960346
ACC002717,CID003179,HDFC Bank,743459042373,SBIN613859
ACC002718,CID003181,SBI,110705161419,SBIN843475
ACC002719,CID003182,Bank of Baroda,599487300714,SBIN503829
ACC002720,CID003183,SBI,160365706809,SBIN789594
ACC002721,CID003184,Axis Bank,760730949365,SBIN331342
ACC002722,CID003185,SBI,103591401379,SBIN258223
ACC002723,CID003186,Axis Bank,616238245655,SBIN962994
ACC002724,CID003187,SBI,332885212379,SBIN293468
ACC002725,CID003188,Canara Bank,904337279911,SBIN829255
ACC002726,CID003189,Axis Bank,134328683693,SBIN644630
ACC002727,CID003190,Union Bank,722034136140,SBIN849664
ACC002728,CID003191,Axis Bank,760868321215,SBIN168767
ACC002729,CID003192,Canara Bank,453178886913,SBIN216123
ACC002730,CID003193,SBI,383461897573,SBIN698365
ACC002731,CID003194,Bank of Baroda,202162188263,SBIN154625
ACC002732,CID003195,Axis Bank,811148163534,SBIN343768
ACC002733,CID003196,Union Bank,782359254322,SBIN205109
ACC002734,CID003197,SBI,474583776062,SBIN628166
ACC002735,CID003198,Axis Bank,214154745234,SBIN802533
ACC002736,CID003199,Bank of Baroda,306903484350,SBIN847434
ACC002737,CID003200,SBI,699072172735,SBIN295389
ACC002738,CID003201,Bank of Baroda,416077441425,SBIN134856
ACC002739,CID003202,SBI,681928043911,SBIN989888
ACC002740,CID003203,Union Bank,522260392291,SBIN932334
ACC002741,CID003204,Bank of Baroda,314727414894,SBIN415453
ACC002742,CID003205,Bank of Baroda,447574803282,SBIN216512
ACC002743,CID003206,ICICI Bank,955385169110,SBIN316876
ACC002744,CID003209,ICICI Bank,843913898469,SBIN436884
ACC002745,CID003210,Bank of Baroda,982553720277,SBIN389402
ACC002746,CID003211,ICICI Bank,261186676810,SBIN941700
ACC002747,CID003212,HDFC Bank,355529059190,SBIN316248
ACC002748,CID003213,Canara Bank,422592390697,SBIN617356
ACC002749,CID003215,ICICI Bank,424951554906,SBIN365819
ACC002750,CID003216,SBI,444888670327,SBIN762821
ACC002751,CID003217,Union Bank,311330334853,SBIN852383
ACC002752,CID003218,Canara Bank,364536998485,SBIN139529
ACC002753,CID003219,ICICI Bank,620992779995,SBIN369412
ACC002754,CID003220,Axis Bank,637476598569,SBIN905606
ACC002755,CID003221,Canara Bank,938987278845,SBIN957922
ACC002756,CID003222,Canara Bank,506401857032,SBIN334559
ACC002757,CID003223,Union Bank,945785759167,SBIN451566
ACC002758,CID003224,SBI,599540881597,SBIN244857
ACC002759,CID003225,Union Bank,889889621925,SBIN206500
ACC002760,CID003226,Bank of Baroda,646317655498,SBIN808264
ACC002761,CID003227,ICICI Bank,225136798753,SBIN588190
ACC002762,CID003228,Bank of Baroda,110116274188,SBIN901460
ACC002763,CID003229,Canara Bank,257117672604,SBIN658317
ACC002764,CID003230,HDFC Bank,620871922715,SBIN314236
ACC002765,CID003231,Bank of Baroda,774741790656,SBIN358017
ACC002766,CID003232,Union Bank,265924781849,SBIN146157
ACC002767,CID003234,Union Bank,802866784567,SBIN313927
ACC002768,CID003235,SBI,343034032731,SBIN901323
ACC002769,CID003236,Canara Bank,649395516578,SBIN140288
ACC002770,CID003237,Canara Bank,315284008027,SBIN127410
ACC002771,CID003238,Union Bank,563942276068,SBIN883890
ACC002772,CID003239,Canara Bank,318977318163,SBIN718271
ACC002773,CID003240,Axis Bank,690642109069,SBIN451364
ACC002774,CID003241,Canara Bank,523358245933,SBIN669506
ACC002775,CID003242,ICICI Bank,571674722046,SBIN433886
ACC002776,CID003243,ICICI Bank,332994382541,SBIN106204
ACC002777,CID003244,ICICI Bank,276227132881,SBIN165363
ACC002778,CID003245,Bank of Baroda,322416085696,SBIN640033
ACC002779,CID003246,Canara Bank,384064152918,SBIN275094
ACC002780,CID003247,Canara Bank,514712576533,SBIN142576
ACC002781,CID003249,Bank of Baroda,380528945142,SBIN151552
ACC002782,CID003250,SBI,687514812847,SBIN525121
ACC002783,CID003251,Canara Bank,895227655992,SBIN765080
ACC002784,CID003253,Axis Bank,976708804730,SBIN730203
ACC002785,CID003254,Union Bank,201249161452,SBIN508156
ACC002786,CID003255,Union Bank,995453544376,SBIN856333
ACC002787,CID003256,Union Bank,260345348894,SBIN300531
ACC002788,CID003257,SBI,121353619884,SBIN854187
ACC002789,CID003258,SBI,381873128161,SBIN539934
ACC002790,CID003260,Axis Bank,382826142797,SBIN634368
ACC002791,CID003261,Axis Bank,245906736787,SBIN379411
ACC002792,CID003262,Canara Bank,810405073335,SBIN966437
ACC002793,CID003263,Bank of Baroda,523688286198,SBIN164472
ACC002794,CID003264,Canara Bank,362051214143,SBIN342106
ACC002795,CID003265,SBI,983519754526,SBIN971525
ACC002796,CID003266,SBI,487778773410,SBIN274728
ACC002797,CID003267,Union Bank,337272637437,SBIN656955
ACC002798,CID003268,Bank of Baroda,835763176440,SBIN277207
ACC002799,CID003269,Bank of Baroda,651211883487,SBIN660229
ACC002800,CID003270,Canara Bank,354253072871,SBIN619131
ACC002801,CID003271,Canara Bank,785121153055,SBIN708282
ACC002802,CID003272,ICICI Bank,681323362708,SBIN460751
ACC002803,CID003273,Axis Bank,715551706463,SBIN206544
ACC002804,CID003274,SBI,278929957282,SBIN538031
ACC002805,CID003275,ICICI Bank,885171533785,SBIN651254
ACC002806,CID003276,SBI,650429811271,SBIN234178
ACC002807,CID003277,SBI,643521599286,SBIN946838
ACC002808,CID003278,Bank of Baroda,976722822802,SBIN843079
ACC002809,CID003280,Axis Bank,722818687128,SBIN866599
ACC002810,CID003281,SBI,297412108870,SBIN877141
ACC002811,CID003282,Bank of Baroda,215437854897,SBIN209259
ACC002812,CID003283,Canara Bank,281826546723,SBIN456701
ACC002813,CID003284,Bank of Baroda,846670072383,SBIN464488
ACC002814,CID003285,HDFC Bank,853870476061,SBIN972871
ACC002815,CID003286,Canara Bank,786669857440,SBIN916354
ACC002816,CID003287,Canara Bank,924857447507,SBIN161308
ACC002817,CID003288,Canara Bank,989855991286,SBIN313249
ACC002818,CID003289,Axis Bank,685597604922,SBIN168141
ACC002819,CID003290,HDFC Bank,852791194349,SBIN870903
ACC002820,CID003292,Axis Bank,486060384429,SBIN822307
ACC002821,CID003293,HDFC Bank,642483198153,SBIN379970
ACC002822,CID003294,HDFC Bank,833959145897,SBIN986622
ACC002823,CID003295,Axis Bank,922988884361,SBIN426607
ACC002824,CID003296,ICICI Bank,824093747920,SBIN105415
ACC002825,CID003297,ICICI Bank,330125787035,SBIN557454
ACC002826,CID003298,Canara Bank,571065455116,SBIN283704
ACC002827,CID003299,ICICI Bank,208664370519,SBIN589931
ACC002828,CID003300,Bank of Baroda,310365086702,SBIN663821
ACC002829,CID003301,Axis Bank,814048636042,SBIN855657
ACC002830,CID003303,Bank of Baroda,572675146716,SBIN390325
ACC002831,CID003304,Axis Bank,573779816354,SBIN366488
ACC002832,CID003305,Union Bank,473120263570,SBIN289041
ACC002833,CID003306,Bank of Baroda,698246394817,SBIN996793
ACC002834,CID003309,Union Bank,510849323690,SBIN709732
ACC002835,CID003310,SBI,976824433703,SBIN203553
ACC002836,CID003312,Union Bank,541023214243,SBIN977119
ACC002837,CID003313,HDFC Bank,228859421735,SBIN542650
ACC002838,CID003314,Axis Bank,308680168005,SBIN688181
ACC002839,CID003315,Union Bank,497943063755,SBIN674846
ACC002840,CID003317,HDFC Bank,395150977105,SBIN334366
ACC002841,CID003318,HDFC Bank,352657423779,SBIN440942
ACC002842,CID003319,HDFC Bank,482571401275,SBIN930863
ACC002843,CID003320,Bank of Baroda,751824584691,SBIN279618
ACC002844,CID003321,ICICI Bank,364862618606,SBIN220526
ACC002845,CID003323,SBI,927569974350,SBIN261295
ACC002846,CID003325,ICICI Bank,261166624699,SBIN285414
ACC002847,CID003327,Axis Bank,330966878271,SBIN606056
ACC002848,CID003328,Bank of Baroda,175504515934,SBIN971102
ACC002849,CID003329,Bank of Baroda,945860243509,SBIN544200
ACC002850,CID003330,Canara Bank,577658681617,SBIN720968
ACC002851,CID003331,SBI,789568358913,SBIN644423
ACC002852,CID003332,Union Bank,729927207689,SBIN217653
ACC002853,CID003334,HDFC Bank,604401090901,SBIN667714
ACC002854,CID003336,ICICI Bank,543282659347,SBIN526634
ACC002855,CID003337,SBI,637418389321,SBIN511094
ACC002856,CID003338,Union Bank,976814280025,SBIN594835
ACC002857,CID003339,Union Bank,905928275712,SBIN692193
ACC002858,CID003340,ICICI Bank,755026792290,SBIN300989
ACC002859,CID003341,Bank of Baroda,187835101496,SBIN644115
ACC002860,CID003342,Axis Bank,180740660549,SBIN808780
ACC002861,CID003343,Axis Bank,757670039631,SBIN558297
ACC002862,CID003344,Canara Bank,702886603011,SBIN913241
ACC002863,CID003347,Union Bank,972066397128,SBIN975254
ACC002864,CID003348,HDFC Bank,982922883359,SBIN846675
ACC002865,CID003349,ICICI Bank,619863178946,SBIN693362
ACC002866,CID003350,Bank of Baroda,452426979626,SBIN592430
ACC002867,CID003351,Bank of Baroda,148830364235,SBIN128577
ACC002868,CID003352,HDFC Bank,884734421172,SBIN483095
ACC002869,CID003353,Axis Bank,900657028731,SBIN548942
ACC002870,CID003354,Union Bank,813100742269,SBIN268250
ACC002871,CID003355,SBI,612637527559,SBIN319028
ACC002872,CID003356,Bank of Baroda,529678806855,SBIN246071
ACC002873,CID003358,SBI,924066206526,SBIN992079
ACC002874,CID003359,Union Bank,439568705732,SBIN525471
ACC002875,CID003360,SBI,762951405154,SBIN194256
ACC002876,CID003361,Canara Bank,636845165746,SBIN948606
ACC002877,CID003364,SBI,322240786301,SBIN564003
ACC002878,CID003365,HDFC Bank,537472081779,SBIN726803
ACC002879,CID003366,ICICI Bank,112330513792,SBIN591496
ACC002880,CID003369,Axis Bank,571737298081,SBIN852995
ACC002881,CID003370,SBI,289341836257,SBIN950577
ACC002882,CID003371,Bank of Baroda,811399304702,SBIN707321
ACC002883,CID003372,Axis Bank,977961608813,SBIN358271
ACC002884,CID003373,Canara Bank,182588235454,SBIN856296
ACC002885,CID003376,ICICI Bank,615584545032,SBIN329912
ACC002886,CID003377,Axis Bank,766804095276,SBIN562278
ACC002887,CID003378,Axis Bank,844466698865,SBIN816512
ACC002888,CID003380,Bank of Baroda,955703824656,SBIN334987
ACC002889,CID003381,Canara Bank,272488647340,SBIN947416
ACC002890,CID003382,Union Bank,172828981728,SBIN959617
ACC002891,CID003384,Bank of Baroda,394229293171,SBIN786666
ACC002892,CID003385,SBI,997277790566,SBIN335375
ACC002893,CID003386,Canara Bank,608937326251,SBIN574267
ACC002894,CID003387,HDFC Bank,177339760737,SBIN746331
ACC002895,CID003388,HDFC Bank,778758592563,SBIN238477
ACC002896,CID003389,Axis Bank,835010841901,SBIN590270
ACC002897,CID003390,Canara Bank,924851932331,SBIN857449
ACC002898,CID003391,Bank of Baroda,848500263894,SBIN316888
ACC002899,CID003392,HDFC Bank,396102635622,SBIN217626
ACC002900,CID003393,Axis Bank,551867841759,SBIN507218
ACC002901,CID003394,ICICI Bank,767849972194,SBIN630231
ACC002902,CID003395,HDFC Bank,401522331648,SBIN203329
ACC002903,CID003396,Axis Bank,407121711827,SBIN723519
ACC002904,CID003397,ICICI Bank,977510425998,SBIN517233
ACC002905,CID003399,HDFC Bank,509646248289,SBIN882644
ACC002906,CID003400,Bank of Baroda,385039356390,SBIN713621
ACC002907,CID003401,HDFC Bank,878360129602,SBIN993794
ACC002908,CID003402,Union Bank,537039271799,SBIN704582
ACC002909,CID003403,Bank of Baroda,513869548479,SBIN137666
ACC002910,CID003404,Canara Bank,879270648544,SBIN218213
ACC002911,CID003405,HDFC Bank,334962293422,SBIN966971
ACC002912,CID003406,Bank of Baroda,674680039250,SBIN582589
ACC002913,CID003407,Bank of Baroda,453822052318,SBIN161140
ACC002914,CID003408,Canara Bank,184086410531,SBIN524554
ACC002915,CID003409,Bank of Baroda,375790611173,SBIN306345
ACC002916,CID003410,Axis Bank,316742870764,SBIN215063
ACC002917,CID003411,HDFC Bank,462440534227,SBIN889942
ACC002918,CID003412,HDFC Bank,709444648959,SBIN393900
ACC002919,CID003414,Bank of Baroda,357568678991,SBIN305172
ACC002920,CID003417,ICICI Bank,982337908324,SBIN286687
ACC002921,CID003418,Union Bank,329138820359,SBIN129792
ACC002922,CID003419,HDFC Bank,518114253710,SBIN629606
ACC002923,CID003420,Axis Bank,352366419068,SBIN228929
ACC002924,CID003421,Union Bank,250305968051,SBIN345861
ACC002925,CID003422,HDFC Bank,403167545252,SBIN267426
ACC002926,CID003423,Canara Bank,903444873603,SBIN766072
ACC002927,CID003424,Canara Bank,998426196909,SBIN927932
ACC002928,CID003425,Union Bank,304439320233,SBIN543766
ACC002929,CID003427,HDFC Bank,941970841249,SBIN990749
ACC002930,CID003428,Bank of Baroda,449348585151,SBIN336388
ACC002931,CID003430,Axis Bank,129961570429,SBIN936170
ACC002932,CID003431,Bank of Baroda,165718019679,SBIN626277
ACC002933,CID003432,SBI,195545160856,SBIN477396
ACC002934,CID003433,SBI,560754368748,SBIN857143
ACC002935,CID003434,HDFC Bank,555094741385,SBIN722554
ACC002936,CID003435,Canara Bank,390919161245,SBIN997072
ACC002937,CID003436,HDFC Bank,658945906853,SBIN928466
ACC002938,CID003438,SBI,808844913372,SBIN651907
ACC002939,CID003439,HDFC Bank,652428569834,SBIN520413
ACC002940,CID003440,ICICI Bank,154551041392,SBIN586025
ACC002941,CID003441,Axis Bank,263040203305,SBIN255574
ACC002942,CID003442,Union Bank,132597753373,SBIN592955
ACC002943,CID003443,SBI,242005135271,SBIN244898
ACC002944,CID003444,ICICI Bank,402812014034,SBIN855568
ACC002945,CID003445,HDFC Bank,530195935696,SBIN180417
ACC002946,CID003446,SBI,200363373856,SBIN820464
ACC002947,CID003448,Canara Bank,235185079966,SBIN439177
ACC002948,CID003449,Axis Bank,757942685004,SBIN468455
ACC002949,CID003450,Canara Bank,615067293829,SBIN547559
ACC002950,CID003451,Bank of Baroda,318937845158,SBIN797119
ACC002951,CID003452,ICICI Bank,795313678146,SBIN540336
ACC002952,CID003453,Bank of Baroda,849036255787,SBIN878673
ACC002953,CID003454,Union Bank,684544780711,SBIN802689
ACC002954,CID003455,Canara Bank,691892575686,SBIN600516
ACC002955,CID003456,Axis Bank,258271509831,SBIN909982
ACC002956,CID003457,HDFC Bank,491974475242,SBIN463487
ACC002957,CID003458,Canara Bank,778985179422,SBIN453158
ACC002958,CID003459,Union Bank,858270534735,SBIN946099
ACC002959,CID003460,Bank of Baroda,589836581585,SBIN597722
ACC002960,CID003461,Axis Bank,856534759323,SBIN995264
ACC002961,CID003463,Bank of Baroda,891579202423,SBIN918734
ACC002962,CID003464,Axis Bank,134682307036,SBIN190396
ACC002963,CID003465,HDFC Bank,780818592498,SBIN341990
ACC002964,CID003466,SBI,267513814265,SBIN421417
ACC002965,CID003467,Canara Bank,374764718658,SBIN727341
ACC002966,CID003468,Axis Bank,729059757609,SBIN257651
ACC002967,CID003469,Canara Bank,258372529916,SBIN301654
ACC002968,CID003470,Union Bank,465568880061,SBIN825952
ACC002969,CID003471,Axis Bank,302165001108,SBIN387379
ACC002970,CID003472,Canara Bank,670706875606,SBIN111980
ACC002971,CID003473,Axis Bank,116425675881,SBIN527418
ACC002972,CID003474,SBI,966912436329,SBIN854340
ACC002973,CID003476,Union Bank,676852687207,SBIN251271
ACC002974,CID003477,HDFC Bank,304217445822,SBIN588585
ACC002975,CID003478,Canara Bank,727680762754,SBIN118548
ACC002976,CID003479,ICICI Bank,820853746110,SBIN334320
ACC002977,CID003480,SBI,997496511546,SBIN359748
ACC002978,CID003481,Axis Bank,440287183797,SBIN986845
ACC002979,CID003482,SBI,368987845667,SBIN910973
ACC002980,CID003483,Axis Bank,432443551891,SBIN518072
ACC002981,CID003484,Canara Bank,382261183755,SBIN204114
ACC002982,CID003485,Axis Bank,895345511042,SBIN134233
ACC002983,CID003486,ICICI Bank,884341546357,SBIN165727
ACC002984,CID003487,Bank of Baroda,623772942534,SBIN901486
ACC002985,CID003489,Canara Bank,779549228309,SBIN952862
ACC002986,CID003490,SBI,328489990754,SBIN384910
ACC002987,CID003492,ICICI Bank,371774914116,SBIN653024
ACC002988,CID003494,SBI,233645834854,SBIN173543
ACC002989,CID003495,Bank of Baroda,738471996777,SBIN787615
ACC002990,CID003496,ICICI Bank,398480096067,SBIN589932
ACC002991,CID003497,Canara Bank,725159820093,SBIN532653
ACC002992,CID003498,SBI,942404099827,SBIN642385
ACC002993,CID003499,Canara Bank,320179383967,SBIN709836
ACC002994,CID003500,Union Bank,496785546896,SBIN407013
ACC002995,CID003501,ICICI Bank,413936608709,SBIN376353
ACC002996,CID003502,Bank of Baroda,593374134491,SBIN778156
ACC002997,CID003503,Union Bank,798257882429,SBIN854461
ACC002998,CID003504,Union Bank,369288821537,SBIN890065
ACC002999,CID003506,ICICI Bank,717191668242,SBIN959561
ACC003000,CID003507,Bank of Baroda,538508381150,SBIN703907
ACC003001,CID003510,Bank of Baroda,840210147903,SBIN660257
ACC003002,CID003511,ICICI Bank,726042205058,SBIN372509
ACC003003,CID003512,ICICI Bank,764268099515,SBIN735830
ACC003004,CID003513,ICICI Bank,383100179531,SBIN400158
ACC003005,CID003514,Bank of Baroda,314818391349,SBIN298116
ACC003006,CID003515,Canara Bank,894429790136,SBIN981787
ACC003007,CID003516,Canara Bank,682125703956,SBIN249220
ACC003008,CID003517,Union Bank,153513688836,SBIN293046
ACC003009,CID003518,ICICI Bank,752347213865,SBIN248570
ACC003010,CID003519,Bank of Baroda,193273096737,SBIN521322
ACC003011,CID003520,Bank of Baroda,701914946001,SBIN762787
ACC003012,CID003521,Axis Bank,475884448873,SBIN513853
ACC003013,CID003522,HDFC Bank,124766350720,SBIN175235
ACC003014,CID003523,Bank of Baroda,946362029720,SBIN345164
ACC003015,CID003524,HDFC Bank,115006705378,SBIN571866
ACC003016,CID003525,HDFC Bank,629126352853,SBIN335797
ACC003017,CID003526,SBI,175992996350,SBIN678463
ACC003018,CID003528,Axis Bank,144239790683,SBIN842203
ACC003019,CID003529,Canara Bank,632373266003,SBIN520223
ACC003020,CID003530,Bank of Baroda,175841962121,SBIN164447
ACC003021,CID003531,Bank of Baroda,240179460588,SBIN119530
ACC003022,CID003532,Canara Bank,221264601947,SBIN546132
ACC003023,CID003533,Canara Bank,953559874593,SBIN422337
ACC003024,CID003534,Union Bank,308096853128,SBIN498559
ACC003025,CID003535,Bank of Baroda,765959207060,SBIN201270
ACC003026,CID003536,ICICI Bank,276258510585,SBIN107715
ACC003027,CID003537,SBI,595228176115,SBIN978623
ACC003028,CID003538,Union Bank,931284733820,SBIN695066
ACC003029,CID003539,Axis Bank,707704824454,SBIN839344
ACC003030,CID003541,ICICI Bank,651079140226,SBIN366288
ACC003031,CID003542,Union Bank,184926857104,SBIN694515
ACC003032,CID003543,Canara Bank,645249581021,SBIN115281
ACC003033,CID003544,ICICI Bank,103491967106,SBIN183998
ACC003034,CID003545,Canara Bank,149807991447,SBIN780653
ACC003035,CID003546,Bank of Baroda,228829809354,SBIN469808
ACC003036,CID003547,SBI,324476840585,SBIN131359
ACC003037,CID003548,Union Bank,530031293598,SBIN906849
ACC003038,CID003549,Canara Bank,768817417344,SBIN958263
ACC003039,CID003550,Bank of Baroda,813163234364,SBIN873890
ACC003040,CID003551,Union Bank,550004123544,SBIN416905
ACC003041,CID003552,Union Bank,724653260106,SBIN290256
ACC003042,CID003553,Canara Bank,649291270603,SBIN248516
ACC003043,CID003554,HDFC Bank,968264980774,SBIN864167
ACC003044,CID003555,ICICI Bank,103280152419,SBIN923184
ACC003045,CID003556,Bank of Baroda,774452817982,SBIN451396
ACC003046,CID003557,Union Bank,332308533431,SBIN257084
ACC003047,CID003558,Union Bank,725248155165,SBIN972286
ACC003048,CID003559,Axis Bank,135539505599,SBIN944975
ACC003049,CID003561,SBI,260744517826,SBIN286422
ACC003050,CID003563,ICICI Bank,116024793881,SBIN687692
ACC003051,CID003564,Bank of Baroda,169284745764,SBIN570826
ACC003052,CID003566,Canara Bank,286400057490,SBIN443884
ACC003053,CID003567,HDFC Bank,837218235861,SBIN133639
ACC003054,CID003568,ICICI Bank,953550276433,SBIN260517
ACC003055,CID003569,Bank of Baroda,446119034661,SBIN947636
ACC003056,CID003570,Axis Bank,111714688370,SBIN460331
ACC003057,CID003571,Bank of Baroda,479140542219,SBIN293491
ACC003058,CID003572,ICICI Bank,984238997981,SBIN268576
ACC003059,CID003573,Axis Bank,536710689039,SBIN304625
ACC003060,CID003574,Bank of Baroda,582159796749,SBIN630300
ACC003061,CID003575,SBI,567058607228,SBIN398591
ACC003062,CID003576,Canara Bank,956283957512,SBIN129538
ACC003063,CID003577,Canara Bank,187981635315,SBIN311514
ACC003064,CID003578,Canara Bank,432242589799,SBIN895685
ACC003065,CID003579,Axis Bank,522072990043,SBIN384829
ACC003066,CID003580,HDFC Bank,289208884859,SBIN225250
ACC003067,CID003581,Union Bank,969013832956,SBIN388909
ACC003068,CID003582,SBI,391729946410,SBIN848935
ACC003069,CID003583,Canara Bank,874797126071,SBIN757648
ACC003070,CID003584,SBI,602778849714,SBIN307079
ACC003071,CID003586,Axis Bank,381749360449,SBIN669120
ACC003072,CID003587,HDFC Bank,682448342575,SBIN903872
ACC003073,CID003588,Union Bank,843718702924,SBIN610333
ACC003074,CID003589,Axis Bank,665040403813,SBIN392175
ACC003075,CID003590,Union Bank,497352961199,SBIN912084
ACC003076,CID003591,SBI,895349030391,SBIN453020
ACC003077,CID003593,Canara Bank,889410848944,SBIN434987
ACC003078,CID003594,Canara Bank,737865544088,SBIN919490
ACC003079,CID003595,ICICI Bank,122819849161,SBIN213055
ACC003080,CID003596,ICICI Bank,943699841510,SBIN149561
ACC003081,CID003598,Canara Bank,903490656100,SBIN450142
ACC003082,CID003599,HDFC Bank,633272800743,SBIN955787
ACC003083,CID003600,SBI,156478042776,SBIN563938
ACC003084,CID003601,Axis Bank,482418706850,SBIN754410
ACC003085,CID003602,ICICI Bank,884427269929,SBIN964632
ACC003086,CID003603,SBI,203950823065,SBIN279915
ACC003087,CID003604,Union Bank,985385144891,SBIN492312
ACC003088,CID003605,HDFC Bank,286067009276,SBIN945119
ACC003089,CID003606,ICICI Bank,168215437568,SBIN250987
ACC003090,CID003608,Axis Bank,869513505110,SBIN499421
ACC003091,CID003609,Canara Bank,294125720076,SBIN535336
ACC003092,CID003610,Union Bank,364953491855,SBIN875937
ACC003093,CID003611,Union Bank,240088381441,SBIN965524
ACC003094,CID003613,Axis Bank,252979543880,SBIN108814
ACC003095,CID003614,Axis Bank,320199612264,SBIN696824
ACC003096,CID003615,ICICI Bank,932492889181,SBIN897975
ACC003097,CID003617,Axis Bank,816220092555,SBIN976893
ACC003098,CID003618,Bank of Baroda,674706869151,SBIN759370
ACC003099,CID003619,Canara Bank,985692688754,SBIN845200
ACC003100,CID003621,Union Bank,995329186854,SBIN666945
ACC003101,CID003622,Bank of Baroda,129313268785,SBIN831548
ACC003102,CID003623,SBI,925117285486,SBIN895927
ACC003103,CID003624,SBI,788610135132,SBIN115982
ACC003104,CID003625,ICICI Bank,560891862209,SBIN406387
ACC003105,CID003626,Bank of Baroda,793782933952,SBIN887480
ACC003106,CID003627,Union Bank,949556004735,SBIN597738
ACC003107,CID003628,ICICI Bank,682303767655,SBIN306407
ACC003108,CID003629,Axis Bank,365820712075,SBIN481973
ACC003109,CID003630,Canara Bank,275666035824,SBIN355855
ACC003110,CID003631,SBI,469357189891,SBIN889015
ACC003111,CID003632,Canara Bank,122867930780,SBIN944630
ACC003112,CID003633,HDFC Bank,237794413188,SBIN928077
ACC003113,CID003634,SBI,513996997479,SBIN916385
ACC003114,CID003635,Axis Bank,763385902555,SBIN541404
ACC003115,CID003636,Canara Bank,822361961023,SBIN399394
ACC003116,CID003637,SBI,688396589298,SBIN951455
ACC003117,CID003638,HDFC Bank,249307117325,SBIN900798
ACC003118,CID003639,Union Bank,680927423368,SBIN133651
ACC003119,CID003641,Union Bank,967896046181,SBIN519287
ACC003120,CID003643,Canara Bank,244606827549,SBIN691323
ACC003121,CID003644,Axis Bank,317665715205,SBIN471333
ACC003122,CID003646,Bank of Baroda,872653119117,SBIN382986
ACC003123,CID003647,Bank of Baroda,250085724563,SBIN471806
ACC003124,CID003648,HDFC Bank,692928982495,SBIN843166
ACC003125,CID003650,Axis Bank,215412938033,SBIN379067
ACC003126,CID003652,Bank of Baroda,738283745564,SBIN127574
ACC003127,CID003653,SBI,198121445325,SBIN966469
ACC003128,CID003654,ICICI Bank,750538104033,SBIN912010
ACC003129,CID003655,ICICI Bank,848417734277,SBIN555375
ACC003130,CID003656,Canara Bank,874640529464,SBIN300652
ACC003131,CID003657,Union Bank,443649478759,SBIN119149
ACC003132,CID003658,ICICI Bank,842506029825,SBIN125230
ACC003133,CID003659,Union Bank,265608320419,SBIN809976
ACC003134,CID003660,ICICI Bank,704243441427,SBIN786816
ACC003135,CID003663,Axis Bank,673892639308,SBIN459591
ACC003136,CID003664,Bank of Baroda,155950692266,SBIN564331
ACC003137,CID003665,Canara Bank,708881979595,SBIN313833
ACC003138,CID003666,Axis Bank,509220209367,SBIN254920
ACC003139,CID003667,SBI,337757004776,SBIN354442
ACC003140,CID003668,HDFC Bank,144963904195,SBIN253140
ACC003141,CID003669,ICICI Bank,406236885224,SBIN452027
ACC003142,CID003670,Bank of Baroda,364289805564,SBIN728324
ACC003143,CID003671,Canara Bank,220507807170,SBIN856484
ACC003144,CID003672,Bank of Baroda,370554282230,SBIN854256
ACC003145,CID003673,Axis Bank,626327467011,SBIN111641
ACC003146,CID003674,Axis Bank,371836265589,SBIN221678
ACC003147,CID003675,SBI,155164886738,SBIN644270
ACC003148,CID003676,Union Bank,908715252832,SBIN698158
ACC003149,CID003678,Axis Bank,238893497916,SBIN640188
ACC003150,CID003679,Canara Bank,262509942097,SBIN338603
ACC003151,CID003682,Axis Bank,226636638454,SBIN594714
ACC003152,CID003683,Axis Bank,888965113104,SBIN945550
ACC003153,CID003684,HDFC Bank,264199262171,SBIN259416
ACC003154,CID003685,HDFC Bank,758172810654,SBIN930821
ACC003155,CID003686,ICICI Bank,519734777797,SBIN119268
ACC003156,CID003687,SBI,794212438688,SBIN866925
ACC003157,CID003688,HDFC Bank,258008257911,SBIN852759
ACC003158,CID003689,Bank of Baroda,466419481235,SBIN360086
ACC003159,CID003690,Union Bank,566899379181,SBIN291724
ACC003160,CID003691,Axis Bank,520670379550,SBIN860005
ACC003161,CID003692,HDFC Bank,661541789498,SBIN649795
ACC003162,CID003693,Union Bank,233079596306,SBIN480162
ACC003163,CID003694,SBI,162037357697,SBIN652211
ACC003164,CID003695,Bank of Baroda,121730669564,SBIN324689
ACC003165,CID003696,Axis Bank,232749279670,SBIN458570
ACC003166,CID003697,HDFC Bank,738670663530,SBIN574528
ACC003167,CID003698,Bank of Baroda,510304890780,SBIN338376
ACC003168,CID003699,HDFC Bank,229731970972,SBIN832575
ACC003169,CID003700,HDFC Bank,918121856690,SBIN559353
ACC003170,CID003701,HDFC Bank,183958157721,SBIN838835
ACC003171,CID003702,Canara Bank,609095645125,SBIN596963
ACC003172,CID003703,HDFC Bank,468780737645,SBIN116341
ACC003173,CID003705,Axis Bank,812220257242,SBIN785410
ACC003174,CID003706,SBI,261277567274,SBIN781848
ACC003175,CID003707,Canara Bank,555757277512,SBIN767201
ACC003176,CID003708,Bank of Baroda,172104284973,SBIN720896
ACC003177,CID003709,Axis Bank,154520822061,SBIN978453
ACC003178,CID003710,ICICI Bank,968496860723,SBIN295233
ACC003179,CID003711,Bank of Baroda,768632752108,SBIN188749
ACC003180,CID003712,SBI,382017647379,SBIN569868
ACC003181,CID003715,Bank of Baroda,223096743195,SBIN477310
ACC003182,CID003716,Bank of Baroda,858659275229,SBIN587567
ACC003183,CID003717,Canara Bank,723489506184,SBIN124797
ACC003184,CID003718,Bank of Baroda,777636418284,SBIN420332
ACC003185,CID003719,SBI,335528733721,SBIN444160
ACC003186,CID003720,Canara Bank,563940219922,SBIN459526
ACC003187,CID003721,Canara Bank,500136579167,SBIN983168
ACC003188,CID003722,Axis Bank,991563856485,SBIN817420
ACC003189,CID003723,Union Bank,697932700753,SBIN547681
ACC003190,CID003724,Bank of Baroda,377642684609,SBIN363847
ACC003191,CID003725,Bank of Baroda,867542280570,SBIN605762
ACC003192,CID003726,Union Bank,780252497645,SBIN537136
ACC003193,CID003727,Axis Bank,997949791411,SBIN619210
ACC003194,CID003728,Canara Bank,501017879977,SBIN626032
ACC003195,CID003729,Axis Bank,911174235018,SBIN389217
ACC003196,CID003730,Union Bank,520791152427,SBIN891646
ACC003197,CID003731,SBI,222775121224,SBIN697303
ACC003198,CID003732,SBI,844425909878,SBIN290100
ACC003199,CID003733,Canara Bank,975475137801,SBIN299550
ACC003200,CID003734,ICICI Bank,383885688399,SBIN582872
ACC003201,CID003735,Bank of Baroda,375209422812,SBIN846324
ACC003202,CID003736,Union Bank,314870990695,SBIN358721
ACC003203,CID003737,ICICI Bank,758672149347,SBIN749053
ACC003204,CID003738,Bank of Baroda,901423804756,SBIN685251
ACC003205,CID003739,ICICI Bank,151271662598,SBIN456775
ACC003206,CID003740,Axis Bank,539211351922,SBIN160182
ACC003207,CID003741,Union Bank,146039151084,SBIN358449
ACC003208,CID003742,Canara Bank,702945937814,SBIN870044
ACC003209,CID003744,SBI,474458622414,SBIN654198
ACC003210,CID003745,ICICI Bank,819975127978,SBIN256026
ACC003211,CID003746,Axis Bank,821559508107,SBIN116087
ACC003212,CID003747,Axis Bank,220997955369,SBIN852732
ACC003213,CID003748,ICICI Bank,833918625434,SBIN455237
ACC003214,CID003749,Bank of Baroda,742833713748,SBIN969928
ACC003215,CID003751,SBI,655275528981,SBIN514160
ACC003216,CID003752,ICICI Bank,844220755825,SBIN825940
ACC003217,CID003753,Union Bank,985401754823,SBIN108359
ACC003218,CID003754,Bank of Baroda,702821150551,SBIN488536
ACC003219,CID003755,SBI,371799297547,SBIN982054
ACC003220,CID003756,ICICI Bank,260130816703,SBIN160026
ACC003221,CID003757,Axis Bank,413975588852,SBIN240069
ACC003222,CID003758,HDFC Bank,271131026216,SBIN104735
ACC003223,CID003759,Bank of Baroda,655228796390,SBIN882217
ACC003224,CID003760,Axis Bank,733885089803,SBIN632368
ACC003225,CID003761,SBI,394435561954,SBIN222421
ACC003226,CID003762,Canara Bank,763549598371,SBIN385531
ACC003227,CID003764,HDFC Bank,497884763524,SBIN471650
ACC003228,CID003765,Axis Bank,640397071840,SBIN631469
ACC003229,CID003766,Union Bank,188676143837,SBIN749732
ACC003230,CID003767,Canara Bank,546058117952,SBIN590338
ACC003231,CID003769,SBI,990565208367,SBIN806199
ACC003232,CID003771,Canara Bank,468625647042,SBIN334516
ACC003233,CID003773,Bank of Baroda,409279088751,SBIN331493
ACC003234,CID003774,Bank of Baroda,286203995062,SBIN565337
ACC003235,CID003776,ICICI Bank,126943452836,SBIN687187
ACC003236,CID003777,SBI,803876254212,SBIN600919
ACC003237,CID003778,Bank of Baroda,317764912531,SBIN916623
ACC003238,CID003779,Axis Bank,749538458180,SBIN206437
ACC003239,CID003780,ICICI Bank,262763900107,SBIN229362
ACC003240,CID003782,Axis Bank,242889518137,SBIN107442
ACC003241,CID003783,HDFC Bank,157059755459,SBIN686940
ACC003242,CID003784,Union Bank,159471296872,SBIN264738
ACC003243,CID003785,HDFC Bank,854640936279,SBIN629414
ACC003244,CID003786,HDFC Bank,195497336236,SBIN342632
ACC003245,CID003787,Canara Bank,672974328196,SBIN588412
ACC003246,CID003788,Canara Bank,864086692038,SBIN337342
ACC003247,CID003789,Bank of Baroda,316920913154,SBIN662217
ACC003248,CID003790,Canara Bank,439330427221,SBIN948850
ACC003249,CID003791,Union Bank,443890685104,SBIN141030
ACC003250,CID003792,Union Bank,398000756215,SBIN467676
ACC003251,CID003793,Axis Bank,258756573441,SBIN144242
ACC003252,CID003794,Union Bank,813900230158,SBIN404635
ACC003253,CID003795,Bank of Baroda,416548948564,SBIN713681
ACC003254,CID003796,Canara Bank,306564864748,SBIN138736
ACC003255,CID003797,HDFC Bank,380967995858,SBIN898365
ACC003256,CID003798,Canara Bank,447817773294,SBIN157713
ACC003257,CID003802,Union Bank,190932058573,SBIN109690
ACC003258,CID003803,Axis Bank,690349740003,SBIN688106
ACC003259,CID003804,Axis Bank,996731876672,SBIN910042
ACC003260,CID003805,Union Bank,781392214244,SBIN957407
ACC003261,CID003806,Bank of Baroda,184481831224,SBIN380798
ACC003262,CID003808,HDFC Bank,493208148680,SBIN915879
ACC003263,CID003809,Union Bank,849077548820,SBIN113997
ACC003264,CID003810,Axis Bank,546707724207,SBIN945566
ACC003265,CID003811,HDFC Bank,302745265373,SBIN164732
ACC003266,CID003812,Union Bank,151198722674,SBIN149494
ACC003267,CID003814,SBI,895730300768,SBIN369338
ACC003268,CID003815,SBI,996711497194,SBIN158083
ACC003269,CID003816,SBI,180979326704,SBIN331725
ACC003270,CID003817,SBI,606650996076,SBIN149123
ACC003271,CID003818,Axis Bank,355879833801,SBIN654728
ACC003272,CID003819,Canara Bank,864246055329,SBIN140376
ACC003273,CID003820,Axis Bank,753767146019,SBIN116221
ACC003274,CID003821,HDFC Bank,790872499216,SBIN658082
ACC003275,CID003822,Axis Bank,241440542992,SBIN171597
ACC003276,CID003823,Axis Bank,380321691343,SBIN794260
ACC003277,CID003824,SBI,503016218236,SBIN776027
ACC003278,CID003825,ICICI Bank,446683385431,SBIN634842
ACC003279,CID003826,Axis Bank,922549852794,SBIN581417
ACC003280,CID003827,Bank of Baroda,492171639683,SBIN994555
ACC003281,CID003828,ICICI Bank,854391718527,SBIN378299
ACC003282,CID003829,HDFC Bank,655712038163,SBIN392501
ACC003283,CID003830,Bank of Baroda,510363811827,SBIN991570
ACC003284,CID003831,SBI,832800752695,SBIN206616
ACC003285,CID003832,Bank of Baroda,183286511540,SBIN577990
ACC003286,CID003833,Bank of Baroda,178748425091,SBIN726013
ACC003287,CID003834,Union Bank,795689613230,SBIN804140
ACC003288,CID003835,SBI,494483947181,SBIN716610
ACC003289,CID003837,Axis Bank,523568240612,SBIN135695
ACC003290,CID003838,Axis Bank,111565428518,SBIN802710
ACC003291,CID003839,Union Bank,185392421238,SBIN898977
ACC003292,CID003840,SBI,560233317382,SBIN822813
ACC003293,CID003842,HDFC Bank,187192090213,SBIN836194
ACC003294,CID003843,Bank of Baroda,193531625652,SBIN394260
ACC003295,CID003844,Union Bank,246085943915,SBIN891783
ACC003296,CID003845,Canara Bank,822836787135,SBIN590551
ACC003297,CID003846,Canara Bank,941213333763,SBIN537762
ACC003298,CID003847,Bank of Baroda,144094633077,SBIN824906
ACC003299,CID003848,Bank of Baroda,445061937302,SBIN520906
ACC003300,CID003849,SBI,948812209139,SBIN539056
ACC003301,CID003850,Union Bank,184482335279,SBIN564767
ACC003302,CID003851,HDFC Bank,185198073463,SBIN932300
ACC003303,CID003852,Bank of Baroda,292626135041,SBIN296359
ACC003304,CID003853,HDFC Bank,586996754042,SBIN175855
ACC003305,CID003854,Axis Bank,409290164044,SBIN542002
ACC003306,CID003856,ICICI Bank,223490745727,SBIN420258
ACC003307,CID003857,HDFC Bank,741770634082,SBIN670718
ACC003308,CID003858,ICICI Bank,422949164178,SBIN985757
ACC003309,CID003859,ICICI Bank,565152008560,SBIN262173
ACC003310,CID003860,SBI,143627483617,SBIN660304
ACC003311,CID003861,ICICI Bank,162116325610,SBIN999172
ACC003312,CID003862,Axis Bank,485408411200,SBIN893140
ACC003313,CID003863,SBI,695870920442,SBIN472909
ACC003314,CID003864,SBI,555128230656,SBIN421082
ACC003315,CID003866,ICICI Bank,846611641122,SBIN913364
ACC003316,CID003867,HDFC Bank,636426899594,SBIN151423
ACC003317,CID003868,HDFC Bank,252106412077,SBIN223453
ACC003318,CID003869,Axis Bank,160320795312,SBIN155441
ACC003319,CID003870,Bank of Baroda,165512708167,SBIN127186
ACC003320,CID003871,HDFC Bank,538059553601,SBIN661621
ACC003321,CID003872,SBI,443117597762,SBIN402852
ACC003322,CID003873,Canara Bank,732694188760,SBIN482957
ACC003323,CID003874,SBI,465131618715,SBIN174445
ACC003324,CID003875,SBI,329884324080,SBIN693691
ACC003325,CID003876,Bank of Baroda,635608706242,SBIN838279
ACC003326,CID003878,HDFC Bank,429179120738,SBIN945885
ACC003327,CID003879,SBI,474482466753,SBIN810111
ACC003328,CID003881,Axis Bank,731742221651,SBIN592232
ACC003329,CID003882,Bank of Baroda,667397768874,SBIN190558
ACC003330,CID003884,Axis Bank,979606932662,SBIN881517
ACC003331,CID003885,Bank of Baroda,487906847160,SBIN120317
ACC003332,CID003886,ICICI Bank,494056383320,SBIN394271
ACC003333,CID003887,ICICI Bank,701235204947,SBIN808977
ACC003334,CID003888,SBI,871091538488,SBIN360301
ACC003335,CID003889,SBI,871564364983,SBIN266772
ACC003336,CID003893,HDFC Bank,862476019472,SBIN919234
ACC003337,CID003894,SBI,513636880259,SBIN623381
ACC003338,CID003895,SBI,469232850119,SBIN788390
ACC003339,CID003896,SBI,481906830952,SBIN727641
ACC003340,CID003897,Bank of Baroda,108014295237,SBIN595951
ACC003341,CID003898,ICICI Bank,497002203031,SBIN108312
ACC003342,CID003899,Axis Bank,735651544283,SBIN537115
ACC003343,CID003900,HDFC Bank,550237032283,SBIN378182
ACC003344,CID003902,Union Bank,398755614498,SBIN723751
ACC003345,CID003903,Union Bank,403641306932,SBIN544356
ACC003346,CID003904,ICICI Bank,114532148821,SBIN691892
ACC003347,CID003905,Union Bank,369847425340,SBIN393197
ACC003348,CID003906,Canara Bank,291195711621,SBIN985937
ACC003349,CID003907,Axis Bank,661968692552,SBIN865725
ACC003350,CID003908,ICICI Bank,103247968352,SBIN967345
ACC003351,CID003909,SBI,263737543798,SBIN336618
ACC003352,CID003910,Canara Bank,313799720914,SBIN768483
ACC003353,CID003911,Axis Bank,474647208884,SBIN493006
ACC003354,CID003912,Bank of Baroda,269281161875,SBIN890640
ACC003355,CID003913,Bank of Baroda,127632656708,SBIN993786
ACC003356,CID003914,Canara Bank,702400919256,SBIN381218
ACC003357,CID003915,ICICI Bank,859630919172,SBIN204600
ACC003358,CID003916,Canara Bank,965681806494,SBIN270350
ACC003359,CID003917,Canara Bank,672410931375,SBIN290600
ACC003360,CID003918,ICICI Bank,629230194614,SBIN883118
ACC003361,CID003919,Union Bank,679355900384,SBIN608536
ACC003362,CID003920,Canara Bank,686438260474,SBIN408454
ACC003363,CID003922,SBI,917094883044,SBIN519564
ACC003364,CID003923,HDFC Bank,398839489804,SBIN174541
ACC003365,CID003924,Union Bank,400442366100,SBIN552968
ACC003366,CID003925,SBI,336898546115,SBIN762427
ACC003367,CID003926,ICICI Bank,789788050418,SBIN858338
ACC003368,CID003927,SBI,649825363014,SBIN579597
ACC003369,CID003928,Canara Bank,526613703593,SBIN136775
ACC003370,CID003930,HDFC Bank,804482443802,SBIN937394
ACC003371,CID003931,Union Bank,166137779068,SBIN848231
ACC003372,CID003933,SBI,479677699606,SBIN217354
ACC003373,CID003934,ICICI Bank,269616422175,SBIN925114
ACC003374,CID003935,Union Bank,767469146856,SBIN421065
ACC003375,CID003936,HDFC Bank,828032188615,SBIN643805
ACC003376,CID003937,Bank of Baroda,764947623240,SBIN109999
ACC003377,CID003938,HDFC Bank,308542641764,SBIN429793
ACC003378,CID003939,ICICI Bank,602322255291,SBIN146215
ACC003379,CID003940,Union Bank,803859966532,SBIN539851
ACC003380,CID003941,SBI,433969141420,SBIN329196
ACC003381,CID003942,Canara Bank,610945586630,SBIN507603
ACC003382,CID003943,Bank of Baroda,961061607422,SBIN363798
ACC003383,CID003945,ICICI Bank,500653337929,SBIN796750
ACC003384,CID003946,Union Bank,372768189963,SBIN626651
ACC003385,CID003947,Union Bank,794247095118,SBIN301118
ACC003386,CID003948,HDFC Bank,506319855377,SBIN393870
ACC003387,CID003949,Axis Bank,272656947911,SBIN525379
ACC003388,CID003950,Axis Bank,475607434158,SBIN321460
ACC003389,CID003951,Canara Bank,791651358663,SBIN392928
ACC003390,CID003953,Union Bank,892627551638,SBIN987147
ACC003391,CID003954,HDFC Bank,762430449706,SBIN565725
ACC003392,CID003956,SBI,451956130010,SBIN197239
ACC003393,CID003957,SBI,656176996200,SBIN722601
ACC003394,CID003958,Union Bank,999729110313,SBIN939226
ACC003395,CID003959,SBI,785809717838,SBIN147118
ACC003396,CID003960,Union Bank,828919522489,SBIN922183
ACC003397,CID003962,HDFC Bank,558466491629,SBIN398905
ACC003398,CID003963,SBI,211304885841,SBIN607711
ACC003399,CID003965,HDFC Bank,903991552736,SBIN101964
ACC003400,CID003966,ICICI Bank,402916589334,SBIN229735
ACC003401,CID003967,Canara Bank,804485415952,SBIN170909
ACC003402,CID003970,HDFC Bank,570623565000,SBIN648256
ACC003403,CID003972,ICICI Bank,210902032067,SBIN188145
ACC003404,CID003973,SBI,182551160731,SBIN974900
ACC003405,CID003974,Bank of Baroda,993311836930,SBIN439305
ACC003406,CID003975,Canara Bank,630543134090,SBIN472191
ACC003407,CID003976,HDFC Bank,660098145093,SBIN619271
ACC003408,CID003977,Axis Bank,218700285998,SBIN756350
ACC003409,CID003979,Canara Bank,354936025694,SBIN808650
ACC003410,CID003980,ICICI Bank,115267846528,SBIN548572
ACC003411,CID003981,HDFC Bank,934164836597,SBIN225600
ACC003412,CID003982,ICICI Bank,631830072413,SBIN647022
ACC003413,CID003983,Union Bank,113291781542,SBIN506005
ACC003414,CID003984,Union Bank,400773051340,SBIN944144
ACC003415,CID003985,Axis Bank,707457736705,SBIN386505
ACC003416,CID003987,SBI,508071623882,SBIN461817
ACC003417,CID003988,SBI,468682867564,SBIN647867
ACC003418,CID003989,Union Bank,468501401857,SBIN385133
ACC003419,CID003990,Canara Bank,442868995010,SBIN989645
ACC003420,CID003991,ICICI Bank,859030150872,SBIN711620
ACC003421,CID003992,ICICI Bank,339427053293,SBIN655960
ACC003422,CID003993,ICICI Bank,330847415199,SBIN243406
ACC003423,CID003994,ICICI Bank,741822641339,SBIN393706
ACC003424,CID003995,Bank of Baroda,703195704930,SBIN636910
ACC003425,CID003996,Union Bank,471216800180,SBIN992497
ACC003426,CID003997,Union Bank,808984284501,SBIN924230
ACC003427,CID003998,Canara Bank,899901905482,SBIN338531
ACC003428,CID003999,SBI,146198764288,SBIN368822
ACC003429,CID004000,Union Bank,341439874669,SBIN303654
ACC003430,CID004001,ICICI Bank,791192292422,SBIN525353
ACC003431,CID004002,Axis Bank,294749593255,SBIN274175
ACC003432,CID004003,Canara Bank,876483285792,SBIN992095
ACC003433,CID004004,SBI,268076288145,SBIN678981
ACC003434,CID004006,Canara Bank,416082446674,SBIN902038
ACC003435,CID004007,SBI,457612975974,SBIN585567
ACC003436,CID004010,HDFC Bank,467835063189,SBIN341148
ACC003437,CID004011,SBI,677944482925,SBIN544724
ACC003438,CID004013,Canara Bank,752381801687,SBIN347297
ACC003439,CID004014,Bank of Baroda,330302254734,SBIN439386
ACC003440,CID004016,HDFC Bank,528308386316,SBIN949322
ACC003441,CID004017,HDFC Bank,790119680159,SBIN125782
ACC003442,CID004018,Bank of Baroda,257459750018,SBIN719745
ACC003443,CID004019,Axis Bank,433720052677,SBIN397618
ACC003444,CID004020,ICICI Bank,758396900484,SBIN616514
ACC003445,CID004021,HDFC Bank,665678930804,SBIN814267
ACC003446,CID004022,SBI,658210151110,SBIN486834
ACC003447,CID004023,Union Bank,584330394769,SBIN343746
ACC003448,CID004024,HDFC Bank,240355483775,SBIN834409
ACC003449,CID004025,SBI,605112557349,SBIN387073
ACC003450,CID004026,Canara Bank,463946234822,SBIN511902
ACC003451,CID004027,Canara Bank,700844591762,SBIN977262
ACC003452,CID004028,SBI,317005161313,SBIN911751
ACC003453,CID004029,SBI,464179548712,SBIN119356
ACC003454,CID004030,HDFC Bank,986230451051,SBIN419456
ACC003455,CID004031,Canara Bank,845384675912,SBIN850316
ACC003456,CID004033,ICICI Bank,286100986706,SBIN309233
ACC003457,CID004034,Axis Bank,248742924804,SBIN369331
ACC003458,CID004038,Union Bank,719624002685,SBIN855916
ACC003459,CID004039,Bank of Baroda,728788824832,SBIN774256
ACC003460,CID004040,ICICI Bank,787131704764,SBIN546499
ACC003461,CID004041,Bank of Baroda,267862705681,SBIN536154
ACC003462,CID004042,SBI,930231202956,SBIN591618
ACC003463,CID004043,Axis Bank,790742125335,SBIN690379
ACC003464,CID004044,SBI,535776610010,SBIN426190
ACC003465,CID004045,Bank of Baroda,362780237343,SBIN412512
ACC003466,CID004046,SBI,479135029059,SBIN630775
ACC003467,CID004047,SBI,441555931701,SBIN258540
ACC003468,CID004048,ICICI Bank,501462237432,SBIN352467
ACC003469,CID004049,Canara Bank,537868835610,SBIN990607
ACC003470,CID004050,SBI,173779724668,SBIN813602
ACC003471,CID004051,SBI,105048856972,SBIN684395
ACC003472,CID004053,ICICI Bank,133291162367,SBIN145325
ACC003473,CID004054,SBI,911525300654,SBIN886983
ACC003474,CID004055,Bank of Baroda,142535151887,SBIN822549
ACC003475,CID004056,Axis Bank,327589978302,SBIN318083
ACC003476,CID004057,Union Bank,610724481975,SBIN561198
ACC003477,CID004058,ICICI Bank,461572679272,SBIN227954
ACC003478,CID004059,Canara Bank,835954362361,SBIN432262
ACC003479,CID004060,Canara Bank,382054904602,SBIN419639
ACC003480,CID004061,Bank of Baroda,110982869688,SBIN807031
ACC003481,CID004062,Bank of Baroda,566800224850,SBIN295806
ACC003482,CID004063,ICICI Bank,715030775438,SBIN477219
ACC003483,CID004064,SBI,763223141155,SBIN793455
ACC003484,CID004065,Bank of Baroda,350600520117,SBIN604728
ACC003485,CID004066,Union Bank,120668720651,SBIN581961
ACC003486,CID004067,SBI,380310432225,SBIN149036
ACC003487,CID004068,Canara Bank,666189950774,SBIN190981
ACC003488,CID004069,SBI,489622620990,SBIN742363
ACC003489,CID004070,HDFC Bank,433678139318,SBIN489864
ACC003490,CID004071,Union Bank,912966148298,SBIN876336
ACC003491,CID004072,Canara Bank,422449493491,SBIN424607
ACC003492,CID004073,SBI,530091846372,SBIN710537
ACC003493,CID004074,Union Bank,379951519684,SBIN633873
ACC003494,CID004075,Canara Bank,516030754861,SBIN870571
ACC003495,CID004076,HDFC Bank,738609542798,SBIN270006
ACC003496,CID004077,HDFC Bank,245766454013,SBIN221354
ACC003497,CID004078,Canara Bank,171945148526,SBIN118534
ACC003498,CID004079,SBI,242832985238,SBIN606600
ACC003499,CID004080,Canara Bank,777637281048,SBIN100593
ACC003500,CID004081,Union Bank,665190081886,SBIN811839
ACC003501,CID004082,HDFC Bank,196451474757,SBIN682117
ACC003502,CID004084,Bank of Baroda,152125123351,SBIN701225
ACC003503,CID004085,HDFC Bank,999644883405,SBIN213615
ACC003504,CID004087,HDFC Bank,166611766591,SBIN629017
ACC003505,CID004088,SBI,690884768754,SBIN704754
ACC003506,CID004089,Union Bank,683454783179,SBIN397192
ACC003507,CID004090,Union Bank,948329748453,SBIN257770
ACC003508,CID004091,Canara Bank,987251205874,SBIN869439
ACC003509,CID004092,ICICI Bank,684314583990,SBIN253631
ACC003510,CID004093,HDFC Bank,294916692675,SBIN211164
ACC003511,CID004094,Union Bank,486674669905,SBIN127491
ACC003512,CID004095,ICICI Bank,989140524087,SBIN654722
ACC003513,CID004096,ICICI Bank,271539422679,SBIN816209
ACC003514,CID004097,HDFC Bank,953446521904,SBIN436607
ACC003515,CID004098,Canara Bank,477163960652,SBIN256814
ACC003516,CID004099,ICICI Bank,148481770100,SBIN507235
ACC003517,CID004100,Canara Bank,121810337723,SBIN473902
ACC003518,CID004101,Axis Bank,125108451663,SBIN541801
ACC003519,CID004103,SBI,570949132670,SBIN986762
ACC003520,CID004104,HDFC Bank,774913196890,SBIN920733
ACC003521,CID004105,SBI,178479794217,SBIN737008
ACC003522,CID004106,HDFC Bank,782470967112,SBIN641095
ACC003523,CID004107,Union Bank,132128397974,SBIN988170
ACC003524,CID004108,Axis Bank,958386743231,SBIN559440
ACC003525,CID004109,ICICI Bank,398235206761,SBIN485345
ACC003526,CID004110,Bank of Baroda,839261066956,SBIN776436
ACC003527,CID004112,ICICI Bank,161668678335,SBIN806349
ACC003528,CID004113,Axis Bank,880209191902,SBIN681197
ACC003529,CID004114,HDFC Bank,140982573408,SBIN244194
ACC003530,CID004116,Canara Bank,823717252198,SBIN705763
ACC003531,CID004117,Axis Bank,986135183504,SBIN418004
ACC003532,CID004118,Canara Bank,238430844023,SBIN760358
ACC003533,CID004120,Canara Bank,707972510744,SBIN390673
ACC003534,CID004121,Axis Bank,411976463255,SBIN469907
ACC003535,CID004123,Union Bank,222785217189,SBIN392209
ACC003536,CID004124,Bank of Baroda,203082180512,SBIN715450
ACC003537,CID004126,Axis Bank,198686294635,SBIN279567
ACC003538,CID004127,SBI,288722316813,SBIN401507
ACC003539,CID004128,Axis Bank,919167217136,SBIN796649
ACC003540,CID004129,Bank of Baroda,129548193016,SBIN666876
ACC003541,CID004131,Canara Bank,653789505828,SBIN407861
ACC003542,CID004132,Bank of Baroda,839904401890,SBIN508681
ACC003543,CID004133,Axis Bank,971322278341,SBIN192358
ACC003544,CID004134,ICICI Bank,859809376063,SBIN194573
ACC003545,CID004135,Axis Bank,486561318974,SBIN484005
ACC003546,CID004136,Bank of Baroda,680854911805,SBIN475208
ACC003547,CID004137,HDFC Bank,649175335880,SBIN471074
ACC003548,CID004138,SBI,873604705474,SBIN706098
ACC003549,CID004139,SBI,538902511324,SBIN870452
ACC003550,CID004140,SBI,314862165274,SBIN700694
ACC003551,CID004142,Bank of Baroda,851606226957,SBIN187966
ACC003552,CID004143,Canara Bank,918183787645,SBIN553718
ACC003553,CID004144,HDFC Bank,975973844001,SBIN189916
ACC003554,CID004145,Axis Bank,702912571641,SBIN703785
ACC003555,CID004146,Union Bank,156520619273,SBIN231672
ACC003556,CID004147,Axis Bank,870445396894,SBIN298371
ACC003557,CID004149,SBI,869931062014,SBIN625742
ACC003558,CID004150,Bank of Baroda,785162895166,SBIN243454
ACC003559,CID004151,HDFC Bank,796864828844,SBIN199224
ACC003560,CID004152,Union Bank,551931683120,SBIN404500
ACC003561,CID004153,Axis Bank,567103057150,SBIN532612
ACC003562,CID004154,Union Bank,549591542082,SBIN341498
ACC003563,CID004156,Union Bank,111332898953,SBIN708553
ACC003564,CID004157,Axis Bank,653790234923,SBIN999015
ACC003565,CID004160,Union Bank,344138986119,SBIN587921
ACC003566,CID004161,HDFC Bank,289570701247,SBIN584305
ACC003567,CID004162,ICICI Bank,891687968835,SBIN329297
ACC003568,CID004163,Canara Bank,764039656465,SBIN918231
ACC003569,CID004164,Bank of Baroda,809126978304,SBIN556140
ACC003570,CID004166,SBI,880007178654,SBIN480850
ACC003571,CID004167,HDFC Bank,855948773480,SBIN306116
ACC003572,CID004168,Canara Bank,939580722516,SBIN702384
ACC003573,CID004169,Canara Bank,134597174117,SBIN433994
ACC003574,CID004170,Union Bank,577647526546,SBIN361783
ACC003575,CID004171,Union Bank,336986718669,SBIN905524
ACC003576,CID004172,SBI,757409010378,SBIN307977
ACC003577,CID004173,Bank of Baroda,420221990499,SBIN528876
ACC003578,CID004174,Axis Bank,247475465227,SBIN681539
ACC003579,CID004175,SBI,564144545160,SBIN648936
ACC003580,CID004176,HDFC Bank,545031748289,SBIN606585
ACC003581,CID004177,Canara Bank,278157707065,SBIN831206
ACC003582,CID004178,HDFC Bank,832751076539,SBIN611870
ACC003583,CID004179,SBI,167485054759,SBIN836165
ACC003584,CID004182,Union Bank,244553648693,SBIN461024
ACC003585,CID004183,HDFC Bank,413709663651,SBIN157243
ACC003586,CID004184,Axis Bank,784956708328,SBIN296005
ACC003587,CID004185,Canara Bank,550264152642,SBIN554558
ACC003588,CID004186,Bank of Baroda,251836903999,SBIN137945
ACC003589,CID004187,SBI,442198330918,SBIN419141
ACC003590,CID004188,Bank of Baroda,152861872109,SBIN196629
ACC003591,CID004190,Axis Bank,325116328352,SBIN825178
ACC003592,CID004191,Bank of Baroda,735901446396,SBIN296435
ACC003593,CID004192,Union Bank,305449843619,SBIN692629
ACC003594,CID004194,Axis Bank,625996055839,SBIN198253
ACC003595,CID004195,Union Bank,785163599320,SBIN499771
ACC003596,CID004196,Axis Bank,925416387162,SBIN409853
ACC003597,CID004197,Bank of Baroda,224461114858,SBIN616228
ACC003598,CID004198,Union Bank,541194847665,SBIN219071
ACC003599,CID004199,Union Bank,753607155320,SBIN283637
ACC003600,CID004200,Bank of Baroda,348117678166,SBIN314089
ACC003601,CID004201,Union Bank,410728954621,SBIN302823
ACC003602,CID004202,HDFC Bank,633283017127,SBIN214901
ACC003603,CID004203,Union Bank,191886683389,SBIN299102
ACC003604,CID004204,Canara Bank,527161282319,SBIN259757
ACC003605,CID004205,HDFC Bank,960527103481,SBIN558857
ACC003606,CID004206,HDFC Bank,590618776803,SBIN727624
ACC003607,CID004207,Union Bank,103708905513,SBIN351498
ACC003608,CID004208,Axis Bank,416621193722,SBIN762174
ACC003609,CID004209,Axis Bank,431956176168,SBIN186345
ACC003610,CID004210,Union Bank,274070848608,SBIN224954
ACC003611,CID004211,Bank of Baroda,397967480739,SBIN367829
ACC003612,CID004212,Axis Bank,237927875426,SBIN470904
ACC003613,CID004213,SBI,221407332432,SBIN760717
ACC003614,CID004214,Canara Bank,540105174062,SBIN385211
ACC003615,CID004216,Bank of Baroda,313413761288,SBIN274185
ACC003616,CID004218,Axis Bank,445709553265,SBIN737015
ACC003617,CID004221,Axis Bank,114450217990,SBIN985113
ACC003618,CID004222,ICICI Bank,407661311370,SBIN451996
ACC003619,CID004223,Bank of Baroda,770475237179,SBIN288755
ACC003620,CID004224,HDFC Bank,620556587753,SBIN718739
ACC003621,CID004225,Bank of Baroda,802124603310,SBIN790725
ACC003622,CID004226,ICICI Bank,284999637827,SBIN598144
ACC003623,CID004227,Axis Bank,746259956022,SBIN604018
ACC003624,CID004228,Union Bank,383705213375,SBIN191221
ACC003625,CID004229,ICICI Bank,671893301846,SBIN245970
ACC003626,CID004230,Union Bank,384716676833,SBIN605174
ACC003627,CID004231,Axis Bank,338168656831,SBIN390800
ACC003628,CID004232,HDFC Bank,877159733831,SBIN261188
ACC003629,CID004233,Axis Bank,906710404212,SBIN232155
ACC003630,CID004234,Bank of Baroda,445167572804,SBIN446552
ACC003631,CID004235,Union Bank,592133819723,SBIN561993
ACC003632,CID004236,SBI,155079213121,SBIN307283
ACC003633,CID004237,Axis Bank,165834855622,SBIN883690
ACC003634,CID004238,Union Bank,181305025666,SBIN601152
ACC003635,CID004239,ICICI Bank,600785977331,SBIN698249
ACC003636,CID004240,HDFC Bank,142890691947,SBIN778292
ACC003637,CID004241,SBI,231686375807,SBIN145220
ACC003638,CID004242,Canara Bank,663090762209,SBIN882172
ACC003639,CID004243,Canara Bank,184295870056,SBIN306893
ACC003640,CID004244,ICICI Bank,379864778689,SBIN872606
ACC003641,CID004245,Bank of Baroda,702228885879,SBIN459663
ACC003642,CID004246,Bank of Baroda,894481627795,SBIN895942
ACC003643,CID004247,Bank of Baroda,781031482822,SBIN298041
ACC003644,CID004248,Canara Bank,673139576826,SBIN880673
ACC003645,CID004249,HDFC Bank,932964925675,SBIN670201
ACC003646,CID004250,SBI,473289205152,SBIN951153
ACC003647,CID004251,Axis Bank,894572810644,SBIN582050
ACC003648,CID004252,ICICI Bank,233910896810,SBIN926094
ACC003649,CID004253,ICICI Bank,387734820310,SBIN175239
ACC003650,CID004255,Union Bank,158173545848,SBIN225194
ACC003651,CID004258,Union Bank,158276621984,SBIN654625
ACC003652,CID004259,ICICI Bank,715415666436,SBIN812046
ACC003653,CID004261,SBI,193284733571,SBIN610782
ACC003654,CID004262,SBI,680803788465,SBIN334853
ACC003655,CID004263,Union Bank,237890170877,SBIN113243
ACC003656,CID004264,Canara Bank,432931988183,SBIN734441
ACC003657,CID004265,HDFC Bank,617804514913,SBIN958627
ACC003658,CID004266,Union Bank,890841236571,SBIN592448
ACC003659,CID004267,Canara Bank,814929173289,SBIN531983
ACC003660,CID004268,ICICI Bank,879988829092,SBIN432404
ACC003661,CID004269,Bank of Baroda,149750948934,SBIN647876
ACC003662,CID004270,Union Bank,229837203401,SBIN309521
ACC003663,CID004271,Bank of Baroda,607907690056,SBIN573949
ACC003664,CID004273,Bank of Baroda,367974855654,SBIN887882
ACC003665,CID004275,Axis Bank,201784245088,SBIN104940
ACC003666,CID004276,HDFC Bank,719379339050,SBIN715882
ACC003667,CID004277,Union Bank,449285226975,SBIN384131
ACC003668,CID004278,HDFC Bank,638161178405,SBIN773626
ACC003669,CID004280,Canara Bank,229431027466,SBIN227254
ACC003670,CID004281,SBI,849611983200,SBIN465345
ACC003671,CID004282,Union Bank,992295650142,SBIN738771
ACC003672,CID004283,Axis Bank,558404245550,SBIN540291
ACC003673,CID004284,HDFC Bank,637755788329,SBIN369258
ACC003674,CID004285,Axis Bank,116526792800,SBIN828189
ACC003675,CID004286,Union Bank,183175006033,SBIN741377
ACC003676,CID004287,ICICI Bank,479647379421,SBIN399620
ACC003677,CID004288,Bank of Baroda,839338928192,SBIN901820
ACC003678,CID004289,Axis Bank,801355700732,SBIN298773
ACC003679,CID004290,SBI,689726726868,SBIN322444
ACC003680,CID004291,SBI,730434642348,SBIN345383
ACC003681,CID004292,Bank of Baroda,185186670546,SBIN978778
ACC003682,CID004294,Union Bank,472268054474,SBIN517030
ACC003683,CID004295,ICICI Bank,602406770424,SBIN677554
ACC003684,CID004296,SBI,814175082563,SBIN350306
ACC003685,CID004297,HDFC Bank,524852986438,SBIN727263
ACC003686,CID004298,SBI,754663532127,SBIN981883
ACC003687,CID004299,Union Bank,427320875951,SBIN686512
ACC003688,CID004300,Axis Bank,340557118031,SBIN398567
ACC003689,CID004301,Union Bank,638773678288,SBIN925050
ACC003690,CID004302,Axis Bank,261245911943,SBIN985286
ACC003691,CID004303,Canara Bank,441617910781,SBIN652042
ACC003692,CID004304,SBI,177607581006,SBIN209552
ACC003693,CID004305,Bank of Baroda,500464950359,SBIN674191
ACC003694,CID004306,HDFC Bank,440083060015,SBIN718434
ACC003695,CID004307,Bank of Baroda,478179978448,SBIN784299
ACC003696,CID004308,SBI,370852750289,SBIN630654
ACC003697,CID004309,Canara Bank,490235001983,SBIN917425
ACC003698,CID004310,SBI,465684215079,SBIN969354
ACC003699,CID004311,HDFC Bank,423623336263,SBIN145406
ACC003700,CID004312,HDFC Bank,178452040659,SBIN331040
ACC003701,CID004313,Union Bank,821012507407,SBIN303744
ACC003702,CID004314,ICICI Bank,887885622206,SBIN639765
ACC003703,CID004315,Bank of Baroda,183786829243,SBIN373192
ACC003704,CID004316,Bank of Baroda,120483853643,SBIN922319
ACC003705,CID004317,SBI,343763314849,SBIN857538
ACC003706,CID004318,Union Bank,576535721643,SBIN543142
ACC003707,CID004319,SBI,411836970855,SBIN909937
ACC003708,CID004320,ICICI Bank,747722795490,SBIN286228
ACC003709,CID004321,Axis Bank,299362265041,SBIN527146
ACC003710,CID004322,Union Bank,433984667761,SBIN971745
ACC003711,CID004323,Canara Bank,404881135988,SBIN143137
ACC003712,CID004324,Union Bank,608239107679,SBIN128013
ACC003713,CID004325,SBI,984861671851,SBIN893002
ACC003714,CID004326,Axis Bank,503888202560,SBIN835745
ACC003715,CID004327,Bank of Baroda,336853290763,SBIN281059
ACC003716,CID004328,SBI,725559622552,SBIN914666
ACC003717,CID004329,HDFC Bank,364314776329,SBIN645630
ACC003718,CID004330,Axis Bank,408169067728,SBIN108907
ACC003719,CID004331,Bank of Baroda,880295470744,SBIN523411
ACC003720,CID004332,Union Bank,140055356369,SBIN236158
ACC003721,CID004333,Canara Bank,459614483781,SBIN532850
ACC003722,CID004335,Union Bank,164696448787,SBIN119547
ACC003723,CID004336,Axis Bank,921493406556,SBIN782384
ACC003724,CID004337,Bank of Baroda,231657461919,SBIN824208
ACC003725,CID004338,Bank of Baroda,503093850439,SBIN918343
ACC003726,CID004339,SBI,403220603187,SBIN618008
ACC003727,CID004340,Axis Bank,515647998163,SBIN994483
ACC003728,CID004341,ICICI Bank,795165150917,SBIN309446
ACC003729,CID004342,Union Bank,752633019892,SBIN756220
ACC003730,CID004343,Canara Bank,336293747644,SBIN966685
ACC003731,CID004344,Canara Bank,601547394720,SBIN305206
ACC003732,CID004346,HDFC Bank,125071406839,SBIN949997
ACC003733,CID004347,Union Bank,286926349584,SBIN394090
ACC003734,CID004348,SBI,276652375424,SBIN573570
ACC003735,CID004349,Bank of Baroda,744956311028,SBIN492273
ACC003736,CID004350,Canara Bank,972905791299,SBIN362697
ACC003737,CID004351,Canara Bank,208556296006,SBIN107328
ACC003738,CID004352,Axis Bank,341208883898,SBIN276147
ACC003739,CID004353,Bank of Baroda,561846371493,SBIN822912
ACC003740,CID004355,Canara Bank,246346207587,SBIN950841
ACC003741,CID004356,Axis Bank,835255362412,SBIN409282
ACC003742,CID004357,SBI,267899538312,SBIN775889
ACC003743,CID004358,Bank of Baroda,239700813931,SBIN570800
ACC003744,CID004361,Bank of Baroda,834538145075,SBIN603388
ACC003745,CID004362,Bank of Baroda,756086439617,SBIN699811
ACC003746,CID004363,Axis Bank,831474226680,SBIN737148
ACC003747,CID004364,HDFC Bank,652393574469,SBIN527169
ACC003748,CID004366,HDFC Bank,328721686627,SBIN605472
ACC003749,CID004368,Axis Bank,986992002680,SBIN448383
ACC003750,CID004369,HDFC Bank,904580251041,SBIN270130
ACC003751,CID004370,Bank of Baroda,490078847673,SBIN778064
ACC003752,CID004371,Bank of Baroda,780599918017,SBIN221793
ACC003753,CID004372,Canara Bank,187702146484,SBIN700656
ACC003754,CID004373,SBI,964630613759,SBIN328467
ACC003755,CID004374,Axis Bank,812488482219,SBIN995328
ACC003756,CID004375,Bank of Baroda,914091910391,SBIN102183
ACC003757,CID004376,Bank of Baroda,624568896785,SBIN143310
ACC003758,CID004377,Union Bank,955654653950,SBIN145224
ACC003759,CID004378,Axis Bank,967223882997,SBIN807623
ACC003760,CID004379,SBI,367514254046,SBIN250212
ACC003761,CID004380,Bank of Baroda,151562917439,SBIN335908
ACC003762,CID004381,Canara Bank,765173966111,SBIN456172
ACC003763,CID004383,Union Bank,424453465161,SBIN136610
ACC003764,CID004384,ICICI Bank,853872294522,SBIN404030
ACC003765,CID004385,Bank of Baroda,852193078329,SBIN532217
ACC003766,CID004386,Axis Bank,569983093125,SBIN774006
ACC003767,CID004387,Canara Bank,561343952034,SBIN116618
ACC003768,CID004388,Bank of Baroda,120282935281,SBIN871303
ACC003769,CID004389,Bank of Baroda,718305168286,SBIN278648
ACC003770,CID004390,Bank of Baroda,785211243942,SBIN577673
ACC003771,CID004391,Canara Bank,864357094487,SBIN369212
ACC003772,CID004392,Union Bank,808127152364,SBIN232818
ACC003773,CID004393,Union Bank,657880977192,SBIN521579
ACC003774,CID004394,Bank of Baroda,189369528482,SBIN895365
ACC003775,CID004395,Canara Bank,768168033723,SBIN942703
ACC003776,CID004396,Union Bank,668791368153,SBIN989753
ACC003777,CID004397,HDFC Bank,653819447204,SBIN857081
ACC003778,CID004398,Axis Bank,553812027864,SBIN684364
ACC003779,CID004399,ICICI Bank,350087563837,SBIN772322
ACC003780,CID004400,ICICI Bank,178674231753,SBIN501008
ACC003781,CID004401,ICICI Bank,416428907067,SBIN628702
ACC003782,CID004402,SBI,146056023561,SBIN758405
ACC003783,CID004403,Axis Bank,400121499698,SBIN306828
ACC003784,CID004404,HDFC Bank,224151072838,SBIN736478
ACC003785,CID004405,Bank of Baroda,348558791669,SBIN901046
ACC003786,CID004406,Bank of Baroda,516026656853,SBIN795144
ACC003787,CID004407,ICICI Bank,458184192392,SBIN604197
ACC003788,CID004408,HDFC Bank,267999196777,SBIN606993
ACC003789,CID004409,Axis Bank,748244564194,SBIN726500
ACC003790,CID004410,Union Bank,357518309955,SBIN625972
ACC003791,CID004411,Union Bank,220005236058,SBIN728265
ACC003792,CID004412,Union Bank,975685165616,SBIN499936
ACC003793,CID004413,SBI,441770457020,SBIN101646
ACC003794,CID004414,SBI,953942648668,SBIN556769
ACC003795,CID004415,Axis Bank,224778010851,SBIN908445
ACC003796,CID004416,HDFC Bank,822890822978,SBIN157074
ACC003797,CID004417,HDFC Bank,891173310228,SBIN192565
ACC003798,CID004418,ICICI Bank,537795278909,SBIN826279
ACC003799,CID004419,Axis Bank,276343084960,SBIN993045
ACC003800,CID004420,SBI,234445549005,SBIN181909
ACC003801,CID004421,HDFC Bank,770084512994,SBIN172292
ACC003802,CID004424,Canara Bank,988636909602,SBIN205144
ACC003803,CID004425,HDFC Bank,356719918520,SBIN769445
ACC003804,CID004426,Bank of Baroda,638220006837,SBIN833540
ACC003805,CID004427,ICICI Bank,497600123213,SBIN833198
ACC003806,CID004428,Union Bank,488533522400,SBIN632392
ACC003807,CID004429,Union Bank,511204475609,SBIN504259
ACC003808,CID004430,Bank of Baroda,387716706684,SBIN370400
ACC003809,CID004431,SBI,452927934031,SBIN889002
ACC003810,CID004432,Bank of Baroda,807141438527,SBIN669331
ACC003811,CID004433,ICICI Bank,603261577037,SBIN372900
ACC003812,CID004434,ICICI Bank,188460599699,SBIN691176
ACC003813,CID004435,Axis Bank,389332977946,SBIN710182
ACC003814,CID004436,Bank of Baroda,572581432792,SBIN193321
ACC003815,CID004437,Bank of Baroda,982215976815,SBIN459987
ACC003816,CID004438,Canara Bank,645189954258,SBIN998194
ACC003817,CID004439,HDFC Bank,959066759377,SBIN817578
ACC003818,CID004441,Union Bank,139859287398,SBIN334149
ACC003819,CID004442,Canara Bank,283238931853,SBIN768669
ACC003820,CID004444,Union Bank,442257044810,SBIN835247
ACC003821,CID004445,Bank of Baroda,682561547483,SBIN972176
ACC003822,CID004446,SBI,252339671267,SBIN379599
ACC003823,CID004447,Bank of Baroda,628679203599,SBIN759190
ACC003824,CID004448,Union Bank,386651214979,SBIN547891
ACC003825,CID004449,Union Bank,950418952495,SBIN621362
ACC003826,CID004450,Axis Bank,988813966594,SBIN405663
ACC003827,CID004452,Axis Bank,515271121418,SBIN303311
ACC003828,CID004453,Union Bank,504111957045,SBIN239145
ACC003829,CID004454,SBI,939853364569,SBIN697062
ACC003830,CID004455,Axis Bank,972134526634,SBIN987220
ACC003831,CID004456,SBI,592480675739,SBIN348979
ACC003832,CID004457,HDFC Bank,683729982389,SBIN598468
ACC003833,CID004458,Bank of Baroda,494602338887,SBIN839349
ACC003834,CID004459,Canara Bank,267249080802,SBIN157222
ACC003835,CID004460,Bank of Baroda,538549979784,SBIN459648
ACC003836,CID004461,Union Bank,588031196349,SBIN473067
ACC003837,CID004462,Canara Bank,354638904916,SBIN594265
ACC003838,CID004463,Union Bank,366653189929,SBIN841321
ACC003839,CID004464,Canara Bank,507669254671,SBIN496141
ACC003840,CID004465,ICICI Bank,347938099460,SBIN605240
ACC003841,CID004466,ICICI Bank,568847824199,SBIN262593
ACC003842,CID004468,ICICI Bank,619775349973,SBIN668646
ACC003843,CID004470,Bank of Baroda,823377346303,SBIN989738
ACC003844,CID004471,Canara Bank,469098454330,SBIN725792
ACC003845,CID004474,Canara Bank,279608855681,SBIN258660
ACC003846,CID004476,Bank of Baroda,957859274557,SBIN351084
ACC003847,CID004477,Axis Bank,165343420300,SBIN670912
ACC003848,CID004478,ICICI Bank,144420214799,SBIN403675
ACC003849,CID004480,SBI,519601818003,SBIN959276
ACC003850,CID004482,Union Bank,585346003897,SBIN756881
ACC003851,CID004483,SBI,543180631003,SBIN664167
ACC003852,CID004484,ICICI Bank,741115850039,SBIN925200
ACC003853,CID004485,Bank of Baroda,814820888147,SBIN855793
ACC003854,CID004486,HDFC Bank,970010821667,SBIN257335
ACC003855,CID004488,Bank of Baroda,826990927221,SBIN705622
ACC003856,CID004489,Axis Bank,341400403485,SBIN536336
ACC003857,CID004490,Bank of Baroda,125433415688,SBIN680361
ACC003858,CID004491,Union Bank,261301848017,SBIN603304
ACC003859,CID004493,Axis Bank,910535565610,SBIN387069
ACC003860,CID004495,ICICI Bank,910890475582,SBIN531376
ACC003861,CID004496,Union Bank,967511683308,SBIN394297
ACC003862,CID004497,HDFC Bank,350018030277,SBIN414482
ACC003863,CID004498,Axis Bank,392743105063,SBIN409338
ACC003864,CID004499,Union Bank,535667259594,SBIN936455
ACC003865,CID004500,Union Bank,997065615382,SBIN205218
ACC003866,CID004501,Canara Bank,511856604435,SBIN451101
ACC003867,CID004502,Axis Bank,622338594677,SBIN563084
ACC003868,CID004503,Union Bank,766244090300,SBIN982048
ACC003869,CID004504,Union Bank,786695863261,SBIN396424
ACC003870,CID004505,ICICI Bank,873200661025,SBIN112590
ACC003871,CID004508,Union Bank,790843068742,SBIN369960
ACC003872,CID004509,ICICI Bank,123885355275,SBIN363811
ACC003873,CID004511,Canara Bank,180051682000,SBIN560034
ACC003874,CID004512,HDFC Bank,580924637376,SBIN953814
ACC003875,CID004514,SBI,538002978250,SBIN734756
ACC003876,CID004516,Axis Bank,207118968066,SBIN343035
ACC003877,CID004517,Canara Bank,110042975628,SBIN194596
ACC003878,CID004518,Canara Bank,582769105485,SBIN928764
ACC003879,CID004519,SBI,537129019799,SBIN662901
ACC003880,CID004520,Canara Bank,167662564722,SBIN604444
ACC003881,CID004521,HDFC Bank,901362728253,SBIN364380
ACC003882,CID004522,SBI,715871453002,SBIN338245
ACC003883,CID004523,HDFC Bank,140888823410,SBIN612835
ACC003884,CID004524,ICICI Bank,667942262078,SBIN199589
ACC003885,CID004525,ICICI Bank,176908204954,SBIN486583
ACC003886,CID004527,HDFC Bank,434162636273,SBIN833285
ACC003887,CID004528,SBI,806588914287,SBIN465326
ACC003888,CID004530,ICICI Bank,332340640275,SBIN123972
ACC003889,CID004531,Bank of Baroda,639303879060,SBIN477335
ACC003890,CID004534,SBI,822538593147,SBIN702596
ACC003891,CID004535,Axis Bank,548304166612,SBIN429219
ACC003892,CID004536,HDFC Bank,227477042405,SBIN126371
ACC003893,CID004537,ICICI Bank,846489740450,SBIN989495
ACC003894,CID004538,HDFC Bank,913258223908,SBIN147540
ACC003895,CID004539,Axis Bank,463101914608,SBIN515981
ACC003896,CID004540,SBI,879558564273,SBIN319809
ACC003897,CID004541,Axis Bank,307688895770,SBIN824273
ACC003898,CID004542,SBI,583414651758,SBIN592485
ACC003899,CID004543,HDFC Bank,326617622952,SBIN633312
ACC003900,CID004544,Bank of Baroda,186275212021,SBIN429643
ACC003901,CID004545,ICICI Bank,556279120410,SBIN901608
ACC003902,CID004548,HDFC Bank,784633792966,SBIN875325
ACC003903,CID004549,Canara Bank,314562650095,SBIN807606
ACC003904,CID004550,Axis Bank,768705738630,SBIN377414
ACC003905,CID004551,SBI,917774013559,SBIN686107
ACC003906,CID004552,Canara Bank,789130036679,SBIN907624
ACC003907,CID004553,Canara Bank,208776972152,SBIN194763
ACC003908,CID004554,SBI,867618749163,SBIN130653
ACC003909,CID004555,Bank of Baroda,447437338462,SBIN277446
ACC003910,CID004556,Canara Bank,612467639290,SBIN444246
ACC003911,CID004557,SBI,640844777407,SBIN645611
ACC003912,CID004558,Bank of Baroda,166797709233,SBIN974444
ACC003913,CID004559,Axis Bank,717021244034,SBIN591899
ACC003914,CID004560,Axis Bank,405885187480,SBIN617509
ACC003915,CID004562,Bank of Baroda,779154188085,SBIN351917
ACC003916,CID004563,SBI,286285513623,SBIN294405
ACC003917,CID004564,Canara Bank,933494177999,SBIN775251
ACC003918,CID004565,Bank of Baroda,858125696790,SBIN123384
ACC003919,CID004566,ICICI Bank,591071112514,SBIN613509
ACC003920,CID004567,Bank of Baroda,263764345477,SBIN650350
ACC003921,CID004568,Union Bank,951142292709,SBIN270154
ACC003922,CID004569,ICICI Bank,348367086727,SBIN534565
ACC003923,CID004570,HDFC Bank,268825355898,SBIN306961
ACC003924,CID004571,Axis Bank,532846523006,SBIN206224
ACC003925,CID004572,Axis Bank,553223293670,SBIN578374
ACC003926,CID004573,Canara Bank,346385835809,SBIN327602
ACC003927,CID004574,Axis Bank,285727727293,SBIN554172
ACC003928,CID004576,Canara Bank,108391972277,SBIN741463
ACC003929,CID004577,Union Bank,541110511677,SBIN221463
ACC003930,CID004579,Canara Bank,586798882987,SBIN853831
ACC003931,CID004581,Canara Bank,559352310717,SBIN515212
ACC003932,CID004582,Canara Bank,822201708538,SBIN181211
ACC003933,CID004583,ICICI Bank,845937891427,SBIN628668
ACC003934,CID004584,Axis Bank,437000214557,SBIN676015
ACC003935,CID004585,Bank of Baroda,364733705093,SBIN831942
ACC003936,CID004586,ICICI Bank,242817726284,SBIN565194
ACC003937,CID004588,Axis Bank,718438050845,SBIN761842
ACC003938,CID004591,HDFC Bank,767715373340,SBIN422810
ACC003939,CID004592,Bank of Baroda,323837818521,SBIN487547
ACC003940,CID004593,ICICI Bank,947649307214,SBIN258915
ACC003941,CID004594,Axis Bank,195048341470,SBIN492433
ACC003942,CID004595,Bank of Baroda,585976695037,SBIN655112
ACC003943,CID004596,Canara Bank,595145884355,SBIN763847
ACC003944,CID004597,Bank of Baroda,740365764723,SBIN400639
ACC003945,CID004598,Axis Bank,463248794275,SBIN389139
ACC003946,CID004603,Bank of Baroda,537348854196,SBIN121430
ACC003947,CID004604,Union Bank,552858577286,SBIN200461
ACC003948,CID004606,Union Bank,415294341135,SBIN943503
ACC003949,CID004607,HDFC Bank,353816619875,SBIN832113
ACC003950,CID004609,Axis Bank,623583137068,SBIN892584
ACC003951,CID004610,Bank of Baroda,889604271377,SBIN314123
ACC003952,CID004612,Union Bank,973718555371,SBIN989338
ACC003953,CID004613,Axis Bank,490528578063,SBIN491321
ACC003954,CID004614,Canara Bank,904377670806,SBIN956916
ACC003955,CID004616,Canara Bank,367663752810,SBIN725289
ACC003956,CID004617,ICICI Bank,290238051440,SBIN750025
ACC003957,CID004618,HDFC Bank,804226297290,SBIN536792
ACC003958,CID004619,Axis Bank,115004542629,SBIN486884
ACC003959,CID004620,Canara Bank,678507680377,SBIN857560
ACC003960,CID004621,Union Bank,457802385206,SBIN823156
ACC003961,CID004623,HDFC Bank,106356649513,SBIN246942
ACC003962,CID004624,HDFC Bank,303705299405,SBIN801196
ACC003963,CID004625,HDFC Bank,693435008923,SBIN715476
ACC003964,CID004626,Union Bank,592757698506,SBIN373686
ACC003965,CID004627,SBI,346281447267,SBIN332722
ACC003966,CID004628,Axis Bank,958506870186,SBIN540545
ACC003967,CID004629,ICICI Bank,661768477514,SBIN910151
ACC003968,CID004630,SBI,541332587969,SBIN345322
ACC003969,CID004631,Axis Bank,861024802031,SBIN173021
ACC003970,CID004632,Union Bank,189924252878,SBIN794886
ACC003971,CID004633,Bank of Baroda,854477785507,SBIN129803
ACC003972,CID004635,HDFC Bank,937410435801,SBIN688885
ACC003973,CID004637,Union Bank,832158798942,SBIN176828
ACC003974,CID004638,SBI,102510045784,SBIN375474
ACC003975,CID004639,SBI,586886348026,SBIN391885
ACC003976,CID004640,HDFC Bank,195502272619,SBIN304381
ACC003977,CID004641,Axis Bank,997000910437,SBIN576940
ACC003978,CID004642,ICICI Bank,772815161572,SBIN642000
ACC003979,CID004643,Canara Bank,381327532909,SBIN485076
ACC003980,CID004644,Union Bank,646914364022,SBIN423446
ACC003981,CID004646,HDFC Bank,954455091305,SBIN830309
ACC003982,CID004647,HDFC Bank,614269795459,SBIN151470
ACC003983,CID004648,Canara Bank,136274040419,SBIN855241
ACC003984,CID004649,SBI,595309573095,SBIN469419
ACC003985,CID004650,Axis Bank,276049119720,SBIN498102
ACC003986,CID004652,Union Bank,197000418926,SBIN231820
ACC003987,CID004653,ICICI Bank,294195580390,SBIN752164
ACC003988,CID004654,HDFC Bank,903324622966,SBIN187107
ACC003989,CID004655,Bank of Baroda,293891028194,SBIN993892
ACC003990,CID004656,ICICI Bank,143725433466,SBIN166143
ACC003991,CID004657,ICICI Bank,740461647114,SBIN728627
ACC003992,CID004658,Axis Bank,757953795700,SBIN357288
ACC003993,CID004659,Bank of Baroda,855672784668,SBIN934077
ACC003994,CID004661,ICICI Bank,959336260430,SBIN800194
ACC003995,CID004662,Union Bank,714606112763,SBIN394062
ACC003996,CID004663,SBI,391762508398,SBIN589736
ACC003997,CID004664,SBI,832207697730,SBIN249722
ACC003998,CID004666,Bank of Baroda,461725779886,SBIN830515
ACC003999,CID004667,Union Bank,571757514035,SBIN630117
ACC004000,CID004669,ICICI Bank,907686010444,SBIN455111
ACC004001,CID004670,Canara Bank,661862958929,SBIN222760
ACC004002,CID004671,SBI,528199995504,SBIN281365
ACC004003,CID004672,Union Bank,958702318318,SBIN761516
ACC004004,CID004673,ICICI Bank,766366592573,SBIN725020
ACC004005,CID004674,HDFC Bank,180520558053,SBIN574545
ACC004006,CID004675,Canara Bank,669693389177,SBIN118799
ACC004007,CID004676,SBI,231243624537,SBIN876887
ACC004008,CID004677,Union Bank,305216664282,SBIN522273
ACC004009,CID004678,HDFC Bank,473055922068,SBIN825265
ACC004010,CID004679,SBI,171462930074,SBIN788215
ACC004011,CID004680,HDFC Bank,200150467476,SBIN491387
ACC004012,CID004681,ICICI Bank,575148895728,SBIN145173
ACC004013,CID004682,SBI,861194674817,SBIN645757
ACC004014,CID004685,HDFC Bank,926986174792,SBIN446187
ACC004015,CID004687,Union Bank,552089460397,SBIN131611
ACC004016,CID004688,SBI,385084056029,SBIN127316
ACC004017,CID004689,ICICI Bank,618372396287,SBIN114948
ACC004018,CID004690,HDFC Bank,805570197532,SBIN747492
ACC004019,CID004691,Union Bank,856752757051,SBIN329400
ACC004020,CID004692,Canara Bank,524730881079,SBIN857726
ACC004021,CID004693,Axis Bank,330768592400,SBIN787806
ACC004022,CID004694,Union Bank,713069278426,SBIN214509
ACC004023,CID004695,HDFC Bank,850234777774,SBIN923329
ACC004024,CID004696,SBI,354002324552,SBIN105774
ACC004025,CID004697,ICICI Bank,426559109809,SBIN937254
ACC004026,CID004698,Bank of Baroda,233614816913,SBIN832350
ACC004027,CID004699,HDFC Bank,873374478593,SBIN928820
ACC004028,CID004700,Union Bank,419542247855,SBIN556586
ACC004029,CID004701,Axis Bank,124599203489,SBIN706535
ACC004030,CID004702,HDFC Bank,833856504684,SBIN556822
ACC004031,CID004703,ICICI Bank,241547586692,SBIN464844
ACC004032,CID004704,Bank of Baroda,603432592454,SBIN918059
ACC004033,CID004705,SBI,949747873738,SBIN305953
ACC004034,CID004707,HDFC Bank,660612418271,SBIN851162
ACC004035,CID004708,Canara Bank,969159541773,SBIN460578
ACC004036,CID004709,HDFC Bank,603981610771,SBIN624880
ACC004037,CID004710,SBI,729439389750,SBIN547629
ACC004038,CID004711,Axis Bank,247129256436,SBIN480440
ACC004039,CID004712,Union Bank,153587020270,SBIN755143
ACC004040,CID004713,SBI,388669687171,SBIN647532
ACC004041,CID004714,ICICI Bank,906320324253,SBIN632884
ACC004042,CID004715,ICICI Bank,456840002133,SBIN342997
ACC004043,CID004716,HDFC Bank,670400626518,SBIN668821
ACC004044,CID004717,HDFC Bank,681564477893,SBIN798266
ACC004045,CID004718,Axis Bank,848490757071,SBIN439921
ACC004046,CID004719,Canara Bank,558833851845,SBIN770205
ACC004047,CID004721,Axis Bank,278636731397,SBIN295281
ACC004048,CID004722,ICICI Bank,430008147489,SBIN949501
ACC004049,CID004723,Union Bank,504828415205,SBIN121931
ACC004050,CID004724,HDFC Bank,199400339064,SBIN660640
ACC004051,CID004725,ICICI Bank,326497741828,SBIN284013
ACC004052,CID004726,ICICI Bank,674950781723,SBIN259517
ACC004053,CID004727,Axis Bank,479570244381,SBIN579581
ACC004054,CID004728,HDFC Bank,996343935076,SBIN909901
ACC004055,CID004729,Axis Bank,309733785365,SBIN371823
ACC004056,CID004730,Bank of Baroda,981927440363,SBIN724309
ACC004057,CID004731,HDFC Bank,493296469317,SBIN633152
ACC004058,CID004732,Canara Bank,727944284250,SBIN440908
ACC004059,CID004735,Canara Bank,750691443887,SBIN274357
ACC004060,CID004736,Union Bank,286350910011,SBIN652488
ACC004061,CID004738,Canara Bank,227483274330,SBIN634362
ACC004062,CID004739,ICICI Bank,100788957955,SBIN935248
ACC004063,CID004740,Axis Bank,271474396039,SBIN444815
ACC004064,CID004741,Axis Bank,247759102524,SBIN996270
ACC004065,CID004742,HDFC Bank,989331574914,SBIN187887
ACC004066,CID004743,SBI,947089243969,SBIN530263
ACC004067,CID004744,ICICI Bank,542204435388,SBIN788667
ACC004068,CID004747,SBI,671262501553,SBIN831504
ACC004069,CID004748,HDFC Bank,372895904030,SBIN876396
ACC004070,CID004749,HDFC Bank,114060471250,SBIN251891
ACC004071,CID004750,HDFC Bank,994678183614,SBIN827720
ACC004072,CID004751,ICICI Bank,837059948441,SBIN690811
ACC004073,CID004752,Union Bank,810463861793,SBIN874206
ACC004074,CID004753,Union Bank,179152500201,SBIN471959
ACC004075,CID004754,ICICI Bank,432072346288,SBIN781506
ACC004076,CID004755,Canara Bank,328264687536,SBIN893695
ACC004077,CID004756,ICICI Bank,465442945348,SBIN765072
ACC004078,CID004757,ICICI Bank,663890209931,SBIN967863
ACC004079,CID004758,ICICI Bank,126895981583,SBIN827525
ACC004080,CID004759,HDFC Bank,867959239090,SBIN983971
ACC004081,CID004760,Axis Bank,811120191135,SBIN667641
ACC004082,CID004761,ICICI Bank,487329476038,SBIN690082
ACC004083,CID004762,Bank of Baroda,380531877785,SBIN866351
ACC004084,CID004763,SBI,337184451837,SBIN695497
ACC004085,CID004764,Bank of Baroda,613814407971,SBIN504901
ACC004086,CID004765,Union Bank,677150971489,SBIN795336
ACC004087,CID004766,Axis Bank,937693563311,SBIN223794
ACC004088,CID004767,ICICI Bank,885397008309,SBIN784547
ACC004089,CID004768,Bank of Baroda,733484581678,SBIN916651
ACC004090,CID004769,Union Bank,336134330136,SBIN341053
ACC004091,CID004770,Axis Bank,371549541546,SBIN887879
ACC004092,CID004771,ICICI Bank,895162828314,SBIN695850
ACC004093,CID004772,Axis Bank,416580933952,SBIN327253
ACC004094,CID004773,HDFC Bank,326288078917,SBIN605245
ACC004095,CID004774,Bank of Baroda,213196225387,SBIN280552
ACC004096,CID004775,SBI,403415793838,SBIN444978
ACC004097,CID004776,Axis Bank,405151974250,SBIN608972
ACC004098,CID004779,Canara Bank,176121030347,SBIN435427
ACC004099,CID004781,HDFC Bank,829078101690,SBIN936537
ACC004100,CID004783,Bank of Baroda,779246565576,SBIN945525
ACC004101,CID004784,Union Bank,484501560229,SBIN971240
ACC004102,CID004785,ICICI Bank,580953978346,SBIN345695
ACC004103,CID004786,Axis Bank,295487974332,SBIN366166
ACC004104,CID004787,HDFC Bank,439793806051,SBIN507329
ACC004105,CID004788,Bank of Baroda,349507410490,SBIN838880
ACC004106,CID004789,SBI,629328315198,SBIN829596
ACC004107,CID004790,HDFC Bank,756587172993,SBIN410863
ACC004108,CID004791,ICICI Bank,623351525795,SBIN330815
ACC004109,CID004792,Axis Bank,299167426350,SBIN424742
ACC004110,CID004794,Union Bank,158518008294,SBIN135884
ACC004111,CID004795,Union Bank,636306595947,SBIN599450
ACC004112,CID004796,Canara Bank,157741647760,SBIN818823
ACC004113,CID004797,HDFC Bank,413737868009,SBIN887456
ACC004114,CID004798,Canara Bank,919417971413,SBIN330177
ACC004115,CID004799,Axis Bank,526110328124,SBIN597811
ACC004116,CID004800,Canara Bank,289145360318,SBIN981688
ACC004117,CID004801,Union Bank,454558284921,SBIN416118
ACC004118,CID004802,HDFC Bank,342413938581,SBIN991414
ACC004119,CID004803,SBI,218892238206,SBIN586416
ACC004120,CID004804,Union Bank,518908425942,SBIN122391
ACC004121,CID004805,Bank of Baroda,318218314090,SBIN764377
ACC004122,CID004806,SBI,538047221051,SBIN847452
ACC004123,CID004807,Axis Bank,926124080571,SBIN471309
ACC004124,CID004808,Axis Bank,947757767292,SBIN379142
ACC004125,CID004809,SBI,766998238205,SBIN637510
ACC004126,CID004810,SBI,167271023430,SBIN913197
ACC004127,CID004811,SBI,262017952582,SBIN439938
ACC004128,CID004812,SBI,140288753482,SBIN313530
ACC004129,CID004813,SBI,820077420581,SBIN863389
ACC004130,CID004814,SBI,557111628326,SBIN780233
ACC004131,CID004815,Canara Bank,616519532796,SBIN847831
ACC004132,CID004818,Canara Bank,202721519590,SBIN221059
ACC004133,CID004819,Axis Bank,370096790240,SBIN443849
ACC004134,CID004823,HDFC Bank,902533063606,SBIN483089
ACC004135,CID004824,SBI,145822657358,SBIN944383
ACC004136,CID004825,ICICI Bank,354191766893,SBIN362092
ACC004137,CID004826,HDFC Bank,115838733898,SBIN849782
ACC004138,CID004828,HDFC Bank,635900483217,SBIN549278
ACC004139,CID004829,Canara Bank,554907121732,SBIN880878
ACC004140,CID004830,Bank of Baroda,595009910589,SBIN918283
ACC004141,CID004831,Axis Bank,964842634492,SBIN819926
ACC004142,CID004832,Axis Bank,674728795163,SBIN353531
ACC004143,CID004833,Bank of Baroda,812699263112,SBIN686236
ACC004144,CID004834,ICICI Bank,412665396080,SBIN397436
ACC004145,CID004835,SBI,495804035572,SBIN630652
ACC004146,CID004836,SBI,451539818054,SBIN861912
ACC004147,CID004837,SBI,715378358893,SBIN190069
ACC004148,CID004838,SBI,453420595449,SBIN974308
ACC004149,CID004839,Union Bank,562948550312,SBIN762242
ACC004150,CID004840,Union Bank,315710854662,SBIN746276
ACC004151,CID004841,HDFC Bank,983171150577,SBIN827715
ACC004152,CID004842,Axis Bank,215710121217,SBIN637003
ACC004153,CID004843,ICICI Bank,466459119643,SBIN204673
ACC004154,CID004845,Canara Bank,347785075377,SBIN269124
ACC004155,CID004846,Union Bank,861396133226,SBIN868955
ACC004156,CID004847,Union Bank,161005804045,SBIN729143
ACC004157,CID004848,Canara Bank,489793451495,SBIN373108
ACC004158,CID004849,Bank of Baroda,520224206705,SBIN645604
ACC004159,CID004850,Canara Bank,931507912066,SBIN614935
ACC004160,CID004851,SBI,329689880051,SBIN272279
ACC004161,CID004852,Axis Bank,643871230868,SBIN875997
ACC004162,CID004853,SBI,377043235278,SBIN548793
ACC004163,CID004854,Canara Bank,156638056297,SBIN294342
ACC004164,CID004855,Bank of Baroda,792749005967,SBIN151783
ACC004165,CID004856,SBI,951118914858,SBIN290204
ACC004166,CID004857,ICICI Bank,935672275315,SBIN383030
ACC004167,CID004858,ICICI Bank,700874076767,SBIN459245
ACC004168,CID004859,ICICI Bank,485332509587,SBIN630797
ACC004169,CID004860,Bank of Baroda,326831698956,SBIN259450
ACC004170,CID004862,Union Bank,883076033495,SBIN578511
ACC004171,CID004863,Canara Bank,496238679793,SBIN611505
ACC004172,CID004864,Canara Bank,411414100477,SBIN353028
ACC004173,CID004865,HDFC Bank,499631144079,SBIN678039
ACC004174,CID004866,HDFC Bank,328595926267,SBIN484275
ACC004175,CID004867,SBI,245737428999,SBIN396176
ACC004176,CID004868,Axis Bank,103742894647,SBIN128952
ACC004177,CID004869,HDFC Bank,188376824188,SBIN992328
ACC004178,CID004870,ICICI Bank,177546078965,SBIN235356
ACC004179,CID004871,SBI,131751680420,SBIN591913
ACC004180,CID004872,Bank of Baroda,744569423888,SBIN789570
ACC004181,CID004873,Bank of Baroda,146941228245,SBIN493349
ACC004182,CID004874,SBI,687666001671,SBIN330894
ACC004183,CID004875,Bank of Baroda,458197668526,SBIN432202
ACC004184,CID004876,Canara Bank,217486059831,SBIN527239
ACC004185,CID004877,Canara Bank,881002395039,SBIN538394
ACC004186,CID004878,ICICI Bank,751623570339,SBIN111690
ACC004187,CID004879,Axis Bank,169783676377,SBIN895365
ACC004188,CID004880,SBI,367678162037,SBIN770396
ACC004189,CID004883,Axis Bank,248578587917,SBIN168000
ACC004190,CID004884,SBI,609995622820,SBIN884664
ACC004191,CID004885,ICICI Bank,560322415566,SBIN905494
ACC004192,CID004886,Union Bank,711728250105,SBIN207332
ACC004193,CID004887,Canara Bank,270160831942,SBIN279863
ACC004194,CID004888,HDFC Bank,668227766623,SBIN450706
ACC004195,CID004889,Canara Bank,322786497968,SBIN240863
ACC004196,CID004890,Axis Bank,103504998647,SBIN918006
ACC004197,CID004891,HDFC Bank,434659934135,SBIN998723
ACC004198,CID004892,Union Bank,187904844351,SBIN744244
ACC004199,CID004893,Axis Bank,164299475858,SBIN880581
ACC004200,CID004894,HDFC Bank,924222306715,SBIN413879
ACC004201,CID004895,Union Bank,696195700251,SBIN312206
ACC004202,CID004897,HDFC Bank,243265895105,SBIN752035
ACC004203,CID004899,Union Bank,649465828376,SBIN289942
ACC004204,CID004900,SBI,304923682662,SBIN866014
ACC004205,CID004901,SBI,517534583006,SBIN423081
ACC004206,CID004902,ICICI Bank,757185289529,SBIN283211
ACC004207,CID004903,Bank of Baroda,758178632560,SBIN788173
ACC004208,CID004904,ICICI Bank,563568850035,SBIN794934
ACC004209,CID004905,SBI,793083159377,SBIN960181
ACC004210,CID004906,Union Bank,263754947072,SBIN740169
ACC004211,CID004907,Canara Bank,995324341543,SBIN875751
ACC004212,CID004908,Canara Bank,781300923038,SBIN332503
ACC004213,CID004909,ICICI Bank,712428086560,SBIN107808
ACC004214,CID004910,HDFC Bank,980991942735,SBIN161952
ACC004215,CID004911,ICICI Bank,856099332811,SBIN307670
ACC004216,CID004912,ICICI Bank,659589998237,SBIN612158
ACC004217,CID004913,Bank of Baroda,596607351905,SBIN619645
ACC004218,CID004914,Axis Bank,193723648436,SBIN216365
ACC004219,CID004915,Axis Bank,660288526098,SBIN667794
ACC004220,CID004917,Bank of Baroda,773597941916,SBIN526980
ACC004221,CID004918,HDFC Bank,649831163230,SBIN743110
ACC004222,CID004919,Axis Bank,845378923243,SBIN364032
ACC004223,CID004920,ICICI Bank,491926858831,SBIN713206
ACC004224,CID004922,SBI,944312617121,SBIN341755
ACC004225,CID004924,Bank of Baroda,638135430048,SBIN303345
ACC004226,CID004925,Axis Bank,947715649836,SBIN796756
ACC004227,CID004926,HDFC Bank,407544487588,SBIN975421
ACC004228,CID004927,Bank of Baroda,608270476408,SBIN251010
ACC004229,CID004928,HDFC Bank,836051335983,SBIN928295
ACC004230,CID004929,Canara Bank,374648665397,SBIN802504
ACC004231,CID004930,HDFC Bank,608101739006,SBIN918673
ACC004232,CID004931,Union Bank,503524805347,SBIN369216
ACC004233,CID004932,Bank of Baroda,521072078439,SBIN615240
ACC004234,CID004935,HDFC Bank,496451990826,SBIN747638
ACC004235,CID004936,Union Bank,124924965719,SBIN819518
ACC004236,CID004937,Canara Bank,146402125057,SBIN171288
ACC004237,CID004939,SBI,332456488227,SBIN257149
ACC004238,CID004940,SBI,416338800734,SBIN747134
ACC004239,CID004942,Bank of Baroda,135452503801,SBIN553064
ACC004240,CID004943,Union Bank,306090143278,SBIN694336
ACC004241,CID004944,Axis Bank,911447657122,SBIN310782
ACC004242,CID004945,HDFC Bank,917632799293,SBIN943053
ACC004243,CID004946,HDFC Bank,219117394615,SBIN554267
ACC004244,CID004948,Axis Bank,576515071798,SBIN897149
ACC004245,CID004949,Axis Bank,307201068767,SBIN927478
ACC004246,CID004950,HDFC Bank,707901532674,SBIN324095
ACC004247,CID004951,SBI,903475737331,SBIN220238
ACC004248,CID004952,Axis Bank,622394328342,SBIN125575
ACC004249,CID004953,ICICI Bank,650142443372,SBIN703070
ACC004250,CID004954,Axis Bank,261310100398,SBIN591427
ACC004251,CID004955,Union Bank,240742800737,SBIN506077
ACC004252,CID004956,Axis Bank,752041111746,SBIN325935
ACC004253,CID004959,Axis Bank,350065289141,SBIN585206
ACC004254,CID004960,HDFC Bank,937854210383,SBIN779543
ACC004255,CID004961,Union Bank,239836481085,SBIN462735
ACC004256,CID004963,HDFC Bank,966482398163,SBIN581209
ACC004257,CID004964,Bank of Baroda,811128711881,SBIN100376
ACC004258,CID004965,SBI,285587081800,SBIN570533
ACC004259,CID004966,Axis Bank,139550419991,SBIN927357
ACC004260,CID004967,HDFC Bank,323212466609,SBIN808700
ACC004261,CID004968,Union Bank,799270788962,SBIN372886
ACC004262,CID004971,Bank of Baroda,533318977558,SBIN916303
ACC004263,CID004972,ICICI Bank,143897268711,SBIN249882
ACC004264,CID004973,Union Bank,832781511798,SBIN521631
ACC004265,CID004974,SBI,995953297637,SBIN779957
ACC004266,CID004975,Axis Bank,546821063515,SBIN778375
ACC004267,CID004977,Bank of Baroda,915603484921,SBIN921154
ACC004268,CID004978,Axis Bank,732712966879,SBIN242157
ACC004269,CID004979,Bank of Baroda,764819215153,SBIN675534
ACC004270,CID004980,HDFC Bank,105537178697,SBIN322885
ACC004271,CID004981,ICICI Bank,967756230342,SBIN701484
ACC004272,CID004982,SBI,149878412550,SBIN619541
ACC004273,CID004983,Union Bank,395241336671,SBIN564483
ACC004274,CID004984,Bank of Baroda,333518235383,SBIN450441
ACC004275,CID004986,Canara Bank,398773393095,SBIN324470
ACC004276,CID004987,Bank of Baroda,452450323237,SBIN748818
ACC004277,CID004988,Axis Bank,430416427724,SBIN571793
ACC004278,CID004989,SBI,984897857594,SBIN875872
ACC004279,CID004991,SBI,378505803853,SBIN983595
ACC004280,CID004992,HDFC Bank,444128772258,SBIN528831
ACC004281,CID004993,Canara Bank,793011144635,SBIN730096
ACC004282,CID004994,ICICI Bank,297247923619,SBIN143835
ACC004283,CID004995,Bank of Baroda,236884683560,SBIN958927
ACC004284,CID004996,HDFC Bank,173932022899,SBIN999672
ACC004285,CID004997,Union Bank,347382745574,SBIN471667
ACC004286,CID004998,Union Bank,131333290801,SBIN770559
ACC004287,CID005000,HDFC Bank,497722575071,SBIN134848
ACC004288,CID005001,HDFC Bank,350597819128,SBIN428447
ACC004289,CID005002,Axis Bank,427838565799,SBIN310939
ACC004290,CID005003,HDFC Bank,686965096840,SBIN946172
ACC004291,CID005004,Union Bank,328711987348,SBIN369272
ACC004292,CID005005,Axis Bank,363764264922,SBIN512630
ACC004293,CID005006,SBI,141571438327,SBIN471559
ACC004294,CID005007,Union Bank,953804642077,SBIN795603
ACC004295,CID005008,ICICI Bank,154881835635,SBIN645434
ACC004296,CID005009,Axis Bank,708543628341,SBIN715037
ACC004297,CID005010,Union Bank,757853598717,SBIN189658
ACC004298,CID005011,HDFC Bank,679964834496,SBIN157292
ACC004299,CID005012,ICICI Bank,860296462267,SBIN196404
ACC004300,CID005013,Axis Bank,406658004726,SBIN385784
ACC004301,CID005014,Union Bank,217688740321,SBIN389057
ACC004302,CID005015,HDFC Bank,778418032228,SBIN323939
ACC004303,CID005016,SBI,359138777394,SBIN626274
ACC004304,CID005017,ICICI Bank,233385674537,SBIN378209
ACC004305,CID005018,SBI,510262945564,SBIN552378
ACC004306,CID005019,HDFC Bank,655244462887,SBIN336227
ACC004307,CID005020,Axis Bank,253636598569,SBIN920007
ACC004308,CID005021,HDFC Bank,535166724085,SBIN485790
ACC004309,CID005022,Union Bank,432123578770,SBIN234270
ACC004310,CID005023,HDFC Bank,524994714513,SBIN993851
ACC004311,CID005024,Bank of Baroda,276082030779,SBIN923723
ACC004312,CID005025,ICICI Bank,952031054301,SBIN989271
ACC004313,CID005026,Union Bank,293609097029,SBIN360095
ACC004314,CID005027,Axis Bank,591596251237,SBIN320695
ACC004315,CID005028,Union Bank,525095164362,SBIN822882
ACC004316,CID005029,Axis Bank,469378471655,SBIN947741
ACC004317,CID005030,Canara Bank,794678134197,SBIN797882
ACC004318,CID005031,Axis Bank,676972862701,SBIN849879
ACC004319,CID005032,Union Bank,618927055538,SBIN189501
ACC004320,CID005033,SBI,179471026600,SBIN583685
ACC004321,CID005034,SBI,955922369585,SBIN202106
ACC004322,CID005036,SBI,774211269137,SBIN477653
ACC004323,CID005037,HDFC Bank,961205289784,SBIN484771
ACC004324,CID005038,Canara Bank,501383989060,SBIN475519
ACC004325,CID005039,SBI,222959209868,SBIN528351
ACC004326,CID005041,SBI,591177930564,SBIN658228
ACC004327,CID005042,Canara Bank,471170844834,SBIN415073
ACC004328,CID005043,HDFC Bank,110224288769,SBIN705734
ACC004329,CID005044,ICICI Bank,880226391533,SBIN673069
ACC004330,CID005046,HDFC Bank,563264005961,SBIN418708
ACC004331,CID005047,ICICI Bank,907281211940,SBIN271219
ACC004332,CID005048,Union Bank,873107780461,SBIN150762
ACC004333,CID005049,ICICI Bank,509306288205,SBIN641883
ACC004334,CID005050,Axis Bank,569842399017,SBIN307106
ACC004335,CID005051,Union Bank,954736632962,SBIN844819
ACC004336,CID005052,HDFC Bank,470243540986,SBIN169853
ACC004337,CID005053,Union Bank,251363586173,SBIN275884
ACC004338,CID005054,Axis Bank,143481422564,SBIN569068
ACC004339,CID005055,Canara Bank,298657896372,SBIN961462
ACC004340,CID005056,HDFC Bank,331952049241,SBIN497775
ACC004341,CID005057,HDFC Bank,865343436603,SBIN526393
ACC004342,CID005058,Bank of Baroda,545339977791,SBIN742415
ACC004343,CID005059,ICICI Bank,355885353880,SBIN115977
ACC004344,CID005060,SBI,182476443913,SBIN907429
ACC004345,CID005062,Canara Bank,232286056796,SBIN693488
ACC004346,CID005064,Union Bank,783866889984,SBIN631413
ACC004347,CID005066,ICICI Bank,784264028481,SBIN824297
ACC004348,CID005067,Union Bank,653114321003,SBIN301501
ACC004349,CID005068,Bank of Baroda,827930707072,SBIN556279
ACC004350,CID005069,Union Bank,943515338539,SBIN199662
ACC004351,CID005070,Union Bank,742547257640,SBIN229029
ACC004352,CID005071,SBI,854347744732,SBIN490497
ACC004353,CID005072,SBI,229577662586,SBIN446604
ACC004354,CID005073,ICICI Bank,138339728870,SBIN344626
ACC004355,CID005074,SBI,170545332625,SBIN740510
ACC004356,CID005075,ICICI Bank,993241590906,SBIN712483
ACC004357,CID005076,HDFC Bank,940352510021,SBIN325347
ACC004358,CID005078,HDFC Bank,538232422100,SBIN213337
ACC004359,CID005079,Bank of Baroda,929530138779,SBIN594171
ACC004360,CID005080,ICICI Bank,895662381881,SBIN417913
ACC004361,CID005081,Union Bank,964985310383,SBIN916045
ACC004362,CID005082,Bank of Baroda,912135246820,SBIN324808
ACC004363,CID005083,Union Bank,320822898351,SBIN758902
ACC004364,CID005084,Axis Bank,887144799548,SBIN330771
ACC004365,CID005085,Canara Bank,527897094107,SBIN601539
ACC004366,CID005086,Axis Bank,968992076895,SBIN717711
ACC004367,CID005087,Union Bank,958347278453,SBIN355013
ACC004368,CID005088,SBI,497273628049,SBIN923348
ACC004369,CID005089,Axis Bank,909615902456,SBIN772205
ACC004370,CID005090,Bank of Baroda,398271876872,SBIN721966
ACC004371,CID005092,Axis Bank,750232729054,SBIN152407
ACC004372,CID005093,ICICI Bank,777005045147,SBIN764546
ACC004373,CID005094,Axis Bank,734471161502,SBIN481403
ACC004374,CID005095,ICICI Bank,601691530752,SBIN262054
ACC004375,CID005096,ICICI Bank,156714514031,SBIN817247
ACC004376,CID005097,ICICI Bank,197366246977,SBIN719105
ACC004377,CID005098,Canara Bank,993267622057,SBIN906297
ACC004378,CID005099,ICICI Bank,357495847967,SBIN129385
ACC004379,CID005100,ICICI Bank,829097224362,SBIN503668
ACC004380,CID005101,SBI,916387672666,SBIN612614
ACC004381,CID005102,Bank of Baroda,296375457804,SBIN218664
ACC004382,CID005103,HDFC Bank,505824331222,SBIN145910
ACC004383,CID005104,SBI,842357486419,SBIN400267
ACC004384,CID005105,SBI,526679172541,SBIN908664
ACC004385,CID005106,Bank of Baroda,262538661248,SBIN921969
ACC004386,CID005107,Axis Bank,730312931421,SBIN390141
ACC004387,CID005108,Union Bank,854190021973,SBIN863619
ACC004388,CID005109,Axis Bank,943260801082,SBIN222474
ACC004389,CID005111,Bank of Baroda,310457264532,SBIN497758
ACC004390,CID005112,Union Bank,990361404723,SBIN500514
ACC004391,CID005113,Canara Bank,796411661537,SBIN269196
ACC004392,CID005114,ICICI Bank,869604110860,SBIN783079
ACC004393,CID005115,Union Bank,334387950495,SBIN929945
ACC004394,CID005116,Canara Bank,972234235350,SBIN834245
ACC004395,CID005117,SBI,873871395199,SBIN261625
ACC004396,CID005118,Union Bank,927523046949,SBIN469873
ACC004397,CID005119,Canara Bank,342171254685,SBIN206495
ACC004398,CID005120,Union Bank,837825050284,SBIN564675
ACC004399,CID005121,HDFC Bank,350572196079,SBIN893797
ACC004400,CID005122,SBI,970642344174,SBIN137368
ACC004401,CID005123,Bank of Baroda,999902260291,SBIN252687
ACC004402,CID005124,ICICI Bank,625113953695,SBIN986604
ACC004403,CID005125,Union Bank,902687192609,SBIN275074
ACC004404,CID005126,Axis Bank,306430627583,SBIN278850
ACC004405,CID005127,Union Bank,156243534976,SBIN291522
ACC004406,CID005128,Union Bank,375636266757,SBIN339804
ACC004407,CID005129,HDFC Bank,268371284362,SBIN896618
ACC004408,CID005130,Bank of Baroda,512322664211,SBIN758745
ACC004409,CID005131,Canara Bank,961680207606,SBIN709346
ACC004410,CID005132,HDFC Bank,167548747764,SBIN787247
ACC004411,CID005133,Canara Bank,175811975029,SBIN184920
ACC004412,CID005134,Union Bank,655931358482,SBIN946929
ACC004413,CID005135,HDFC Bank,979722936519,SBIN956888
ACC004414,CID005136,ICICI Bank,644042536278,SBIN548447
ACC004415,CID005137,ICICI Bank,737887367237,SBIN726885
ACC004416,CID005138,Canara Bank,323032011548,SBIN432812
ACC004417,CID005139,ICICI Bank,989704389357,SBIN180442
ACC004418,CID005140,HDFC Bank,262544565858,SBIN547687
ACC004419,CID005141,ICICI Bank,529640985062,SBIN175673
ACC004420,CID005142,Union Bank,295584235425,SBIN107950
ACC004421,CID005143,Axis Bank,506731518464,SBIN362944
ACC004422,CID005144,SBI,299882545314,SBIN251281
ACC004423,CID005145,Union Bank,203820405637,SBIN774674
ACC004424,CID005146,HDFC Bank,293142585350,SBIN955777
ACC004425,CID005147,Union Bank,469850334937,SBIN563792
ACC004426,CID005148,Axis Bank,907515500268,SBIN735934
ACC004427,CID005149,SBI,332500885651,SBIN549089
ACC004428,CID005150,Union Bank,597647418941,SBIN334180
ACC004429,CID005151,HDFC Bank,776940787143,SBIN166519
ACC004430,CID005152,HDFC Bank,467061178308,SBIN310598
ACC004431,CID005153,SBI,897399101957,SBIN970974
ACC004432,CID005155,HDFC Bank,872992821921,SBIN346778
ACC004433,CID005156,SBI,521385767050,SBIN902947
ACC004434,CID005157,Canara Bank,824472403843,SBIN373219
ACC004435,CID005159,SBI,950470631147,SBIN749555
ACC004436,CID005160,ICICI Bank,292598810113,SBIN513459
ACC004437,CID005161,Canara Bank,900207434800,SBIN552759
ACC004438,CID005164,ICICI Bank,498939062256,SBIN655856
ACC004439,CID005165,SBI,111585853318,SBIN882565
ACC004440,CID005166,Canara Bank,364388567047,SBIN326414
ACC004441,CID005167,Bank of Baroda,634732827896,SBIN179895
ACC004442,CID005168,Canara Bank,239170012998,SBIN125153
ACC004443,CID005169,HDFC Bank,469205081014,SBIN543416
ACC004444,CID005171,Canara Bank,841970183229,SBIN718457
ACC004445,CID005172,Bank of Baroda,962014934768,SBIN174353
ACC004446,CID005173,Canara Bank,185550840846,SBIN163041
ACC004447,CID005174,HDFC Bank,678120487021,SBIN599434
ACC004448,CID005175,SBI,510974760049,SBIN498489
ACC004449,CID005176,Axis Bank,293982850326,SBIN194913
ACC004450,CID005177,HDFC Bank,809854667758,SBIN529080
ACC004451,CID005178,Canara Bank,550008985413,SBIN325423
ACC004452,CID005179,HDFC Bank,485662491946,SBIN342353
ACC004453,CID005180,Union Bank,905214241213,SBIN868109
ACC004454,CID005181,HDFC Bank,311652794661,SBIN237428
ACC004455,CID005183,Union Bank,739665536933,SBIN402264
ACC004456,CID005185,SBI,343509569666,SBIN696692
ACC004457,CID005187,Bank of Baroda,138145094940,SBIN255371
ACC004458,CID005188,Canara Bank,443064236958,SBIN741058
ACC004459,CID005189,HDFC Bank,392852267997,SBIN805547
ACC004460,CID005190,Canara Bank,868673443561,SBIN400391
ACC004461,CID005191,Axis Bank,990062490456,SBIN652272
ACC004462,CID005192,Canara Bank,151711251896,SBIN101446
ACC004463,CID005193,HDFC Bank,315186958034,SBIN556574
ACC004464,CID005195,Bank of Baroda,187958111213,SBIN668981
ACC004465,CID005196,Union Bank,562159760482,SBIN986372
ACC004466,CID005198,HDFC Bank,797860382680,SBIN806492
ACC004467,CID005199,ICICI Bank,584692266314,SBIN638143
ACC004468,CID005200,HDFC Bank,209155518718,SBIN478259
ACC004469,CID005201,Union Bank,247834986433,SBIN339448
ACC004470,CID005202,Canara Bank,105128052707,SBIN596281
ACC004471,CID005203,Bank of Baroda,688553582919,SBIN453726
ACC004472,CID005204,HDFC Bank,830154411527,SBIN891802
ACC004473,CID005205,HDFC Bank,893698694141,SBIN949116
ACC004474,CID005206,SBI,692691169586,SBIN517879
ACC004475,CID005207,SBI,698310439572,SBIN923618
ACC004476,CID005208,SBI,813998017868,SBIN151497
ACC004477,CID005209,Union Bank,296336299765,SBIN528490
ACC004478,CID005210,Union Bank,784986941528,SBIN685373
ACC004479,CID005211,Union Bank,623849222700,SBIN114311
ACC004480,CID005212,Axis Bank,677793563428,SBIN154739
ACC004481,CID005213,Canara Bank,277181541577,SBIN497023
ACC004482,CID005214,HDFC Bank,436404575131,SBIN775502
ACC004483,CID005215,HDFC Bank,332680890286,SBIN218726
ACC004484,CID005216,Union Bank,167304256436,SBIN203579
ACC004485,CID005217,Bank of Baroda,883872640747,SBIN829600
ACC004486,CID005218,HDFC Bank,632662986628,SBIN437736
ACC004487,CID005219,Union Bank,976102521537,SBIN556883
ACC004488,CID005220,Canara Bank,372641325474,SBIN795503
ACC004489,CID005221,Bank of Baroda,535893836001,SBIN632972
ACC004490,CID005222,Union Bank,947913941247,SBIN651101
ACC004491,CID005224,Bank of Baroda,979526569622,SBIN868832
ACC004492,CID005225,Axis Bank,763841010683,SBIN405250
ACC004493,CID005226,SBI,678636474926,SBIN856770
ACC004494,CID005227,SBI,506522448434,SBIN417074
ACC004495,CID005228,Bank of Baroda,163710512059,SBIN852301
ACC004496,CID005229,Union Bank,122229704949,SBIN362160
ACC004497,CID005231,Axis Bank,979188565091,SBIN847522
ACC004498,CID005232,Canara Bank,294346023993,SBIN984816
ACC004499,CID005233,Bank of Baroda,992809888102,SBIN370906
ACC004500,CID005234,Bank of Baroda,615252980751,SBIN940675
ACC004501,CID005235,SBI,583393905520,SBIN809351
ACC004502,CID005236,ICICI Bank,199311907830,SBIN838766
ACC004503,CID005237,Union Bank,618115438348,SBIN183357
ACC004504,CID005238,HDFC Bank,162569107161,SBIN416153
ACC004505,CID005239,Union Bank,335620029439,SBIN425999
ACC004506,CID005240,SBI,548843408515,SBIN891971
ACC004507,CID005241,Bank of Baroda,803783448325,SBIN145083
ACC004508,CID005242,ICICI Bank,139417124789,SBIN667193
ACC004509,CID005243,Canara Bank,648836752430,SBIN205781
ACC004510,CID005244,SBI,819361271088,SBIN990986
ACC004511,CID005245,HDFC Bank,668755497520,SBIN508886
ACC004512,CID005246,Canara Bank,432563921364,SBIN235304
ACC004513,CID005247,ICICI Bank,504543634154,SBIN149682
ACC004514,CID005248,Union Bank,997087546288,SBIN566897
ACC004515,CID005249,SBI,111091076041,SBIN230872
ACC004516,CID005250,SBI,819216404090,SBIN925237
ACC004517,CID005251,Canara Bank,207869971971,SBIN850438
ACC004518,CID005252,Canara Bank,430318544442,SBIN693259
ACC004519,CID005253,Axis Bank,137812037712,SBIN931173
ACC004520,CID005254,Canara Bank,216549681383,SBIN737063
ACC004521,CID005255,Axis Bank,372232072950,SBIN855240
ACC004522,CID005258,Axis Bank,419863499042,SBIN865028
ACC004523,CID005259,HDFC Bank,593500469050,SBIN545258
ACC004524,CID005261,HDFC Bank,205686370982,SBIN655189
ACC004525,CID005262,HDFC Bank,892893987198,SBIN747889
ACC004526,CID005263,Axis Bank,454600892226,SBIN942044
ACC004527,CID005264,Union Bank,628978838932,SBIN701497
ACC004528,CID005265,ICICI Bank,827798760396,SBIN641398
ACC004529,CID005268,Union Bank,891465688542,SBIN756257
ACC004530,CID005269,SBI,180991737908,SBIN568461
ACC004531,CID005270,Canara Bank,764064523168,SBIN925022
ACC004532,CID005271,HDFC Bank,249165844282,SBIN322026
ACC004533,CID005274,Union Bank,712754244715,SBIN341532
ACC004534,CID005276,ICICI Bank,231373801352,SBIN659278
ACC004535,CID005279,Bank of Baroda,720368657290,SBIN224929
ACC004536,CID005280,HDFC Bank,633126527749,SBIN300835
ACC004537,CID005282,Axis Bank,218262938102,SBIN755817
ACC004538,CID005283,ICICI Bank,353309534079,SBIN219272
ACC004539,CID005284,SBI,132782074404,SBIN970096
ACC004540,CID005285,Bank of Baroda,728292388759,SBIN228865
ACC004541,CID005286,Union Bank,140648631084,SBIN974090
ACC004542,CID005287,HDFC Bank,968852187337,SBIN650189
ACC004543,CID005288,Axis Bank,400696093748,SBIN661933
ACC004544,CID005289,Axis Bank,505988348585,SBIN724161
ACC004545,CID005290,SBI,286305249487,SBIN775793
ACC004546,CID005291,HDFC Bank,920840457857,SBIN380748
ACC004547,CID005292,SBI,483798809792,SBIN380732
ACC004548,CID005293,Bank of Baroda,313391592154,SBIN479256
ACC004549,CID005295,ICICI Bank,470412645742,SBIN781791
ACC004550,CID005296,ICICI Bank,636388985802,SBIN714123
ACC004551,CID005297,Axis Bank,216612601629,SBIN984245
ACC004552,CID005298,HDFC Bank,725429367537,SBIN499506
ACC004553,CID005299,Canara Bank,553995213717,SBIN820305
ACC004554,CID005300,Canara Bank,261779371738,SBIN737202
ACC004555,CID005301,Union Bank,282275272684,SBIN426343
ACC004556,CID005302,ICICI Bank,736280551028,SBIN982815
ACC004557,CID005303,SBI,350285339282,SBIN141487
ACC004558,CID005304,Bank of Baroda,975497228701,SBIN808103
ACC004559,CID005305,Axis Bank,480070195213,SBIN842742
ACC004560,CID005306,SBI,892714419012,SBIN780194
ACC004561,CID005308,Axis Bank,275925001297,SBIN510810
ACC004562,CID005309,SBI,529304489578,SBIN203601
ACC004563,CID005310,SBI,942716937881,SBIN591376
ACC004564,CID005312,Union Bank,321050419417,SBIN655051
ACC004565,CID005313,Union Bank,527770443933,SBIN845299
ACC004566,CID005314,Bank of Baroda,833833073035,SBIN549736
ACC004567,CID005315,Union Bank,520163939944,SBIN717405
ACC004568,CID005316,HDFC Bank,616016766977,SBIN226666
ACC004569,CID005318,Union Bank,804840145409,SBIN684994
ACC004570,CID005319,SBI,656291159510,SBIN592302
ACC004571,CID005320,Canara Bank,268615753778,SBIN572602
ACC004572,CID005321,Bank of Baroda,846797002423,SBIN693532
ACC004573,CID005322,Axis Bank,496636046966,SBIN552372
ACC004574,CID005323,ICICI Bank,819383931459,SBIN986506
ACC004575,CID005324,Union Bank,236881505030,SBIN387398
ACC004576,CID005325,ICICI Bank,900990473096,SBIN775697
ACC004577,CID005326,Bank of Baroda,606983626960,SBIN497487
ACC004578,CID005327,HDFC Bank,576772845878,SBIN266182
ACC004579,CID005329,HDFC Bank,437513951262,SBIN909441
ACC004580,CID005330,Canara Bank,968256510955,SBIN760978
ACC004581,CID005331,Axis Bank,858849478453,SBIN228311
ACC004582,CID005332,ICICI Bank,123593900569,SBIN505105
ACC004583,CID005333,ICICI Bank,548022404798,SBIN643840
ACC004584,CID005334,HDFC Bank,643152044586,SBIN111466
ACC004585,CID005335,Axis Bank,445556711741,SBIN947096
ACC004586,CID005336,Axis Bank,168674125202,SBIN343303
ACC004587,CID005338,HDFC Bank,928986231578,SBIN418582
ACC004588,CID005339,SBI,104930540302,SBIN152744
ACC004589,CID005340,Axis Bank,801586233481,SBIN790127
ACC004590,CID005341,Axis Bank,385504397194,SBIN501801
ACC004591,CID005342,HDFC Bank,753170396870,SBIN669820
ACC004592,CID005343,HDFC Bank,991315840243,SBIN211445
ACC004593,CID005344,ICICI Bank,514571762706,SBIN595327
ACC004594,CID005345,Axis Bank,536650462107,SBIN256734
ACC004595,CID005347,Axis Bank,655577247340,SBIN936105
ACC004596,CID005348,ICICI Bank,907919531774,SBIN131607
ACC004597,CID005349,Union Bank,627028873949,SBIN713465
ACC004598,CID005350,HDFC Bank,151025272071,SBIN605753
ACC004599,CID005351,HDFC Bank,649956950637,SBIN600458
ACC004600,CID005352,SBI,771027471095,SBIN588913
ACC004601,CID005353,Union Bank,836604181060,SBIN103697
ACC004602,CID005354,Canara Bank,315915764281,SBIN566086
ACC004603,CID005355,HDFC Bank,821482388490,SBIN682811
ACC004604,CID005356,Canara Bank,676055706486,SBIN687707
ACC004605,CID005357,Canara Bank,767925688205,SBIN347460
ACC004606,CID005358,Axis Bank,798823158056,SBIN882485
ACC004607,CID005359,Union Bank,891176980347,SBIN497074
ACC004608,CID005360,Union Bank,702150629733,SBIN113415
ACC004609,CID005363,Bank of Baroda,177785926423,SBIN242683
ACC004610,CID005364,Canara Bank,284754525437,SBIN641561
ACC004611,CID005365,Union Bank,414377768503,SBIN633922
ACC004612,CID005366,Union Bank,207731485368,SBIN710642
ACC004613,CID005367,HDFC Bank,728039772113,SBIN178840
ACC004614,CID005368,Union Bank,354150000905,SBIN498187
ACC004615,CID005369,HDFC Bank,899118710804,SBIN449255
ACC004616,CID005370,Axis Bank,721653111288,SBIN722685
ACC004617,CID005371,Union Bank,305059574130,SBIN458066
ACC004618,CID005372,Axis Bank,480068413317,SBIN392416
ACC004619,CID005373,Bank of Baroda,660277683922,SBIN791596
ACC004620,CID005374,Axis Bank,931417099079,SBIN372688
ACC004621,CID005375,Bank of Baroda,871248678471,SBIN767136
ACC004622,CID005376,Canara Bank,182552189177,SBIN931806
ACC004623,CID005377,SBI,190892477222,SBIN343352
ACC004624,CID005378,SBI,764287464657,SBIN376325
ACC004625,CID005379,HDFC Bank,680857398017,SBIN808297
ACC004626,CID005380,SBI,712038316452,SBIN878350
ACC004627,CID005382,SBI,866679041276,SBIN159798
ACC004628,CID005383,HDFC Bank,796285795513,SBIN196462
ACC004629,CID005384,Union Bank,378735228442,SBIN339608
ACC004630,CID005385,Canara Bank,822697096918,SBIN935115
ACC004631,CID005386,HDFC Bank,408762167272,SBIN116508
ACC004632,CID005387,Axis Bank,811168188974,SBIN213843
ACC004633,CID005388,HDFC Bank,707766840968,SBIN509574
ACC004634,CID005389,Bank of Baroda,666062238798,SBIN410466
ACC004635,CID005390,Bank of Baroda,416145402889,SBIN918090
ACC004636,CID005392,Canara Bank,392902814328,SBIN519721
ACC004637,CID005393,Axis Bank,607806100616,SBIN768765
ACC004638,CID005394,SBI,992799840730,SBIN777689
ACC004639,CID005395,Canara Bank,860926734758,SBIN810997
ACC004640,CID005396,ICICI Bank,793491255467,SBIN596445
ACC004641,CID005397,Bank of Baroda,952917422104,SBIN680497
ACC004642,CID005398,Union Bank,468577456204,SBIN132633
ACC004643,CID005399,Bank of Baroda,838549708865,SBIN593762
ACC004644,CID005400,Axis Bank,257445828806,SBIN955776
ACC004645,CID005401,HDFC Bank,227134968525,SBIN144534
ACC004646,CID005402,Bank of Baroda,275915911707,SBIN534099
ACC004647,CID005403,Bank of Baroda,277261059155,SBIN685637
ACC004648,CID005404,Union Bank,423094970786,SBIN919338
ACC004649,CID005406,Axis Bank,838520283232,SBIN489927
ACC004650,CID005407,ICICI Bank,502960554519,SBIN994564
ACC004651,CID005408,SBI,976276767679,SBIN654568
ACC004652,CID005409,SBI,798814160616,SBIN952546
ACC004653,CID005410,Bank of Baroda,456452448555,SBIN585549
ACC004654,CID005411,Canara Bank,645742472391,SBIN467700
ACC004655,CID005412,HDFC Bank,668026589531,SBIN137736
ACC004656,CID005413,HDFC Bank,426523334925,SBIN166757
ACC004657,CID005414,Union Bank,954656306140,SBIN703668
ACC004658,CID005415,Axis Bank,572969419603,SBIN194706
ACC004659,CID005416,HDFC Bank,756095620882,SBIN161260
ACC004660,CID005418,Axis Bank,373543775751,SBIN285592
ACC004661,CID005419,Axis Bank,288014101309,SBIN152297
ACC004662,CID005420,Union Bank,687270959501,SBIN525685
ACC004663,CID005421,Bank of Baroda,915010841493,SBIN810759
ACC004664,CID005422,SBI,697755752468,SBIN763416
ACC004665,CID005423,Axis Bank,232109739611,SBIN109895
ACC004666,CID005424,HDFC Bank,553654964005,SBIN533604
ACC004667,CID005426,HDFC Bank,917248569525,SBIN609774
ACC004668,CID005427,HDFC Bank,583082554787,SBIN454740
ACC004669,CID005428,Axis Bank,680436086565,SBIN599298
ACC004670,CID005429,Axis Bank,387525181465,SBIN619552
ACC004671,CID005430,HDFC Bank,646704418648,SBIN551953
ACC004672,CID005431,HDFC Bank,243072727181,SBIN844634
ACC004673,CID005432,Axis Bank,229081522256,SBIN511830
ACC004674,CID005434,HDFC Bank,244987905641,SBIN931666
ACC004675,CID005436,HDFC Bank,115906182886,SBIN855836
ACC004676,CID005437,HDFC Bank,316766094405,SBIN262029
ACC004677,CID005438,HDFC Bank,747708850924,SBIN334420
ACC004678,CID005439,Bank of Baroda,428956027972,SBIN579695
ACC004679,CID005440,Canara Bank,333429783130,SBIN420981
ACC004680,CID005441,Axis Bank,122023311447,SBIN256891
ACC004681,CID005443,Axis Bank,642719931581,SBIN656312
ACC004682,CID005444,ICICI Bank,451953978202,SBIN780347
ACC004683,CID005446,Bank of Baroda,926883849411,SBIN634226
ACC004684,CID005447,Bank of Baroda,905464529787,SBIN632313
ACC004685,CID005448,Bank of Baroda,188542593761,SBIN594235
ACC004686,CID005449,Union Bank,218948068069,SBIN496082
ACC004687,CID005450,Axis Bank,157536534861,SBIN337893
ACC004688,CID005451,Axis Bank,857709225286,SBIN434764
ACC004689,CID005453,Bank of Baroda,627899638245,SBIN311959
ACC004690,CID005454,Canara Bank,571810039151,SBIN554340
ACC004691,CID005455,Bank of Baroda,481514276262,SBIN847717
ACC004692,CID005456,Axis Bank,358318954738,SBIN538014
ACC004693,CID005458,Bank of Baroda,780983868897,SBIN272608
ACC004694,CID005459,Union Bank,584299901988,SBIN969725
ACC004695,CID005460,SBI,893951944423,SBIN892132
ACC004696,CID005461,HDFC Bank,552539322583,SBIN285138
ACC004697,CID005463,Axis Bank,261240630945,SBIN728096
ACC004698,CID005466,SBI,402174726599,SBIN341999
ACC004699,CID005467,HDFC Bank,570533403381,SBIN868367
ACC004700,CID005469,Bank of Baroda,476270749787,SBIN725275
ACC004701,CID005470,HDFC Bank,613094479737,SBIN152098
ACC004702,CID005471,Bank of Baroda,978790301662,SBIN143662
ACC004703,CID005472,Canara Bank,523621965470,SBIN198531
ACC004704,CID005473,ICICI Bank,737683625544,SBIN294390
ACC004705,CID005474,Axis Bank,172088264845,SBIN516898
ACC004706,CID005475,Bank of Baroda,996783273523,SBIN999747
ACC004707,CID005476,HDFC Bank,182856406461,SBIN141640
ACC004708,CID005477,Bank of Baroda,839561126729,SBIN708262
ACC004709,CID005478,Axis Bank,639112038855,SBIN670303
ACC004710,CID005480,SBI,629808201520,SBIN265640
ACC004711,CID005481,HDFC Bank,115954055716,SBIN841789
ACC004712,CID005482,ICICI Bank,619569390020,SBIN283466
ACC004713,CID005483,HDFC Bank,143634836175,SBIN858806
ACC004714,CID005484,Axis Bank,666290954319,SBIN788996
ACC004715,CID005487,Axis Bank,691283266232,SBIN538136
ACC004716,CID005488,Axis Bank,811947170461,SBIN879981
ACC004717,CID005489,HDFC Bank,539198421934,SBIN908344
ACC004718,CID005490,Bank of Baroda,230462789879,SBIN297188
ACC004719,CID005491,Union Bank,882064540288,SBIN470618
ACC004720,CID005492,HDFC Bank,555267736388,SBIN434112
ACC004721,CID005493,SBI,129881839255,SBIN597893
ACC004722,CID005494,SBI,838270147776,SBIN494744
ACC004723,CID005495,ICICI Bank,546446993279,SBIN993607
ACC004724,CID005496,SBI,375878448928,SBIN206533
ACC004725,CID005497,Union Bank,322394693192,SBIN770461
ACC004726,CID005498,Axis Bank,297840252700,SBIN353211
ACC004727,CID005499,ICICI Bank,938350483230,SBIN672706
ACC004728,CID005502,Union Bank,703438068695,SBIN733099
ACC004729,CID005503,Bank of Baroda,720637323257,SBIN105667
ACC004730,CID005504,HDFC Bank,768156402733,SBIN487772
ACC004731,CID005505,Bank of Baroda,754740994043,SBIN332069
ACC004732,CID005506,ICICI Bank,833095451048,SBIN580207
ACC004733,CID005507,ICICI Bank,568354840286,SBIN549043
ACC004734,CID005508,Bank of Baroda,668097710984,SBIN334684
ACC004735,CID005509,ICICI Bank,562571684883,SBIN406470
ACC004736,CID005510,ICICI Bank,830083105323,SBIN233071
ACC004737,CID005511,Bank of Baroda,141124605861,SBIN292074
ACC004738,CID005512,SBI,334254083192,SBIN280227
ACC004739,CID005513,HDFC Bank,509344025788,SBIN344178
ACC004740,CID005514,HDFC Bank,780120316645,SBIN115000
ACC004741,CID005515,Canara Bank,262851045333,SBIN864465
ACC004742,CID005516,Bank of Baroda,401525630936,SBIN881831
ACC004743,CID005517,ICICI Bank,432397992880,SBIN512438
ACC004744,CID005518,Union Bank,582323551636,SBIN930126
ACC004745,CID005519,Bank of Baroda,820269632921,SBIN222225
ACC004746,CID005520,ICICI Bank,870078204274,SBIN983320
ACC004747,CID005521,SBI,885431809635,SBIN598036
ACC004748,CID005522,Bank of Baroda,351332548520,SBIN939088
ACC004749,CID005523,SBI,817526551875,SBIN811050
ACC004750,CID005524,Bank of Baroda,723133929288,SBIN678382
ACC004751,CID005525,Axis Bank,517931847759,SBIN914145
ACC004752,CID005526,Bank of Baroda,181749645691,SBIN177460
ACC004753,CID005528,ICICI Bank,372941308482,SBIN516903
ACC004754,CID005529,HDFC Bank,729276273853,SBIN158624
ACC004755,CID005530,Canara Bank,904746651016,SBIN885640
ACC004756,CID005531,HDFC Bank,209392709033,SBIN346852
ACC004757,CID005532,ICICI Bank,239490546678,SBIN722532
ACC004758,CID005533,SBI,160111831315,SBIN699256
ACC004759,CID005534,HDFC Bank,796492704531,SBIN176549
ACC004760,CID005535,Bank of Baroda,571893503632,SBIN428365
ACC004761,CID005536,Axis Bank,779511726202,SBIN452782
ACC004762,CID005537,Union Bank,701940115973,SBIN418621
ACC004763,CID005538,Union Bank,716134429775,SBIN330681
ACC004764,CID005540,Bank of Baroda,287966325857,SBIN420990
ACC004765,CID005541,Bank of Baroda,755671338104,SBIN656390
ACC004766,CID005542,HDFC Bank,739790001372,SBIN933663
ACC004767,CID005543,Bank of Baroda,258472636002,SBIN451893
ACC004768,CID005544,Bank of Baroda,590228903512,SBIN214340
ACC004769,CID005545,ICICI Bank,568717370652,SBIN464787
ACC004770,CID005546,Canara Bank,436402818960,SBIN886145
ACC004771,CID005547,Union Bank,934425923361,SBIN138518
ACC004772,CID005548,SBI,382693017818,SBIN813276
ACC004773,CID005550,Canara Bank,199911504681,SBIN413993
ACC004774,CID005552,Bank of Baroda,269394998846,SBIN651785
ACC004775,CID005554,Canara Bank,650141774722,SBIN466157
ACC004776,CID005555,Bank of Baroda,607720625981,SBIN376754
ACC004777,CID005556,Bank of Baroda,213476562019,SBIN850834
ACC004778,CID005558,ICICI Bank,140226724311,SBIN877037
ACC004779,CID005559,Axis Bank,702633555580,SBIN520287
ACC004780,CID005560,SBI,248872953022,SBIN580102
ACC004781,CID005561,Axis Bank,984461971773,SBIN427518
ACC004782,CID005563,HDFC Bank,709858493727,SBIN242011
ACC004783,CID005564,Axis Bank,281025100376,SBIN457937
ACC004784,CID005565,SBI,475662186455,SBIN550618
ACC004785,CID005566,HDFC Bank,277803252298,SBIN330288
ACC004786,CID005569,Bank of Baroda,858041064816,SBIN574200
ACC004787,CID005570,ICICI Bank,763552253416,SBIN772832
ACC004788,CID005571,SBI,984098133245,SBIN568642
ACC004789,CID005572,Union Bank,338777993071,SBIN223991
ACC004790,CID005573,Union Bank,682856706100,SBIN250098
ACC004791,CID005574,Bank of Baroda,920246706438,SBIN101964
ACC004792,CID005575,Union Bank,132681986244,SBIN374178
ACC004793,CID005576,Union Bank,117092815762,SBIN166535
ACC004794,CID005578,HDFC Bank,376801366566,SBIN759732
ACC004795,CID005579,ICICI Bank,143925061894,SBIN454186
ACC004796,CID005580,Axis Bank,160787716059,SBIN377480
ACC004797,CID005581,Bank of Baroda,749688379061,SBIN880119
ACC004798,CID005582,Canara Bank,107561835911,SBIN708448
ACC004799,CID005583,HDFC Bank,305233011029,SBIN994484
ACC004800,CID005585,Bank of Baroda,878219875399,SBIN506614
ACC004801,CID005587,Union Bank,660194462118,SBIN424040
ACC004802,CID005588,Axis Bank,156770310745,SBIN266436
ACC004803,CID005589,ICICI Bank,427928475092,SBIN201440
ACC004804,CID005590,Bank of Baroda,382009156123,SBIN578600
ACC004805,CID005591,SBI,562469129137,SBIN160994
ACC004806,CID005592,Union Bank,586579589257,SBIN450237
ACC004807,CID005593,SBI,863731242448,SBIN218378
ACC004808,CID005594,HDFC Bank,931078849175,SBIN577089
ACC004809,CID005596,Canara Bank,764699013762,SBIN364332
ACC004810,CID005597,HDFC Bank,554982269135,SBIN857088
ACC004811,CID005598,Bank of Baroda,284839915515,SBIN145116
ACC004812,CID005599,Axis Bank,686241918219,SBIN446314
ACC004813,CID005600,SBI,926779852626,SBIN655011
ACC004814,CID005601,HDFC Bank,622631346366,SBIN643700
ACC004815,CID005602,HDFC Bank,798887025431,SBIN633552
ACC004816,CID005603,SBI,501200713388,SBIN454035
ACC004817,CID005604,Bank of Baroda,479255821752,SBIN262716
ACC004818,CID005605,ICICI Bank,826786895134,SBIN545942
ACC004819,CID005607,Canara Bank,398080645585,SBIN762314
ACC004820,CID005608,Bank of Baroda,918154483748,SBIN323526
ACC004821,CID005609,Canara Bank,298008069853,SBIN948330
ACC004822,CID005610,Canara Bank,514342802880,SBIN525835
ACC004823,CID005611,HDFC Bank,806695701756,SBIN621996
ACC004824,CID005612,HDFC Bank,204110071658,SBIN807738
ACC004825,CID005613,SBI,783146764922,SBIN407040
ACC004826,CID005615,HDFC Bank,448654167297,SBIN170023
ACC004827,CID005616,Bank of Baroda,642380309032,SBIN297623
ACC004828,CID005617,Axis Bank,811939754373,SBIN792101
ACC004829,CID005618,Canara Bank,744882864639,SBIN378521
ACC004830,CID005619,HDFC Bank,412102166044,SBIN774837
ACC004831,CID005620,HDFC Bank,700327499054,SBIN923971
ACC004832,CID005621,ICICI Bank,455287168581,SBIN461718
ACC004833,CID005622,ICICI Bank,564096106355,SBIN200234
ACC004834,CID005623,Axis Bank,612177910964,SBIN687540
ACC004835,CID005624,HDFC Bank,536524077540,SBIN361559
ACC004836,CID005625,Canara Bank,338071086480,SBIN592049
ACC004837,CID005626,Canara Bank,363833334477,SBIN567919
ACC004838,CID005627,HDFC Bank,995845853160,SBIN753073
ACC004839,CID005628,HDFC Bank,412870938667,SBIN634657
ACC004840,CID005629,Axis Bank,647285569622,SBIN167119
ACC004841,CID005630,ICICI Bank,209203619232,SBIN841892
ACC004842,CID005632,ICICI Bank,666021351648,SBIN597657
ACC004843,CID005633,Axis Bank,187538376193,SBIN747526
ACC004844,CID005635,Bank of Baroda,352755793121,SBIN805394
ACC004845,CID005636,Canara Bank,313051381262,SBIN147817
ACC004846,CID005637,SBI,182568951441,SBIN629711
ACC004847,CID005638,HDFC Bank,252316070481,SBIN645268
ACC004848,CID005639,Union Bank,733360886858,SBIN290623
ACC004849,CID005640,Bank of Baroda,363807038382,SBIN426217
ACC004850,CID005641,ICICI Bank,897121166825,SBIN474492
ACC004851,CID005642,HDFC Bank,836255644800,SBIN419557
ACC004852,CID005643,HDFC Bank,466620476071,SBIN483082
ACC004853,CID005644,HDFC Bank,858625348232,SBIN657802
ACC004854,CID005646,Union Bank,865319038269,SBIN961353
ACC004855,CID005647,Bank of Baroda,631234155064,SBIN253588
ACC004856,CID005648,Bank of Baroda,140041960093,SBIN497836
ACC004857,CID005649,Axis Bank,225712715476,SBIN843049
ACC004858,CID005651,Canara Bank,596201606669,SBIN531874
ACC004859,CID005652,SBI,311726064601,SBIN791704
ACC004860,CID005653,Bank of Baroda,326245434863,SBIN932143
ACC004861,CID005654,Bank of Baroda,160748413977,SBIN728681
ACC004862,CID005655,HDFC Bank,823492923874,SBIN135369
ACC004863,CID005656,Axis Bank,789166876151,SBIN504365
ACC004864,CID005657,HDFC Bank,110070552040,SBIN767049
ACC004865,CID005658,HDFC Bank,814306714576,SBIN149757
ACC004866,CID005659,ICICI Bank,119419785304,SBIN324353
ACC004867,CID005660,Canara Bank,504542682723,SBIN294043
ACC004868,CID005661,SBI,913961843285,SBIN148835
ACC004869,CID005662,Bank of Baroda,706791113182,SBIN491780
ACC004870,CID005663,SBI,526252355448,SBIN916983
ACC004871,CID005664,SBI,239278391559,SBIN546458
ACC004872,CID005665,SBI,539041350139,SBIN677006
ACC004873,CID005667,SBI,779047247649,SBIN691009
ACC004874,CID005668,Axis Bank,216003822388,SBIN366104
ACC004875,CID005669,Canara Bank,254900037194,SBIN767334
ACC004876,CID005670,Bank of Baroda,377269666294,SBIN231986
ACC004877,CID005671,Canara Bank,447064574283,SBIN281962
ACC004878,CID005674,Union Bank,538877348352,SBIN985623
ACC004879,CID005675,Canara Bank,534943569906,SBIN781886
ACC004880,CID005676,Axis Bank,936368926502,SBIN887336
ACC004881,CID005677,ICICI Bank,965337378853,SBIN911543
ACC004882,CID005678,Union Bank,131294222639,SBIN297626
ACC004883,CID005679,Canara Bank,477328946832,SBIN281834
ACC004884,CID005680,Bank of Baroda,680048832297,SBIN664800
ACC004885,CID005681,Canara Bank,697931736881,SBIN378784
ACC004886,CID005682,Canara Bank,410221332241,SBIN210750
ACC004887,CID005683,ICICI Bank,509140137710,SBIN988728
ACC004888,CID005684,SBI,464504502289,SBIN525467
ACC004889,CID005685,HDFC Bank,562160179344,SBIN893666
ACC004890,CID005686,SBI,535922717980,SBIN116263
ACC004891,CID005688,HDFC Bank,445572349379,SBIN878271
ACC004892,CID005689,Bank of Baroda,637889116381,SBIN460029
ACC004893,CID005690,SBI,387625566045,SBIN410334
ACC004894,CID005691,ICICI Bank,418303328114,SBIN323705
ACC004895,CID005692,Axis Bank,232373144315,SBIN671948
ACC004896,CID005693,SBI,822735391414,SBIN357580
ACC004897,CID005694,Canara Bank,694019257138,SBIN937069
ACC004898,CID005695,HDFC Bank,820286773671,SBIN214589
ACC004899,CID005696,Axis Bank,436774654549,SBIN860842
ACC004900,CID005697,Axis Bank,955440432635,SBIN802302
ACC004901,CID005698,HDFC Bank,849418576265,SBIN668825
ACC004902,CID005699,HDFC Bank,271570002725,SBIN370551
ACC004903,CID005701,SBI,481688147485,SBIN393902
ACC004904,CID005703,HDFC Bank,811715171604,SBIN765296
ACC004905,CID005705,ICICI Bank,474364695246,SBIN376034
ACC004906,CID005706,Union Bank,176759628304,SBIN141749
ACC004907,CID005707,Canara Bank,704266531127,SBIN583645
ACC004908,CID005708,Union Bank,808237851111,SBIN209182
ACC004909,CID005709,Bank of Baroda,717831623835,SBIN184973
ACC004910,CID005710,ICICI Bank,291017868272,SBIN349779
ACC004911,CID005711,SBI,398285431381,SBIN737485
ACC004912,CID005712,Axis Bank,800666568495,SBIN771176
ACC004913,CID005713,Bank of Baroda,236142934260,SBIN223170
ACC004914,CID005714,Bank of Baroda,413528755499,SBIN782886
ACC004915,CID005715,Union Bank,779701669825,SBIN846232
ACC004916,CID005716,Canara Bank,924133815885,SBIN721034
ACC004917,CID005717,Bank of Baroda,382650825862,SBIN816256
ACC004918,CID005719,ICICI Bank,186539849508,SBIN539971
ACC004919,CID005720,Canara Bank,161586214430,SBIN323668
ACC004920,CID005721,HDFC Bank,750262258046,SBIN988715
ACC004921,CID005722,Bank of Baroda,812443455868,SBIN949624
ACC004922,CID005723,Union Bank,384658145018,SBIN436974
ACC004923,CID005724,Bank of Baroda,496257710129,SBIN574690
ACC004924,CID005725,HDFC Bank,832487459176,SBIN501906
ACC004925,CID005726,ICICI Bank,486817099187,SBIN612426
ACC004926,CID005727,Bank of Baroda,136013138974,SBIN598079
ACC004927,CID005728,HDFC Bank,369909572789,SBIN934594
ACC004928,CID005730,HDFC Bank,141482168074,SBIN165392
ACC004929,CID005731,Canara Bank,700834514338,SBIN755600
ACC004930,CID005732,Bank of Baroda,247273391632,SBIN548752
ACC004931,CID005733,Union Bank,363805288673,SBIN239046
ACC004932,CID005735,ICICI Bank,385493985806,SBIN785646
ACC004933,CID005736,SBI,529203033197,SBIN982253
ACC004934,CID005737,Bank of Baroda,470568969873,SBIN644445
ACC004935,CID005738,Bank of Baroda,514151128353,SBIN607508
ACC004936,CID005739,Canara Bank,191696819717,SBIN578933
ACC004937,CID005740,ICICI Bank,119650044050,SBIN810946
ACC004938,CID005741,Canara Bank,501321226889,SBIN325959
ACC004939,CID005743,Bank of Baroda,799569334233,SBIN543273
ACC004940,CID005744,Bank of Baroda,170483990096,SBIN852650
ACC004941,CID005745,Canara Bank,198850663880,SBIN226423
ACC004942,CID005746,Canara Bank,501894443355,SBIN809052
ACC004943,CID005747,HDFC Bank,439619966486,SBIN728582
ACC004944,CID005749,HDFC Bank,483876681656,SBIN743785
ACC004945,CID005751,ICICI Bank,147612505107,SBIN707530
ACC004946,CID005752,ICICI Bank,214712412410,SBIN162726
ACC004947,CID005754,Canara Bank,993089188255,SBIN346959
ACC004948,CID005755,Canara Bank,248002290955,SBIN889553
ACC004949,CID005756,SBI,147202270141,SBIN873271
ACC004950,CID005757,ICICI Bank,996148257479,SBIN315823
ACC004951,CID005758,SBI,522186653101,SBIN531224
ACC004952,CID005759,Axis Bank,454354941157,SBIN107371
ACC004953,CID005761,Axis Bank,564763621108,SBIN730503
ACC004954,CID005763,Axis Bank,635667807584,SBIN495055
ACC004955,CID005764,Canara Bank,469268876617,SBIN121733
ACC004956,CID005765,Axis Bank,812202270407,SBIN520213
ACC004957,CID005767,Axis Bank,711472697493,SBIN981218
ACC004958,CID005769,Union Bank,274163516928,SBIN858046
ACC004959,CID005771,Canara Bank,530415020580,SBIN151702
ACC004960,CID005772,HDFC Bank,574096873926,SBIN905707
ACC004961,CID005773,HDFC Bank,496862074893,SBIN493519
ACC004962,CID005774,Canara Bank,105805234701,SBIN170092
ACC004963,CID005775,Union Bank,736505310446,SBIN171692
ACC004964,CID005776,Union Bank,782321101412,SBIN811102
ACC004965,CID005778,Bank of Baroda,243890157339,SBIN375030
ACC004966,CID005779,Canara Bank,230649316397,SBIN374340
ACC004967,CID005781,ICICI Bank,848506647315,SBIN301778
ACC004968,CID005782,Canara Bank,915681884858,SBIN836686
ACC004969,CID005783,Bank of Baroda,282507081108,SBIN734529
ACC004970,CID005784,Axis Bank,830573954160,SBIN136240
ACC004971,CID005785,SBI,452287668356,SBIN748334
ACC004972,CID005786,Bank of Baroda,456185322292,SBIN665441
ACC004973,CID005787,Union Bank,851297161916,SBIN134409
ACC004974,CID005788,ICICI Bank,666214220509,SBIN573541
ACC004975,CID005790,Union Bank,343884188812,SBIN516014
ACC004976,CID005793,SBI,854434562780,SBIN723228
ACC004977,CID005796,HDFC Bank,415571856507,SBIN199366
ACC004978,CID005797,ICICI Bank,990510148730,SBIN104387
ACC004979,CID005798,SBI,357016899561,SBIN762408
ACC004980,CID005799,ICICI Bank,299302289225,SBIN762527
ACC004981,CID005800,HDFC Bank,623165824178,SBIN363993
ACC004982,CID005802,Canara Bank,849411892780,SBIN436589
ACC004983,CID005803,SBI,811531951612,SBIN624639
ACC004984,CID005804,ICICI Bank,675989369562,SBIN912874
ACC004985,CID005805,Canara Bank,282515024626,SBIN199031
ACC004986,CID005806,Axis Bank,513245703499,SBIN617297
ACC004987,CID005807,Bank of Baroda,935704054852,SBIN139261
ACC004988,CID005808,SBI,415134132734,SBIN235625
ACC004989,CID005809,SBI,535219433913,SBIN568403
ACC004990,CID005813,Canara Bank,599849365363,SBIN263804
ACC004991,CID005815,HDFC Bank,291367132559,SBIN854893
ACC004992,CID005816,SBI,413096475124,SBIN759772
ACC004993,CID005817,Axis Bank,551053358756,SBIN113048
ACC004994,CID005819,Canara Bank,414414518594,SBIN376684
ACC004995,CID005820,Axis Bank,955013576911,SBIN303198
ACC004996,CID005822,Union Bank,799177219022,SBIN975021
ACC004997,CID005823,Canara Bank,234246851996,SBIN120666
ACC004998,CID005825,Union Bank,771598397227,SBIN640627
ACC004999,CID005826,ICICI Bank,550260496025,SBIN315704
ACC005000,CID005827,ICICI Bank,362757638673,SBIN956581
ACC005001,CID005828,ICICI Bank,882354402265,SBIN471018
ACC005002,CID005829,HDFC Bank,439385305762,SBIN849736
ACC005003,CID005830,SBI,152599413795,SBIN228306
ACC005004,CID005831,Axis Bank,429426014166,SBIN456664
ACC005005,CID005832,Axis Bank,538399884489,SBIN334527
ACC005006,CID005833,ICICI Bank,185485713011,SBIN949236
ACC005007,CID005834,Bank of Baroda,817612257771,SBIN304019
ACC005008,CID005836,ICICI Bank,169898073161,SBIN263678
ACC005009,CID005837,HDFC Bank,872222445980,SBIN111300
ACC005010,CID005838,Bank of Baroda,812399336766,SBIN651325
ACC005011,CID005839,HDFC Bank,943057726388,SBIN830972
ACC005012,CID005840,SBI,814170204591,SBIN776477
ACC005013,CID005842,HDFC Bank,137378036460,SBIN280191
ACC005014,CID005843,Union Bank,565674055312,SBIN915860
ACC005015,CID005844,SBI,561037442646,SBIN351434
ACC005016,CID005845,ICICI Bank,516604561865,SBIN968705
ACC005017,CID005847,Axis Bank,853186262877,SBIN377282
ACC005018,CID005848,SBI,847665682221,SBIN424962
ACC005019,CID005849,Bank of Baroda,779090448421,SBIN956963
ACC005020,CID005850,Union Bank,698065194408,SBIN129010
ACC005021,CID005851,Bank of Baroda,174298761318,SBIN570536
ACC005022,CID005852,Canara Bank,659909650508,SBIN128275
ACC005023,CID005853,Axis Bank,172819220329,SBIN559427
ACC005024,CID005854,Union Bank,140416801183,SBIN360774
ACC005025,CID005855,SBI,225151688141,SBIN647871
ACC005026,CID005857,ICICI Bank,553780604628,SBIN175593
ACC005027,CID005858,ICICI Bank,471478817714,SBIN356867
ACC005028,CID005859,ICICI Bank,145425871325,SBIN987766
ACC005029,CID005862,Axis Bank,370100164203,SBIN977793
ACC005030,CID005864,ICICI Bank,418108980646,SBIN683006
ACC005031,CID005865,ICICI Bank,561375307193,SBIN103778
ACC005032,CID005866,Axis Bank,748348761445,SBIN482989
ACC005033,CID005867,Canara Bank,494220403103,SBIN118145
ACC005034,CID005868,Canara Bank,332878136275,SBIN946179
ACC005035,CID005869,Axis Bank,760682230467,SBIN526524
ACC005036,CID005870,Canara Bank,211174949202,SBIN363415
ACC005037,CID005871,Canara Bank,117135398631,SBIN511622
ACC005038,CID005872,Union Bank,421676014220,SBIN982215
ACC005039,CID005873,ICICI Bank,387826255263,SBIN521707
ACC005040,CID005874,Axis Bank,607390223705,SBIN461625
ACC005041,CID005875,SBI,738199500169,SBIN217814
ACC005042,CID005876,SBI,605177051861,SBIN245932
ACC005043,CID005877,SBI,413675031662,SBIN711997
ACC005044,CID005878,HDFC Bank,301152766514,SBIN343239
ACC005045,CID005879,ICICI Bank,484512863259,SBIN144350
ACC005046,CID005880,Canara Bank,406461304389,SBIN384269
ACC005047,CID005881,ICICI Bank,576166638535,SBIN825760
ACC005048,CID005882,ICICI Bank,241160661280,SBIN314777
ACC005049,CID005883,Axis Bank,568332867121,SBIN818019
ACC005050,CID005884,ICICI Bank,904579241457,SBIN121193
ACC005051,CID005885,Axis Bank,467524560896,SBIN774776
ACC005052,CID005886,Union Bank,298188550316,SBIN583806
ACC005053,CID005889,Canara Bank,799528059243,SBIN530209
ACC005054,CID005890,HDFC Bank,852892016028,SBIN116956
ACC005055,CID005891,Axis Bank,198903566368,SBIN634749
ACC005056,CID005892,HDFC Bank,670491852301,SBIN253397
ACC005057,CID005893,ICICI Bank,870128547072,SBIN912748
ACC005058,CID005894,Canara Bank,537246944395,SBIN387325
ACC005059,CID005895,Bank of Baroda,556186900683,SBIN384698
ACC005060,CID005896,Bank of Baroda,371813303529,SBIN474578
ACC005061,CID005897,Union Bank,341807128016,SBIN745332
ACC005062,CID005898,HDFC Bank,270310231291,SBIN827747
ACC005063,CID005899,Union Bank,241327802998,SBIN893852
ACC005064,CID005900,HDFC Bank,803090878165,SBIN710821
ACC005065,CID005901,Bank of Baroda,587184152267,SBIN189731
ACC005066,CID005902,SBI,749176630748,SBIN225292
ACC005067,CID005904,HDFC Bank,440742992658,SBIN196849
ACC005068,CID005905,Union Bank,849466464574,SBIN872473
ACC005069,CID005906,Union Bank,904659017685,SBIN848021
ACC005070,CID005907,Union Bank,851817725678,SBIN862639
ACC005071,CID005908,Axis Bank,237413985496,SBIN893482
ACC005072,CID005910,Bank of Baroda,151824039620,SBIN470112
ACC005073,CID005911,SBI,314418000786,SBIN225553
ACC005074,CID005912,HDFC Bank,324278458860,SBIN661595
ACC005075,CID005913,Axis Bank,302871014206,SBIN756368
ACC005076,CID005914,HDFC Bank,861850821715,SBIN450574
ACC005077,CID005915,Axis Bank,291613721578,SBIN762248
ACC005078,CID005916,SBI,945434681202,SBIN317128
ACC005079,CID005919,Bank of Baroda,720185366351,SBIN759692
ACC005080,CID005920,Union Bank,677870584705,SBIN337309
ACC005081,CID005921,ICICI Bank,274641730475,SBIN555354
ACC005082,CID005922,HDFC Bank,142153339435,SBIN629924
ACC005083,CID005923,Bank of Baroda,335271291245,SBIN677003
ACC005084,CID005925,ICICI Bank,883804085514,SBIN319274
ACC005085,CID005926,Canara Bank,164428931012,SBIN204868
ACC005086,CID005927,Axis Bank,234457903283,SBIN937475
ACC005087,CID005928,HDFC Bank,117278373398,SBIN587384
ACC005088,CID005929,SBI,786774484497,SBIN448169
ACC005089,CID005930,Bank of Baroda,849430126371,SBIN820094
ACC005090,CID005931,Axis Bank,227435458409,SBIN477991
ACC005091,CID005934,HDFC Bank,311128237471,SBIN708858
ACC005092,CID005935,Canara Bank,872308931613,SBIN602361
ACC005093,CID005936,Union Bank,953734842454,SBIN724138
ACC005094,CID005937,Union Bank,629297589492,SBIN851908
ACC005095,CID005938,ICICI Bank,497605407048,SBIN710789
ACC005096,CID005939,ICICI Bank,966943737183,SBIN613026
ACC005097,CID005940,Axis Bank,424021646076,SBIN999842
ACC005098,CID005941,ICICI Bank,401233830107,SBIN268906
ACC005099,CID005942,Axis Bank,773180358482,SBIN652373
ACC005100,CID005944,SBI,970401215555,SBIN341832
ACC005101,CID005945,Bank of Baroda,798849205471,SBIN360169
ACC005102,CID005947,SBI,767496030411,SBIN453269
ACC005103,CID005948,Bank of Baroda,969945941684,SBIN712954
ACC005104,CID005949,Bank of Baroda,446814289164,SBIN281362
ACC005105,CID005950,SBI,421068575265,SBIN376124
ACC005106,CID005951,Canara Bank,939932953370,SBIN717517
ACC005107,CID005952,Canara Bank,667090568013,SBIN504188
ACC005108,CID005953,Bank of Baroda,261248495940,SBIN480394
ACC005109,CID005954,SBI,309309840106,SBIN419082
ACC005110,CID005956,Canara Bank,354663768866,SBIN246017
ACC005111,CID005957,HDFC Bank,980533829548,SBIN117425
ACC005112,CID005958,Bank of Baroda,577515908163,SBIN422404
ACC005113,CID005959,ICICI Bank,306177259905,SBIN627481
ACC005114,CID005960,SBI,322817005759,SBIN635665
ACC005115,CID005961,HDFC Bank,571579585797,SBIN996708
ACC005116,CID005962,HDFC Bank,311620237895,SBIN785032
ACC005117,CID005963,Canara Bank,926547196862,SBIN574364
ACC005118,CID005964,Union Bank,547523080810,SBIN572212
ACC005119,CID005965,Canara Bank,327236387739,SBIN393066
ACC005120,CID005966,HDFC Bank,894032284913,SBIN485548
ACC005121,CID005967,HDFC Bank,400711818459,SBIN208794
ACC005122,CID005968,Canara Bank,205050429168,SBIN849179
ACC005123,CID005969,SBI,786011648246,SBIN259171
ACC005124,CID005970,HDFC Bank,436493661497,SBIN749051
ACC005125,CID005971,Bank of Baroda,402741944562,SBIN868965
ACC005126,CID005973,Union Bank,484270230397,SBIN907621
ACC005127,CID005974,SBI,506347427016,SBIN156503
ACC005128,CID005975,Canara Bank,939858519063,SBIN861207
ACC005129,CID005976,HDFC Bank,622068806315,SBIN852947
ACC005130,CID005977,ICICI Bank,699198979391,SBIN736924
ACC005131,CID005978,HDFC Bank,210578925355,SBIN357172
ACC005132,CID005979,Bank of Baroda,542802761916,SBIN678659
ACC005133,CID005980,Canara Bank,365425673622,SBIN637625
ACC005134,CID005981,Bank of Baroda,274495611141,SBIN449668
ACC005135,CID005982,Axis Bank,970196592758,SBIN521173
ACC005136,CID005983,Axis Bank,458560895730,SBIN290518
ACC005137,CID005985,Canara Bank,873446365119,SBIN420454
ACC005138,CID005986,Axis Bank,887835043974,SBIN677160
ACC005139,CID005987,Bank of Baroda,219176773359,SBIN488257
ACC005140,CID005989,SBI,124583067732,SBIN527099
ACC005141,CID005990,ICICI Bank,578341742811,SBIN999239
ACC005142,CID005991,Union Bank,790358670233,SBIN827609
ACC005143,CID005993,Bank of Baroda,245230464470,SBIN707286
ACC005144,CID005995,Axis Bank,165990532000,SBIN910768
ACC005145,CID005996,Bank of Baroda,311715971415,SBIN939331
ACC005146,CID005997,ICICI Bank,692140226908,SBIN824010
ACC005147,CID005998,ICICI Bank,918322341410,SBIN462918
ACC005148,CID005999,HDFC Bank,363144471530,SBIN320276
ACC005149,CID006000,Axis Bank,673252620664,SBIN517139
ACC005150,CID006001,HDFC Bank,545768055077,SBIN495517
ACC005151,CID006003,SBI,719641454369,SBIN193833
ACC005152,CID006004,SBI,975780173333,SBIN189777
ACC005153,CID006005,Bank of Baroda,613430846367,SBIN244938
ACC005154,CID006006,Bank of Baroda,880891323414,SBIN311449
ACC005155,CID006007,Axis Bank,527134579608,SBIN332238
ACC005156,CID006008,SBI,197259433111,SBIN158619
ACC005157,CID006009,Union Bank,587103640035,SBIN907298
ACC005158,CID006010,Bank of Baroda,796559928770,SBIN392426
ACC005159,CID006011,Bank of Baroda,272369503708,SBIN626165
ACC005160,CID006012,Canara Bank,395055838574,SBIN953298
ACC005161,CID006013,SBI,869615924326,SBIN429785
ACC005162,CID006015,Axis Bank,404442868986,SBIN320055
ACC005163,CID006016,Bank of Baroda,546648150953,SBIN263191
ACC005164,CID006017,ICICI Bank,632828687535,SBIN614716
ACC005165,CID006020,Axis Bank,524364163486,SBIN131222
ACC005166,CID006021,Union Bank,142187916432,SBIN397881
ACC005167,CID006023,Axis Bank,405440119891,SBIN226317
ACC005168,CID006024,Union Bank,906390972445,SBIN648511
ACC005169,CID006025,Bank of Baroda,665852837293,SBIN653520
ACC005170,CID006026,ICICI Bank,808750460263,SBIN796599
ACC005171,CID006027,HDFC Bank,195002693982,SBIN571412
ACC005172,CID006028,Canara Bank,432504320266,SBIN545171
ACC005173,CID006029,Union Bank,447265636624,SBIN496590
ACC005174,CID006030,ICICI Bank,737228630668,SBIN220403
ACC005175,CID006032,Bank of Baroda,599993800968,SBIN502106
ACC005176,CID006033,HDFC Bank,166086739191,SBIN403571
ACC005177,CID006034,SBI,738274935922,SBIN606626
ACC005178,CID006035,SBI,120040019411,SBIN282028
ACC005179,CID006036,ICICI Bank,924193897034,SBIN442287
ACC005180,CID006037,Bank of Baroda,470504104683,SBIN509746
ACC005181,CID006038,ICICI Bank,446822405975,SBIN394746
ACC005182,CID006039,HDFC Bank,996529389146,SBIN269255
ACC005183,CID006040,HDFC Bank,657966573642,SBIN241898
ACC005184,CID006041,Canara Bank,233023836744,SBIN981099
ACC005185,CID006042,HDFC Bank,576242302946,SBIN350032
ACC005186,CID006043,Canara Bank,500522656763,SBIN457179
ACC005187,CID006045,Bank of Baroda,353526848197,SBIN517831
ACC005188,CID006046,HDFC Bank,940624456980,SBIN898551
ACC005189,CID006047,Bank of Baroda,353961403741,SBIN696721
ACC005190,CID006048,Union Bank,373590165148,SBIN841536
ACC005191,CID006049,HDFC Bank,269703318759,SBIN504651
ACC005192,CID006050,Union Bank,750438059067,SBIN719137
ACC005193,CID006052,HDFC Bank,628033816031,SBIN782907
ACC005194,CID006054,Axis Bank,762001796840,SBIN563687
ACC005195,CID006056,Bank of Baroda,875937016227,SBIN438245
ACC005196,CID006058,HDFC Bank,203946243906,SBIN420569
ACC005197,CID006059,Union Bank,923355204728,SBIN608384
ACC005198,CID006060,Union Bank,748391447765,SBIN885938
ACC005199,CID006061,Axis Bank,769263247909,SBIN777733
ACC005200,CID006063,Axis Bank,150753918299,SBIN643198
ACC005201,CID006064,ICICI Bank,502363430019,SBIN692319
ACC005202,CID006065,Bank of Baroda,427542883375,SBIN428564
ACC005203,CID006066,Union Bank,118082098958,SBIN687915
ACC005204,CID006067,Union Bank,771846955079,SBIN313973
ACC005205,CID006068,Bank of Baroda,419956023844,SBIN305743
ACC005206,CID006069,SBI,301922857806,SBIN872256
ACC005207,CID006070,Union Bank,488734151958,SBIN652962
ACC005208,CID006072,Union Bank,793595646691,SBIN134268
ACC005209,CID006073,Canara Bank,924786524966,SBIN512846
ACC005210,CID006074,Bank of Baroda,428593398122,SBIN647426
ACC005211,CID006075,Axis Bank,825101800274,SBIN437961
ACC005212,CID006076,Union Bank,178678058353,SBIN399943
ACC005213,CID006077,Canara Bank,842787865989,SBIN308306
ACC005214,CID006078,Union Bank,771335082516,SBIN510766
ACC005215,CID006079,Canara Bank,989856918167,SBIN973901
ACC005216,CID006080,Axis Bank,125742636026,SBIN364449
ACC005217,CID006081,Axis Bank,628598107155,SBIN354811
ACC005218,CID006082,Bank of Baroda,838584369847,SBIN959002
ACC005219,CID006083,Bank of Baroda,271276684341,SBIN165335
ACC005220,CID006084,Bank of Baroda,572099243054,SBIN917264
ACC005221,CID006085,Bank of Baroda,427559541007,SBIN636957
ACC005222,CID006086,Bank of Baroda,957264910275,SBIN762704
ACC005223,CID006087,Bank of Baroda,254128320147,SBIN876887
ACC005224,CID006089,ICICI Bank,659973413347,SBIN809429
ACC005225,CID006090,Axis Bank,600151817105,SBIN248024
ACC005226,CID006091,Canara Bank,955098802503,SBIN445187
ACC005227,CID006092,Union Bank,702434891614,SBIN413799
ACC005228,CID006093,Axis Bank,928169367328,SBIN416714
ACC005229,CID006094,Axis Bank,696715836049,SBIN908505
ACC005230,CID006095,Union Bank,686386234767,SBIN939090
ACC005231,CID006096,Axis Bank,772950545754,SBIN944824
ACC005232,CID006097,Bank of Baroda,959290940833,SBIN237170
ACC005233,CID006099,Canara Bank,428174352752,SBIN277712
ACC005234,CID006100,Union Bank,173519102828,SBIN607740
ACC005235,CID006101,Union Bank,758133449545,SBIN824945
ACC005236,CID006104,ICICI Bank,478297164156,SBIN172876
ACC005237,CID006105,Canara Bank,616949868214,SBIN329152
ACC005238,CID006106,Union Bank,359053156763,SBIN867465
ACC005239,CID006108,Canara Bank,724416976395,SBIN453605
ACC005240,CID006109,SBI,506861785718,SBIN490024
ACC005241,CID006111,Canara Bank,465803204809,SBIN613112
ACC005242,CID006112,Canara Bank,520261941779,SBIN737117
ACC005243,CID006114,Bank of Baroda,734733842283,SBIN589749
ACC005244,CID006115,Union Bank,219753877437,SBIN456815
ACC005245,CID006116,ICICI Bank,734621579679,SBIN752982
ACC005246,CID006117,ICICI Bank,407001259598,SBIN834975
ACC005247,CID006118,Axis Bank,207435190943,SBIN639743
ACC005248,CID006119,Axis Bank,639631741490,SBIN808749
ACC005249,CID006120,SBI,982093935657,SBIN822864
ACC005250,CID006121,SBI,578457069531,SBIN912022
ACC005251,CID006122,Union Bank,741639788241,SBIN454863
ACC005252,CID006123,SBI,113210962901,SBIN274528
ACC005253,CID006124,HDFC Bank,881009300532,SBIN363740
ACC005254,CID006125,Canara Bank,315536131876,SBIN892980
ACC005255,CID006126,Canara Bank,889018769747,SBIN307500
ACC005256,CID006127,Bank of Baroda,484514857810,SBIN715564
ACC005257,CID006128,Bank of Baroda,880749089350,SBIN213287
ACC005258,CID006129,Bank of Baroda,927014764901,SBIN754603
ACC005259,CID006130,HDFC Bank,852391637554,SBIN540512
ACC005260,CID006131,SBI,665464011073,SBIN584880
ACC005261,CID006132,HDFC Bank,591143926241,SBIN107714
ACC005262,CID006133,Canara Bank,257115878928,SBIN427866
ACC005263,CID006134,HDFC Bank,769490104865,SBIN280325
ACC005264,CID006135,Union Bank,266015087575,SBIN172202
ACC005265,CID006136,ICICI Bank,936614578169,SBIN263954
ACC005266,CID006137,ICICI Bank,419088681372,SBIN126522
ACC005267,CID006138,HDFC Bank,576813122430,SBIN547951
ACC005268,CID006139,Bank of Baroda,807910247767,SBIN474677
ACC005269,CID006140,Union Bank,791935114441,SBIN298174
ACC005270,CID006141,SBI,742953361720,SBIN170729
ACC005271,CID006143,Bank of Baroda,483296398037,SBIN435540
ACC005272,CID006145,Bank of Baroda,736310690520,SBIN897171
ACC005273,CID006146,HDFC Bank,902430679500,SBIN186720
ACC005274,CID006147,SBI,982957037575,SBIN392772
ACC005275,CID006149,Bank of Baroda,131463558362,SBIN734962
ACC005276,CID006150,Canara Bank,969061019715,SBIN642464
ACC005277,CID006151,SBI,529260673161,SBIN836208
ACC005278,CID006152,Canara Bank,377553850303,SBIN948549
ACC005279,CID006153,ICICI Bank,908021622541,SBIN330025
ACC005280,CID006154,ICICI Bank,871137158118,SBIN819426
ACC005281,CID006155,HDFC Bank,159376973487,SBIN217442
ACC005282,CID006156,Canara Bank,753305847634,SBIN941994
ACC005283,CID006157,Union Bank,487475150960,SBIN637115
ACC005284,CID006158,Union Bank,172063559045,SBIN736163
ACC005285,CID006159,ICICI Bank,499276280829,SBIN631935
ACC005286,CID006160,ICICI Bank,479670116457,SBIN293119
ACC005287,CID006161,Canara Bank,857807242843,SBIN445369
ACC005288,CID006162,Canara Bank,954355642552,SBIN914190
ACC005289,CID006163,Bank of Baroda,631454646513,SBIN229297
ACC005290,CID006164,SBI,709421571506,SBIN131759
ACC005291,CID006165,Bank of Baroda,216294700298,SBIN116668
ACC005292,CID006166,Canara Bank,247469509336,SBIN173415
ACC005293,CID006167,Axis Bank,379334342921,SBIN608099
ACC005294,CID006168,Union Bank,444001618530,SBIN734324
ACC005295,CID006169,HDFC Bank,976054798070,SBIN463208
ACC005296,CID006170,Union Bank,423281919074,SBIN696689
ACC005297,CID006171,Canara Bank,943174849282,SBIN245812
ACC005298,CID006172,HDFC Bank,774610665375,SBIN440854
ACC005299,CID006173,Canara Bank,237300458028,SBIN366112
ACC005300,CID006174,HDFC Bank,684227980730,SBIN413525
ACC005301,CID006175,Axis Bank,508961803565,SBIN285140
ACC005302,CID006176,SBI,512593448202,SBIN483386
ACC005303,CID006177,Union Bank,208141256831,SBIN477158
ACC005304,CID006178,Union Bank,184906622486,SBIN423051
ACC005305,CID006180,Axis Bank,336805626323,SBIN112176
ACC005306,CID006181,SBI,197856298556,SBIN786782
ACC005307,CID006182,SBI,376230337144,SBIN440519
ACC005308,CID006184,ICICI Bank,435167183485,SBIN391921
ACC005309,CID006185,ICICI Bank,828912119510,SBIN253332
ACC005310,CID006187,Union Bank,584943188385,SBIN546939
ACC005311,CID006188,SBI,873285109769,SBIN740924
ACC005312,CID006189,Union Bank,417733290378,SBIN801268
ACC005313,CID006190,Canara Bank,516896539981,SBIN149902
ACC005314,CID006191,ICICI Bank,965619654896,SBIN827336
ACC005315,CID006192,Canara Bank,479102762875,SBIN630079
ACC005316,CID006193,Axis Bank,166557960723,SBIN433958
ACC005317,CID006194,HDFC Bank,603265150925,SBIN215070
ACC005318,CID006195,Canara Bank,128070966026,SBIN665278
ACC005319,CID006197,Canara Bank,479401085506,SBIN306313
ACC005320,CID006198,Axis Bank,428224562366,SBIN387818
ACC005321,CID006199,HDFC Bank,364367971686,SBIN409333
ACC005322,CID006200,Union Bank,859877584386,SBIN249728
ACC005323,CID006202,Canara Bank,461984754883,SBIN487643
ACC005324,CID006203,Union Bank,649118443104,SBIN165263
ACC005325,CID006204,Axis Bank,457086843248,SBIN237678
ACC005326,CID006205,HDFC Bank,122600398590,SBIN478187
ACC005327,CID006208,SBI,836451747485,SBIN446651
ACC005328,CID006209,HDFC Bank,554483110385,SBIN931521
ACC005329,CID006210,ICICI Bank,379721964973,SBIN457583
ACC005330,CID006211,Canara Bank,880393906930,SBIN496770
ACC005331,CID006212,Bank of Baroda,691864452661,SBIN910242
ACC005332,CID006213,HDFC Bank,358913889057,SBIN341577
ACC005333,CID006214,Union Bank,886789100737,SBIN728526
ACC005334,CID006215,HDFC Bank,752848789746,SBIN557089
ACC005335,CID006217,SBI,611826414734,SBIN859916
ACC005336,CID006218,Canara Bank,755605633599,SBIN458307
ACC005337,CID006219,Axis Bank,558364837338,SBIN693451
ACC005338,CID006220,Union Bank,284659366985,SBIN295980
ACC005339,CID006221,Axis Bank,830728308197,SBIN797078
ACC005340,CID006223,Canara Bank,965254554684,SBIN319693
ACC005341,CID006224,HDFC Bank,256524837354,SBIN392799
ACC005342,CID006225,SBI,385797716386,SBIN996957
ACC005343,CID006226,HDFC Bank,245840790360,SBIN898087
ACC005344,CID006227,ICICI Bank,942235403994,SBIN914554
ACC005345,CID006228,Bank of Baroda,946347802733,SBIN468935
ACC005346,CID006229,Bank of Baroda,532702611360,SBIN139624
ACC005347,CID006230,Bank of Baroda,682706107089,SBIN535281
ACC005348,CID006231,Canara Bank,536297381285,SBIN323837
ACC005349,CID006232,Canara Bank,843891641936,SBIN969847
ACC005350,CID006233,HDFC Bank,854076639309,SBIN928012
ACC005351,CID006234,HDFC Bank,971367021890,SBIN962840
ACC005352,CID006236,HDFC Bank,841486118894,SBIN506425
ACC005353,CID006238,ICICI Bank,242915411709,SBIN957263
ACC005354,CID006239,ICICI Bank,493345367524,SBIN281896
ACC005355,CID006240,Canara Bank,875670035194,SBIN296982
ACC005356,CID006241,Union Bank,478784877232,SBIN559638
ACC005357,CID006243,Bank of Baroda,460969163483,SBIN598732
ACC005358,CID006244,Canara Bank,534157492218,SBIN866387
ACC005359,CID006245,Bank of Baroda,860170888537,SBIN806529
ACC005360,CID006246,Canara Bank,970905247299,SBIN579688
ACC005361,CID006248,Canara Bank,379930747197,SBIN611331
ACC005362,CID006249,Canara Bank,950950248875,SBIN383627
ACC005363,CID006250,ICICI Bank,586860552130,SBIN851888
ACC005364,CID006251,HDFC Bank,748622539536,SBIN730283
ACC005365,CID006252,Axis Bank,221363214942,SBIN199873
ACC005366,CID006253,Union Bank,678612045153,SBIN653346
ACC005367,CID006254,Bank of Baroda,689786665247,SBIN107948
ACC005368,CID006255,Union Bank,840807675247,SBIN129565
ACC005369,CID006256,Canara Bank,933535247193,SBIN907993
ACC005370,CID006257,ICICI Bank,932273028829,SBIN776897
ACC005371,CID006258,Canara Bank,499506853187,SBIN178522
ACC005372,CID006259,HDFC Bank,780806461813,SBIN420329
ACC005373,CID006260,SBI,572172907607,SBIN775135
ACC005374,CID006262,SBI,749838762735,SBIN480861
ACC005375,CID006263,Canara Bank,541485609349,SBIN379489
ACC005376,CID006264,ICICI Bank,999018187015,SBIN460559
ACC005377,CID006265,Union Bank,300335488950,SBIN763591
ACC005378,CID006266,HDFC Bank,825220793504,SBIN889616
ACC005379,CID006267,ICICI Bank,146679702971,SBIN996279
ACC005380,CID006268,SBI,935983806621,SBIN209351
ACC005381,CID006269,SBI,826746094466,SBIN468268
ACC005382,CID006271,HDFC Bank,791850048511,SBIN248043
ACC005383,CID006272,ICICI Bank,783859144449,SBIN297575
ACC005384,CID006273,Axis Bank,984342116757,SBIN746105
ACC005385,CID006274,Canara Bank,899292940681,SBIN551931
ACC005386,CID006275,Canara Bank,701540718602,SBIN650819
ACC005387,CID006276,Bank of Baroda,892717625986,SBIN696186
ACC005388,CID006277,ICICI Bank,463812885615,SBIN555097
ACC005389,CID006278,Bank of Baroda,225947541699,SBIN322609
ACC005390,CID006279,Union Bank,396960040809,SBIN170152
ACC005391,CID006280,HDFC Bank,209670299034,SBIN256372
ACC005392,CID006281,Bank of Baroda,715345271258,SBIN140066
ACC005393,CID006282,Bank of Baroda,417562449700,SBIN475731
ACC005394,CID006283,Union Bank,286079114827,SBIN835340
ACC005395,CID006284,Canara Bank,760066895575,SBIN821054
ACC005396,CID006285,Union Bank,812764403014,SBIN827930
ACC005397,CID006286,Axis Bank,329529478414,SBIN675711
ACC005398,CID006287,ICICI Bank,823241367123,SBIN157539
ACC005399,CID006288,Bank of Baroda,496303217058,SBIN367255
ACC005400,CID006289,Union Bank,965816760840,SBIN573244
ACC005401,CID006291,Canara Bank,736820187168,SBIN158869
ACC005402,CID006293,Canara Bank,779329122035,SBIN251214
ACC005403,CID006294,Bank of Baroda,854981882589,SBIN443823
ACC005404,CID006295,HDFC Bank,378482709227,SBIN216699
ACC005405,CID006296,Canara Bank,214002595343,SBIN381100
ACC005406,CID006297,HDFC Bank,878622483487,SBIN674206
ACC005407,CID006298,ICICI Bank,983137043157,SBIN743694
ACC005408,CID006299,Union Bank,169777226090,SBIN609616
ACC005409,CID006300,HDFC Bank,979564680295,SBIN644132
ACC005410,CID006301,Union Bank,929320358713,SBIN543887
ACC005411,CID006302,ICICI Bank,534059343315,SBIN386170
ACC005412,CID006303,Bank of Baroda,283091843727,SBIN477417
ACC005413,CID006304,Axis Bank,229544827978,SBIN633474
ACC005414,CID006305,SBI,948095381263,SBIN215970
ACC005415,CID006306,HDFC Bank,926900171757,SBIN807421
ACC005416,CID006307,Union Bank,854438094062,SBIN721432
ACC005417,CID006308,Canara Bank,218028064155,SBIN134386
ACC005418,CID006309,Bank of Baroda,645198500565,SBIN298221
ACC005419,CID006310,Union Bank,951853492068,SBIN807012
ACC005420,CID006311,Bank of Baroda,944961279421,SBIN388151
ACC005421,CID006314,SBI,715522594486,SBIN256558
ACC005422,CID006315,Axis Bank,458416992518,SBIN332037
ACC005423,CID006316,SBI,208724295655,SBIN141895
ACC005424,CID006320,SBI,633032559836,SBIN826154
ACC005425,CID006321,ICICI Bank,856906950494,SBIN819371
ACC005426,CID006322,ICICI Bank,559244712195,SBIN121058
ACC005427,CID006323,HDFC Bank,467850731709,SBIN797428
ACC005428,CID006324,ICICI Bank,763666664907,SBIN425475
ACC005429,CID006325,Union Bank,634320194075,SBIN192907
ACC005430,CID006326,Bank of Baroda,952185346251,SBIN708520
ACC005431,CID006327,Bank of Baroda,966256266380,SBIN681489
ACC005432,CID006330,Canara Bank,757173933250,SBIN106882
ACC005433,CID006331,Bank of Baroda,304581393121,SBIN760701
ACC005434,CID006332,Canara Bank,711339948976,SBIN464099
ACC005435,CID006333,Bank of Baroda,602927962525,SBIN551157
ACC005436,CID006335,SBI,454522016472,SBIN219879
ACC005437,CID006336,SBI,392075756158,SBIN712023
ACC005438,CID006337,HDFC Bank,264395994731,SBIN374978
ACC005439,CID006338,SBI,141668009571,SBIN504536
ACC005440,CID006339,Canara Bank,134781885815,SBIN470320
ACC005441,CID006340,HDFC Bank,593334219955,SBIN592369
ACC005442,CID006341,Axis Bank,968717192889,SBIN977439
ACC005443,CID006342,Axis Bank,216582411569,SBIN369907
ACC005444,CID006343,ICICI Bank,950209189838,SBIN250962
ACC005445,CID006344,ICICI Bank,337017323273,SBIN189168
ACC005446,CID006345,Union Bank,812698150248,SBIN695609
ACC005447,CID006348,SBI,534264129204,SBIN174327
ACC005448,CID006349,Axis Bank,408322769411,SBIN502830
ACC005449,CID006350,Axis Bank,114972952734,SBIN111070
ACC005450,CID006351,Axis Bank,537767283518,SBIN550931
ACC005451,CID006354,HDFC Bank,510728047963,SBIN155266
ACC005452,CID006355,Bank of Baroda,943337678522,SBIN612809
ACC005453,CID006356,Canara Bank,642783289565,SBIN775979
ACC005454,CID006357,Canara Bank,806671094964,SBIN580980
ACC005455,CID006358,SBI,361471387286,SBIN995065
ACC005456,CID006359,Union Bank,561051913111,SBIN270514
ACC005457,CID006361,ICICI Bank,534855473181,SBIN712811
ACC005458,CID006362,SBI,170820775732,SBIN635514
ACC005459,CID006363,Axis Bank,434543638077,SBIN670990
ACC005460,CID006364,ICICI Bank,770810301654,SBIN813231
ACC005461,CID006365,SBI,839355247001,SBIN423871
ACC005462,CID006366,SBI,980686809982,SBIN480009
ACC005463,CID006367,Canara Bank,952971874291,SBIN803257
ACC005464,CID006368,Canara Bank,828223158931,SBIN639934
ACC005465,CID006369,HDFC Bank,153361024043,SBIN273069
ACC005466,CID006370,Union Bank,723459012937,SBIN572676
ACC005467,CID006371,SBI,466523277112,SBIN460579
ACC005468,CID006372,Bank of Baroda,714314160028,SBIN537958
ACC005469,CID006373,Union Bank,528330763258,SBIN719938
ACC005470,CID006375,ICICI Bank,715191600156,SBIN462312
ACC005471,CID006376,SBI,584915204256,SBIN763349
ACC005472,CID006377,Bank of Baroda,818122098557,SBIN607329
ACC005473,CID006379,SBI,531435648256,SBIN821027
ACC005474,CID006380,ICICI Bank,222681078791,SBIN193596
ACC005475,CID006381,Bank of Baroda,906868673897,SBIN147695
ACC005476,CID006383,SBI,201039141542,SBIN659608
ACC005477,CID006384,Bank of Baroda,587419963991,SBIN318146
ACC005478,CID006385,SBI,882645819958,SBIN263797
ACC005479,CID006386,Union Bank,971182461470,SBIN807634
ACC005480,CID006388,ICICI Bank,894288946703,SBIN111380
ACC005481,CID006389,Bank of Baroda,643260472416,SBIN808258
ACC005482,CID006390,ICICI Bank,952697252812,SBIN439509
ACC005483,CID006391,Axis Bank,963067815131,SBIN773910
ACC005484,CID006392,HDFC Bank,515150755434,SBIN270743
ACC005485,CID006393,Axis Bank,414697441983,SBIN145340
ACC005486,CID006394,SBI,243614712591,SBIN503921
ACC005487,CID006395,Canara Bank,731127915289,SBIN987339
ACC005488,CID006397,Bank of Baroda,208628300101,SBIN404660
ACC005489,CID006398,Canara Bank,121155200864,SBIN148448
ACC005490,CID006400,Union Bank,277959542977,SBIN587379
ACC005491,CID006401,Canara Bank,942926917012,SBIN359951
ACC005492,CID006403,Axis Bank,365097970379,SBIN584231
ACC005493,CID006404,Bank of Baroda,784119612506,SBIN231942
ACC005494,CID006406,Axis Bank,733480584932,SBIN746903
ACC005495,CID006407,Union Bank,406243443122,SBIN322483
ACC005496,CID006410,Bank of Baroda,651832886126,SBIN276119
ACC005497,CID006411,Canara Bank,903989217301,SBIN144541
ACC005498,CID006412,Union Bank,796805345083,SBIN142004
ACC005499,CID006413,ICICI Bank,394685114272,SBIN813694
ACC005500,CID006415,ICICI Bank,747170212254,SBIN528500
ACC005501,CID006416,Union Bank,824235435954,SBIN820832
ACC005502,CID006417,Axis Bank,530273666980,SBIN149261
ACC005503,CID006418,HDFC Bank,758733404102,SBIN531769
ACC005504,CID006419,Axis Bank,578212261550,SBIN445347
ACC005505,CID006421,Bank of Baroda,778602530394,SBIN895865
ACC005506,CID006423,ICICI Bank,185289420323,SBIN539054
ACC005507,CID006424,SBI,100153615347,SBIN477737
ACC005508,CID006425,HDFC Bank,555245041858,SBIN175346
ACC005509,CID006426,Union Bank,702363056856,SBIN872612
ACC005510,CID006427,Canara Bank,406306531211,SBIN765375
ACC005511,CID006428,Axis Bank,429002870818,SBIN117460
ACC005512,CID006429,HDFC Bank,119124574989,SBIN586637
ACC005513,CID006430,SBI,193319791791,SBIN675318
ACC005514,CID006431,SBI,495493927768,SBIN988369
ACC005515,CID006432,HDFC Bank,496252458171,SBIN328293
ACC005516,CID006433,Axis Bank,868636306366,SBIN966689
ACC005517,CID006434,HDFC Bank,739577394275,SBIN420091
ACC005518,CID006436,Union Bank,581338109084,SBIN413239
ACC005519,CID006437,SBI,197585490478,SBIN337522
ACC005520,CID006438,Bank of Baroda,912617582988,SBIN899610
ACC005521,CID006440,HDFC Bank,476871070456,SBIN173833
ACC005522,CID006441,ICICI Bank,598170773056,SBIN304632
ACC005523,CID006443,ICICI Bank,828921891033,SBIN432603
ACC005524,CID006444,HDFC Bank,831228836241,SBIN394452
ACC005525,CID006445,SBI,542679203027,SBIN441718
ACC005526,CID006446,ICICI Bank,154677778364,SBIN681039
ACC005527,CID006447,Canara Bank,673816362972,SBIN623569
ACC005528,CID006450,Union Bank,716394282149,SBIN804796
ACC005529,CID006451,Bank of Baroda,649064450883,SBIN318266
ACC005530,CID006452,ICICI Bank,534914488332,SBIN364589
ACC005531,CID006453,Axis Bank,835385553659,SBIN856649
ACC005532,CID006454,HDFC Bank,403514559777,SBIN118438
ACC005533,CID006455,SBI,344863532245,SBIN811724
ACC005534,CID006456,Union Bank,226411843629,SBIN510345
ACC005535,CID006458,HDFC Bank,237041045271,SBIN866823
ACC005536,CID006459,ICICI Bank,582239939428,SBIN699273
ACC005537,CID006460,HDFC Bank,880569532257,SBIN984081
ACC005538,CID006461,Canara Bank,142021994810,SBIN347535
ACC005539,CID006462,SBI,392466139033,SBIN621375
ACC005540,CID006464,HDFC Bank,734705910674,SBIN924135
ACC005541,CID006465,Canara Bank,400858650774,SBIN324305
ACC005542,CID006467,HDFC Bank,501261991953,SBIN623931
ACC005543,CID006468,HDFC Bank,531056272015,SBIN839858
ACC005544,CID006469,ICICI Bank,851682572693,SBIN597534
ACC005545,CID006470,ICICI Bank,188266321963,SBIN418831
ACC005546,CID006471,HDFC Bank,986670848878,SBIN956993
ACC005547,CID006473,Union Bank,365663116020,SBIN288785
ACC005548,CID006474,SBI,841333602549,SBIN287210
ACC005549,CID006475,Bank of Baroda,227625285478,SBIN833483
ACC005550,CID006478,Union Bank,244428595802,SBIN570647
ACC005551,CID006479,HDFC Bank,263153322369,SBIN267491
ACC005552,CID006480,Axis Bank,408334856055,SBIN752579
ACC005553,CID006481,ICICI Bank,173419650024,SBIN977593
ACC005554,CID006482,Bank of Baroda,858668142898,SBIN275219
ACC005555,CID006483,Axis Bank,654429485917,SBIN667810
ACC005556,CID006484,Canara Bank,322827373160,SBIN976754
ACC005557,CID006485,Axis Bank,957451267956,SBIN554807
ACC005558,CID006487,Axis Bank,878667915581,SBIN407258
ACC005559,CID006488,Canara Bank,780395720345,SBIN903715
ACC005560,CID006490,Axis Bank,203522690939,SBIN104206
ACC005561,CID006492,HDFC Bank,936312168473,SBIN333066
ACC005562,CID006493,Union Bank,166999347761,SBIN800028
ACC005563,CID006494,Canara Bank,467707627786,SBIN644755
ACC005564,CID006495,HDFC Bank,479122691293,SBIN691980
ACC005565,CID006496,HDFC Bank,401099578743,SBIN358440
ACC005566,CID006497,Bank of Baroda,246553116897,SBIN242587
ACC005567,CID006498,Canara Bank,421011796786,SBIN497967
ACC005568,CID006500,Canara Bank,522894011134,SBIN351585
ACC005569,CID006501,Canara Bank,965470818564,SBIN961953
ACC005570,CID006502,Axis Bank,624353797111,SBIN738664
ACC005571,CID006503,HDFC Bank,735640407649,SBIN819218
ACC005572,CID006504,Bank of Baroda,354704027185,SBIN698663
ACC005573,CID006505,Bank of Baroda,337211616731,SBIN290158
ACC005574,CID006506,Bank of Baroda,832693415062,SBIN654743
ACC005575,CID006507,Bank of Baroda,998604393775,SBIN186111
ACC005576,CID006508,HDFC Bank,608836275408,SBIN818159
ACC005577,CID006509,SBI,835807159610,SBIN654853
ACC005578,CID006510,Canara Bank,672692668896,SBIN336063
ACC005579,CID006511,Union Bank,486081275781,SBIN355684
ACC005580,CID006512,Canara Bank,973988946804,SBIN593755
ACC005581,CID006513,Axis Bank,956381803820,SBIN500946
ACC005582,CID006514,SBI,655217122059,SBIN797210
ACC005583,CID006516,Axis Bank,115050390461,SBIN940647
ACC005584,CID006517,Axis Bank,571479913259,SBIN686761
ACC005585,CID006518,HDFC Bank,113618379379,SBIN716916
ACC005586,CID006519,Canara Bank,615920446138,SBIN369192
ACC005587,CID006521,Axis Bank,215876594533,SBIN782151
ACC005588,CID006522,Canara Bank,981912439913,SBIN635458
ACC005589,CID006523,SBI,213398634075,SBIN851121
ACC005590,CID006524,HDFC Bank,522991165202,SBIN878140
ACC005591,CID006525,Union Bank,512171315325,SBIN889448
ACC005592,CID006526,HDFC Bank,106896038962,SBIN491679
ACC005593,CID006527,HDFC Bank,224523272142,SBIN951958
ACC005594,CID006528,SBI,318837205998,SBIN103255
ACC005595,CID006529,Canara Bank,671400717308,SBIN294639
ACC005596,CID006530,Canara Bank,956219745458,SBIN470005
ACC005597,CID006531,Bank of Baroda,242519765247,SBIN456273
ACC005598,CID006532,HDFC Bank,155947617666,SBIN173429
ACC005599,CID006533,HDFC Bank,659007444062,SBIN525170
ACC005600,CID006534,HDFC Bank,148623803790,SBIN935106
ACC005601,CID006535,HDFC Bank,141644770177,SBIN631414
ACC005602,CID006536,Canara Bank,776245698894,SBIN505197
ACC005603,CID006537,Bank of Baroda,502712949852,SBIN395879
ACC005604,CID006538,Union Bank,994172355891,SBIN466311
ACC005605,CID006539,Canara Bank,370494160214,SBIN123278
ACC005606,CID006541,Axis Bank,592483321164,SBIN168059
ACC005607,CID006542,Union Bank,708134132595,SBIN209162
ACC005608,CID006543,SBI,679219251706,SBIN611940
ACC005609,CID006544,ICICI Bank,511228252958,SBIN527777
ACC005610,CID006545,Canara Bank,475159413058,SBIN251662
ACC005611,CID006546,Bank of Baroda,606839992180,SBIN162914
ACC005612,CID006547,SBI,464347330521,SBIN681675
ACC005613,CID006548,HDFC Bank,646779840497,SBIN629578
ACC005614,CID006549,Axis Bank,967824062621,SBIN919337
ACC005615,CID006550,HDFC Bank,789891705079,SBIN423001
ACC005616,CID006551,ICICI Bank,993890486114,SBIN160411
ACC005617,CID006552,Bank of Baroda,460046987145,SBIN289251
ACC005618,CID006553,Axis Bank,504796597683,SBIN436365
ACC005619,CID006555,Canara Bank,127588481577,SBIN958161
ACC005620,CID006556,Axis Bank,122216363756,SBIN204898
ACC005621,CID006557,SBI,990439766831,SBIN769271
ACC005622,CID006558,HDFC Bank,796495098832,SBIN304159
ACC005623,CID006559,Union Bank,586619437094,SBIN336881
ACC005624,CID006560,HDFC Bank,942831218448,SBIN276322
ACC005625,CID006562,Union Bank,101648132152,SBIN159933
ACC005626,CID006563,Bank of Baroda,998903393967,SBIN998973
ACC005627,CID006564,Canara Bank,580773098723,SBIN190839
ACC005628,CID006565,SBI,473810629022,SBIN182433
ACC005629,CID006566,HDFC Bank,317743772664,SBIN591526
ACC005630,CID006567,ICICI Bank,954370695318,SBIN472340
ACC005631,CID006568,ICICI Bank,679998110829,SBIN538314
ACC005632,CID006569,Bank of Baroda,924542511413,SBIN186606
ACC005633,CID006570,Union Bank,291066868773,SBIN919271
ACC005634,CID006571,Canara Bank,210301025635,SBIN974798
ACC005635,CID006572,Axis Bank,865444665387,SBIN821931
ACC005636,CID006573,SBI,909319121510,SBIN304535
ACC005637,CID006574,SBI,349313792535,SBIN478316
ACC005638,CID006575,Bank of Baroda,378377845562,SBIN548079
ACC005639,CID006577,HDFC Bank,203227307355,SBIN854600
ACC005640,CID006579,HDFC Bank,807387266421,SBIN150384
ACC005641,CID006580,Axis Bank,221837427999,SBIN118677
ACC005642,CID006582,SBI,403891260456,SBIN299510
ACC005643,CID006583,SBI,801130549609,SBIN510705
ACC005644,CID006584,Canara Bank,699498779923,SBIN926866
ACC005645,CID006585,Canara Bank,841961356749,SBIN982003
ACC005646,CID006586,Axis Bank,268407574421,SBIN449925
ACC005647,CID006588,HDFC Bank,720323250409,SBIN614568
ACC005648,CID006589,Axis Bank,875154234911,SBIN624400
ACC005649,CID006590,HDFC Bank,468150520031,SBIN771629
ACC005650,CID006591,Axis Bank,958924578706,SBIN580337
ACC005651,CID006593,ICICI Bank,350346033535,SBIN803387
ACC005652,CID006594,Bank of Baroda,979141338847,SBIN890728
ACC005653,CID006595,Canara Bank,655520818891,SBIN473394
ACC005654,CID006596,Union Bank,949081197854,SBIN878384
ACC005655,CID006597,ICICI Bank,122971398905,SBIN114826
ACC005656,CID006598,Axis Bank,544836082736,SBIN221523
ACC005657,CID006600,Axis Bank,910846764659,SBIN392091
ACC005658,CID006601,Axis Bank,169195179511,SBIN760175
ACC005659,CID006602,SBI,342706918075,SBIN820188
ACC005660,CID006604,Axis Bank,849057793368,SBIN908763
ACC005661,CID006606,ICICI Bank,612307490389,SBIN817223
ACC005662,CID006607,Canara Bank,471954652864,SBIN673080
ACC005663,CID006608,SBI,468537163080,SBIN771371
ACC005664,CID006609,Canara Bank,213786028768,SBIN283457
ACC005665,CID006610,SBI,925527803724,SBIN611591
ACC005666,CID006611,HDFC Bank,244131668042,SBIN565824
ACC005667,CID006612,Bank of Baroda,638733603176,SBIN286315
ACC005668,CID006613,ICICI Bank,567766404931,SBIN245057
ACC005669,CID006614,HDFC Bank,320436153685,SBIN662389
ACC005670,CID006616,Union Bank,437202155242,SBIN956006
ACC005671,CID006618,HDFC Bank,711606809349,SBIN642594
ACC005672,CID006620,Bank of Baroda,925017964305,SBIN904701
ACC005673,CID006621,Bank of Baroda,806421351180,SBIN260675
ACC005674,CID006622,SBI,471825855807,SBIN657919
ACC005675,CID006623,ICICI Bank,962695056497,SBIN653921
ACC005676,CID006624,HDFC Bank,630731388772,SBIN832653
ACC005677,CID006625,Bank of Baroda,724245667295,SBIN701621
ACC005678,CID006626,HDFC Bank,302814284606,SBIN186301
ACC005679,CID006627,Canara Bank,569579400564,SBIN969858
ACC005680,CID006628,Bank of Baroda,599206801638,SBIN813108
ACC005681,CID006631,Canara Bank,839030228139,SBIN266480
ACC005682,CID006632,HDFC Bank,584099896321,SBIN968659
ACC005683,CID006633,SBI,200415397206,SBIN695021
ACC005684,CID006634,Bank of Baroda,764084516259,SBIN597057
ACC005685,CID006635,Canara Bank,775855455732,SBIN574803
ACC005686,CID006636,Axis Bank,217269660138,SBIN598007
ACC005687,CID006637,Canara Bank,719314437020,SBIN121280
ACC005688,CID006638,HDFC Bank,613332483172,SBIN206768
ACC005689,CID006640,ICICI Bank,978833940572,SBIN663148
ACC005690,CID006641,Union Bank,914239828190,SBIN730814
ACC005691,CID006642,ICICI Bank,508463487825,SBIN538198
ACC005692,CID006643,Union Bank,201675325598,SBIN795245
ACC005693,CID006644,Union Bank,858361620167,SBIN776346
ACC005694,CID006645,ICICI Bank,454731368214,SBIN530158
ACC005695,CID006646,Canara Bank,316715176957,SBIN779747
ACC005696,CID006647,SBI,428551598525,SBIN150438
ACC005697,CID006648,Union Bank,434704172845,SBIN578393
ACC005698,CID006649,Bank of Baroda,488752786849,SBIN146652
ACC005699,CID006650,Canara Bank,989463366501,SBIN741526
ACC005700,CID006651,Canara Bank,358417755066,SBIN207303
ACC005701,CID006652,Bank of Baroda,339109540978,SBIN805379
ACC005702,CID006654,Canara Bank,688506197553,SBIN782359
ACC005703,CID006655,SBI,790357011440,SBIN693494
ACC005704,CID006656,Bank of Baroda,434739443978,SBIN805233
ACC005705,CID006658,ICICI Bank,424578895404,SBIN394518
ACC005706,CID006659,Axis Bank,892709297515,SBIN615923
ACC005707,CID006660,HDFC Bank,954527910657,SBIN414929
ACC005708,CID006661,Axis Bank,385518225646,SBIN871691
ACC005709,CID006662,SBI,429908155486,SBIN566212
ACC005710,CID006663,Bank of Baroda,350401687445,SBIN708803
ACC005711,CID006664,HDFC Bank,128729740286,SBIN695057
ACC005712,CID006666,Axis Bank,138813560376,SBIN198685
ACC005713,CID006667,Union Bank,229588789181,SBIN934000
ACC005714,CID006668,HDFC Bank,893619083804,SBIN106829
ACC005715,CID006670,Union Bank,531132309484,SBIN158675
ACC005716,CID006671,Axis Bank,504912579224,SBIN293922
ACC005717,CID006672,ICICI Bank,708606134017,SBIN311053
ACC005718,CID006673,HDFC Bank,315313084408,SBIN308856
ACC005719,CID006674,Bank of Baroda,130800933471,SBIN284177
ACC005720,CID006675,SBI,712890813535,SBIN571174
ACC005721,CID006676,Canara Bank,795108928120,SBIN672066
ACC005722,CID006677,Bank of Baroda,664342626316,SBIN632169
ACC005723,CID006680,SBI,943700817130,SBIN437969
ACC005724,CID006681,Union Bank,648566658726,SBIN586019
ACC005725,CID006682,Axis Bank,523962811542,SBIN377334
ACC005726,CID006683,Canara Bank,394526856187,SBIN869718
ACC005727,CID006684,Axis Bank,498602018943,SBIN688732
ACC005728,CID006685,Bank of Baroda,469931305385,SBIN542883
ACC005729,CID006686,Axis Bank,987281271870,SBIN488536
ACC005730,CID006687,ICICI Bank,635066575116,SBIN286610
ACC005731,CID006688,HDFC Bank,882531006469,SBIN704389
ACC005732,CID006689,Bank of Baroda,478104148172,SBIN608474
ACC005733,CID006690,HDFC Bank,898209726869,SBIN630838
ACC005734,CID006691,Union Bank,334868152962,SBIN439013
ACC005735,CID006692,ICICI Bank,775770829941,SBIN895988
ACC005736,CID006693,ICICI Bank,767936807175,SBIN396881
ACC005737,CID006694,HDFC Bank,924866976955,SBIN450417
ACC005738,CID006695,SBI,622793742180,SBIN969984
ACC005739,CID006697,HDFC Bank,879000281135,SBIN865121
ACC005740,CID006698,SBI,309788514751,SBIN202196
ACC005741,CID006699,Axis Bank,754050770933,SBIN145133
ACC005742,CID006700,HDFC Bank,573701697914,SBIN207651
ACC005743,CID006701,HDFC Bank,587125687657,SBIN318082
ACC005744,CID006702,Canara Bank,675034969205,SBIN890319
ACC005745,CID006703,SBI,215553727407,SBIN253681
ACC005746,CID006704,Union Bank,342368891110,SBIN101371
ACC005747,CID006705,Axis Bank,168511022377,SBIN697353
ACC005748,CID006706,HDFC Bank,731954499349,SBIN111827
ACC005749,CID006707,SBI,782780626575,SBIN795364
ACC005750,CID006708,Axis Bank,622621537451,SBIN776162
ACC005751,CID006709,HDFC Bank,968682876258,SBIN738494
ACC005752,CID006710,Bank of Baroda,556104091036,SBIN359567
ACC005753,CID006712,Axis Bank,441856700270,SBIN304573
ACC005754,CID006713,Canara Bank,442564718882,SBIN124739
ACC005755,CID006714,Axis Bank,389066264263,SBIN223623
ACC005756,CID006715,ICICI Bank,786236339108,SBIN809603
ACC005757,CID006716,SBI,742731443522,SBIN586910
ACC005758,CID006718,SBI,755056415407,SBIN981969
ACC005759,CID006719,Union Bank,374886893209,SBIN942480
ACC005760,CID006720,Canara Bank,153775406041,SBIN135503
ACC005761,CID006721,ICICI Bank,786979306968,SBIN905482
ACC005762,CID006722,HDFC Bank,782631330160,SBIN687309
ACC005763,CID006724,Union Bank,574569499648,SBIN493097
ACC005764,CID006727,Union Bank,652411407457,SBIN446731
ACC005765,CID006728,Axis Bank,540219909265,SBIN749460
ACC005766,CID006729,Axis Bank,468082977222,SBIN650970
ACC005767,CID006730,Canara Bank,342999180320,SBIN939624
ACC005768,CID006731,Canara Bank,381774623856,SBIN470545
ACC005769,CID006732,Union Bank,722505570426,SBIN337576
ACC005770,CID006733,SBI,976454391163,SBIN863896
ACC005771,CID006734,Canara Bank,254036082675,SBIN823474
ACC005772,CID006735,ICICI Bank,826269010367,SBIN200163
ACC005773,CID006736,Axis Bank,633201174646,SBIN654542
ACC005774,CID006738,HDFC Bank,339074730727,SBIN452353
ACC005775,CID006739,ICICI Bank,233251072658,SBIN993050
ACC005776,CID006740,ICICI Bank,537221302875,SBIN202792
ACC005777,CID006741,Union Bank,802058771107,SBIN473072
ACC005778,CID006742,Bank of Baroda,747309886604,SBIN953320
ACC005779,CID006743,Bank of Baroda,172118008422,SBIN669730
ACC005780,CID006745,Axis Bank,594484029934,SBIN376519
ACC005781,CID006746,Canara Bank,508202296609,SBIN781021
ACC005782,CID006747,Axis Bank,201499063880,SBIN589379
ACC005783,CID006748,Canara Bank,617108571940,SBIN639682
ACC005784,CID006752,Axis Bank,380134278688,SBIN569110
ACC005785,CID006753,Union Bank,112921022901,SBIN604544
ACC005786,CID006754,SBI,365207978213,SBIN710784
ACC005787,CID006755,Canara Bank,586532394969,SBIN700698
ACC005788,CID006757,Axis Bank,768410915466,SBIN588500
ACC005789,CID006758,HDFC Bank,887330120677,SBIN469353
ACC005790,CID006759,HDFC Bank,832752244815,SBIN369172
ACC005791,CID006760,Axis Bank,594787086935,SBIN586510
ACC005792,CID006761,Union Bank,670698483945,SBIN927891
ACC005793,CID006762,Bank of Baroda,527853953571,SBIN709262
ACC005794,CID006763,Union Bank,941082216703,SBIN222411
ACC005795,CID006764,Canara Bank,689587893216,SBIN334166
ACC005796,CID006765,ICICI Bank,388212232408,SBIN717087
ACC005797,CID006766,Canara Bank,481058510468,SBIN850106
ACC005798,CID006767,Bank of Baroda,544643687924,SBIN253657
ACC005799,CID006769,Axis Bank,419073217024,SBIN941524
ACC005800,CID006770,Canara Bank,790917483915,SBIN784958
ACC005801,CID006771,SBI,867556339059,SBIN157465
ACC005802,CID006772,Bank of Baroda,561633663640,SBIN160724
ACC005803,CID006773,Canara Bank,756661988762,SBIN619862
ACC005804,CID006774,Union Bank,248976523548,SBIN796330
ACC005805,CID006775,SBI,805014174542,SBIN960501
ACC005806,CID006779,Union Bank,321537675206,SBIN296803
ACC005807,CID006780,Bank of Baroda,175661820318,SBIN491741
ACC005808,CID006781,Axis Bank,904445164170,SBIN183629
ACC005809,CID006782,Bank of Baroda,112112337792,SBIN371274
ACC005810,CID006783,HDFC Bank,913261306701,SBIN738283
ACC005811,CID006784,Bank of Baroda,975064799525,SBIN627795
ACC005812,CID006785,ICICI Bank,576457805705,SBIN854868
ACC005813,CID006786,ICICI Bank,915113482420,SBIN934752
ACC005814,CID006787,HDFC Bank,454373626301,SBIN992214
ACC005815,CID006789,Canara Bank,188704137769,SBIN993673
ACC005816,CID006790,ICICI Bank,741385317631,SBIN856105
ACC005817,CID006791,Axis Bank,993658760326,SBIN996518
ACC005818,CID006792,SBI,771089483867,SBIN397672
ACC005819,CID006793,SBI,159090771392,SBIN199609
ACC005820,CID006794,Canara Bank,803347075035,SBIN989019
ACC005821,CID006796,Axis Bank,469890252098,SBIN813038
ACC005822,CID006797,ICICI Bank,221799933600,SBIN112223
ACC005823,CID006799,Canara Bank,678050197043,SBIN865804
ACC005824,CID006800,Axis Bank,321752474202,SBIN896562
ACC005825,CID006801,Union Bank,991523154177,SBIN853054
ACC005826,CID006802,Union Bank,623969345519,SBIN291360
ACC005827,CID006803,HDFC Bank,164044055600,SBIN501295
ACC005828,CID006805,Union Bank,671382501921,SBIN822131
ACC005829,CID006806,Canara Bank,373679283785,SBIN760020
ACC005830,CID006807,Union Bank,631751109859,SBIN407119
ACC005831,CID006808,Bank of Baroda,267942010093,SBIN475706
ACC005832,CID006809,Axis Bank,276125807396,SBIN405556
ACC005833,CID006810,ICICI Bank,960312323062,SBIN143650
ACC005834,CID006811,Canara Bank,717501988065,SBIN149119
ACC005835,CID006812,Canara Bank,876905535625,SBIN695594
ACC005836,CID006813,Union Bank,132034979902,SBIN955760
ACC005837,CID006814,Axis Bank,180243932811,SBIN368674
ACC005838,CID006815,ICICI Bank,148940833739,SBIN840657
ACC005839,CID006817,SBI,786374952254,SBIN133228
ACC005840,CID006818,SBI,656658011234,SBIN532808
ACC005841,CID006819,Bank of Baroda,308000442052,SBIN615250
ACC005842,CID006820,SBI,229075211200,SBIN886773
ACC005843,CID006821,ICICI Bank,203468020697,SBIN531711
ACC005844,CID006822,SBI,160251320724,SBIN975636
ACC005845,CID006823,Bank of Baroda,595532613557,SBIN530932
ACC005846,CID006824,Bank of Baroda,665118039796,SBIN834478
ACC005847,CID006825,ICICI Bank,977314342835,SBIN765489
ACC005848,CID006826,Union Bank,719427738283,SBIN650389
ACC005849,CID006828,SBI,353178056870,SBIN661520
ACC005850,CID006829,Axis Bank,498238934146,SBIN717041
ACC005851,CID006830,ICICI Bank,874802152614,SBIN636683
ACC005852,CID006831,Bank of Baroda,643701140298,SBIN868412
ACC005853,CID006832,Union Bank,670741855977,SBIN303682
ACC005854,CID006833,ICICI Bank,753539559234,SBIN384066
ACC005855,CID006834,Bank of Baroda,216243392795,SBIN915883
ACC005856,CID006835,SBI,255373688648,SBIN540693
ACC005857,CID006837,Canara Bank,801967397042,SBIN133936
ACC005858,CID006838,SBI,366440036952,SBIN994763
ACC005859,CID006840,HDFC Bank,307699514880,SBIN758856
ACC005860,CID006841,Canara Bank,558657800478,SBIN277365
ACC005861,CID006842,Axis Bank,865890985300,SBIN931713
ACC005862,CID006843,ICICI Bank,357474576507,SBIN385313
ACC005863,CID006844,HDFC Bank,946202865710,SBIN469063
ACC005864,CID006846,ICICI Bank,680805162794,SBIN626456
ACC005865,CID006847,Canara Bank,218118426176,SBIN384380
ACC005866,CID006848,Bank of Baroda,860076711123,SBIN717289
ACC005867,CID006849,Bank of Baroda,330425245070,SBIN229613
ACC005868,CID006850,ICICI Bank,368280655054,SBIN342414
ACC005869,CID006851,HDFC Bank,480038419711,SBIN396631
ACC005870,CID006852,Union Bank,393659310616,SBIN117224
ACC005871,CID006853,Bank of Baroda,399109733987,SBIN435305
ACC005872,CID006854,Axis Bank,777611144588,SBIN297367
ACC005873,CID006856,Canara Bank,181626358454,SBIN886242
ACC005874,CID006857,SBI,420362721103,SBIN301400
ACC005875,CID006858,HDFC Bank,475906116799,SBIN479771
ACC005876,CID006860,Bank of Baroda,130696405127,SBIN454934
ACC005877,CID006861,SBI,599583053577,SBIN403209
ACC005878,CID006862,Bank of Baroda,458191008167,SBIN171338
ACC005879,CID006863,Union Bank,200963855655,SBIN503145
ACC005880,CID006865,SBI,609627710403,SBIN565485
ACC005881,CID006866,Axis Bank,711718454818,SBIN940374
ACC005882,CID006867,Axis Bank,130734355012,SBIN860889
ACC005883,CID006868,Canara Bank,677339577897,SBIN343104
ACC005884,CID006869,Bank of Baroda,802779000493,SBIN944093
ACC005885,CID006870,HDFC Bank,737910289506,SBIN291136
ACC005886,CID006871,Canara Bank,601209805306,SBIN982989
ACC005887,CID006872,HDFC Bank,687195093340,SBIN223224
ACC005888,CID006873,Axis Bank,846897434148,SBIN283392
ACC005889,CID006874,Canara Bank,271738073699,SBIN507577
ACC005890,CID006875,SBI,313776514509,SBIN470293
ACC005891,CID006877,SBI,323266835760,SBIN555707
ACC005892,CID006878,Union Bank,568194827187,SBIN884635
ACC005893,CID006879,Axis Bank,665429177071,SBIN901720
ACC005894,CID006880,HDFC Bank,423891448428,SBIN538788
ACC005895,CID006881,Axis Bank,303448069826,SBIN491405
ACC005896,CID006882,ICICI Bank,492397794546,SBIN470061
ACC005897,CID006884,Union Bank,333091139585,SBIN654143
ACC005898,CID006886,SBI,617648768191,SBIN466933
ACC005899,CID006887,SBI,154697704531,SBIN430658
ACC005900,CID006888,Union Bank,537566717375,SBIN994646
ACC005901,CID006889,ICICI Bank,962692807763,SBIN668922
ACC005902,CID006890,Union Bank,102773521595,SBIN157729
ACC005903,CID006891,HDFC Bank,219420386549,SBIN689208
ACC005904,CID006892,HDFC Bank,980794712798,SBIN736581
ACC005905,CID006893,Axis Bank,383593042271,SBIN501025
ACC005906,CID006894,Union Bank,578331190621,SBIN130473
ACC005907,CID006895,Union Bank,359647001961,SBIN103691
ACC005908,CID006896,HDFC Bank,691021895801,SBIN615137
ACC005909,CID006897,SBI,824615142223,SBIN436629
ACC005910,CID006898,Bank of Baroda,413215710235,SBIN304480
ACC005911,CID006899,Axis Bank,985937287336,SBIN973703
ACC005912,CID006900,Bank of Baroda,504701942447,SBIN465818
ACC005913,CID006901,Bank of Baroda,335584206584,SBIN408785
ACC005914,CID006902,Canara Bank,146338533128,SBIN593272
ACC005915,CID006903,Axis Bank,993214034915,SBIN179817
ACC005916,CID006904,ICICI Bank,903596331245,SBIN671053
ACC005917,CID006905,SBI,271220113854,SBIN922658
ACC005918,CID006906,Union Bank,309681020491,SBIN443129
ACC005919,CID006907,Bank of Baroda,329942482024,SBIN672220
ACC005920,CID006908,Axis Bank,427191761122,SBIN820346
ACC005921,CID006909,Bank of Baroda,363112555002,SBIN486536
ACC005922,CID006910,HDFC Bank,542842045705,SBIN721151
ACC005923,CID006911,ICICI Bank,256318847760,SBIN890179
ACC005924,CID006912,Bank of Baroda,376300588927,SBIN736003
ACC005925,CID006913,Union Bank,228567900210,SBIN856608
ACC005926,CID006914,Bank of Baroda,668631046576,SBIN457396
ACC005927,CID006915,Bank of Baroda,804268922918,SBIN704568
ACC005928,CID006916,ICICI Bank,620351528012,SBIN715601
ACC005929,CID006917,SBI,216706334890,SBIN781536
ACC005930,CID006918,HDFC Bank,366252862437,SBIN529761
ACC005931,CID006920,HDFC Bank,267881144188,SBIN963987
ACC005932,CID006922,Union Bank,220737145975,SBIN665550
ACC005933,CID006923,SBI,527279757741,SBIN953389
ACC005934,CID006924,Union Bank,837302089599,SBIN341057
ACC005935,CID006925,Bank of Baroda,196269644627,SBIN397618
ACC005936,CID006926,Axis Bank,779318069755,SBIN983740
ACC005937,CID006928,Union Bank,261126606365,SBIN179747
ACC005938,CID006929,ICICI Bank,568194375103,SBIN919635
ACC005939,CID006930,Union Bank,477157668594,SBIN251194
ACC005940,CID006931,Canara Bank,934283297542,SBIN571103
ACC005941,CID006932,Axis Bank,555770485873,SBIN742151
ACC005942,CID006933,Union Bank,432589048349,SBIN878962
ACC005943,CID006935,Bank of Baroda,898121270507,SBIN739578
ACC005944,CID006936,SBI,538535356953,SBIN252000
ACC005945,CID006937,Bank of Baroda,572795890813,SBIN878542
ACC005946,CID006938,Axis Bank,671983895097,SBIN219300
ACC005947,CID006939,Union Bank,619650905496,SBIN219059
ACC005948,CID006941,SBI,878003244020,SBIN663751
ACC005949,CID006942,SBI,132522327343,SBIN755256
ACC005950,CID006943,Canara Bank,700567241374,SBIN974473
ACC005951,CID006944,Canara Bank,937706592521,SBIN405459
ACC005952,CID006945,Bank of Baroda,786838342132,SBIN974869
ACC005953,CID006946,SBI,735906932528,SBIN353291
ACC005954,CID006947,ICICI Bank,996711939877,SBIN985300
ACC005955,CID006948,Bank of Baroda,451391990234,SBIN744197
ACC005956,CID006950,Axis Bank,420373710194,SBIN698614
ACC005957,CID006951,Axis Bank,700433793502,SBIN573040
ACC005958,CID006952,SBI,258488820319,SBIN175442
ACC005959,CID006953,Bank of Baroda,589852940570,SBIN365349
ACC005960,CID006954,Bank of Baroda,776628578737,SBIN421018
ACC005961,CID006955,HDFC Bank,451671603837,SBIN786437
ACC005962,CID006957,Union Bank,435174761743,SBIN612701
ACC005963,CID006958,Axis Bank,346239454139,SBIN912269
ACC005964,CID006959,SBI,987973619063,SBIN764847
ACC005965,CID006960,ICICI Bank,202915436010,SBIN593555
ACC005966,CID006961,Bank of Baroda,296704352724,SBIN180337
ACC005967,CID006962,HDFC Bank,875817387341,SBIN768837
ACC005968,CID006963,ICICI Bank,108135652548,SBIN465306
ACC005969,CID006964,Axis Bank,530008829981,SBIN256896
ACC005970,CID006965,Canara Bank,190761910695,SBIN538136
ACC005971,CID006966,SBI,142984471822,SBIN478286
ACC005972,CID006967,HDFC Bank,236835452377,SBIN316515
ACC005973,CID006969,ICICI Bank,478115174978,SBIN754990
ACC005974,CID006970,Canara Bank,197278271280,SBIN201965
ACC005975,CID006971,Axis Bank,815485547663,SBIN523520
ACC005976,CID006972,ICICI Bank,931424461776,SBIN348986
ACC005977,CID006973,ICICI Bank,417928005922,SBIN592544
ACC005978,CID006974,Canara Bank,333325785304,SBIN945154
ACC005979,CID006975,Union Bank,276762580711,SBIN775901
ACC005980,CID006976,Canara Bank,330101917504,SBIN950052
ACC005981,CID006977,Union Bank,931078035279,SBIN123168
ACC005982,CID006978,SBI,525816682039,SBIN619114
ACC005983,CID006979,Bank of Baroda,845564166707,SBIN569488
ACC005984,CID006980,SBI,253015544180,SBIN737860
ACC005985,CID006982,HDFC Bank,340621529537,SBIN342545
ACC005986,CID006983,Union Bank,588559694679,SBIN659781
ACC005987,CID006984,Canara Bank,189003317927,SBIN970793
ACC005988,CID006985,HDFC Bank,363896300671,SBIN747002
ACC005989,CID006986,Canara Bank,204334935117,SBIN309645
ACC005990,CID006987,SBI,423035471293,SBIN483075
ACC005991,CID006988,Union Bank,204456394553,SBIN433662
ACC005992,CID006990,Union Bank,859868999572,SBIN829717
ACC005993,CID006991,Union Bank,968548756295,SBIN653051
ACC005994,CID006992,Axis Bank,648701474967,SBIN800428
ACC005995,CID006993,Union Bank,476765523511,SBIN954208
ACC005996,CID006994,Union Bank,478417312538,SBIN431891
ACC005997,CID006995,Canara Bank,927904748477,SBIN530549
ACC005998,CID006996,Axis Bank,187324967363,SBIN792737
ACC005999,CID006997,SBI,629838906496,SBIN151073
ACC006000,CID006998,ICICI Bank,654616260922,SBIN235308
ACC006001,CID006999,Bank of Baroda,587880184306,SBIN330802
ACC006002,CID007000,HDFC Bank,353840495683,SBIN402309
ACC006003,CID007001,Bank of Baroda,482984298309,SBIN137701
ACC006004,CID007002,Bank of Baroda,699257090800,SBIN275597
ACC006005,CID007003,ICICI Bank,605554272535,SBIN323259
ACC006006,CID007004,SBI,120368513040,SBIN394229
ACC006007,CID007005,Bank of Baroda,663118332543,SBIN315551
ACC006008,CID007006,HDFC Bank,938542551999,SBIN495052
ACC006009,CID007007,HDFC Bank,502616835024,SBIN254744
ACC006010,CID007008,ICICI Bank,255082610931,SBIN193471
ACC006011,CID007009,HDFC Bank,386184931744,SBIN992315
ACC006012,CID007011,ICICI Bank,260124859016,SBIN240649
ACC006013,CID007012,Axis Bank,430258374847,SBIN465410
ACC006014,CID007013,Canara Bank,772802528884,SBIN708736
ACC006015,CID007014,SBI,615002779367,SBIN736110
ACC006016,CID007015,Union Bank,229475487374,SBIN786256
ACC006017,CID007016,Bank of Baroda,491680739413,SBIN920503
ACC006018,CID007017,Bank of Baroda,841731123530,SBIN452613
ACC006019,CID007018,Union Bank,413669116952,SBIN126561
ACC006020,CID007019,HDFC Bank,237148420244,SBIN985980
ACC006021,CID007020,Canara Bank,625586867103,SBIN985118
ACC006022,CID007021,SBI,237472213842,SBIN240232
ACC006023,CID007022,HDFC Bank,434164012867,SBIN604393
ACC006024,CID007023,Axis Bank,316647210417,SBIN322189
ACC006025,CID007024,Canara Bank,567229820761,SBIN378983
ACC006026,CID007025,Canara Bank,876337965025,SBIN422054
ACC006027,CID007026,HDFC Bank,369057788278,SBIN420249
ACC006028,CID007027,Axis Bank,380654362780,SBIN568955
ACC006029,CID007028,Axis Bank,480447165601,SBIN171127
ACC006030,CID007029,Axis Bank,815367313219,SBIN605726
ACC006031,CID007030,Bank of Baroda,198829653368,SBIN739078
ACC006032,CID007031,ICICI Bank,465518632152,SBIN885365
ACC006033,CID007033,HDFC Bank,449891230682,SBIN116774
ACC006034,CID007034,ICICI Bank,637026702759,SBIN249784
ACC006035,CID007035,Union Bank,205704415613,SBIN875858
ACC006036,CID007036,Axis Bank,682504954256,SBIN785192
ACC006037,CID007037,Bank of Baroda,879109567873,SBIN121971
ACC006038,CID007038,Bank of Baroda,551515467629,SBIN940608
ACC006039,CID007041,ICICI Bank,700175156310,SBIN549690
ACC006040,CID007042,ICICI Bank,411584426801,SBIN485778
ACC006041,CID007043,Union Bank,212709412923,SBIN286400
ACC006042,CID007044,HDFC Bank,620579740940,SBIN764575
ACC006043,CID007045,Canara Bank,324343350500,SBIN399969
ACC006044,CID007046,Bank of Baroda,184765689344,SBIN169986
ACC006045,CID007047,ICICI Bank,763577664644,SBIN882425
ACC006046,CID007051,Axis Bank,638948534003,SBIN324256
ACC006047,CID007052,Axis Bank,147779334315,SBIN522817
ACC006048,CID007053,ICICI Bank,504103216259,SBIN602851
ACC006049,CID007054,Union Bank,688150186066,SBIN331324
ACC006050,CID007057,Bank of Baroda,192262676061,SBIN679993
ACC006051,CID007058,Bank of Baroda,933419030239,SBIN437002
ACC006052,CID007059,ICICI Bank,429103370073,SBIN309592
ACC006053,CID007060,HDFC Bank,795412174130,SBIN849470
ACC006054,CID007061,Canara Bank,257389688129,SBIN197960
ACC006055,CID007062,Bank of Baroda,439783708745,SBIN372871
ACC006056,CID007063,Canara Bank,449724671271,SBIN467383
ACC006057,CID007064,Axis Bank,776006740022,SBIN242221
ACC006058,CID007066,HDFC Bank,251368374232,SBIN763461
ACC006059,CID007067,Union Bank,498692981326,SBIN137646
ACC006060,CID007068,ICICI Bank,658652154434,SBIN109206
ACC006061,CID007069,Axis Bank,391804019625,SBIN998675
ACC006062,CID007070,Union Bank,103446236358,SBIN117238
ACC006063,CID007071,HDFC Bank,419545623401,SBIN903587
ACC006064,CID007072,ICICI Bank,279177756556,SBIN281879
ACC006065,CID007073,HDFC Bank,683077700373,SBIN771510
ACC006066,CID007074,ICICI Bank,141375315129,SBIN871633
ACC006067,CID007075,Axis Bank,927974998796,SBIN114648
ACC006068,CID007076,SBI,557446490147,SBIN503894
ACC006069,CID007077,SBI,536455486857,SBIN851879
ACC006070,CID007078,HDFC Bank,269085922943,SBIN636489
ACC006071,CID007079,ICICI Bank,270553660989,SBIN334379
ACC006072,CID007080,Canara Bank,717620052962,SBIN521659
ACC006073,CID007081,SBI,579252034876,SBIN281390
ACC006074,CID007082,Union Bank,817121436058,SBIN833007
ACC006075,CID007083,Canara Bank,515936029606,SBIN221498
ACC006076,CID007084,SBI,330668235725,SBIN338803
ACC006077,CID007085,ICICI Bank,345184457820,SBIN998550
ACC006078,CID007086,HDFC Bank,909109090292,SBIN507821
ACC006079,CID007087,Axis Bank,664624511766,SBIN380046
ACC006080,CID007089,ICICI Bank,122138653041,SBIN529494
ACC006081,CID007090,Bank of Baroda,719619431463,SBIN670727
ACC006082,CID007091,Axis Bank,123294097406,SBIN303511
ACC006083,CID007094,ICICI Bank,544091996495,SBIN573367
ACC006084,CID007095,Union Bank,539279575255,SBIN267297
ACC006085,CID007096,HDFC Bank,584531176417,SBIN618866
ACC006086,CID007097,Axis Bank,798747174876,SBIN750369
ACC006087,CID007100,ICICI Bank,152675121485,SBIN937095
ACC006088,CID007101,Axis Bank,222464273589,SBIN646223
ACC006089,CID007102,HDFC Bank,307465811339,SBIN225232
ACC006090,CID007103,Axis Bank,733992265060,SBIN154246
ACC006091,CID007104,Bank of Baroda,535247011755,SBIN526335
ACC006092,CID007105,Canara Bank,949832370232,SBIN414274
ACC006093,CID007106,Axis Bank,352571709892,SBIN758035
ACC006094,CID007107,HDFC Bank,980652698332,SBIN228374
ACC006095,CID007108,Canara Bank,414939160311,SBIN746941
ACC006096,CID007109,Bank of Baroda,149711580172,SBIN372123
ACC006097,CID007110,Axis Bank,839731569437,SBIN272241
ACC006098,CID007111,Union Bank,723845749489,SBIN745266
ACC006099,CID007112,ICICI Bank,552311551381,SBIN101864
ACC006100,CID007113,Bank of Baroda,686929516173,SBIN948148
ACC006101,CID007114,Axis Bank,501851276118,SBIN347261
ACC006102,CID007115,Axis Bank,606685869043,SBIN230916
ACC006103,CID007116,ICICI Bank,535467443545,SBIN665197
ACC006104,CID007117,HDFC Bank,677995816905,SBIN987434
ACC006105,CID007118,Bank of Baroda,618478660198,SBIN218854
ACC006106,CID007119,SBI,294105012983,SBIN489202
ACC006107,CID007120,ICICI Bank,116789589582,SBIN307586
ACC006108,CID007121,ICICI Bank,473822989710,SBIN373414
ACC006109,CID007122,ICICI Bank,230703048859,SBIN945816
ACC006110,CID007124,Bank of Baroda,826250925435,SBIN919358
ACC006111,CID007125,Axis Bank,273618394740,SBIN324712
ACC006112,CID007126,ICICI Bank,114295567614,SBIN275184
ACC006113,CID007127,Axis Bank,801865583588,SBIN743571
ACC006114,CID007128,Axis Bank,319918583216,SBIN999322
ACC006115,CID007130,ICICI Bank,837709402930,SBIN647602
ACC006116,CID007131,HDFC Bank,192913367201,SBIN342655
ACC006117,CID007132,Axis Bank,652280676454,SBIN284224
ACC006118,CID007133,HDFC Bank,966081161024,SBIN111675
ACC006119,CID007134,Bank of Baroda,829286552200,SBIN766114
ACC006120,CID007136,HDFC Bank,227763815373,SBIN953935
ACC006121,CID007137,Axis Bank,485026416488,SBIN809166
ACC006122,CID007138,ICICI Bank,974512377539,SBIN270229
ACC006123,CID007139,Canara Bank,708589215896,SBIN681381
ACC006124,CID007140,SBI,966553260727,SBIN591114
ACC006125,CID007141,Canara Bank,366228446487,SBIN189300
ACC006126,CID007142,Union Bank,798750084594,SBIN907898
ACC006127,CID007143,SBI,953841445732,SBIN902687
ACC006128,CID007145,Union Bank,900542387968,SBIN425417
ACC006129,CID007146,Bank of Baroda,982500910471,SBIN486067
ACC006130,CID007147,Axis Bank,406097672252,SBIN782753
ACC006131,CID007148,Bank of Baroda,918354580703,SBIN733290
ACC006132,CID007149,Canara Bank,910364944834,SBIN366567
ACC006133,CID007150,Canara Bank,176451449130,SBIN792175
ACC006134,CID007151,Union Bank,311086244317,SBIN637391
ACC006135,CID007152,Axis Bank,511490744510,SBIN671560
ACC006136,CID007154,ICICI Bank,152864211210,SBIN925660
ACC006137,CID007155,Axis Bank,769798258118,SBIN532404
ACC006138,CID007156,SBI,823053274201,SBIN618324
ACC006139,CID007157,Union Bank,395985774223,SBIN531092
ACC006140,CID007158,Union Bank,964299926883,SBIN146211
ACC006141,CID007159,SBI,858182138411,SBIN471216
ACC006142,CID007160,SBI,106026978042,SBIN620881
ACC006143,CID007161,Bank of Baroda,183390755986,SBIN380348
ACC006144,CID007162,Bank of Baroda,465385339277,SBIN924103
ACC006145,CID007163,ICICI Bank,689952403436,SBIN742353
ACC006146,CID007164,HDFC Bank,574066871818,SBIN968841
ACC006147,CID007165,Bank of Baroda,140939645229,SBIN623787
ACC006148,CID007167,Union Bank,989266589759,SBIN536642
ACC006149,CID007168,Union Bank,491614308775,SBIN795589
ACC006150,CID007169,Canara Bank,721877122218,SBIN590313
ACC006151,CID007172,Axis Bank,647514392218,SBIN753965
ACC006152,CID007173,ICICI Bank,113385564439,SBIN326593
ACC006153,CID007176,HDFC Bank,316056392374,SBIN108348
ACC006154,CID007177,Bank of Baroda,793660340431,SBIN473318
ACC006155,CID007178,Union Bank,794384164717,SBIN438854
ACC006156,CID007181,Axis Bank,189527187030,SBIN157132
ACC006157,CID007182,Bank of Baroda,834436812554,SBIN688003
ACC006158,CID007183,SBI,307238201093,SBIN657882
ACC006159,CID007184,HDFC Bank,124780552768,SBIN384428
ACC006160,CID007186,SBI,943519792122,SBIN624849
ACC006161,CID007189,Canara Bank,580712710272,SBIN146386
ACC006162,CID007190,Bank of Baroda,195632811162,SBIN427636
ACC006163,CID007191,SBI,373146653848,SBIN785523
ACC006164,CID007192,SBI,864707549778,SBIN104543
ACC006165,CID007194,Bank of Baroda,759932146495,SBIN936805
ACC006166,CID007195,SBI,704301248457,SBIN570068
ACC006167,CID007197,Bank of Baroda,530988299855,SBIN358480
ACC006168,CID007198,Union Bank,206012165480,SBIN892028
ACC006169,CID007199,HDFC Bank,169162982882,SBIN956784
ACC006170,CID007201,ICICI Bank,824992781590,SBIN871337
ACC006171,CID007202,Canara Bank,457625845275,SBIN574153
ACC006172,CID007203,Canara Bank,540840949017,SBIN425370
ACC006173,CID007204,Canara Bank,650896876313,SBIN156480
ACC006174,CID007205,Axis Bank,676892659502,SBIN503937
ACC006175,CID007206,Axis Bank,606071624104,SBIN444598
ACC006176,CID007207,Axis Bank,211979211077,SBIN508173
ACC006177,CID007208,SBI,754011514509,SBIN291361
ACC006178,CID007210,Axis Bank,952210795778,SBIN124849
ACC006179,CID007211,ICICI Bank,893992596946,SBIN929580
ACC006180,CID007212,Canara Bank,410741331553,SBIN938484
ACC006181,CID007213,HDFC Bank,383494734957,SBIN685982
ACC006182,CID007215,Union Bank,988493936244,SBIN243286
ACC006183,CID007216,Union Bank,845061231755,SBIN186103
ACC006184,CID007217,SBI,976387110878,SBIN537614
ACC006185,CID007218,Canara Bank,254511893615,SBIN606624
ACC006186,CID007219,Canara Bank,904536589258,SBIN661174
ACC006187,CID007220,Canara Bank,702509072837,SBIN390583
ACC006188,CID007221,HDFC Bank,937663661256,SBIN602925
ACC006189,CID007222,Bank of Baroda,652672191327,SBIN230727
ACC006190,CID007223,Canara Bank,937375186147,SBIN363544
ACC006191,CID007224,Bank of Baroda,671457964597,SBIN631471
ACC006192,CID007225,HDFC Bank,337591547771,SBIN977505
ACC006193,CID007227,HDFC Bank,926879805913,SBIN343462
ACC006194,CID007228,Canara Bank,324920273754,SBIN438858
ACC006195,CID007229,ICICI Bank,921376719649,SBIN377575
ACC006196,CID007230,Bank of Baroda,206884655756,SBIN734025
ACC006197,CID007232,ICICI Bank,248137158434,SBIN681484
ACC006198,CID007233,Axis Bank,858941060714,SBIN411996
ACC006199,CID007234,HDFC Bank,864316603238,SBIN218182
ACC006200,CID007235,Axis Bank,115225478384,SBIN180615
ACC006201,CID007236,Bank of Baroda,788423340866,SBIN271291
ACC006202,CID007237,Axis Bank,520334265889,SBIN418360
ACC006203,CID007238,Bank of Baroda,326139739165,SBIN819517
ACC006204,CID007240,Union Bank,459392710861,SBIN563391
ACC006205,CID007241,SBI,544372679566,SBIN907500
ACC006206,CID007243,Bank of Baroda,746844426592,SBIN108717
ACC006207,CID007244,Union Bank,241795393316,SBIN119871
ACC006208,CID007245,ICICI Bank,459149807718,SBIN874343
ACC006209,CID007246,HDFC Bank,474527683153,SBIN230338
ACC006210,CID007247,Bank of Baroda,491387373437,SBIN770070
ACC006211,CID007248,Axis Bank,432483205802,SBIN846410
ACC006212,CID007250,SBI,180585061837,SBIN503573
ACC006213,CID007251,Canara Bank,369243124402,SBIN379717
ACC006214,CID007252,Union Bank,501731183683,SBIN674653
ACC006215,CID007253,Bank of Baroda,629518002038,SBIN888493
ACC006216,CID007254,Bank of Baroda,467011794513,SBIN611924
ACC006217,CID007255,Bank of Baroda,837909826203,SBIN468229
ACC006218,CID007256,HDFC Bank,569037592364,SBIN362018
ACC006219,CID007258,HDFC Bank,957359478851,SBIN595847
ACC006220,CID007259,Bank of Baroda,857751147470,SBIN121540
ACC006221,CID007260,HDFC Bank,323586226375,SBIN223685
ACC006222,CID007262,HDFC Bank,980964749372,SBIN205372
ACC006223,CID007263,HDFC Bank,606853468640,SBIN692195
ACC006224,CID007264,HDFC Bank,922817644367,SBIN851871
ACC006225,CID007266,SBI,759748340306,SBIN368381
ACC006226,CID007268,Axis Bank,272944317681,SBIN102331
ACC006227,CID007269,Bank of Baroda,159704300610,SBIN984651
ACC006228,CID007270,Axis Bank,429851696552,SBIN189746
ACC006229,CID007271,ICICI Bank,574763598661,SBIN489437
ACC006230,CID007272,Canara Bank,461401886136,SBIN864667
ACC006231,CID007273,HDFC Bank,787391414316,SBIN562394
ACC006232,CID007274,Axis Bank,378308200885,SBIN198713
ACC006233,CID007275,HDFC Bank,929303123003,SBIN116570
ACC006234,CID007276,Bank of Baroda,585076167957,SBIN804752
ACC006235,CID007277,Union Bank,562841671644,SBIN798131
ACC006236,CID007278,Canara Bank,349566733257,SBIN466683
ACC006237,CID007280,Bank of Baroda,677339884817,SBIN422834
ACC006238,CID007281,HDFC Bank,222849220016,SBIN449045
ACC006239,CID007282,Axis Bank,989752223886,SBIN287284
ACC006240,CID007283,Bank of Baroda,410192598488,SBIN148610
ACC006241,CID007284,ICICI Bank,431302114562,SBIN189796
ACC006242,CID007286,Union Bank,865256197967,SBIN592489
ACC006243,CID007287,HDFC Bank,726704984622,SBIN381282
ACC006244,CID007288,Canara Bank,243942465474,SBIN993108
ACC006245,CID007289,SBI,132420612894,SBIN114214
ACC006246,CID007290,SBI,888473449558,SBIN536839
ACC006247,CID007293,Bank of Baroda,589732197401,SBIN448474
ACC006248,CID007296,Union Bank,336408313176,SBIN518484
ACC006249,CID007298,HDFC Bank,173823881321,SBIN648190
ACC006250,CID007299,Axis Bank,637551218540,SBIN868646
ACC006251,CID007301,Canara Bank,481860050921,SBIN553392
ACC006252,CID007302,ICICI Bank,998947751641,SBIN313333
ACC006253,CID007303,Union Bank,704432484097,SBIN910972
ACC006254,CID007304,SBI,211620848910,SBIN520547
ACC006255,CID007305,HDFC Bank,695551163329,SBIN329532
ACC006256,CID007306,Bank of Baroda,404053166845,SBIN788478
ACC006257,CID007307,Bank of Baroda,538540425278,SBIN453096
ACC006258,CID007309,Axis Bank,880078871082,SBIN230219
ACC006259,CID007310,Bank of Baroda,207117054819,SBIN146987
ACC006260,CID007311,Union Bank,277223633315,SBIN406387
ACC006261,CID007312,SBI,941223654833,SBIN627137
ACC006262,CID007313,ICICI Bank,414929534203,SBIN135009
ACC006263,CID007314,Canara Bank,745420311016,SBIN275890
ACC006264,CID007315,Canara Bank,992341932502,SBIN489001
ACC006265,CID007317,HDFC Bank,402022336605,SBIN914888
ACC006266,CID007318,ICICI Bank,940593165757,SBIN798956
ACC006267,CID007319,Axis Bank,149077067909,SBIN478464
ACC006268,CID007320,Bank of Baroda,309972023004,SBIN838223
ACC006269,CID007321,SBI,523458454831,SBIN264297
ACC006270,CID007322,ICICI Bank,789185554297,SBIN784557
ACC006271,CID007323,HDFC Bank,626955835651,SBIN849295
ACC006272,CID007324,Axis Bank,963904729999,SBIN142889
ACC006273,CID007325,Union Bank,875186978044,SBIN634580
ACC006274,CID007326,Bank of Baroda,731163250955,SBIN840833
ACC006275,CID007327,Union Bank,854241823008,SBIN803512
ACC006276,CID007328,ICICI Bank,490010708668,SBIN502099
ACC006277,CID007330,Canara Bank,758851101935,SBIN311760
ACC006278,CID007331,Canara Bank,189782897260,SBIN302526
ACC006279,CID007332,ICICI Bank,621585955747,SBIN594067
ACC006280,CID007333,Canara Bank,431785091634,SBIN256424
ACC006281,CID007334,Union Bank,510537328006,SBIN568535
ACC006282,CID007335,ICICI Bank,646989239938,SBIN551936
ACC006283,CID007337,Axis Bank,169620674527,SBIN919390
ACC006284,CID007338,Axis Bank,774021806871,SBIN536798
ACC006285,CID007339,ICICI Bank,913801604626,SBIN653419
ACC006286,CID007340,SBI,688288945561,SBIN835955
ACC006287,CID007341,Union Bank,659191633151,SBIN647019
ACC006288,CID007342,HDFC Bank,773722631401,SBIN602775
ACC006289,CID007343,Bank of Baroda,557040996542,SBIN757392
ACC006290,CID007344,ICICI Bank,309047600742,SBIN584027
ACC006291,CID007345,SBI,643070826575,SBIN985792
ACC006292,CID007346,Axis Bank,893631830454,SBIN298540
ACC006293,CID007347,HDFC Bank,385038306388,SBIN340090
ACC006294,CID007348,Axis Bank,114884361485,SBIN807509
ACC006295,CID007349,SBI,470350095132,SBIN963381
ACC006296,CID007350,Axis Bank,700312413687,SBIN373530
ACC006297,CID007351,SBI,913122269820,SBIN763669
ACC006298,CID007352,HDFC Bank,222980731024,SBIN632450
ACC006299,CID007353,SBI,302898337449,SBIN857267
ACC006300,CID007356,Bank of Baroda,732086583035,SBIN878046
ACC006301,CID007357,Axis Bank,181774063570,SBIN647395
ACC006302,CID007360,Axis Bank,398240528642,SBIN131986
ACC006303,CID007361,Axis Bank,137857063179,SBIN946851
ACC006304,CID007362,SBI,124409520404,SBIN704567
ACC006305,CID007363,HDFC Bank,225823847612,SBIN786643
ACC006306,CID007364,HDFC Bank,476374970893,SBIN779279
ACC006307,CID007365,HDFC Bank,758378921859,SBIN714544
ACC006308,CID007367,HDFC Bank,773899982490,SBIN593029
ACC006309,CID007368,Bank of Baroda,963312745148,SBIN895991
ACC006310,CID007369,Union Bank,729425932167,SBIN869162
ACC006311,CID007370,ICICI Bank,933578268517,SBIN103030
ACC006312,CID007371,ICICI Bank,923179459206,SBIN588028
ACC006313,CID007372,HDFC Bank,969208610972,SBIN793479
ACC006314,CID007374,ICICI Bank,956946034959,SBIN670188
ACC006315,CID007375,SBI,122096726040,SBIN155029
ACC006316,CID007376,Bank of Baroda,774649864732,SBIN305554
ACC006317,CID007377,Union Bank,933295036735,SBIN463317
ACC006318,CID007378,HDFC Bank,226720844376,SBIN225948
ACC006319,CID007380,SBI,753284955579,SBIN769718
ACC006320,CID007381,Canara Bank,243800618702,SBIN854921
ACC006321,CID007382,SBI,370479599189,SBIN446257
ACC006322,CID007384,SBI,705540281709,SBIN240221
ACC006323,CID007385,Axis Bank,235767707700,SBIN357227
ACC006324,CID007386,Canara Bank,725390510227,SBIN395784
ACC006325,CID007387,HDFC Bank,374322954605,SBIN681212
ACC006326,CID007388,Axis Bank,359893911285,SBIN604071
ACC006327,CID007389,Axis Bank,927553148172,SBIN641355
ACC006328,CID007390,Bank of Baroda,743184156597,SBIN370968
ACC006329,CID007391,SBI,113769949155,SBIN650351
ACC006330,CID007392,ICICI Bank,277405680546,SBIN308653
ACC006331,CID007393,Union Bank,561343314278,SBIN902197
ACC006332,CID007394,ICICI Bank,168478600389,SBIN356564
ACC006333,CID007395,Canara Bank,740979758796,SBIN371548
ACC006334,CID007396,Canara Bank,811321601371,SBIN487886
ACC006335,CID007398,Bank of Baroda,754083704059,SBIN162277
ACC006336,CID007399,Bank of Baroda,962043031852,SBIN133472
ACC006337,CID007400,SBI,947744699147,SBIN555653
ACC006338,CID007401,Bank of Baroda,934012939724,SBIN648686
ACC006339,CID007403,Union Bank,676696156413,SBIN641266
ACC006340,CID007404,SBI,950782658675,SBIN164591
ACC006341,CID007405,ICICI Bank,354321061430,SBIN951900
ACC006342,CID007406,Axis Bank,975297199701,SBIN627926
ACC006343,CID007407,HDFC Bank,921026592505,SBIN938214
ACC006344,CID007408,Axis Bank,800191289773,SBIN919297
ACC006345,CID007409,Canara Bank,769035085918,SBIN529489
ACC006346,CID007410,Union Bank,838040113339,SBIN181520
ACC006347,CID007411,HDFC Bank,233787961578,SBIN395727
ACC006348,CID007412,Axis Bank,229182953219,SBIN831194
ACC006349,CID007413,HDFC Bank,189383655127,SBIN251692
ACC006350,CID007414,Canara Bank,805439263948,SBIN606275
ACC006351,CID007415,Bank of Baroda,859522874447,SBIN953809
ACC006352,CID007416,ICICI Bank,381278617443,SBIN193546
ACC006353,CID007417,Axis Bank,739646538819,SBIN928463
ACC006354,CID007418,HDFC Bank,509252935524,SBIN369826
ACC006355,CID007419,ICICI Bank,257870565529,SBIN788772
ACC006356,CID007420,Union Bank,782781301846,SBIN181833
ACC006357,CID007421,Canara Bank,125306758917,SBIN852601
ACC006358,CID007422,SBI,295926033302,SBIN304495
ACC006359,CID007423,SBI,966207250226,SBIN879304
ACC006360,CID007424,ICICI Bank,584944893714,SBIN934656
ACC006361,CID007425,SBI,162593579517,SBIN952310
ACC006362,CID007426,HDFC Bank,451855690544,SBIN108890
ACC006363,CID007427,HDFC Bank,886707748890,SBIN101823
ACC006364,CID007428,Union Bank,285538220308,SBIN646777
ACC006365,CID007429,Union Bank,899120085410,SBIN314397
ACC006366,CID007430,HDFC Bank,192879036872,SBIN970265
ACC006367,CID007431,ICICI Bank,822143459762,SBIN755923
ACC006368,CID007433,Canara Bank,857803420277,SBIN632859
ACC006369,CID007434,ICICI Bank,215919486335,SBIN637952
ACC006370,CID007435,SBI,265307015561,SBIN379550
ACC006371,CID007436,ICICI Bank,301147112004,SBIN102205
ACC006372,CID007437,SBI,215132796070,SBIN131014
ACC006373,CID007438,Union Bank,207714841859,SBIN100773
ACC006374,CID007439,ICICI Bank,332028412344,SBIN280218
ACC006375,CID007441,SBI,135668667743,SBIN663843
ACC006376,CID007442,HDFC Bank,459169332277,SBIN514935
ACC006377,CID007443,Union Bank,550673069991,SBIN159836
ACC006378,CID007444,HDFC Bank,797503523171,SBIN409442
ACC006379,CID007445,Bank of Baroda,793485869845,SBIN609695
ACC006380,CID007447,Bank of Baroda,829128637021,SBIN242326
ACC006381,CID007448,Canara Bank,392215728393,SBIN400868
ACC006382,CID007449,SBI,942168080931,SBIN627029
ACC006383,CID007450,Bank of Baroda,810102906629,SBIN853796
ACC006384,CID007451,SBI,698303487320,SBIN167294
ACC006385,CID007452,Axis Bank,947909267298,SBIN860811
ACC006386,CID007453,HDFC Bank,774229214601,SBIN934832
ACC006387,CID007454,HDFC Bank,225422641609,SBIN709970
ACC006388,CID007455,Union Bank,175005125918,SBIN503348
ACC006389,CID007457,Canara Bank,706997044145,SBIN165251
ACC006390,CID007460,SBI,785948058850,SBIN934094
ACC006391,CID007461,Canara Bank,842903403042,SBIN952400
ACC006392,CID007462,Bank of Baroda,973869724840,SBIN849910
ACC006393,CID007463,ICICI Bank,737986810673,SBIN481100
ACC006394,CID007464,Canara Bank,389504036338,SBIN641606
ACC006395,CID007465,Axis Bank,423566360926,SBIN823442
ACC006396,CID007466,Axis Bank,287466497503,SBIN582424
ACC006397,CID007467,HDFC Bank,457327462942,SBIN360705
ACC006398,CID007468,Canara Bank,965403599490,SBIN521759
ACC006399,CID007469,Union Bank,341628572841,SBIN530599
ACC006400,CID007471,Canara Bank,355875967759,SBIN965610
ACC006401,CID007472,Union Bank,902554232497,SBIN473208
ACC006402,CID007474,Axis Bank,918290066616,SBIN613629
ACC006403,CID007475,SBI,448427014743,SBIN556429
ACC006404,CID007476,Union Bank,827724970346,SBIN790819
ACC006405,CID007477,Union Bank,524755207960,SBIN640584
ACC006406,CID007478,Canara Bank,238698139546,SBIN957601
ACC006407,CID007479,Canara Bank,828174223192,SBIN157557
ACC006408,CID007480,SBI,996530083466,SBIN142515
ACC006409,CID007481,Axis Bank,812209892526,SBIN578662
ACC006410,CID007482,Canara Bank,776834780686,SBIN998208
ACC006411,CID007484,HDFC Bank,296890273441,SBIN222602
ACC006412,CID007485,SBI,608132059988,SBIN655068
ACC006413,CID007486,SBI,924763676971,SBIN748840
ACC006414,CID007487,Union Bank,671314961632,SBIN841083
ACC006415,CID007488,Axis Bank,338648717559,SBIN377944
ACC006416,CID007489,SBI,474565357961,SBIN409272
ACC006417,CID007490,Union Bank,665110548069,SBIN138695
ACC006418,CID007492,Canara Bank,815826130887,SBIN851153
ACC006419,CID007493,ICICI Bank,486750598654,SBIN737285
ACC006420,CID007494,SBI,358855027659,SBIN553983
ACC006421,CID007496,ICICI Bank,113219523485,SBIN933343
ACC006422,CID007498,Canara Bank,928226134813,SBIN320775
ACC006423,CID007499,Canara Bank,396575545053,SBIN544941
ACC006424,CID007500,ICICI Bank,125866337860,SBIN486452
ACC006425,CID007501,Bank of Baroda,302134369955,SBIN447371
ACC006426,CID007502,SBI,793837461887,SBIN307674
ACC006427,CID007505,Axis Bank,541931835826,SBIN923321
ACC006428,CID007508,Axis Bank,779169834291,SBIN267249
ACC006429,CID007509,Axis Bank,145335367867,SBIN719131
ACC006430,CID007510,Bank of Baroda,145855963289,SBIN176251
ACC006431,CID007511,HDFC Bank,191651418347,SBIN801340
ACC006432,CID007512,Canara Bank,666734111198,SBIN884868
ACC006433,CID007513,Canara Bank,670798104073,SBIN174018
ACC006434,CID007514,Union Bank,995897205071,SBIN890756
ACC006435,CID007515,SBI,283660386113,SBIN756787
ACC006436,CID007516,ICICI Bank,628447158323,SBIN388566
ACC006437,CID007517,HDFC Bank,893494279118,SBIN650876
ACC006438,CID007518,Bank of Baroda,341906926054,SBIN325491
ACC006439,CID007519,Canara Bank,892682911106,SBIN768676
ACC006440,CID007520,Axis Bank,952827767427,SBIN908428
ACC006441,CID007521,Axis Bank,748862129905,SBIN139049
ACC006442,CID007522,HDFC Bank,143526515618,SBIN134193
ACC006443,CID007524,SBI,647401770066,SBIN392421
ACC006444,CID007525,HDFC Bank,586025643328,SBIN739031
ACC006445,CID007526,HDFC Bank,634429821147,SBIN927155
ACC006446,CID007527,SBI,593539301337,SBIN418450
ACC006447,CID007528,Axis Bank,495211450943,SBIN607533
ACC006448,CID007529,Bank of Baroda,812052405012,SBIN169052
ACC006449,CID007532,ICICI Bank,650518799783,SBIN951669
ACC006450,CID007533,Bank of Baroda,135284463704,SBIN483774
ACC006451,CID007534,HDFC Bank,956672462713,SBIN977842
ACC006452,CID007535,Bank of Baroda,979106878440,SBIN699584
ACC006453,CID007536,Canara Bank,132920960193,SBIN598328
ACC006454,CID007537,Axis Bank,753945385309,SBIN876775
ACC006455,CID007538,SBI,956977022586,SBIN162024
ACC006456,CID007539,Bank of Baroda,284197800754,SBIN569895
ACC006457,CID007540,SBI,451715957026,SBIN716374
ACC006458,CID007541,SBI,610753259702,SBIN111638
ACC006459,CID007542,ICICI Bank,458663649656,SBIN286962
ACC006460,CID007543,Union Bank,546753979374,SBIN645073
ACC006461,CID007544,HDFC Bank,254800787693,SBIN432222
ACC006462,CID007546,HDFC Bank,643902583515,SBIN228806
ACC006463,CID007547,Bank of Baroda,209555863235,SBIN241575
ACC006464,CID007548,SBI,505072728557,SBIN310779
ACC006465,CID007549,SBI,987930981370,SBIN927488
ACC006466,CID007550,Union Bank,554812405599,SBIN292581
ACC006467,CID007552,Axis Bank,887954942075,SBIN115612
ACC006468,CID007553,Canara Bank,840099072748,SBIN642075
ACC006469,CID007555,Canara Bank,926955213754,SBIN355676
ACC006470,CID007556,SBI,728689003839,SBIN321514
ACC006471,CID007557,SBI,600723537827,SBIN491293
ACC006472,CID007558,SBI,665662131785,SBIN192933
ACC006473,CID007559,Axis Bank,763694180261,SBIN846070
ACC006474,CID007560,Axis Bank,518964583100,SBIN501711
ACC006475,CID007561,Canara Bank,415346719310,SBIN566803
ACC006476,CID007562,Union Bank,947286952098,SBIN687806
ACC006477,CID007563,Canara Bank,419286792530,SBIN695149
ACC006478,CID007564,ICICI Bank,542934122416,SBIN208252
ACC006479,CID007565,SBI,899091078267,SBIN794896
ACC006480,CID007566,Axis Bank,934484936023,SBIN405675
ACC006481,CID007567,Union Bank,343449785695,SBIN884689
ACC006482,CID007568,Bank of Baroda,276507467227,SBIN207949
ACC006483,CID007569,ICICI Bank,637218725219,SBIN731798
ACC006484,CID007570,HDFC Bank,458408383332,SBIN355232
ACC006485,CID007571,Canara Bank,990197186264,SBIN355028
ACC006486,CID007572,Bank of Baroda,182027064405,SBIN941015
ACC006487,CID007573,Union Bank,349770331907,SBIN133923
ACC006488,CID007574,SBI,147852405626,SBIN255931
ACC006489,CID007575,HDFC Bank,815154492249,SBIN325700
ACC006490,CID007576,Canara Bank,613451368674,SBIN360866
ACC006491,CID007577,HDFC Bank,405236894712,SBIN746360
ACC006492,CID007578,Union Bank,690276415929,SBIN967443
ACC006493,CID007579,Axis Bank,533336537791,SBIN664246
ACC006494,CID007580,ICICI Bank,621629966275,SBIN458158
ACC006495,CID007581,HDFC Bank,298436114991,SBIN117493
ACC006496,CID007582,Union Bank,356474333073,SBIN653051
ACC006497,CID007583,HDFC Bank,676528870203,SBIN160164
ACC006498,CID007584,Axis Bank,354156309314,SBIN583484
ACC006499,CID007585,Canara Bank,112098540152,SBIN286898
ACC006500,CID007586,Bank of Baroda,478146927713,SBIN306963
ACC006501,CID007588,ICICI Bank,656966263507,SBIN394891
ACC006502,CID007589,Bank of Baroda,816241564665,SBIN265776
ACC006503,CID007590,Bank of Baroda,580497513805,SBIN707180
ACC006504,CID007591,Canara Bank,314018514171,SBIN468625
ACC006505,CID007592,SBI,462941555821,SBIN295610
ACC006506,CID007593,Bank of Baroda,832379826225,SBIN633799
ACC006507,CID007595,Axis Bank,734990479924,SBIN931454
ACC006508,CID007596,Bank of Baroda,286148266530,SBIN928087
ACC006509,CID007597,Axis Bank,298995885793,SBIN494388
ACC006510,CID007598,Canara Bank,370310617446,SBIN181681
ACC006511,CID007599,Axis Bank,776938253108,SBIN649702
ACC006512,CID007600,SBI,968709528377,SBIN312328
ACC006513,CID007601,Bank of Baroda,844452834947,SBIN787887
ACC006514,CID007602,ICICI Bank,217162329807,SBIN605171
ACC006515,CID007604,HDFC Bank,310748690306,SBIN230024
ACC006516,CID007605,HDFC Bank,287465312043,SBIN115488
ACC006517,CID007606,ICICI Bank,110122474487,SBIN925667
ACC006518,CID007607,Canara Bank,956965024927,SBIN938043
ACC006519,CID007608,SBI,701473649624,SBIN322502
ACC006520,CID007610,ICICI Bank,111205748836,SBIN445466
ACC006521,CID007612,Axis Bank,865061420763,SBIN503798
ACC006522,CID007613,Bank of Baroda,375865707923,SBIN261349
ACC006523,CID007614,SBI,263143353024,SBIN543361
ACC006524,CID007615,Bank of Baroda,996990419151,SBIN459886
ACC006525,CID007616,Union Bank,417693967202,SBIN160065
ACC006526,CID007617,ICICI Bank,502131961046,SBIN127015
ACC006527,CID007618,ICICI Bank,803094119408,SBIN669014
ACC006528,CID007619,Bank of Baroda,866675485921,SBIN298008
ACC006529,CID007620,ICICI Bank,549701054706,SBIN359869
ACC006530,CID007621,ICICI Bank,860293055231,SBIN642479
ACC006531,CID007622,HDFC Bank,935880303571,SBIN978974
ACC006532,CID007623,HDFC Bank,707538358355,SBIN926578
ACC006533,CID007624,ICICI Bank,842673177479,SBIN425827
ACC006534,CID007625,HDFC Bank,875252029716,SBIN638546
ACC006535,CID007626,Canara Bank,537747422671,SBIN660338
ACC006536,CID007629,SBI,990810939767,SBIN479357
ACC006537,CID007630,Bank of Baroda,224088758021,SBIN918663
ACC006538,CID007632,Axis Bank,870372383574,SBIN902580
ACC006539,CID007633,HDFC Bank,895313853095,SBIN708404
ACC006540,CID007634,Bank of Baroda,449697562550,SBIN682833
ACC006541,CID007635,Union Bank,552313063679,SBIN820710
ACC006542,CID007636,Union Bank,254659407054,SBIN714753
ACC006543,CID007637,Bank of Baroda,510765756681,SBIN829296
ACC006544,CID007638,Bank of Baroda,399904404879,SBIN549255
ACC006545,CID007639,Canara Bank,479488604223,SBIN778188
ACC006546,CID007641,Union Bank,726642507720,SBIN595762
ACC006547,CID007642,SBI,575442121552,SBIN179038
ACC006548,CID007643,ICICI Bank,161641841451,SBIN462925
ACC006549,CID007644,Canara Bank,884653407222,SBIN204474
ACC006550,CID007645,HDFC Bank,299571282806,SBIN151009
ACC006551,CID007646,HDFC Bank,297423063583,SBIN866772
ACC006552,CID007647,Canara Bank,500223356577,SBIN523973
ACC006553,CID007648,Bank of Baroda,426204555717,SBIN241829
ACC006554,CID007649,ICICI Bank,181519846569,SBIN313392
ACC006555,CID007650,Axis Bank,865748403799,SBIN644660
ACC006556,CID007651,HDFC Bank,877240680053,SBIN491923
ACC006557,CID007652,Axis Bank,671590677576,SBIN668527
ACC006558,CID007653,ICICI Bank,625273451235,SBIN117604
ACC006559,CID007654,Canara Bank,695921896314,SBIN563030
ACC006560,CID007655,Axis Bank,692276533534,SBIN758796
ACC006561,CID007656,Canara Bank,893051587341,SBIN959250
ACC006562,CID007657,Bank of Baroda,597121735815,SBIN390031
ACC006563,CID007658,ICICI Bank,685346937351,SBIN623684
ACC006564,CID007659,Bank of Baroda,167132045763,SBIN768080
ACC006565,CID007660,Union Bank,316468283182,SBIN342011
ACC006566,CID007661,Canara Bank,713067194432,SBIN586592
ACC006567,CID007662,Bank of Baroda,678404533105,SBIN254770
ACC006568,CID007663,Canara Bank,944426724690,SBIN806386
ACC006569,CID007664,Union Bank,448338617353,SBIN169594
ACC006570,CID007665,HDFC Bank,187145963484,SBIN358051
ACC006571,CID007667,Axis Bank,867142200030,SBIN540423
ACC006572,CID007668,ICICI Bank,882620128588,SBIN676360
ACC006573,CID007669,Axis Bank,372527856411,SBIN515594
ACC006574,CID007670,Union Bank,499961505321,SBIN521140
ACC006575,CID007672,Canara Bank,558532022224,SBIN255031
ACC006576,CID007674,ICICI Bank,403369602393,SBIN294898
ACC006577,CID007676,Bank of Baroda,733360404572,SBIN975793
ACC006578,CID007678,Union Bank,757692173343,SBIN621784
ACC006579,CID007679,Axis Bank,896214888333,SBIN547761
ACC006580,CID007680,Union Bank,825098471033,SBIN451657
ACC006581,CID007681,ICICI Bank,539128444104,SBIN941344
ACC006582,CID007682,Bank of Baroda,366122622170,SBIN163439
ACC006583,CID007683,SBI,693551317930,SBIN502440
ACC006584,CID007684,Union Bank,433902264310,SBIN705615
ACC006585,CID007685,Canara Bank,928033302671,SBIN205750
ACC006586,CID007686,Canara Bank,683415716988,SBIN485069
ACC006587,CID007687,Axis Bank,496391244376,SBIN132728
ACC006588,CID007688,Bank of Baroda,811741836870,SBIN151894
ACC006589,CID007689,HDFC Bank,385638161767,SBIN900558
ACC006590,CID007690,Axis Bank,935446543588,SBIN163423
ACC006591,CID007691,Canara Bank,741341301840,SBIN506470
ACC006592,CID007692,Canara Bank,387674071628,SBIN470521
ACC006593,CID007693,Union Bank,439266469801,SBIN902455
ACC006594,CID007694,Bank of Baroda,915798245474,SBIN503516
ACC006595,CID007695,SBI,901861081304,SBIN107787
ACC006596,CID007696,ICICI Bank,126510863076,SBIN152610
ACC006597,CID007697,HDFC Bank,813436608255,SBIN717444
ACC006598,CID007698,Canara Bank,923434514217,SBIN429372
ACC006599,CID007699,Union Bank,585257063793,SBIN576226
ACC006600,CID007700,Canara Bank,274422458401,SBIN420641
ACC006601,CID007701,ICICI Bank,524980097097,SBIN720556
ACC006602,CID007702,SBI,421143674601,SBIN223489
ACC006603,CID007703,ICICI Bank,265949306436,SBIN264974
ACC006604,CID007704,HDFC Bank,861227916252,SBIN856638
ACC006605,CID007705,Bank of Baroda,960398962964,SBIN753937
ACC006606,CID007707,Bank of Baroda,435139082647,SBIN970511
ACC006607,CID007708,SBI,974166471462,SBIN294006
ACC006608,CID007710,Canara Bank,995283267532,SBIN318090
ACC006609,CID007711,Axis Bank,501605282417,SBIN762696
ACC006610,CID007712,Union Bank,454472728452,SBIN334089
ACC006611,CID007713,Bank of Baroda,293042084361,SBIN447057
ACC006612,CID007714,Union Bank,819598437531,SBIN337546
ACC006613,CID007715,Union Bank,966276862268,SBIN920063
ACC006614,CID007716,HDFC Bank,264759652458,SBIN969357
ACC006615,CID007718,HDFC Bank,284268206213,SBIN839007
ACC006616,CID007719,Canara Bank,287378337781,SBIN738854
ACC006617,CID007721,Canara Bank,619453493745,SBIN743632
ACC006618,CID007722,HDFC Bank,984702992223,SBIN201633
ACC006619,CID007723,HDFC Bank,441581043719,SBIN608634
ACC006620,CID007724,SBI,318132037460,SBIN794758
ACC006621,CID007725,Bank of Baroda,388583805104,SBIN516229
ACC006622,CID007726,Axis Bank,665352676815,SBIN199356
ACC006623,CID007728,Union Bank,483084413985,SBIN159562
ACC006624,CID007729,Canara Bank,463628784399,SBIN515089
ACC006625,CID007730,Axis Bank,956227360556,SBIN494091
ACC006626,CID007731,HDFC Bank,905089368466,SBIN676217
ACC006627,CID007732,Canara Bank,178870713448,SBIN326830
ACC006628,CID007733,Axis Bank,455381642512,SBIN824490
ACC006629,CID007734,Bank of Baroda,929422687346,SBIN716668
ACC006630,CID007735,SBI,532142021013,SBIN815593
ACC006631,CID007736,HDFC Bank,965740656674,SBIN255746
ACC006632,CID007737,Bank of Baroda,321376839280,SBIN596837
ACC006633,CID007738,ICICI Bank,404998391583,SBIN901642
ACC006634,CID007739,ICICI Bank,899964081022,SBIN195587
ACC006635,CID007740,Union Bank,256431096074,SBIN277717
ACC006636,CID007741,ICICI Bank,619898621987,SBIN411965
ACC006637,CID007742,Bank of Baroda,227464819376,SBIN609714
ACC006638,CID007743,HDFC Bank,791825002484,SBIN787298
ACC006639,CID007744,ICICI Bank,609392974992,SBIN634884
ACC006640,CID007745,Canara Bank,664897051185,SBIN911198
ACC006641,CID007746,SBI,681420828935,SBIN756150
ACC006642,CID007747,Union Bank,981696444780,SBIN913227
ACC006643,CID007748,ICICI Bank,663389713166,SBIN688143
ACC006644,CID007749,HDFC Bank,153154221042,SBIN674484
ACC006645,CID007750,Bank of Baroda,624099554668,SBIN297047
ACC006646,CID007751,Bank of Baroda,299169699534,SBIN110894
ACC006647,CID007752,ICICI Bank,777939171077,SBIN790884
ACC006648,CID007753,Bank of Baroda,627543238810,SBIN227314
ACC006649,CID007754,Union Bank,643436729225,SBIN431557
ACC006650,CID007755,Canara Bank,719507491448,SBIN704443
ACC006651,CID007756,Axis Bank,518899625915,SBIN353742
ACC006652,CID007757,SBI,780917383105,SBIN582141
ACC006653,CID007758,Bank of Baroda,265925349846,SBIN754532
ACC006654,CID007759,HDFC Bank,402375570513,SBIN274009
ACC006655,CID007760,Union Bank,548778066605,SBIN400590
ACC006656,CID007761,Axis Bank,905123745959,SBIN790514
ACC006657,CID007762,Union Bank,375600086297,SBIN337092
ACC006658,CID007763,Axis Bank,266553844082,SBIN403123
ACC006659,CID007764,HDFC Bank,406187107082,SBIN560740
ACC006660,CID007766,Union Bank,512281702859,SBIN882861
ACC006661,CID007767,SBI,173266454955,SBIN935773
ACC006662,CID007768,Axis Bank,580678853411,SBIN568186
ACC006663,CID007769,Bank of Baroda,400070097689,SBIN952017
ACC006664,CID007770,SBI,709352172877,SBIN216556
ACC006665,CID007771,Axis Bank,540902996961,SBIN317426
ACC006666,CID007773,ICICI Bank,434710756401,SBIN273828
ACC006667,CID007774,ICICI Bank,596006322115,SBIN781164
ACC006668,CID007775,Union Bank,633496532469,SBIN755457
ACC006669,CID007776,Bank of Baroda,522449913743,SBIN296365
ACC006670,CID007777,Bank of Baroda,143732036261,SBIN352232
ACC006671,CID007778,Canara Bank,343548960567,SBIN318314
ACC006672,CID007779,Canara Bank,341220490432,SBIN798470
ACC006673,CID007780,Axis Bank,183541814209,SBIN517737
ACC006674,CID007781,HDFC Bank,323036687672,SBIN594583
ACC006675,CID007782,SBI,634633799179,SBIN519134
ACC006676,CID007783,Union Bank,839868829390,SBIN315472
ACC006677,CID007784,ICICI Bank,815905953720,SBIN334061
ACC006678,CID007785,SBI,933243197296,SBIN809141
ACC006679,CID007786,Union Bank,751769366654,SBIN170438
ACC006680,CID007787,HDFC Bank,628568494327,SBIN353094
ACC006681,CID007788,SBI,348286053505,SBIN637889
ACC006682,CID007789,SBI,602177709483,SBIN864591
ACC006683,CID007790,Axis Bank,900521865807,SBIN719225
ACC006684,CID007791,Union Bank,973262926897,SBIN205064
ACC006685,CID007792,SBI,152103987091,SBIN621757
ACC006686,CID007793,Canara Bank,443214674562,SBIN499840
ACC006687,CID007794,Union Bank,109034833438,SBIN935094
ACC006688,CID007795,Axis Bank,503762372134,SBIN625923
ACC006689,CID007797,Union Bank,700611173696,SBIN655799
ACC006690,CID007798,Bank of Baroda,712351352906,SBIN584160
ACC006691,CID007799,Bank of Baroda,397200010317,SBIN311813
ACC006692,CID007800,Union Bank,586778023698,SBIN481774
ACC006693,CID007802,Union Bank,794469859013,SBIN667124
ACC006694,CID007803,HDFC Bank,760425741899,SBIN458216
ACC006695,CID007804,HDFC Bank,947812053139,SBIN378818
ACC006696,CID007805,Axis Bank,547111791769,SBIN215127
ACC006697,CID007806,Axis Bank,659383131122,SBIN271772
ACC006698,CID007807,Axis Bank,972766903451,SBIN973615
ACC006699,CID007808,HDFC Bank,834052443435,SBIN318900
ACC006700,CID007809,Canara Bank,954714938076,SBIN407932
ACC006701,CID007810,Canara Bank,859486012985,SBIN472122
ACC006702,CID007811,Canara Bank,527824944130,SBIN591358
ACC006703,CID007812,HDFC Bank,690228672030,SBIN440795
ACC006704,CID007813,SBI,786519654059,SBIN278867
ACC006705,CID007814,HDFC Bank,363993014367,SBIN831268
ACC006706,CID007815,ICICI Bank,324382472914,SBIN661450
ACC006707,CID007816,SBI,947417735836,SBIN730651
ACC006708,CID007817,Canara Bank,112952607330,SBIN384195
ACC006709,CID007818,Canara Bank,791286019663,SBIN677972
ACC006710,CID007819,Canara Bank,323869567590,SBIN553154
ACC006711,CID007820,Canara Bank,724479093820,SBIN697054
ACC006712,CID007821,Axis Bank,211380215510,SBIN908180
ACC006713,CID007822,SBI,390107686245,SBIN574455
ACC006714,CID007823,Canara Bank,609298448302,SBIN656965
ACC006715,CID007824,Axis Bank,667401412956,SBIN478593
ACC006716,CID007825,SBI,801965572151,SBIN635169
ACC006717,CID007826,ICICI Bank,798396198400,SBIN692727
ACC006718,CID007827,HDFC Bank,155854342729,SBIN266870
ACC006719,CID007828,HDFC Bank,150683899534,SBIN760569
ACC006720,CID007829,SBI,466080902759,SBIN832390
ACC006721,CID007830,ICICI Bank,485228098416,SBIN656145
ACC006722,CID007831,Bank of Baroda,449037475039,SBIN829639
ACC006723,CID007832,ICICI Bank,262425826092,SBIN402608
ACC006724,CID007833,Union Bank,935559182470,SBIN565576
ACC006725,CID007835,Bank of Baroda,703942979340,SBIN828877
ACC006726,CID007836,Axis Bank,622606407567,SBIN636811
ACC006727,CID007837,ICICI Bank,271906281099,SBIN936082
ACC006728,CID007839,Axis Bank,242482788055,SBIN286320
ACC006729,CID007841,SBI,846265949211,SBIN102863
ACC006730,CID007842,Canara Bank,826988118759,SBIN177027
ACC006731,CID007843,ICICI Bank,586828665767,SBIN590073
ACC006732,CID007844,Canara Bank,799813235213,SBIN340943
ACC006733,CID007845,Bank of Baroda,913255270906,SBIN492116
ACC006734,CID007846,Axis Bank,821835574560,SBIN426787
ACC006735,CID007847,ICICI Bank,131281643805,SBIN858983
ACC006736,CID007849,HDFC Bank,482222853822,SBIN214221
ACC006737,CID007850,Axis Bank,954728159991,SBIN145510
ACC006738,CID007852,Union Bank,623358496838,SBIN911681
ACC006739,CID007853,Canara Bank,270629808005,SBIN449847
ACC006740,CID007855,Union Bank,358214457778,SBIN714099
ACC006741,CID007856,SBI,201455156426,SBIN275999
ACC006742,CID007857,Bank of Baroda,195794574831,SBIN384762
ACC006743,CID007859,Canara Bank,444848622355,SBIN333430
ACC006744,CID007860,Union Bank,548513096415,SBIN140727
ACC006745,CID007861,HDFC Bank,789521850250,SBIN639508
ACC006746,CID007863,Bank of Baroda,288367166973,SBIN998848
ACC006747,CID007864,Union Bank,391702345083,SBIN832358
ACC006748,CID007865,ICICI Bank,659507343336,SBIN759826
ACC006749,CID007866,Bank of Baroda,134931118698,SBIN864339
ACC006750,CID007867,HDFC Bank,284530188049,SBIN742422
ACC006751,CID007868,ICICI Bank,113957855449,SBIN622972
ACC006752,CID007870,Bank of Baroda,199503748322,SBIN866660
ACC006753,CID007871,HDFC Bank,926426281413,SBIN944183
ACC006754,CID007872,SBI,182150570495,SBIN532742
ACC006755,CID007873,SBI,318469475972,SBIN407814
ACC006756,CID007874,ICICI Bank,936335118739,SBIN519294
ACC006757,CID007875,Axis Bank,229271082503,SBIN590251
ACC006758,CID007876,ICICI Bank,762094337690,SBIN553380
ACC006759,CID007877,Canara Bank,584062259096,SBIN838724
ACC006760,CID007878,Canara Bank,266229052063,SBIN273599
ACC006761,CID007879,HDFC Bank,394130828257,SBIN807057
ACC006762,CID007880,Canara Bank,388269414554,SBIN699163
ACC006763,CID007881,HDFC Bank,705486988968,SBIN320833
ACC006764,CID007882,ICICI Bank,122391101910,SBIN771661
ACC006765,CID007883,Bank of Baroda,942729364986,SBIN662427
ACC006766,CID007884,ICICI Bank,349008211859,SBIN928578
ACC006767,CID007885,HDFC Bank,281478109220,SBIN935600
ACC006768,CID007886,ICICI Bank,628440401786,SBIN994312
ACC006769,CID007887,Canara Bank,910258752019,SBIN897787
ACC006770,CID007889,ICICI Bank,693757889901,SBIN615567
ACC006771,CID007890,HDFC Bank,911345463115,SBIN199601
ACC006772,CID007891,Canara Bank,337686217400,SBIN566583
ACC006773,CID007892,Canara Bank,996681643118,SBIN853926
ACC006774,CID007893,Canara Bank,386922103533,SBIN541268
ACC006775,CID007894,SBI,572270145565,SBIN131900
ACC006776,CID007896,HDFC Bank,860555968373,SBIN674004
ACC006777,CID007898,HDFC Bank,692281881544,SBIN909599
ACC006778,CID007899,Union Bank,475136768742,SBIN768704
ACC006779,CID007901,Union Bank,246150284927,SBIN355500
ACC006780,CID007902,Axis Bank,597639764462,SBIN223904
ACC006781,CID007903,HDFC Bank,301363072361,SBIN357992
ACC006782,CID007904,Canara Bank,146612307614,SBIN844748
ACC006783,CID007905,ICICI Bank,700090252734,SBIN981889
ACC006784,CID007906,Axis Bank,682125628174,SBIN700080
ACC006785,CID007907,Axis Bank,198636120816,SBIN363051
ACC006786,CID007908,Axis Bank,709826511214,SBIN928552
ACC006787,CID007909,Canara Bank,550884206892,SBIN671272
ACC006788,CID007910,HDFC Bank,835218918143,SBIN263755
ACC006789,CID007911,SBI,441843073788,SBIN952446
ACC006790,CID007912,Axis Bank,434895252420,SBIN652869
ACC006791,CID007914,Canara Bank,292833479275,SBIN954063
ACC006792,CID007915,Axis Bank,326935998931,SBIN869089
ACC006793,CID007916,SBI,653126310390,SBIN230338
ACC006794,CID007917,SBI,295297433297,SBIN673338
ACC006795,CID007919,Axis Bank,309204058556,SBIN503188
ACC006796,CID007920,HDFC Bank,569163097293,SBIN423894
ACC006797,CID007921,SBI,360308038566,SBIN142194
ACC006798,CID007922,Union Bank,386270624627,SBIN538580
ACC006799,CID007923,Bank of Baroda,902945560801,SBIN880921
ACC006800,CID007924,ICICI Bank,877536459676,SBIN719804
ACC006801,CID007925,Bank of Baroda,376991127154,SBIN962007
ACC006802,CID007926,Axis Bank,630225877309,SBIN607428
ACC006803,CID007927,Bank of Baroda,482736336480,SBIN268628
ACC006804,CID007928,Bank of Baroda,664017056685,SBIN559646
ACC006805,CID007929,Axis Bank,697346619098,SBIN479985
ACC006806,CID007930,Bank of Baroda,663095588593,SBIN970783
ACC006807,CID007931,ICICI Bank,520006424929,SBIN741470
ACC006808,CID007932,SBI,142156860880,SBIN189431
ACC006809,CID007934,Axis Bank,294430122275,SBIN433039
ACC006810,CID007935,SBI,837187607469,SBIN162367
ACC006811,CID007936,ICICI Bank,266400562627,SBIN529234
ACC006812,CID007937,Bank of Baroda,204790815469,SBIN119244
ACC006813,CID007938,ICICI Bank,117671267624,SBIN864024
ACC006814,CID007939,Union Bank,315845281316,SBIN304829
ACC006815,CID007940,ICICI Bank,219058622464,SBIN890626
ACC006816,CID007941,ICICI Bank,796957661538,SBIN261746
ACC006817,CID007942,Union Bank,156564079302,SBIN494628
ACC006818,CID007943,Canara Bank,561532989345,SBIN523351
ACC006819,CID007944,Axis Bank,690729009820,SBIN300736
ACC006820,CID007945,Canara Bank,983737679460,SBIN113165
ACC006821,CID007947,Canara Bank,247187209822,SBIN600446
ACC006822,CID007948,HDFC Bank,431832735031,SBIN702118
ACC006823,CID007949,HDFC Bank,815032439796,SBIN951463
ACC006824,CID007950,SBI,398656012122,SBIN596457
ACC006825,CID007951,ICICI Bank,689990435355,SBIN602744
ACC006826,CID007952,HDFC Bank,422452889337,SBIN972854
ACC006827,CID007953,Canara Bank,236430063024,SBIN185968
ACC006828,CID007954,Union Bank,743218494654,SBIN279446
ACC006829,CID007955,Axis Bank,982841837862,SBIN477343
ACC006830,CID007956,Union Bank,601188066440,SBIN674027
ACC006831,CID007957,SBI,291930110994,SBIN971819
ACC006832,CID007958,SBI,959074657649,SBIN419986
ACC006833,CID007959,SBI,427224598306,SBIN248390
ACC006834,CID007960,SBI,553737480495,SBIN507088
ACC006835,CID007961,Axis Bank,321272032783,SBIN870803
ACC006836,CID007962,HDFC Bank,112928584001,SBIN357757
ACC006837,CID007963,Bank of Baroda,224238068922,SBIN194533
ACC006838,CID007964,SBI,796413143100,SBIN490355
ACC006839,CID007965,Bank of Baroda,553907997578,SBIN814162
ACC006840,CID007966,Canara Bank,286895356928,SBIN144617
ACC006841,CID007967,ICICI Bank,829707997915,SBIN117073
ACC006842,CID007969,HDFC Bank,722224749552,SBIN516263
ACC006843,CID007970,Canara Bank,138432193143,SBIN797366
ACC006844,CID007971,Bank of Baroda,915025765874,SBIN579236
ACC006845,CID007972,Canara Bank,589877275540,SBIN114146
ACC006846,CID007973,Canara Bank,835524094459,SBIN289117
ACC006847,CID007975,Union Bank,876952137354,SBIN873873
ACC006848,CID007976,Bank of Baroda,262840899391,SBIN751402
ACC006849,CID007977,Axis Bank,277142976943,SBIN285762
ACC006850,CID007978,Union Bank,370469158290,SBIN471567
ACC006851,CID007980,ICICI Bank,850678680302,SBIN691432
ACC006852,CID007981,Canara Bank,816190847880,SBIN786663
ACC006853,CID007982,Union Bank,473614595836,SBIN325844
ACC006854,CID007983,HDFC Bank,609057409302,SBIN316391
ACC006855,CID007985,Canara Bank,289234278797,SBIN793583
ACC006856,CID007987,SBI,562488782962,SBIN201892
ACC006857,CID007989,Union Bank,610743789556,SBIN958921
ACC006858,CID007990,Union Bank,155076539552,SBIN740578
ACC006859,CID007991,Canara Bank,791330692693,SBIN906351
ACC006860,CID007992,Union Bank,586979649164,SBIN314072
ACC006861,CID007993,ICICI Bank,745170490690,SBIN446579
ACC006862,CID007995,Canara Bank,776344983793,SBIN801019
ACC006863,CID007996,Union Bank,857400999131,SBIN251813
ACC006864,CID007997,Union Bank,666738389181,SBIN840951
ACC006865,CID007998,HDFC Bank,664752540605,SBIN642613
ACC006866,CID007999,Bank of Baroda,571265070134,SBIN524828
ACC006867,CID008003,Canara Bank,249698737626,SBIN778862
ACC006868,CID008004,Axis Bank,467017240417,SBIN342454
ACC006869,CID008005,HDFC Bank,901139154062,SBIN488325
ACC006870,CID008006,Union Bank,835466977204,SBIN772933
ACC006871,CID008007,Axis Bank,170752522372,SBIN738713
ACC006872,CID008008,Canara Bank,196776292131,SBIN237638
ACC006873,CID008010,Axis Bank,185612172008,SBIN395217
ACC006874,CID008011,Bank of Baroda,249763043734,SBIN250693
ACC006875,CID008012,SBI,455776340459,SBIN879490
ACC006876,CID008013,SBI,886303022099,SBIN614364
ACC006877,CID008014,HDFC Bank,824015274099,SBIN765409
ACC006878,CID008015,Bank of Baroda,976617960497,SBIN903819
ACC006879,CID008016,Bank of Baroda,943017057871,SBIN922984
ACC006880,CID008017,Union Bank,938186717130,SBIN328378
ACC006881,CID008019,Bank of Baroda,614708255958,SBIN754845
ACC006882,CID008020,Bank of Baroda,208416181315,SBIN141936
ACC006883,CID008021,Canara Bank,741593845172,SBIN971169
ACC006884,CID008022,HDFC Bank,609581706252,SBIN145004
ACC006885,CID008023,HDFC Bank,197616153434,SBIN809228
ACC006886,CID008024,ICICI Bank,971255312940,SBIN704346
ACC006887,CID008025,Union Bank,444192671773,SBIN490706
ACC006888,CID008026,SBI,108434135481,SBIN414900
ACC006889,CID008027,ICICI Bank,786195197927,SBIN644186
ACC006890,CID008029,Union Bank,928750890216,SBIN312595
ACC006891,CID008030,Canara Bank,684581898590,SBIN290777
ACC006892,CID008031,Union Bank,126761233856,SBIN333512
ACC006893,CID008032,ICICI Bank,381939068806,SBIN175903
ACC006894,CID008033,Bank of Baroda,961817591592,SBIN380988
ACC006895,CID008035,HDFC Bank,884725648498,SBIN193090
ACC006896,CID008036,ICICI Bank,683068722055,SBIN115310
ACC006897,CID008037,Canara Bank,734644988453,SBIN350042
ACC006898,CID008039,Canara Bank,454790767411,SBIN725133
ACC006899,CID008040,Canara Bank,604568334038,SBIN885560
ACC006900,CID008041,ICICI Bank,459322199034,SBIN346691
ACC006901,CID008042,Axis Bank,116633691990,SBIN490103
ACC006902,CID008043,Union Bank,789094563413,SBIN411925
ACC006903,CID008044,Bank of Baroda,559922418645,SBIN576196
ACC006904,CID008045,ICICI Bank,716346199941,SBIN401695
ACC006905,CID008047,SBI,883610342196,SBIN381297
ACC006906,CID008048,SBI,351355076920,SBIN186992
ACC006907,CID008049,HDFC Bank,317461673880,SBIN215268
ACC006908,CID008050,Union Bank,367839931410,SBIN409430
ACC006909,CID008051,HDFC Bank,464902334118,SBIN440824
ACC006910,CID008052,Canara Bank,356460220236,SBIN852937
ACC006911,CID008053,Axis Bank,960004075455,SBIN940736
ACC006912,CID008056,SBI,651582788935,SBIN870202
ACC006913,CID008057,SBI,424613625662,SBIN862713
ACC006914,CID008058,Bank of Baroda,491742494160,SBIN730955
ACC006915,CID008059,Bank of Baroda,556895121654,SBIN637360
ACC006916,CID008061,SBI,660043518780,SBIN747671
ACC006917,CID008063,Canara Bank,603216606751,SBIN928271
ACC006918,CID008064,Axis Bank,476306971327,SBIN548599
ACC006919,CID008065,ICICI Bank,239944738631,SBIN416692
ACC006920,CID008067,Axis Bank,603272960319,SBIN598696
ACC006921,CID008069,Union Bank,670260456581,SBIN352425
ACC006922,CID008071,HDFC Bank,863834923893,SBIN440492
ACC006923,CID008072,Bank of Baroda,955717814576,SBIN995729
ACC006924,CID008073,HDFC Bank,727028056944,SBIN448310
ACC006925,CID008074,Union Bank,518258017085,SBIN627599
ACC006926,CID008075,Union Bank,659769337756,SBIN633771
ACC006927,CID008076,Bank of Baroda,935345819561,SBIN282330
ACC006928,CID008077,HDFC Bank,151685383840,SBIN762538
ACC006929,CID008078,ICICI Bank,281388505262,SBIN103828
ACC006930,CID008079,ICICI Bank,807533339298,SBIN860339
ACC006931,CID008080,Bank of Baroda,601695700372,SBIN157877
ACC006932,CID008081,HDFC Bank,223426323653,SBIN458052
ACC006933,CID008082,HDFC Bank,334503444906,SBIN957959
ACC006934,CID008083,ICICI Bank,989220545752,SBIN652318
ACC006935,CID008085,Canara Bank,484821720797,SBIN633548
ACC006936,CID008087,Union Bank,274839559668,SBIN503119
ACC006937,CID008088,ICICI Bank,620961590849,SBIN633158
ACC006938,CID008089,HDFC Bank,827588876600,SBIN626719
ACC006939,CID008090,Union Bank,889859631782,SBIN600514
ACC006940,CID008091,ICICI Bank,636265967811,SBIN366154
ACC006941,CID008092,Axis Bank,675034364046,SBIN621750
ACC006942,CID008093,Canara Bank,874352945492,SBIN250575
ACC006943,CID008094,Axis Bank,599993543582,SBIN744727
ACC006944,CID008095,Union Bank,297509517860,SBIN186468
ACC006945,CID008096,Bank of Baroda,952229948013,SBIN823811
ACC006946,CID008097,Bank of Baroda,940211930948,SBIN733272
ACC006947,CID008098,Axis Bank,701765035617,SBIN118253
ACC006948,CID008099,Canara Bank,802994713705,SBIN309725
ACC006949,CID008100,Axis Bank,520180030032,SBIN566634
ACC006950,CID008101,HDFC Bank,835092517755,SBIN620899
ACC006951,CID008102,Union Bank,838596706585,SBIN330808
ACC006952,CID008103,ICICI Bank,966497957627,SBIN869267
ACC006953,CID008104,SBI,465072565356,SBIN705622
ACC006954,CID008105,Bank of Baroda,104875969632,SBIN687496
ACC006955,CID008106,Bank of Baroda,349538082948,SBIN356508
ACC006956,CID008107,ICICI Bank,982276796405,SBIN640914
ACC006957,CID008108,HDFC Bank,415467844972,SBIN271578
ACC006958,CID008109,ICICI Bank,235345199911,SBIN660282
ACC006959,CID008110,Canara Bank,302826268158,SBIN245549
ACC006960,CID008111,HDFC Bank,466199849569,SBIN544078
ACC006961,CID008112,ICICI Bank,353537464304,SBIN530232
ACC006962,CID008114,ICICI Bank,801636320320,SBIN927744
ACC006963,CID008115,HDFC Bank,137991541373,SBIN346673
ACC006964,CID008116,Union Bank,414647126503,SBIN556696
ACC006965,CID008117,HDFC Bank,698588727996,SBIN722840
ACC006966,CID008118,Canara Bank,900774701204,SBIN889130
ACC006967,CID008119,Bank of Baroda,449151472474,SBIN140637
ACC006968,CID008121,Union Bank,505465275581,SBIN881225
ACC006969,CID008122,Axis Bank,389438034182,SBIN275662
ACC006970,CID008123,Canara Bank,770569443574,SBIN945853
ACC006971,CID008124,Union Bank,776698555456,SBIN845610
ACC006972,CID008126,SBI,255745660667,SBIN871343
ACC006973,CID008127,ICICI Bank,108488868556,SBIN893903
ACC006974,CID008128,Canara Bank,312331125294,SBIN967973
ACC006975,CID008129,Axis Bank,826819098002,SBIN165384
ACC006976,CID008130,HDFC Bank,402935602189,SBIN209459
ACC006977,CID008131,Axis Bank,813516525187,SBIN660392
ACC006978,CID008132,Bank of Baroda,268990931783,SBIN458348
ACC006979,CID008133,Canara Bank,459470442163,SBIN796800
ACC006980,CID008134,Union Bank,342591233475,SBIN867685
ACC006981,CID008137,ICICI Bank,968891851782,SBIN564168
ACC006982,CID008139,Union Bank,499034347088,SBIN135445
ACC006983,CID008140,Bank of Baroda,343879004361,SBIN985197
ACC006984,CID008141,ICICI Bank,608715657883,SBIN381229
ACC006985,CID008142,SBI,256282690288,SBIN835484
ACC006986,CID008143,ICICI Bank,281564714930,SBIN223603
ACC006987,CID008144,Canara Bank,767985791960,SBIN817665
ACC006988,CID008145,Axis Bank,444288076821,SBIN819834
ACC006989,CID008146,HDFC Bank,654532936611,SBIN195884
ACC006990,CID008147,Axis Bank,216812100765,SBIN200779
ACC006991,CID008148,Bank of Baroda,369014035713,SBIN444167
ACC006992,CID008149,ICICI Bank,622859322034,SBIN313985
ACC006993,CID008150,Union Bank,313023339833,SBIN267721
ACC006994,CID008151,Axis Bank,299835432817,SBIN404331
ACC006995,CID008152,SBI,953942765957,SBIN387111
ACC006996,CID008153,Axis Bank,975496273011,SBIN970210
ACC006997,CID008154,Bank of Baroda,545728433355,SBIN374464
ACC006998,CID008155,Union Bank,185126670978,SBIN895376
ACC006999,CID008156,Axis Bank,327440500612,SBIN239350
ACC007000,CID008157,Canara Bank,671577335998,SBIN875078
ACC007001,CID008158,ICICI Bank,863959505092,SBIN601266
ACC007002,CID008159,Canara Bank,514093553740,SBIN413119
ACC007003,CID008160,Axis Bank,146584178367,SBIN520719
ACC007004,CID008162,Bank of Baroda,711064665808,SBIN974669
ACC007005,CID008163,SBI,147706007609,SBIN404466
ACC007006,CID008164,Bank of Baroda,126240135534,SBIN478148
ACC007007,CID008165,Canara Bank,731633295298,SBIN967555
ACC007008,CID008166,ICICI Bank,859709221591,SBIN315383
ACC007009,CID008168,Canara Bank,818959239540,SBIN653706
ACC007010,CID008169,ICICI Bank,698497853710,SBIN685603
ACC007011,CID008171,Axis Bank,821485152479,SBIN777595
ACC007012,CID008172,HDFC Bank,962829418499,SBIN813441
ACC007013,CID008174,SBI,358164026798,SBIN963304
ACC007014,CID008175,SBI,525502058504,SBIN372420
ACC007015,CID008177,ICICI Bank,616156582756,SBIN681984
ACC007016,CID008178,Bank of Baroda,523954146804,SBIN771289
ACC007017,CID008179,Axis Bank,373646730810,SBIN457965
ACC007018,CID008180,HDFC Bank,711693364553,SBIN999254
ACC007019,CID008181,Canara Bank,402611616364,SBIN712694
ACC007020,CID008182,ICICI Bank,658682156893,SBIN914981
ACC007021,CID008183,HDFC Bank,483447485503,SBIN796228
ACC007022,CID008185,Union Bank,975845600054,SBIN850716
ACC007023,CID008186,Union Bank,396816972817,SBIN935264
ACC007024,CID008187,Canara Bank,615870165039,SBIN293650
ACC007025,CID008188,Union Bank,415618130529,SBIN233693
ACC007026,CID008189,Canara Bank,765936086715,SBIN194064
ACC007027,CID008190,HDFC Bank,873677473989,SBIN101525
ACC007028,CID008191,Canara Bank,396977683911,SBIN935019
ACC007029,CID008192,ICICI Bank,391191832597,SBIN137698
ACC007030,CID008193,Canara Bank,684677319928,SBIN425621
ACC007031,CID008194,SBI,542857361937,SBIN519522
ACC007032,CID008195,Axis Bank,485195841180,SBIN775841
ACC007033,CID008196,ICICI Bank,557963538435,SBIN668174
ACC007034,CID008197,Canara Bank,536538515126,SBIN789185
ACC007035,CID008198,Bank of Baroda,301190881012,SBIN685040
ACC007036,CID008199,Axis Bank,835539219103,SBIN506665
ACC007037,CID008201,HDFC Bank,786826832076,SBIN242626
ACC007038,CID008202,Union Bank,587679168734,SBIN989023
ACC007039,CID008203,Axis Bank,959517784971,SBIN491740
ACC007040,CID008204,HDFC Bank,338912929322,SBIN154105
ACC007041,CID008205,ICICI Bank,146301590972,SBIN880554
ACC007042,CID008206,ICICI Bank,512548994204,SBIN554804
ACC007043,CID008207,ICICI Bank,113304865962,SBIN693697
ACC007044,CID008209,Bank of Baroda,446527474758,SBIN456088
ACC007045,CID008210,Union Bank,550813444033,SBIN687941
ACC007046,CID008211,Axis Bank,174402771386,SBIN915512
ACC007047,CID008213,Bank of Baroda,604336199073,SBIN855566
ACC007048,CID008214,Bank of Baroda,636326942273,SBIN564064
ACC007049,CID008216,Axis Bank,688347923059,SBIN197691
ACC007050,CID008217,Union Bank,777772185400,SBIN637591
ACC007051,CID008218,Union Bank,515824507602,SBIN508217
ACC007052,CID008219,Bank of Baroda,750272685880,SBIN865017
ACC007053,CID008220,ICICI Bank,168428976707,SBIN451363
ACC007054,CID008221,Union Bank,145773383227,SBIN130809
ACC007055,CID008222,Union Bank,354228390589,SBIN417386
ACC007056,CID008223,SBI,831693053609,SBIN840277
ACC007057,CID008224,ICICI Bank,545426954585,SBIN471674
ACC007058,CID008225,Union Bank,759090533064,SBIN139679
ACC007059,CID008227,SBI,732936925405,SBIN809973
ACC007060,CID008228,Axis Bank,847293022270,SBIN872062
ACC007061,CID008229,ICICI Bank,639947419450,SBIN199698
ACC007062,CID008230,Union Bank,272125730599,SBIN283449
ACC007063,CID008231,Canara Bank,744479487668,SBIN511777
ACC007064,CID008233,HDFC Bank,243156001378,SBIN315860
ACC007065,CID008234,HDFC Bank,464967056547,SBIN188154
ACC007066,CID008235,Union Bank,915631811138,SBIN101505
ACC007067,CID008236,Union Bank,266547212707,SBIN829209
ACC007068,CID008237,Canara Bank,154128076240,SBIN388203
ACC007069,CID008238,ICICI Bank,343995422689,SBIN314869
ACC007070,CID008239,HDFC Bank,680496720370,SBIN856882
ACC007071,CID008240,HDFC Bank,357003432625,SBIN666824
ACC007072,CID008241,SBI,521703352389,SBIN900629
ACC007073,CID008242,Axis Bank,659022839940,SBIN773078
ACC007074,CID008243,ICICI Bank,731942090369,SBIN369580
ACC007075,CID008244,HDFC Bank,514359198443,SBIN666490
ACC007076,CID008245,SBI,349368767614,SBIN387181
ACC007077,CID008246,HDFC Bank,564926303528,SBIN917351
ACC007078,CID008247,SBI,111966293631,SBIN500909
ACC007079,CID008248,Canara Bank,318054052675,SBIN636462
ACC007080,CID008250,ICICI Bank,568433005204,SBIN984980
ACC007081,CID008251,HDFC Bank,588253770754,SBIN436514
ACC007082,CID008252,Axis Bank,108017135879,SBIN212547
ACC007083,CID008253,Union Bank,866891629355,SBIN443913
ACC007084,CID008254,Canara Bank,264830127150,SBIN105132
ACC007085,CID008255,SBI,772605832297,SBIN604356
ACC007086,CID008256,HDFC Bank,195487165022,SBIN905036
ACC007087,CID008259,Axis Bank,580767763713,SBIN856214
ACC007088,CID008261,Axis Bank,735762920382,SBIN986582
ACC007089,CID008262,Canara Bank,216368024212,SBIN817687
ACC007090,CID008263,Canara Bank,375903834792,SBIN124588
ACC007091,CID008265,Bank of Baroda,618062852111,SBIN541390
ACC007092,CID008266,Union Bank,503108293858,SBIN803803
ACC007093,CID008267,ICICI Bank,825865147210,SBIN828641
ACC007094,CID008268,Bank of Baroda,891224666178,SBIN486190
ACC007095,CID008269,Bank of Baroda,246705698946,SBIN213759
ACC007096,CID008270,Bank of Baroda,552895834972,SBIN746168
ACC007097,CID008271,Canara Bank,140199117212,SBIN465429
ACC007098,CID008272,Union Bank,830623429627,SBIN985500
ACC007099,CID008273,Union Bank,892647281501,SBIN766978
ACC007100,CID008274,Canara Bank,220704724676,SBIN127268
ACC007101,CID008275,HDFC Bank,207356442328,SBIN937895
ACC007102,CID008276,SBI,588177634072,SBIN494766
ACC007103,CID008277,ICICI Bank,226052294702,SBIN766708
ACC007104,CID008278,SBI,261541642851,SBIN235296
ACC007105,CID008279,Bank of Baroda,280372019010,SBIN211227
ACC007106,CID008280,ICICI Bank,330359213859,SBIN526701
ACC007107,CID008281,ICICI Bank,810475874552,SBIN999438
ACC007108,CID008282,Canara Bank,418481252171,SBIN844810
ACC007109,CID008284,Union Bank,476245430983,SBIN567104
ACC007110,CID008285,HDFC Bank,241882489655,SBIN896843
ACC007111,CID008286,HDFC Bank,493647182775,SBIN356474
ACC007112,CID008287,Bank of Baroda,853399365415,SBIN877297
ACC007113,CID008288,Union Bank,927690878874,SBIN982050
ACC007114,CID008289,Axis Bank,940098175111,SBIN819726
ACC007115,CID008291,Axis Bank,772108504536,SBIN812720
ACC007116,CID008292,SBI,353842065795,SBIN847712
ACC007117,CID008293,SBI,765808055282,SBIN537701
ACC007118,CID008294,Bank of Baroda,674818891177,SBIN538898
ACC007119,CID008295,Bank of Baroda,988505775880,SBIN986869
ACC007120,CID008297,HDFC Bank,101443502828,SBIN484160
ACC007121,CID008299,Union Bank,691728784408,SBIN499056
ACC007122,CID008300,Axis Bank,664327040172,SBIN661575
ACC007123,CID008301,ICICI Bank,844113854978,SBIN755240
ACC007124,CID008302,Bank of Baroda,961544272622,SBIN660995
ACC007125,CID008303,Union Bank,841733747098,SBIN886330
ACC007126,CID008304,Bank of Baroda,323398029038,SBIN539091
ACC007127,CID008305,ICICI Bank,959953391526,SBIN623543
ACC007128,CID008306,Bank of Baroda,465511004227,SBIN784304
ACC007129,CID008307,SBI,578488381667,SBIN272614
ACC007130,CID008308,Bank of Baroda,445561769200,SBIN751125
ACC007131,CID008309,SBI,808290614580,SBIN393642
ACC007132,CID008310,Axis Bank,704114561645,SBIN444547
ACC007133,CID008312,Axis Bank,418693985716,SBIN518488
ACC007134,CID008313,Union Bank,772265331519,SBIN821487
ACC007135,CID008314,SBI,245649961531,SBIN596273
ACC007136,CID008315,Union Bank,291654848251,SBIN850544
ACC007137,CID008316,HDFC Bank,975373572388,SBIN619926
ACC007138,CID008317,Axis Bank,739996710424,SBIN569074
ACC007139,CID008318,HDFC Bank,669687707999,SBIN410738
ACC007140,CID008319,ICICI Bank,437396943479,SBIN885428
ACC007141,CID008320,Canara Bank,956482562188,SBIN466051
ACC007142,CID008321,SBI,927237093857,SBIN885730
ACC007143,CID008322,Canara Bank,122367256519,SBIN550807
ACC007144,CID008323,ICICI Bank,569545510026,SBIN926254
ACC007145,CID008324,ICICI Bank,433890661987,SBIN124472
ACC007146,CID008326,ICICI Bank,251120426297,SBIN531528
ACC007147,CID008328,HDFC Bank,721981176632,SBIN570185
ACC007148,CID008329,SBI,961830393726,SBIN349562
ACC007149,CID008330,HDFC Bank,754858294357,SBIN942169
ACC007150,CID008331,HDFC Bank,125515926479,SBIN888946
ACC007151,CID008332,ICICI Bank,405208316433,SBIN930416
ACC007152,CID008333,Union Bank,684323686392,SBIN640490
ACC007153,CID008334,Canara Bank,205504306987,SBIN373049
ACC007154,CID008335,ICICI Bank,564396312360,SBIN453465
ACC007155,CID008336,SBI,248420452238,SBIN735023
ACC007156,CID008337,Axis Bank,876782076061,SBIN455454
ACC007157,CID008338,Union Bank,176886256058,SBIN790188
ACC007158,CID008340,Union Bank,645799456504,SBIN970032
ACC007159,CID008341,HDFC Bank,417684535572,SBIN506320
ACC007160,CID008342,Axis Bank,198548681486,SBIN324951
ACC007161,CID008344,Union Bank,545108223236,SBIN551897
ACC007162,CID008345,HDFC Bank,497813673170,SBIN448808
ACC007163,CID008347,HDFC Bank,102775657556,SBIN636828
ACC007164,CID008348,ICICI Bank,664317046635,SBIN700090
ACC007165,CID008349,Axis Bank,559428083587,SBIN110934
ACC007166,CID008350,Canara Bank,817297084025,SBIN266332
ACC007167,CID008351,Bank of Baroda,751253376965,SBIN966434
ACC007168,CID008352,Axis Bank,939757646710,SBIN608063
ACC007169,CID008353,Axis Bank,426746178796,SBIN584189
ACC007170,CID008354,Union Bank,367137720698,SBIN615420
ACC007171,CID008355,SBI,574192462775,SBIN737530
ACC007172,CID008356,Axis Bank,300123638387,SBIN170674
ACC007173,CID008357,Axis Bank,851952178065,SBIN646994
ACC007174,CID008358,SBI,769936231958,SBIN457602
ACC007175,CID008360,SBI,984382013180,SBIN505601
ACC007176,CID008362,Axis Bank,563013191908,SBIN193672
ACC007177,CID008363,Canara Bank,210632752449,SBIN845270
ACC007178,CID008364,HDFC Bank,670606327829,SBIN700357
ACC007179,CID008365,Canara Bank,514641076635,SBIN837482
ACC007180,CID008366,ICICI Bank,600378382940,SBIN818670
ACC007181,CID008367,Canara Bank,687665058778,SBIN103120
ACC007182,CID008368,Canara Bank,253579287777,SBIN870708
ACC007183,CID008369,Axis Bank,889078242229,SBIN186406
ACC007184,CID008370,HDFC Bank,962991166407,SBIN613069
ACC007185,CID008371,HDFC Bank,944839019347,SBIN399840
ACC007186,CID008372,Bank of Baroda,592946711916,SBIN446538
ACC007187,CID008373,SBI,924952976312,SBIN832464
ACC007188,CID008374,Axis Bank,131742282758,SBIN656047
ACC007189,CID008375,Union Bank,654300268433,SBIN439191
ACC007190,CID008377,Axis Bank,233810115734,SBIN834590
ACC007191,CID008378,Bank of Baroda,363896938175,SBIN146142
ACC007192,CID008379,SBI,750908476114,SBIN898350
ACC007193,CID008380,HDFC Bank,268379736803,SBIN419157
ACC007194,CID008381,Union Bank,493489176734,SBIN784081
ACC007195,CID008382,Bank of Baroda,954868013371,SBIN112012
ACC007196,CID008383,Bank of Baroda,486189684359,SBIN888261
ACC007197,CID008384,HDFC Bank,392941863732,SBIN984163
ACC007198,CID008385,Union Bank,579850636841,SBIN888060
ACC007199,CID008386,SBI,331744458095,SBIN911939
ACC007200,CID008388,Axis Bank,467125080300,SBIN813891
ACC007201,CID008389,HDFC Bank,438411611493,SBIN240787
ACC007202,CID008390,HDFC Bank,111214807904,SBIN183983
ACC007203,CID008391,HDFC Bank,866158460986,SBIN739184
ACC007204,CID008392,Union Bank,907099335595,SBIN674104
ACC007205,CID008393,Axis Bank,491984768312,SBIN465549
ACC007206,CID008394,Bank of Baroda,832279583535,SBIN720081
ACC007207,CID008395,Union Bank,693596917143,SBIN196952
ACC007208,CID008396,SBI,257256911753,SBIN949649
ACC007209,CID008397,SBI,769403594163,SBIN797493
ACC007210,CID008398,Axis Bank,983919825276,SBIN820679
ACC007211,CID008399,Axis Bank,369597239995,SBIN322364
ACC007212,CID008400,HDFC Bank,150954227252,SBIN224590
ACC007213,CID008401,Axis Bank,991760566871,SBIN643473
ACC007214,CID008402,Union Bank,952119337187,SBIN187742
ACC007215,CID008403,Union Bank,471697940920,SBIN767048
ACC007216,CID008404,Bank of Baroda,362697464907,SBIN240199
ACC007217,CID008405,Canara Bank,484097301816,SBIN679414
ACC007218,CID008406,Axis Bank,332139652904,SBIN888566
ACC007219,CID008407,Union Bank,395489202076,SBIN384025
ACC007220,CID008408,Canara Bank,522829805133,SBIN365293
ACC007221,CID008409,HDFC Bank,132023924178,SBIN398797
ACC007222,CID008410,Union Bank,636472542518,SBIN858539
ACC007223,CID008411,ICICI Bank,768027191977,SBIN503360
ACC007224,CID008412,SBI,328172330015,SBIN720019
ACC007225,CID008413,Union Bank,411960812783,SBIN339491
ACC007226,CID008414,Canara Bank,605745598209,SBIN157137
ACC007227,CID008415,SBI,654211286734,SBIN987435
ACC007228,CID008416,SBI,576337389450,SBIN595445
ACC007229,CID008417,HDFC Bank,644385708501,SBIN222215
ACC007230,CID008418,Union Bank,885103008882,SBIN319619
ACC007231,CID008419,SBI,515076333346,SBIN168117
ACC007232,CID008420,Bank of Baroda,866852887368,SBIN894241
ACC007233,CID008421,ICICI Bank,974325141975,SBIN932998
ACC007234,CID008422,SBI,616128631534,SBIN172948
ACC007235,CID008423,Union Bank,944484013595,SBIN645830
ACC007236,CID008425,Union Bank,557362181855,SBIN844478
ACC007237,CID008426,SBI,956693485781,SBIN980150
ACC007238,CID008429,HDFC Bank,670667767529,SBIN555778
ACC007239,CID008430,Canara Bank,796228989314,SBIN810033
ACC007240,CID008432,SBI,963278207505,SBIN349619
ACC007241,CID008433,SBI,695006070591,SBIN455072
ACC007242,CID008434,ICICI Bank,942657451647,SBIN274273
ACC007243,CID008435,SBI,453398758364,SBIN763299
ACC007244,CID008437,HDFC Bank,688172464419,SBIN747189
ACC007245,CID008438,ICICI Bank,754441488205,SBIN560196
ACC007246,CID008439,Axis Bank,670119562805,SBIN814661
ACC007247,CID008440,Union Bank,534116905087,SBIN674197
ACC007248,CID008441,HDFC Bank,690578074078,SBIN359677
ACC007249,CID008442,HDFC Bank,864076073171,SBIN863813
ACC007250,CID008443,ICICI Bank,398411602012,SBIN612227
ACC007251,CID008444,Bank of Baroda,599311007203,SBIN372027
ACC007252,CID008446,HDFC Bank,392129521250,SBIN833347
ACC007253,CID008447,Bank of Baroda,203006405758,SBIN477446
ACC007254,CID008448,Bank of Baroda,657117902317,SBIN615654
ACC007255,CID008449,ICICI Bank,131717326967,SBIN123547
ACC007256,CID008450,ICICI Bank,841777180196,SBIN123878
ACC007257,CID008451,SBI,343968843872,SBIN573648
ACC007258,CID008452,Canara Bank,288320348111,SBIN723021
ACC007259,CID008454,Union Bank,821527206879,SBIN116624
ACC007260,CID008456,Union Bank,103369771198,SBIN902279
ACC007261,CID008457,SBI,541352323772,SBIN389678
ACC007262,CID008458,ICICI Bank,795835858370,SBIN489684
ACC007263,CID008459,Axis Bank,598611864063,SBIN278135
ACC007264,CID008460,HDFC Bank,548777217837,SBIN528005
ACC007265,CID008462,Union Bank,882055989019,SBIN995646
ACC007266,CID008463,SBI,421769200615,SBIN507537
ACC007267,CID008464,Union Bank,337069448563,SBIN105519
ACC007268,CID008465,Canara Bank,569567081113,SBIN589627
ACC007269,CID008466,Canara Bank,554501561640,SBIN249099
ACC007270,CID008467,SBI,572145702385,SBIN398703
ACC007271,CID008468,Bank of Baroda,826277826735,SBIN174655
ACC007272,CID008469,ICICI Bank,422817589736,SBIN875472
ACC007273,CID008470,Union Bank,875177593607,SBIN834380
ACC007274,CID008471,SBI,500950867910,SBIN298391
ACC007275,CID008472,Axis Bank,876741637535,SBIN384566
ACC007276,CID008473,Union Bank,201280920784,SBIN454501
ACC007277,CID008475,ICICI Bank,596810125123,SBIN669723
ACC007278,CID008476,SBI,640466354799,SBIN748279
ACC007279,CID008477,Bank of Baroda,483690621313,SBIN316731
ACC007280,CID008478,SBI,951469721285,SBIN916110
ACC007281,CID008479,SBI,136395162498,SBIN398463
ACC007282,CID008480,HDFC Bank,498978972118,SBIN636026
ACC007283,CID008482,HDFC Bank,677297250431,SBIN550293
ACC007284,CID008483,SBI,172960349404,SBIN446512
ACC007285,CID008484,Bank of Baroda,277319663824,SBIN556635
ACC007286,CID008488,SBI,970201234402,SBIN551396
ACC007287,CID008489,SBI,281764434308,SBIN470451
ACC007288,CID008490,SBI,126382199960,SBIN352151
ACC007289,CID008491,Axis Bank,277636456250,SBIN787727
ACC007290,CID008492,Union Bank,710594194107,SBIN249606
ACC007291,CID008493,HDFC Bank,214051399302,SBIN806888
ACC007292,CID008494,HDFC Bank,963778221503,SBIN621315
ACC007293,CID008495,Axis Bank,225095345285,SBIN304479
ACC007294,CID008496,Canara Bank,576281888139,SBIN134548
ACC007295,CID008497,Canara Bank,589255875173,SBIN782513
ACC007296,CID008498,Axis Bank,954801149099,SBIN178210
ACC007297,CID008499,SBI,813053840602,SBIN841121
ACC007298,CID008500,ICICI Bank,489163064482,SBIN252234
ACC007299,CID008501,Canara Bank,134148391894,SBIN135664
ACC007300,CID008502,HDFC Bank,754920466942,SBIN776589
ACC007301,CID008504,SBI,147439454839,SBIN886184
ACC007302,CID008505,Canara Bank,808536763941,SBIN107320
ACC007303,CID008506,Canara Bank,138135557177,SBIN569128
ACC007304,CID008507,ICICI Bank,927124927928,SBIN447071
ACC007305,CID008508,Union Bank,690769666547,SBIN640693
ACC007306,CID008509,ICICI Bank,432335984559,SBIN567920
ACC007307,CID008510,SBI,922500000795,SBIN565082
ACC007308,CID008511,SBI,973611089381,SBIN927689
ACC007309,CID008512,Bank of Baroda,921745501398,SBIN182819
ACC007310,CID008513,Axis Bank,300181929392,SBIN288453
ACC007311,CID008514,HDFC Bank,222455373716,SBIN219463
ACC007312,CID008516,HDFC Bank,697153883975,SBIN169695
ACC007313,CID008517,SBI,777149210751,SBIN939798
ACC007314,CID008518,ICICI Bank,103565246389,SBIN900498
ACC007315,CID008519,HDFC Bank,798309860778,SBIN540648
ACC007316,CID008520,Union Bank,785037870329,SBIN382700
ACC007317,CID008521,Union Bank,653483258418,SBIN734807
ACC007318,CID008524,HDFC Bank,549345712659,SBIN260146
ACC007319,CID008525,HDFC Bank,716385589230,SBIN285912
ACC007320,CID008526,Union Bank,761365807434,SBIN300453
ACC007321,CID008527,ICICI Bank,847991235313,SBIN261152
ACC007322,CID008528,SBI,316204196814,SBIN779880
ACC007323,CID008529,Bank of Baroda,535212942986,SBIN559367
ACC007324,CID008530,HDFC Bank,572764327240,SBIN690021
ACC007325,CID008531,HDFC Bank,335340324956,SBIN573397
ACC007326,CID008533,ICICI Bank,362099352400,SBIN821624
ACC007327,CID008534,ICICI Bank,923564449042,SBIN243743
ACC007328,CID008535,ICICI Bank,464286830690,SBIN346955
ACC007329,CID008536,Canara Bank,111988877401,SBIN858300
ACC007330,CID008537,ICICI Bank,556254184988,SBIN337499
ACC007331,CID008538,HDFC Bank,307358141271,SBIN346688
ACC007332,CID008539,Canara Bank,942982177180,SBIN694359
ACC007333,CID008540,ICICI Bank,390605152148,SBIN982582
ACC007334,CID008541,ICICI Bank,716166973583,SBIN539351
ACC007335,CID008542,HDFC Bank,324110920285,SBIN643643
ACC007336,CID008544,Bank of Baroda,896093230198,SBIN381222
ACC007337,CID008545,Bank of Baroda,876570768354,SBIN525539
ACC007338,CID008547,Union Bank,207975950819,SBIN732213
ACC007339,CID008549,Canara Bank,716495625069,SBIN220160
ACC007340,CID008550,Bank of Baroda,877560574315,SBIN494478
ACC007341,CID008551,SBI,426172633741,SBIN752132
ACC007342,CID008552,ICICI Bank,222983158693,SBIN770772
ACC007343,CID008553,Bank of Baroda,247903979292,SBIN945013
ACC007344,CID008554,ICICI Bank,958796749499,SBIN672668
ACC007345,CID008557,Union Bank,459103543685,SBIN103265
ACC007346,CID008558,HDFC Bank,782388786930,SBIN532685
ACC007347,CID008559,Axis Bank,354807205934,SBIN557577
ACC007348,CID008560,Axis Bank,244944788383,SBIN340925
ACC007349,CID008561,HDFC Bank,528532293482,SBIN254249
ACC007350,CID008562,HDFC Bank,802019187013,SBIN180437
ACC007351,CID008564,ICICI Bank,523814931685,SBIN265054
ACC007352,CID008565,Canara Bank,145779721750,SBIN810057
ACC007353,CID008566,Canara Bank,388108519186,SBIN261385
ACC007354,CID008567,Bank of Baroda,675013403515,SBIN972289
ACC007355,CID008568,Union Bank,265363786463,SBIN145340
ACC007356,CID008571,Axis Bank,544612134279,SBIN675807
ACC007357,CID008572,SBI,916715935136,SBIN738925
ACC007358,CID008574,Axis Bank,729002402366,SBIN697868
ACC007359,CID008575,HDFC Bank,287227128252,SBIN926220
ACC007360,CID008577,Union Bank,537071636943,SBIN643129
ACC007361,CID008579,Union Bank,117162832227,SBIN350250
ACC007362,CID008580,Axis Bank,838711384781,SBIN970985
ACC007363,CID008581,Axis Bank,193252994996,SBIN735397
ACC007364,CID008582,SBI,650559896144,SBIN563279
ACC007365,CID008583,HDFC Bank,111812503586,SBIN154261
ACC007366,CID008584,SBI,282747673693,SBIN748542
ACC007367,CID008587,Axis Bank,875047451072,SBIN926369
ACC007368,CID008588,SBI,176226953386,SBIN153639
ACC007369,CID008589,Axis Bank,245294895057,SBIN280242
ACC007370,CID008590,Bank of Baroda,810500739845,SBIN220817
ACC007371,CID008591,HDFC Bank,192938212896,SBIN459821
ACC007372,CID008594,Canara Bank,563197517555,SBIN535104
ACC007373,CID008595,Canara Bank,561547972974,SBIN991992
ACC007374,CID008596,SBI,217891539650,SBIN721204
ACC007375,CID008597,Bank of Baroda,902682352773,SBIN629551
ACC007376,CID008598,ICICI Bank,662077214304,SBIN674272
ACC007377,CID008599,Canara Bank,945811131476,SBIN189196
ACC007378,CID008601,HDFC Bank,674135249949,SBIN568641
ACC007379,CID008602,Bank of Baroda,767349808298,SBIN336329
ACC007380,CID008603,Axis Bank,413395074884,SBIN689040
ACC007381,CID008604,Axis Bank,862474630191,SBIN104341
ACC007382,CID008605,Axis Bank,822398315835,SBIN340204
ACC007383,CID008606,Canara Bank,353436807050,SBIN667917
ACC007384,CID008607,HDFC Bank,584175367241,SBIN885085
ACC007385,CID008608,Bank of Baroda,374818748029,SBIN674273
ACC007386,CID008609,Canara Bank,747624145927,SBIN770188
ACC007387,CID008610,Union Bank,317824770943,SBIN398169
ACC007388,CID008611,Canara Bank,870680668361,SBIN789395
ACC007389,CID008612,Union Bank,559125519946,SBIN474444
ACC007390,CID008613,SBI,161792613045,SBIN491729
ACC007391,CID008614,Union Bank,272475435204,SBIN375848
ACC007392,CID008616,HDFC Bank,415543291921,SBIN366954
ACC007393,CID008617,HDFC Bank,316241505345,SBIN713616
ACC007394,CID008619,Bank of Baroda,144861296020,SBIN471554
ACC007395,CID008620,ICICI Bank,520160885868,SBIN925027
ACC007396,CID008621,Axis Bank,653031251574,SBIN187505
ACC007397,CID008622,ICICI Bank,634005908131,SBIN800178
ACC007398,CID008623,Bank of Baroda,709266381033,SBIN345631
ACC007399,CID008624,Axis Bank,216866409650,SBIN446997
ACC007400,CID008625,ICICI Bank,218739311702,SBIN229898
ACC007401,CID008627,Axis Bank,106514099211,SBIN414267
ACC007402,CID008629,Bank of Baroda,955022041425,SBIN508512
ACC007403,CID008630,ICICI Bank,512478826234,SBIN162727
ACC007404,CID008631,Bank of Baroda,344155619098,SBIN948071
ACC007405,CID008632,Union Bank,987636296144,SBIN229232
ACC007406,CID008633,SBI,974974340749,SBIN736983
ACC007407,CID008636,Canara Bank,254996430862,SBIN817938
ACC007408,CID008637,Canara Bank,479217527211,SBIN459613
ACC007409,CID008638,Canara Bank,646915875023,SBIN360669
ACC007410,CID008640,Canara Bank,972639352380,SBIN810828
ACC007411,CID008641,HDFC Bank,655500325973,SBIN225759
ACC007412,CID008642,HDFC Bank,365118738425,SBIN529777
ACC007413,CID008645,SBI,581273750933,SBIN366561
ACC007414,CID008646,Canara Bank,362827911816,SBIN276663
ACC007415,CID008647,Union Bank,109736676993,SBIN512950
ACC007416,CID008648,SBI,102722159400,SBIN739236
ACC007417,CID008651,HDFC Bank,394372894872,SBIN893435
ACC007418,CID008652,ICICI Bank,812676737398,SBIN505622
ACC007419,CID008653,SBI,517667210576,SBIN370846
ACC007420,CID008654,HDFC Bank,685221167458,SBIN398655
ACC007421,CID008655,HDFC Bank,713281372236,SBIN839954
ACC007422,CID008657,Axis Bank,902882164611,SBIN885832
ACC007423,CID008658,Bank of Baroda,832527159619,SBIN933968
ACC007424,CID008659,Union Bank,111609702811,SBIN457272
ACC007425,CID008660,Bank of Baroda,161693386805,SBIN921976
ACC007426,CID008661,SBI,704705385192,SBIN278562
ACC007427,CID008662,Canara Bank,563942610462,SBIN331604
ACC007428,CID008664,ICICI Bank,989901051620,SBIN124498
ACC007429,CID008665,ICICI Bank,212987587817,SBIN147066
ACC007430,CID008666,Bank of Baroda,835488843881,SBIN766447
ACC007431,CID008667,Union Bank,280007839388,SBIN515175
ACC007432,CID008668,HDFC Bank,167963913858,SBIN996393
ACC007433,CID008669,Canara Bank,264087218942,SBIN687481
ACC007434,CID008670,Union Bank,623725794491,SBIN206511
ACC007435,CID008671,Bank of Baroda,495553937102,SBIN396563
ACC007436,CID008672,SBI,410440764220,SBIN869879
ACC007437,CID008673,Bank of Baroda,395322986620,SBIN321810
ACC007438,CID008674,Union Bank,543329560598,SBIN760976
ACC007439,CID008675,Bank of Baroda,464707454565,SBIN696313
ACC007440,CID008676,Union Bank,654649875018,SBIN617342
ACC007441,CID008677,Union Bank,780820288812,SBIN118757
ACC007442,CID008678,Bank of Baroda,286594236514,SBIN712792
ACC007443,CID008679,Axis Bank,240442285155,SBIN705968
ACC007444,CID008681,SBI,249711591561,SBIN834793
ACC007445,CID008684,Canara Bank,792711998865,SBIN461962
ACC007446,CID008685,Bank of Baroda,227291874127,SBIN194498
ACC007447,CID008686,Axis Bank,926666967244,SBIN121742
ACC007448,CID008687,Canara Bank,745810846982,SBIN520264
ACC007449,CID008688,Axis Bank,912764269075,SBIN383912
ACC007450,CID008689,Axis Bank,765928400408,SBIN555159
ACC007451,CID008690,ICICI Bank,578469133995,SBIN880148
ACC007452,CID008691,Bank of Baroda,790118398778,SBIN610649
ACC007453,CID008692,Canara Bank,945874154598,SBIN465889
ACC007454,CID008693,Axis Bank,460317407663,SBIN420960
ACC007455,CID008694,SBI,449470508365,SBIN147851
ACC007456,CID008695,Canara Bank,281059594746,SBIN125971
ACC007457,CID008696,Union Bank,216582045296,SBIN467429
ACC007458,CID008697,Bank of Baroda,289916107349,SBIN785768
ACC007459,CID008699,Union Bank,716461098175,SBIN371032
ACC007460,CID008701,ICICI Bank,207574299035,SBIN644450
ACC007461,CID008702,HDFC Bank,416753117485,SBIN763324
ACC007462,CID008703,HDFC Bank,615532111542,SBIN199604
ACC007463,CID008704,Axis Bank,850701383232,SBIN265421
ACC007464,CID008705,Union Bank,497323315294,SBIN114685
ACC007465,CID008707,SBI,900891761787,SBIN670732
ACC007466,CID008708,Bank of Baroda,239721029071,SBIN187142
ACC007467,CID008709,SBI,376337504512,SBIN781295
ACC007468,CID008710,HDFC Bank,572107927819,SBIN886416
ACC007469,CID008711,SBI,528783453674,SBIN709608
ACC007470,CID008712,Axis Bank,401221759201,SBIN874663
ACC007471,CID008713,Bank of Baroda,756902450832,SBIN884864
ACC007472,CID008714,Union Bank,535829751144,SBIN487428
ACC007473,CID008715,Axis Bank,293214950509,SBIN730781
ACC007474,CID008716,Canara Bank,923152168068,SBIN758208
ACC007475,CID008717,Bank of Baroda,986252500445,SBIN180500
ACC007476,CID008718,SBI,726483430541,SBIN161152
ACC007477,CID008719,Union Bank,994055906778,SBIN206216
ACC007478,CID008720,Axis Bank,409879640699,SBIN814820
ACC007479,CID008721,Bank of Baroda,183538324101,SBIN372354
ACC007480,CID008722,ICICI Bank,842757871197,SBIN948113
ACC007481,CID008723,Bank of Baroda,748582588899,SBIN149329
ACC007482,CID008724,Union Bank,921262550172,SBIN425636
ACC007483,CID008725,Canara Bank,248332952456,SBIN158291
ACC007484,CID008726,Axis Bank,520031921181,SBIN182451
ACC007485,CID008727,ICICI Bank,502544514109,SBIN906990
ACC007486,CID008728,Canara Bank,213720316976,SBIN486390
ACC007487,CID008729,SBI,303509364788,SBIN111297
ACC007488,CID008730,Bank of Baroda,773924686852,SBIN441128
ACC007489,CID008732,Union Bank,733728589428,SBIN318937
ACC007490,CID008733,ICICI Bank,863583968258,SBIN864350
ACC007491,CID008734,Union Bank,640903805917,SBIN825062
ACC007492,CID008735,Canara Bank,700752267125,SBIN297377
ACC007493,CID008736,Bank of Baroda,369845504404,SBIN690539
ACC007494,CID008737,Canara Bank,714118687776,SBIN123611
ACC007495,CID008738,SBI,581483460573,SBIN856399
ACC007496,CID008740,SBI,123280362474,SBIN740800
ACC007497,CID008741,HDFC Bank,956756583903,SBIN378929
ACC007498,CID008742,Axis Bank,925404345871,SBIN555121
ACC007499,CID008743,Axis Bank,581613462597,SBIN497241
ACC007500,CID008744,Union Bank,723607808276,SBIN954211
ACC007501,CID008746,Union Bank,238214587767,SBIN918014
ACC007502,CID008747,Axis Bank,293695293865,SBIN608195
ACC007503,CID008748,HDFC Bank,990142109481,SBIN895674
ACC007504,CID008750,Bank of Baroda,227558999908,SBIN781908
ACC007505,CID008751,HDFC Bank,327520621518,SBIN411541
ACC007506,CID008752,Axis Bank,714461515914,SBIN913890
ACC007507,CID008755,Bank of Baroda,429853581355,SBIN807336
ACC007508,CID008756,ICICI Bank,277296960546,SBIN620870
ACC007509,CID008757,SBI,883863161141,SBIN589124
ACC007510,CID008758,Union Bank,689970851029,SBIN743178
ACC007511,CID008759,Union Bank,712969169279,SBIN997786
ACC007512,CID008760,HDFC Bank,977972183712,SBIN500948
ACC007513,CID008761,HDFC Bank,583208282228,SBIN857937
ACC007514,CID008762,Bank of Baroda,513796628321,SBIN427023
ACC007515,CID008763,ICICI Bank,780496571115,SBIN598498
ACC007516,CID008764,SBI,752114435979,SBIN949463
ACC007517,CID008765,ICICI Bank,811461040105,SBIN830438
ACC007518,CID008766,Canara Bank,397313622934,SBIN548843
ACC007519,CID008767,ICICI Bank,107583702444,SBIN754232
ACC007520,CID008768,Union Bank,923226232134,SBIN359911
ACC007521,CID008769,Bank of Baroda,263152646162,SBIN936253
ACC007522,CID008770,ICICI Bank,959631219766,SBIN268660
ACC007523,CID008771,Union Bank,827293896402,SBIN327847
ACC007524,CID008772,Union Bank,569172723783,SBIN409494
ACC007525,CID008775,Canara Bank,101647802451,SBIN862758
ACC007526,CID008779,Axis Bank,987666946274,SBIN611012
ACC007527,CID008780,HDFC Bank,310822714079,SBIN521044
ACC007528,CID008781,SBI,399681340309,SBIN252377
ACC007529,CID008782,ICICI Bank,898478185211,SBIN487153
ACC007530,CID008783,Union Bank,798980729942,SBIN927007
ACC007531,CID008784,HDFC Bank,654166497306,SBIN514630
ACC007532,CID008785,Axis Bank,640786028638,SBIN973758
ACC007533,CID008786,HDFC Bank,768903628893,SBIN963716
ACC007534,CID008787,SBI,429461092663,SBIN958420
ACC007535,CID008789,Canara Bank,183826850463,SBIN884723
ACC007536,CID008790,Bank of Baroda,375533829437,SBIN281519
ACC007537,CID008791,Union Bank,485818758562,SBIN541901
ACC007538,CID008792,Axis Bank,100615702115,SBIN983608
ACC007539,CID008793,Canara Bank,484492096897,SBIN162781
ACC007540,CID008794,Canara Bank,754306399956,SBIN195556
ACC007541,CID008795,ICICI Bank,726087289950,SBIN164893
ACC007542,CID008796,HDFC Bank,323540507392,SBIN237536
ACC007543,CID008797,Canara Bank,690827018661,SBIN301417
ACC007544,CID008799,Canara Bank,762765731904,SBIN645283
ACC007545,CID008800,HDFC Bank,330025047667,SBIN750968
ACC007546,CID008801,HDFC Bank,683410799866,SBIN521589
ACC007547,CID008802,SBI,852284717032,SBIN965838
ACC007548,CID008803,Union Bank,500333449789,SBIN993103
ACC007549,CID008804,Union Bank,995017800572,SBIN978158
ACC007550,CID008805,HDFC Bank,120649077358,SBIN529161
ACC007551,CID008806,Union Bank,748938992142,SBIN835328
ACC007552,CID008807,Canara Bank,104119848209,SBIN691723
ACC007553,CID008808,ICICI Bank,383379375109,SBIN932679
ACC007554,CID008809,Canara Bank,458614568524,SBIN155086
ACC007555,CID008810,ICICI Bank,310708214702,SBIN828648
ACC007556,CID008811,Union Bank,754382561610,SBIN949917
ACC007557,CID008812,ICICI Bank,723850374624,SBIN391768
ACC007558,CID008814,ICICI Bank,993204601685,SBIN896577
ACC007559,CID008816,SBI,503586809350,SBIN462166
ACC007560,CID008818,Axis Bank,625418037193,SBIN624895
ACC007561,CID008819,Axis Bank,587806698339,SBIN382308
ACC007562,CID008821,Union Bank,579687328611,SBIN369916
ACC007563,CID008822,Union Bank,915424614105,SBIN694952
ACC007564,CID008823,Bank of Baroda,902654826788,SBIN659853
ACC007565,CID008824,Bank of Baroda,804097951344,SBIN345832
ACC007566,CID008825,ICICI Bank,385048873616,SBIN469485
ACC007567,CID008826,Axis Bank,692266609632,SBIN537991
ACC007568,CID008827,HDFC Bank,688553483912,SBIN843152
ACC007569,CID008828,HDFC Bank,404498736292,SBIN777318
ACC007570,CID008829,ICICI Bank,271939626639,SBIN111445
ACC007571,CID008831,Axis Bank,933708466242,SBIN230870
ACC007572,CID008832,ICICI Bank,283393371060,SBIN667853
ACC007573,CID008833,ICICI Bank,649111036992,SBIN496566
ACC007574,CID008834,Axis Bank,270517282044,SBIN450865
ACC007575,CID008836,SBI,423646112271,SBIN267642
ACC007576,CID008837,Union Bank,473584891393,SBIN211731
ACC007577,CID008838,SBI,101327457835,SBIN109776
ACC007578,CID008839,Canara Bank,411800768676,SBIN693078
ACC007579,CID008840,HDFC Bank,902196932031,SBIN375942
ACC007580,CID008841,Bank of Baroda,202628205930,SBIN990829
ACC007581,CID008842,Bank of Baroda,367880662249,SBIN229832
ACC007582,CID008843,HDFC Bank,586113431844,SBIN447540
ACC007583,CID008844,Canara Bank,587280508369,SBIN129771
ACC007584,CID008845,Union Bank,391760327907,SBIN451683
ACC007585,CID008846,HDFC Bank,996671098076,SBIN755873
ACC007586,CID008847,Bank of Baroda,520236133158,SBIN200479
ACC007587,CID008849,HDFC Bank,163366189361,SBIN241555
ACC007588,CID008850,Canara Bank,613655042415,SBIN469504
ACC007589,CID008851,ICICI Bank,160700091713,SBIN263039
ACC007590,CID008852,Union Bank,343501634679,SBIN989305
ACC007591,CID008853,Bank of Baroda,776402323265,SBIN129240
ACC007592,CID008854,Bank of Baroda,747857672060,SBIN402302
ACC007593,CID008855,SBI,832816160493,SBIN844605
ACC007594,CID008856,HDFC Bank,647391854832,SBIN633889
ACC007595,CID008857,ICICI Bank,706857395451,SBIN493460
ACC007596,CID008858,ICICI Bank,788165227014,SBIN459799
ACC007597,CID008859,Canara Bank,839339544883,SBIN832443
ACC007598,CID008860,SBI,810985480521,SBIN954058
ACC007599,CID008861,ICICI Bank,415314179041,SBIN488889
ACC007600,CID008862,Bank of Baroda,816465362375,SBIN235866
ACC007601,CID008863,HDFC Bank,905167813747,SBIN784792
ACC007602,CID008864,SBI,966376373335,SBIN522702
ACC007603,CID008866,Canara Bank,862194579532,SBIN846359
ACC007604,CID008867,Bank of Baroda,801795697855,SBIN938985
ACC007605,CID008868,ICICI Bank,579383730509,SBIN208733
ACC007606,CID008869,Canara Bank,316291744126,SBIN700430
ACC007607,CID008870,Axis Bank,631170992150,SBIN286515
ACC007608,CID008871,Union Bank,836564335051,SBIN609602
ACC007609,CID008872,SBI,514974282748,SBIN725650
ACC007610,CID008873,Union Bank,674662408168,SBIN193560
ACC007611,CID008874,Axis Bank,452276133115,SBIN799442
ACC007612,CID008875,HDFC Bank,348881677858,SBIN647076
ACC007613,CID008877,Axis Bank,421790600620,SBIN706492
ACC007614,CID008878,Union Bank,145090931665,SBIN721532
ACC007615,CID008879,HDFC Bank,496821329518,SBIN780643
ACC007616,CID008880,HDFC Bank,832242127064,SBIN460080
ACC007617,CID008881,Union Bank,279165180197,SBIN896526
ACC007618,CID008883,SBI,430327134944,SBIN212958
ACC007619,CID008885,HDFC Bank,138468512327,SBIN365065
ACC007620,CID008887,HDFC Bank,879471489437,SBIN841176
ACC007621,CID008888,HDFC Bank,298524449420,SBIN307313
ACC007622,CID008889,Bank of Baroda,150180791601,SBIN598352
ACC007623,CID008890,SBI,991958759077,SBIN355552
ACC007624,CID008891,ICICI Bank,176253281584,SBIN496313
ACC007625,CID008892,SBI,612536265497,SBIN718881
ACC007626,CID008893,Union Bank,840764017285,SBIN252356
ACC007627,CID008894,HDFC Bank,518455049126,SBIN953673
ACC007628,CID008895,Bank of Baroda,361305671484,SBIN806050
ACC007629,CID008897,Canara Bank,326913436747,SBIN623589
ACC007630,CID008898,Canara Bank,201594441908,SBIN219683
ACC007631,CID008899,HDFC Bank,286951918667,SBIN528689
ACC007632,CID008900,Union Bank,877621545200,SBIN955560
ACC007633,CID008901,Bank of Baroda,498659576799,SBIN559169
ACC007634,CID008903,Bank of Baroda,353020834576,SBIN427270
ACC007635,CID008904,Canara Bank,687124821841,SBIN874037
ACC007636,CID008905,Bank of Baroda,863405612947,SBIN143124
ACC007637,CID008906,Axis Bank,358498687983,SBIN763367
ACC007638,CID008907,Canara Bank,186058941825,SBIN478707
ACC007639,CID008908,Union Bank,513790271645,SBIN156868
ACC007640,CID008909,HDFC Bank,346191533517,SBIN973369
ACC007641,CID008910,ICICI Bank,739145231404,SBIN425824
ACC007642,CID008911,Union Bank,911979498235,SBIN595349
ACC007643,CID008912,HDFC Bank,860994603365,SBIN356109
ACC007644,CID008913,Bank of Baroda,238819224435,SBIN149842
ACC007645,CID008914,HDFC Bank,540680383971,SBIN701074
ACC007646,CID008915,SBI,290960172144,SBIN464238
ACC007647,CID008917,HDFC Bank,922277372163,SBIN868875
ACC007648,CID008918,Canara Bank,550973015492,SBIN766581
ACC007649,CID008919,Bank of Baroda,592155835634,SBIN560025
ACC007650,CID008920,HDFC Bank,194444965420,SBIN625031
ACC007651,CID008921,Bank of Baroda,305813811953,SBIN666987
ACC007652,CID008922,ICICI Bank,505091855880,SBIN649538
ACC007653,CID008923,Canara Bank,335763032835,SBIN946135
ACC007654,CID008924,SBI,281444561678,SBIN549862
ACC007655,CID008925,Union Bank,704055236499,SBIN850316
ACC007656,CID008926,Union Bank,158402404608,SBIN797534
ACC007657,CID008927,Bank of Baroda,327245600293,SBIN482057
ACC007658,CID008928,Axis Bank,966685252666,SBIN154187
ACC007659,CID008929,Canara Bank,333734082755,SBIN784799
ACC007660,CID008931,Union Bank,664226932499,SBIN184216
ACC007661,CID008932,Canara Bank,877952445153,SBIN321657
ACC007662,CID008933,Canara Bank,391802311332,SBIN343124
ACC007663,CID008934,Canara Bank,599278306537,SBIN996372
ACC007664,CID008935,ICICI Bank,694767513370,SBIN539584
ACC007665,CID008936,ICICI Bank,444990897903,SBIN391109
ACC007666,CID008937,Union Bank,848070338532,SBIN203400
ACC007667,CID008938,Canara Bank,299945664611,SBIN680619
ACC007668,CID008941,Bank of Baroda,642379712570,SBIN661241
ACC007669,CID008942,HDFC Bank,723627021099,SBIN982813
ACC007670,CID008943,HDFC Bank,874382155480,SBIN190046
ACC007671,CID008944,Bank of Baroda,788995230747,SBIN757892
ACC007672,CID008945,Axis Bank,328003050912,SBIN147174
ACC007673,CID008947,Union Bank,259180704195,SBIN205745
ACC007674,CID008948,ICICI Bank,481481271989,SBIN648891
ACC007675,CID008949,Canara Bank,417156999198,SBIN744661
ACC007676,CID008951,Canara Bank,489374557821,SBIN602368
ACC007677,CID008952,SBI,992337649843,SBIN868866
ACC007678,CID008953,Axis Bank,706652863784,SBIN154929
ACC007679,CID008955,Canara Bank,618694656139,SBIN642874
ACC007680,CID008956,Canara Bank,103066860772,SBIN602499
ACC007681,CID008957,ICICI Bank,182990719623,SBIN435558
ACC007682,CID008958,ICICI Bank,775192609187,SBIN103212
ACC007683,CID008959,ICICI Bank,664841304311,SBIN376551
ACC007684,CID008960,Canara Bank,179415882448,SBIN192819
ACC007685,CID008961,ICICI Bank,784074319663,SBIN755737
ACC007686,CID008964,HDFC Bank,789544547602,SBIN527212
ACC007687,CID008965,Axis Bank,312531446126,SBIN434004
ACC007688,CID008966,Bank of Baroda,642533592748,SBIN843670
ACC007689,CID008969,HDFC Bank,136665314382,SBIN109538
ACC007690,CID008970,Canara Bank,777920820556,SBIN113965
ACC007691,CID008971,HDFC Bank,387649076096,SBIN936954
ACC007692,CID008972,Axis Bank,657163445493,SBIN126974
ACC007693,CID008973,ICICI Bank,575151958591,SBIN575083
ACC007694,CID008974,Union Bank,252121219530,SBIN925987
ACC007695,CID008975,Union Bank,376752584395,SBIN876758
ACC007696,CID008976,Bank of Baroda,678378664417,SBIN527766
ACC007697,CID008977,SBI,541476154272,SBIN281494
ACC007698,CID008978,SBI,702780871057,SBIN823843
ACC007699,CID008979,Bank of Baroda,147572527574,SBIN203712
ACC007700,CID008980,Union Bank,128680582019,SBIN739290
ACC007701,CID008981,Canara Bank,396357074185,SBIN664288
ACC007702,CID008982,ICICI Bank,341619390876,SBIN797690
ACC007703,CID008983,SBI,455095287034,SBIN205252
ACC007704,CID008985,Canara Bank,726194267512,SBIN119214
ACC007705,CID008986,Axis Bank,567383303801,SBIN236065
ACC007706,CID008987,HDFC Bank,452753419257,SBIN237488
ACC007707,CID008988,Canara Bank,432228085452,SBIN333413
ACC007708,CID008990,ICICI Bank,486303706254,SBIN799100
ACC007709,CID008991,HDFC Bank,531636572777,SBIN193770
ACC007710,CID008992,Union Bank,656401313797,SBIN677756
ACC007711,CID008993,Canara Bank,531259379837,SBIN769544
ACC007712,CID008995,SBI,298003040834,SBIN225619
ACC007713,CID008996,Union Bank,954033350848,SBIN762040
ACC007714,CID008999,Bank of Baroda,971487593114,SBIN515695
ACC007715,CID009000,ICICI Bank,374213929309,SBIN771054
ACC007716,CID009001,ICICI Bank,919842831964,SBIN556293
ACC007717,CID009002,HDFC Bank,409846668423,SBIN809234
ACC007718,CID009003,ICICI Bank,586356721019,SBIN977004
ACC007719,CID009004,SBI,420655655772,SBIN696859
ACC007720,CID009005,Union Bank,648196873454,SBIN556262
ACC007721,CID009006,SBI,779713951124,SBIN142901
ACC007722,CID009007,Bank of Baroda,770332285579,SBIN540899
ACC007723,CID009008,Canara Bank,392951306237,SBIN501688
ACC007724,CID009009,ICICI Bank,685761135397,SBIN230546
ACC007725,CID009011,Axis Bank,460360046676,SBIN642866
ACC007726,CID009012,Canara Bank,661174506291,SBIN581822
ACC007727,CID009013,HDFC Bank,682232036089,SBIN107565
ACC007728,CID009015,HDFC Bank,684339812893,SBIN359454
ACC007729,CID009017,Axis Bank,619168234577,SBIN489665
ACC007730,CID009018,HDFC Bank,119148872303,SBIN417078
ACC007731,CID009019,SBI,468847291911,SBIN922144
ACC007732,CID009020,Union Bank,991100494990,SBIN505127
ACC007733,CID009021,SBI,527622606046,SBIN276384
ACC007734,CID009022,Canara Bank,840345221436,SBIN152527
ACC007735,CID009023,Canara Bank,245391582922,SBIN612510
ACC007736,CID009024,Union Bank,436136252240,SBIN839488
ACC007737,CID009025,Bank of Baroda,630866718551,SBIN562860
ACC007738,CID009026,Axis Bank,693751249261,SBIN168740
ACC007739,CID009027,Union Bank,892145381809,SBIN300990
ACC007740,CID009028,ICICI Bank,642269263992,SBIN365665
ACC007741,CID009029,HDFC Bank,733482696179,SBIN468395
ACC007742,CID009030,ICICI Bank,483833307057,SBIN341039
ACC007743,CID009031,Canara Bank,120616011185,SBIN900463
ACC007744,CID009032,Canara Bank,776509667320,SBIN129842
ACC007745,CID009033,Axis Bank,145116666258,SBIN912615
ACC007746,CID009035,HDFC Bank,392917160533,SBIN375102
ACC007747,CID009036,Union Bank,399156933087,SBIN413562
ACC007748,CID009037,Bank of Baroda,245870705505,SBIN581548
ACC007749,CID009038,Axis Bank,937463825872,SBIN355449
ACC007750,CID009039,ICICI Bank,898868808022,SBIN435457
ACC007751,CID009040,HDFC Bank,985505639644,SBIN411035
ACC007752,CID009041,Axis Bank,252373212524,SBIN733495
ACC007753,CID009042,Axis Bank,268718605360,SBIN540665
ACC007754,CID009043,Axis Bank,455476905003,SBIN587836
ACC007755,CID009044,ICICI Bank,427746176953,SBIN869767
ACC007756,CID009045,Bank of Baroda,924977765168,SBIN507020
ACC007757,CID009046,HDFC Bank,843787593562,SBIN269473
ACC007758,CID009047,Union Bank,528183496155,SBIN283855
ACC007759,CID009048,Canara Bank,687661803095,SBIN996367
ACC007760,CID009049,Canara Bank,909901993623,SBIN140128
ACC007761,CID009050,Canara Bank,692930608104,SBIN842280
ACC007762,CID009052,HDFC Bank,867864749350,SBIN830769
ACC007763,CID009056,Axis Bank,168806456358,SBIN560507
ACC007764,CID009057,HDFC Bank,693728553301,SBIN839783
ACC007765,CID009059,ICICI Bank,174673911140,SBIN335221
ACC007766,CID009061,ICICI Bank,649189258502,SBIN879925
ACC007767,CID009063,Union Bank,684965895558,SBIN701716
ACC007768,CID009064,Axis Bank,568186399382,SBIN727657
ACC007769,CID009065,SBI,676390541568,SBIN494411
ACC007770,CID009067,Axis Bank,192763079901,SBIN808403
ACC007771,CID009069,Union Bank,262394567157,SBIN114006
ACC007772,CID009070,HDFC Bank,230300702624,SBIN944903
ACC007773,CID009071,HDFC Bank,666510849867,SBIN787723
ACC007774,CID009072,ICICI Bank,771419899938,SBIN843660
ACC007775,CID009073,Bank of Baroda,134325127020,SBIN234071
ACC007776,CID009075,Bank of Baroda,491303202805,SBIN880736
ACC007777,CID009076,Bank of Baroda,412132819325,SBIN878142
ACC007778,CID009077,ICICI Bank,104075138806,SBIN249274
ACC007779,CID009078,HDFC Bank,256270455799,SBIN113907
ACC007780,CID009079,Union Bank,222986830172,SBIN809396
ACC007781,CID009080,Union Bank,684335968917,SBIN880783
ACC007782,CID009081,Canara Bank,957301780515,SBIN666754
ACC007783,CID009082,HDFC Bank,476904939659,SBIN898004
ACC007784,CID009083,Union Bank,378485795692,SBIN759559
ACC007785,CID009084,ICICI Bank,607037236399,SBIN671322
ACC007786,CID009087,Union Bank,699561887662,SBIN642497
ACC007787,CID009089,Canara Bank,841839502020,SBIN436677
ACC007788,CID009091,Canara Bank,780880676140,SBIN544666
ACC007789,CID009092,Bank of Baroda,141728003387,SBIN134200
ACC007790,CID009093,SBI,173246854993,SBIN318020
ACC007791,CID009095,SBI,183947661223,SBIN974551
ACC007792,CID009096,Axis Bank,740669322212,SBIN176874
ACC007793,CID009097,Union Bank,186859857827,SBIN749869
ACC007794,CID009098,Canara Bank,426571151572,SBIN310082
ACC007795,CID009099,ICICI Bank,488969744639,SBIN315332
ACC007796,CID009100,ICICI Bank,713002355955,SBIN262671
ACC007797,CID009101,ICICI Bank,489264642142,SBIN751246
ACC007798,CID009102,Axis Bank,739819520624,SBIN656410
ACC007799,CID009103,ICICI Bank,873159299734,SBIN495133
ACC007800,CID009104,ICICI Bank,310961101119,SBIN266865
ACC007801,CID009105,Bank of Baroda,217341360227,SBIN433813
ACC007802,CID009106,SBI,261317841274,SBIN554530
ACC007803,CID009107,Bank of Baroda,514331337925,SBIN877819
ACC007804,CID009108,Union Bank,400450733541,SBIN724833
ACC007805,CID009109,SBI,193558516677,SBIN595294
ACC007806,CID009110,Canara Bank,793920305549,SBIN792453
ACC007807,CID009112,ICICI Bank,529507370883,SBIN447655
ACC007808,CID009113,ICICI Bank,517338543500,SBIN871950
ACC007809,CID009114,Bank of Baroda,963117299851,SBIN613995
ACC007810,CID009115,Bank of Baroda,373397092749,SBIN759735
ACC007811,CID009116,Canara Bank,964835103747,SBIN480028
ACC007812,CID009117,SBI,138567424980,SBIN346948
ACC007813,CID009118,Axis Bank,211658412901,SBIN777891
ACC007814,CID009119,Bank of Baroda,513627932892,SBIN687405
ACC007815,CID009120,ICICI Bank,776012603488,SBIN735134
ACC007816,CID009121,ICICI Bank,226529856748,SBIN816539
ACC007817,CID009122,HDFC Bank,251327599615,SBIN532814
ACC007818,CID009123,Union Bank,234876141921,SBIN855274
ACC007819,CID009126,Union Bank,873865123255,SBIN977660
ACC007820,CID009127,Bank of Baroda,825128335005,SBIN327837
ACC007821,CID009128,HDFC Bank,221294652133,SBIN843714
ACC007822,CID009131,Axis Bank,182971245593,SBIN948864
ACC007823,CID009132,Bank of Baroda,606257787524,SBIN598709
ACC007824,CID009133,ICICI Bank,294574631593,SBIN194665
ACC007825,CID009134,Union Bank,142946889850,SBIN232859
ACC007826,CID009135,Axis Bank,866219195869,SBIN458425
ACC007827,CID009136,SBI,875266168068,SBIN604071
ACC007828,CID009137,Canara Bank,577686314848,SBIN888916
ACC007829,CID009138,Canara Bank,722719151706,SBIN110204
ACC007830,CID009139,Canara Bank,453361819186,SBIN938809
ACC007831,CID009140,Axis Bank,506370638635,SBIN119204
ACC007832,CID009141,Axis Bank,354417849597,SBIN131312
ACC007833,CID009142,SBI,815644783104,SBIN789875
ACC007834,CID009143,HDFC Bank,198816949996,SBIN728491
ACC007835,CID009144,Union Bank,553661474077,SBIN181326
ACC007836,CID009146,ICICI Bank,537614808281,SBIN698681
ACC007837,CID009147,HDFC Bank,879241724606,SBIN272952
ACC007838,CID009148,SBI,788028078657,SBIN242977
ACC007839,CID009150,ICICI Bank,235721492421,SBIN443483
ACC007840,CID009151,Axis Bank,762159170063,SBIN977717
ACC007841,CID009152,Canara Bank,330780054148,SBIN544333
ACC007842,CID009153,Bank of Baroda,505304323285,SBIN233938
ACC007843,CID009154,Axis Bank,539983684795,SBIN303050
ACC007844,CID009156,ICICI Bank,357039157366,SBIN571949
ACC007845,CID009157,Union Bank,283214636254,SBIN614147
ACC007846,CID009158,Bank of Baroda,367950262252,SBIN736151
ACC007847,CID009159,Bank of Baroda,513398247406,SBIN517594
ACC007848,CID009160,HDFC Bank,183372930626,SBIN759712
ACC007849,CID009161,Canara Bank,819539713405,SBIN991266
ACC007850,CID009162,Axis Bank,237331754671,SBIN125454
ACC007851,CID009163,HDFC Bank,311495621329,SBIN667396
ACC007852,CID009164,HDFC Bank,642198203203,SBIN396794
ACC007853,CID009165,Bank of Baroda,959459303640,SBIN617015
ACC007854,CID009166,Canara Bank,258958559964,SBIN721415
ACC007855,CID009167,Canara Bank,845283561090,SBIN895480
ACC007856,CID009168,Canara Bank,360909570018,SBIN310915
ACC007857,CID009169,Canara Bank,606074236166,SBIN313214
ACC007858,CID009170,Canara Bank,770810328277,SBIN606509
ACC007859,CID009171,Canara Bank,642794246593,SBIN749557
ACC007860,CID009172,ICICI Bank,546590848102,SBIN217618
ACC007861,CID009173,Canara Bank,947183098924,SBIN268252
ACC007862,CID009174,SBI,931383162344,SBIN633530
ACC007863,CID009175,Bank of Baroda,228736779872,SBIN843328
ACC007864,CID009176,Axis Bank,959775313083,SBIN220078
ACC007865,CID009178,Bank of Baroda,987810409295,SBIN701159
ACC007866,CID009179,Canara Bank,624852827831,SBIN282386
ACC007867,CID009180,ICICI Bank,246420024777,SBIN446534
ACC007868,CID009182,SBI,243421085462,SBIN413952
ACC007869,CID009183,SBI,122568260399,SBIN562224
ACC007870,CID009184,Union Bank,473703129486,SBIN995181
ACC007871,CID009185,Canara Bank,925872538990,SBIN653957
ACC007872,CID009186,Canara Bank,374681891566,SBIN160884
ACC007873,CID009187,Bank of Baroda,456779009945,SBIN323844
ACC007874,CID009188,Axis Bank,266418096157,SBIN848222
ACC007875,CID009189,Axis Bank,125864966579,SBIN626459
ACC007876,CID009190,Union Bank,933498356445,SBIN775553
ACC007877,CID009192,Canara Bank,911178934205,SBIN233658
ACC007878,CID009193,Canara Bank,853385784049,SBIN119394
ACC007879,CID009194,Bank of Baroda,543133330953,SBIN442446
ACC007880,CID009195,Canara Bank,356246256876,SBIN298796
ACC007881,CID009196,ICICI Bank,904571703149,SBIN638480
ACC007882,CID009197,Bank of Baroda,872433625131,SBIN326316
ACC007883,CID009198,Axis Bank,737312442481,SBIN820464
ACC007884,CID009199,Canara Bank,134286023981,SBIN671486
ACC007885,CID009200,ICICI Bank,562405461951,SBIN540677
ACC007886,CID009201,HDFC Bank,578696682297,SBIN308555
ACC007887,CID009202,Bank of Baroda,957349643114,SBIN982396
ACC007888,CID009205,HDFC Bank,847526973707,SBIN521049
ACC007889,CID009207,Canara Bank,325034648145,SBIN829733
ACC007890,CID009208,SBI,745811322301,SBIN779031
ACC007891,CID009210,Union Bank,683940341809,SBIN669538
ACC007892,CID009211,Bank of Baroda,282119552740,SBIN492857
ACC007893,CID009212,ICICI Bank,107106549027,SBIN121617
ACC007894,CID009213,Canara Bank,775316087500,SBIN750322
ACC007895,CID009215,Canara Bank,468310622505,SBIN328516
ACC007896,CID009216,ICICI Bank,208300564264,SBIN570776
ACC007897,CID009217,Bank of Baroda,665909283787,SBIN496846
ACC007898,CID009218,Canara Bank,416585231737,SBIN469872
ACC007899,CID009219,Axis Bank,465984840460,SBIN991050
ACC007900,CID009220,Union Bank,197526616343,SBIN127306
ACC007901,CID009221,Canara Bank,475184987206,SBIN148323
ACC007902,CID009222,Bank of Baroda,184893627762,SBIN153280
ACC007903,CID009223,HDFC Bank,142642425884,SBIN704635
ACC007904,CID009224,Canara Bank,323690299987,SBIN422664
ACC007905,CID009225,Union Bank,608263864494,SBIN179174
ACC007906,CID009226,Union Bank,698935913795,SBIN288578
ACC007907,CID009227,HDFC Bank,712418127736,SBIN895888
ACC007908,CID009228,Canara Bank,870857180591,SBIN786207
ACC007909,CID009232,Union Bank,847853142199,SBIN810751
ACC007910,CID009233,HDFC Bank,127526352872,SBIN726235
ACC007911,CID009234,HDFC Bank,289678525858,SBIN133118
ACC007912,CID009236,Canara Bank,622412434002,SBIN725513
ACC007913,CID009237,SBI,530274768296,SBIN590509
ACC007914,CID009238,ICICI Bank,246925040816,SBIN559838
ACC007915,CID009239,Axis Bank,956975734147,SBIN169362
ACC007916,CID009240,Union Bank,823910982176,SBIN637069
ACC007917,CID009241,HDFC Bank,107103567180,SBIN412581
ACC007918,CID009243,Union Bank,261088251389,SBIN372664
ACC007919,CID009244,Canara Bank,352517493168,SBIN210809
ACC007920,CID009245,Union Bank,625507426945,SBIN304949
ACC007921,CID009246,Bank of Baroda,338739907802,SBIN794406
ACC007922,CID009247,Bank of Baroda,744651191884,SBIN160058
ACC007923,CID009248,Bank of Baroda,910538710475,SBIN702691
ACC007924,CID009249,HDFC Bank,207520465468,SBIN654527
ACC007925,CID009250,Axis Bank,315987020475,SBIN506155
ACC007926,CID009251,HDFC Bank,794421639845,SBIN492631
ACC007927,CID009252,Bank of Baroda,333422622941,SBIN773691
ACC007928,CID009253,Union Bank,828266695464,SBIN274699
ACC007929,CID009255,Bank of Baroda,174766173490,SBIN250678
ACC007930,CID009256,Axis Bank,989516771899,SBIN900093
ACC007931,CID009257,HDFC Bank,444747683986,SBIN212611
ACC007932,CID009259,Canara Bank,664671603234,SBIN628007
ACC007933,CID009260,Canara Bank,680150964792,SBIN958316
ACC007934,CID009261,HDFC Bank,155152625048,SBIN691261
ACC007935,CID009262,Bank of Baroda,668227372319,SBIN999139
ACC007936,CID009263,Axis Bank,883129264460,SBIN977107
ACC007937,CID009264,Union Bank,591943457239,SBIN992086
ACC007938,CID009265,HDFC Bank,211163097835,SBIN842231
ACC007939,CID009266,HDFC Bank,195485228793,SBIN816054
ACC007940,CID009268,SBI,221278460452,SBIN222561
ACC007941,CID009269,Canara Bank,100646237162,SBIN198402
ACC007942,CID009270,Bank of Baroda,665692239923,SBIN192965
ACC007943,CID009272,HDFC Bank,642511139994,SBIN507307
ACC007944,CID009275,Bank of Baroda,949005347785,SBIN341339
ACC007945,CID009277,ICICI Bank,709271152429,SBIN984348
ACC007946,CID009278,Bank of Baroda,391833899391,SBIN196691
ACC007947,CID009279,Canara Bank,240329084107,SBIN460716
ACC007948,CID009280,Bank of Baroda,455875625051,SBIN200852
ACC007949,CID009281,SBI,912196691004,SBIN654432
ACC007950,CID009283,ICICI Bank,208145538778,SBIN356385
ACC007951,CID009284,Union Bank,131556620476,SBIN615498
ACC007952,CID009285,Canara Bank,495259618336,SBIN513338
ACC007953,CID009286,HDFC Bank,172665500992,SBIN507724
ACC007954,CID009287,Axis Bank,805194262980,SBIN637160
ACC007955,CID009288,Canara Bank,111297080361,SBIN321225
ACC007956,CID009289,Union Bank,853920272549,SBIN825458
ACC007957,CID009290,Bank of Baroda,279149254397,SBIN221262
ACC007958,CID009291,ICICI Bank,554887580331,SBIN963287
ACC007959,CID009294,ICICI Bank,825744059671,SBIN457412
ACC007960,CID009295,Canara Bank,876665932034,SBIN558406
ACC007961,CID009296,Axis Bank,119108386559,SBIN960805
ACC007962,CID009297,ICICI Bank,319295685639,SBIN754490
ACC007963,CID009298,Union Bank,607577849436,SBIN699395
ACC007964,CID009299,HDFC Bank,199997959606,SBIN998403
ACC007965,CID009302,Bank of Baroda,181304242083,SBIN508017
ACC007966,CID009303,SBI,276971964038,SBIN898715
ACC007967,CID009304,Canara Bank,547649030655,SBIN259522
ACC007968,CID009305,SBI,644778482742,SBIN936986
ACC007969,CID009306,ICICI Bank,666609759015,SBIN805442
ACC007970,CID009307,SBI,172895802460,SBIN775120
ACC007971,CID009308,Axis Bank,182226494260,SBIN682815
ACC007972,CID009309,HDFC Bank,259269381689,SBIN282734
ACC007973,CID009310,ICICI Bank,728114048279,SBIN591145
ACC007974,CID009311,HDFC Bank,771515178590,SBIN760630
ACC007975,CID009312,Bank of Baroda,793798764305,SBIN587188
ACC007976,CID009313,Union Bank,998925387011,SBIN490536
ACC007977,CID009314,HDFC Bank,662439996624,SBIN960828
ACC007978,CID009315,Canara Bank,465544371283,SBIN779373
ACC007979,CID009316,HDFC Bank,599054647899,SBIN178788
ACC007980,CID009317,Canara Bank,609701497662,SBIN353033
ACC007981,CID009318,Bank of Baroda,271210313330,SBIN326117
ACC007982,CID009319,Axis Bank,298449188998,SBIN977690
ACC007983,CID009320,HDFC Bank,695351397550,SBIN615683
ACC007984,CID009321,Union Bank,331794578745,SBIN510942
ACC007985,CID009323,Union Bank,212276510941,SBIN734681
ACC007986,CID009324,HDFC Bank,295422400505,SBIN555928
ACC007987,CID009326,ICICI Bank,827617418729,SBIN698870
ACC007988,CID009327,ICICI Bank,954184113834,SBIN643712
ACC007989,CID009328,SBI,649568438504,SBIN968786
ACC007990,CID009330,Union Bank,440657677616,SBIN477311
ACC007991,CID009331,HDFC Bank,245544543658,SBIN582608
ACC007992,CID009332,Canara Bank,854460076022,SBIN435442
ACC007993,CID009333,Canara Bank,931519858280,SBIN392362
ACC007994,CID009334,Axis Bank,951829055169,SBIN425326
ACC007995,CID009336,Axis Bank,855492365531,SBIN299245
ACC007996,CID009337,Axis Bank,724368617272,SBIN441289
ACC007997,CID009338,SBI,797261296778,SBIN442623
ACC007998,CID009339,Axis Bank,458233346455,SBIN376031
ACC007999,CID009340,Axis Bank,645251238306,SBIN315443
ACC008000,CID009341,HDFC Bank,155109146097,SBIN947716
ACC008001,CID009343,Bank of Baroda,296901056705,SBIN693529
ACC008002,CID009344,Axis Bank,750867302553,SBIN459600
ACC008003,CID009345,Canara Bank,109887621031,SBIN113262
ACC008004,CID009346,Union Bank,821306748461,SBIN126041
ACC008005,CID009347,SBI,869202852132,SBIN343445
ACC008006,CID009348,Bank of Baroda,806893677803,SBIN197867
ACC008007,CID009350,SBI,456972516629,SBIN106167
ACC008008,CID009351,Axis Bank,482085749450,SBIN929263
ACC008009,CID009352,HDFC Bank,523363443088,SBIN161851
ACC008010,CID009353,SBI,153767963589,SBIN145456
ACC008011,CID009354,HDFC Bank,705263980476,SBIN274407
ACC008012,CID009355,Axis Bank,179105455925,SBIN144977
ACC008013,CID009356,Axis Bank,621088213236,SBIN619519
ACC008014,CID009358,Bank of Baroda,907015721706,SBIN483099
ACC008015,CID009359,Union Bank,681015603263,SBIN481618
ACC008016,CID009360,HDFC Bank,434487427358,SBIN974647
ACC008017,CID009361,Bank of Baroda,252570163743,SBIN439975
ACC008018,CID009362,Axis Bank,911918349844,SBIN425290
ACC008019,CID009363,Canara Bank,991967024194,SBIN596714
ACC008020,CID009364,Canara Bank,777083591132,SBIN812654
ACC008021,CID009365,Canara Bank,404770196778,SBIN990468
ACC008022,CID009366,SBI,287861373162,SBIN901130
ACC008023,CID009367,Bank of Baroda,517704378730,SBIN839694
ACC008024,CID009368,Union Bank,724672743247,SBIN252740
ACC008025,CID009369,Axis Bank,527127602807,SBIN705202
ACC008026,CID009370,Canara Bank,675282421698,SBIN715483
ACC008027,CID009371,ICICI Bank,141937242235,SBIN591510
ACC008028,CID009372,Bank of Baroda,883109933571,SBIN869454
ACC008029,CID009373,Union Bank,108193651986,SBIN646168
ACC008030,CID009374,HDFC Bank,235480976540,SBIN402211
ACC008031,CID009375,HDFC Bank,962523218959,SBIN786095
ACC008032,CID009378,Bank of Baroda,515719913069,SBIN422050
ACC008033,CID009379,Union Bank,457019501850,SBIN658461
ACC008034,CID009380,Canara Bank,999179992412,SBIN815372
ACC008035,CID009382,Axis Bank,404257458577,SBIN157615
ACC008036,CID009383,Canara Bank,499797857555,SBIN988571
ACC008037,CID009384,SBI,189649093143,SBIN762202
ACC008038,CID009385,Axis Bank,413034326713,SBIN262402
ACC008039,CID009386,HDFC Bank,646869541021,SBIN467566
ACC008040,CID009387,SBI,892883258059,SBIN167985
ACC008041,CID009388,ICICI Bank,570526903765,SBIN106132
ACC008042,CID009389,Canara Bank,164985162367,SBIN392767
ACC008043,CID009390,Canara Bank,682865160819,SBIN102135
ACC008044,CID009391,Union Bank,835829894514,SBIN788001
ACC008045,CID009392,Canara Bank,446580224451,SBIN635858
ACC008046,CID009393,Axis Bank,273007501651,SBIN279937
ACC008047,CID009394,SBI,634683071116,SBIN268603
ACC008048,CID009395,Canara Bank,595849237752,SBIN690980
ACC008049,CID009396,HDFC Bank,820415993386,SBIN380772
ACC008050,CID009397,Axis Bank,306378638145,SBIN389111
ACC008051,CID009398,ICICI Bank,253293508811,SBIN409158
ACC008052,CID009399,Axis Bank,660567919042,SBIN295484
ACC008053,CID009400,SBI,502110590077,SBIN577740
ACC008054,CID009402,Axis Bank,413628632034,SBIN737989
ACC008055,CID009403,Union Bank,356589484088,SBIN141327
ACC008056,CID009404,Bank of Baroda,166815265914,SBIN623467
ACC008057,CID009405,Axis Bank,368297437402,SBIN181193
ACC008058,CID009406,Union Bank,511524226250,SBIN717543
ACC008059,CID009407,Canara Bank,636183860549,SBIN723425
ACC008060,CID009408,Union Bank,430591487838,SBIN909995
ACC008061,CID009409,Bank of Baroda,627902572749,SBIN499510
ACC008062,CID009410,Axis Bank,118603504162,SBIN705110
ACC008063,CID009411,Union Bank,261600156580,SBIN380916
ACC008064,CID009412,Axis Bank,163357279894,SBIN222279
ACC008065,CID009413,ICICI Bank,575724203094,SBIN123898
ACC008066,CID009414,ICICI Bank,850372760620,SBIN141100
ACC008067,CID009415,ICICI Bank,199733336058,SBIN158251
ACC008068,CID009416,Union Bank,937031374805,SBIN382315
ACC008069,CID009417,Axis Bank,673996518992,SBIN331208
ACC008070,CID009418,ICICI Bank,834463631565,SBIN711659
ACC008071,CID009419,Bank of Baroda,866030324567,SBIN624314
ACC008072,CID009420,Union Bank,119021353332,SBIN392010
ACC008073,CID009421,Union Bank,348189943058,SBIN833716
ACC008074,CID009422,Union Bank,625216543372,SBIN270702
ACC008075,CID009423,ICICI Bank,722522153653,SBIN922137
ACC008076,CID009424,Union Bank,891432845933,SBIN705938
ACC008077,CID009426,Canara Bank,150902178996,SBIN984817
ACC008078,CID009427,Bank of Baroda,799719008255,SBIN317884
ACC008079,CID009429,ICICI Bank,316111340278,SBIN171758
ACC008080,CID009430,Bank of Baroda,937965518967,SBIN319499
ACC008081,CID009431,SBI,284439592670,SBIN565768
ACC008082,CID009432,Axis Bank,806126607920,SBIN365651
ACC008083,CID009433,HDFC Bank,984228892354,SBIN892467
ACC008084,CID009434,Canara Bank,293067461172,SBIN551117
ACC008085,CID009435,HDFC Bank,485678007086,SBIN755010
ACC008086,CID009436,HDFC Bank,175588101114,SBIN479249
ACC008087,CID009439,Bank of Baroda,358214494342,SBIN935543
ACC008088,CID009440,ICICI Bank,570599366620,SBIN490182
ACC008089,CID009441,SBI,630414492142,SBIN469108
ACC008090,CID009442,Canara Bank,678230817598,SBIN390633
ACC008091,CID009443,SBI,622334407290,SBIN661541
ACC008092,CID009445,ICICI Bank,787610502702,SBIN747721
ACC008093,CID009446,Bank of Baroda,432830538018,SBIN964298
ACC008094,CID009447,HDFC Bank,156159704263,SBIN349207
ACC008095,CID009448,Canara Bank,403757454838,SBIN586473
ACC008096,CID009449,HDFC Bank,638148736834,SBIN366239
ACC008097,CID009450,ICICI Bank,305882762867,SBIN756699
ACC008098,CID009451,SBI,252477877548,SBIN234529
ACC008099,CID009452,HDFC Bank,344202401479,SBIN265503
ACC008100,CID009453,ICICI Bank,131048830031,SBIN594140
ACC008101,CID009454,Union Bank,756137413422,SBIN429623
ACC008102,CID009455,Bank of Baroda,212147906584,SBIN425737
ACC008103,CID009456,Axis Bank,323095729928,SBIN855558
ACC008104,CID009457,Axis Bank,660582226915,SBIN623574
ACC008105,CID009458,Axis Bank,747397511995,SBIN817991
ACC008106,CID009459,SBI,184572316832,SBIN612315
ACC008107,CID009461,ICICI Bank,164260540938,SBIN981608
ACC008108,CID009462,HDFC Bank,474128808164,SBIN512038
ACC008109,CID009463,Axis Bank,961031821622,SBIN342082
ACC008110,CID009464,SBI,414873334301,SBIN856754
ACC008111,CID009465,SBI,310574963089,SBIN877770
ACC008112,CID009467,SBI,886677457924,SBIN379642
ACC008113,CID009468,ICICI Bank,475661962480,SBIN542723
ACC008114,CID009469,Axis Bank,456569199189,SBIN733364
ACC008115,CID009470,ICICI Bank,958936360492,SBIN177710
ACC008116,CID009471,SBI,355811687935,SBIN434619
ACC008117,CID009472,Union Bank,454791585747,SBIN266626
ACC008118,CID009473,Union Bank,408075256285,SBIN779615
ACC008119,CID009474,SBI,964831739501,SBIN502685
ACC008120,CID009475,Bank of Baroda,607953370589,SBIN362161
ACC008121,CID009476,Axis Bank,134547693009,SBIN858866
ACC008122,CID009477,Union Bank,456080395072,SBIN622957
ACC008123,CID009478,Union Bank,310146530373,SBIN959199
ACC008124,CID009479,SBI,112125795744,SBIN519160
ACC008125,CID009480,ICICI Bank,216436841808,SBIN161108
ACC008126,CID009481,Axis Bank,483536326513,SBIN340542
ACC008127,CID009482,Axis Bank,422194219132,SBIN880196
ACC008128,CID009483,HDFC Bank,693123269113,SBIN569130
ACC008129,CID009484,HDFC Bank,678000988772,SBIN426167
ACC008130,CID009485,SBI,389421066949,SBIN285421
ACC008131,CID009486,Bank of Baroda,382234602562,SBIN758922
ACC008132,CID009488,Union Bank,441454246636,SBIN237332
ACC008133,CID009489,SBI,893444805006,SBIN447514
ACC008134,CID009492,Axis Bank,793281984141,SBIN664817
ACC008135,CID009494,HDFC Bank,282142586100,SBIN861492
ACC008136,CID009495,ICICI Bank,759590213944,SBIN382771
ACC008137,CID009496,SBI,392707047043,SBIN370594
ACC008138,CID009497,SBI,449424645498,SBIN918678
ACC008139,CID009498,SBI,809971015772,SBIN602908
ACC008140,CID009499,HDFC Bank,545924087097,SBIN770605
ACC008141,CID009501,Union Bank,813191665204,SBIN557938
ACC008142,CID009503,Canara Bank,277772578443,SBIN497331
ACC008143,CID009505,Bank of Baroda,882271475165,SBIN824998
ACC008144,CID009507,Canara Bank,394642551115,SBIN362556
ACC008145,CID009508,Bank of Baroda,233013182942,SBIN781605
ACC008146,CID009510,HDFC Bank,371929362467,SBIN555602
ACC008147,CID009511,HDFC Bank,347132051620,SBIN431587
ACC008148,CID009512,HDFC Bank,527384654669,SBIN528242
ACC008149,CID009514,Canara Bank,671685004073,SBIN827559
ACC008150,CID009515,Bank of Baroda,328263923253,SBIN563942
ACC008151,CID009517,Bank of Baroda,504673319682,SBIN588709
ACC008152,CID009518,SBI,668474087219,SBIN450450
ACC008153,CID009519,HDFC Bank,782638949458,SBIN157788
ACC008154,CID009520,Union Bank,176715938683,SBIN446942
ACC008155,CID009522,Bank of Baroda,621048995886,SBIN219395
ACC008156,CID009523,Axis Bank,578520666525,SBIN512436
ACC008157,CID009524,SBI,215096812272,SBIN479070
ACC008158,CID009525,Axis Bank,831477255528,SBIN350836
ACC008159,CID009526,Canara Bank,407202990303,SBIN806200
ACC008160,CID009527,Canara Bank,168808140392,SBIN197968
ACC008161,CID009528,Bank of Baroda,610535716291,SBIN972150
ACC008162,CID009529,HDFC Bank,562204629382,SBIN642996
ACC008163,CID009531,HDFC Bank,676196673483,SBIN291518
ACC008164,CID009532,HDFC Bank,712624946179,SBIN573263
ACC008165,CID009533,SBI,321928163427,SBIN631688
ACC008166,CID009534,Axis Bank,148275390608,SBIN707886
ACC008167,CID009535,Canara Bank,265785620062,SBIN212998
ACC008168,CID009536,Bank of Baroda,327084002131,SBIN937920
ACC008169,CID009537,Bank of Baroda,973516489742,SBIN431500
ACC008170,CID009538,Canara Bank,241220755907,SBIN496225
ACC008171,CID009539,HDFC Bank,634827233093,SBIN801827
ACC008172,CID009540,Canara Bank,484673239070,SBIN268024
ACC008173,CID009541,Canara Bank,790867905737,SBIN417503
ACC008174,CID009542,ICICI Bank,621972493977,SBIN284356
ACC008175,CID009543,SBI,686666426175,SBIN201188
ACC008176,CID009544,Axis Bank,439198938536,SBIN347186
ACC008177,CID009545,SBI,366206501699,SBIN952871
ACC008178,CID009546,SBI,200584893668,SBIN429585
ACC008179,CID009547,Canara Bank,965473367401,SBIN799867
ACC008180,CID009548,ICICI Bank,210818046572,SBIN288440
ACC008181,CID009549,ICICI Bank,336571472481,SBIN433317
ACC008182,CID009550,Axis Bank,470952987352,SBIN608984
ACC008183,CID009552,Axis Bank,650022248408,SBIN684377
ACC008184,CID009553,HDFC Bank,137036136444,SBIN969501
ACC008185,CID009554,HDFC Bank,257249519291,SBIN780687
ACC008186,CID009555,ICICI Bank,576227775631,SBIN821196
ACC008187,CID009556,SBI,496731234041,SBIN666642
ACC008188,CID009557,Canara Bank,821825517061,SBIN268118
ACC008189,CID009558,Canara Bank,433515331344,SBIN672255
ACC008190,CID009559,Canara Bank,708556546937,SBIN781393
ACC008191,CID009560,ICICI Bank,213497196510,SBIN893618
ACC008192,CID009561,HDFC Bank,300368814595,SBIN884924
ACC008193,CID009562,HDFC Bank,558545126972,SBIN774375
ACC008194,CID009564,Bank of Baroda,505246984114,SBIN409406
ACC008195,CID009565,SBI,302822008920,SBIN864708
ACC008196,CID009566,HDFC Bank,683676167271,SBIN640760
ACC008197,CID009567,Axis Bank,577293063390,SBIN332130
ACC008198,CID009568,Union Bank,930896470931,SBIN347310
ACC008199,CID009570,ICICI Bank,907883653410,SBIN729350
ACC008200,CID009571,HDFC Bank,280856182555,SBIN721018
ACC008201,CID009573,Bank of Baroda,721913686812,SBIN916904
ACC008202,CID009574,Union Bank,707640215921,SBIN142943
ACC008203,CID009575,ICICI Bank,455204533687,SBIN176123
ACC008204,CID009576,HDFC Bank,816567624106,SBIN852961
ACC008205,CID009577,Union Bank,239152534903,SBIN918519
ACC008206,CID009578,Axis Bank,843067964594,SBIN509029
ACC008207,CID009579,Canara Bank,548539070315,SBIN612387
ACC008208,CID009580,Union Bank,600138717838,SBIN111811
ACC008209,CID009582,Axis Bank,747423208113,SBIN215332
ACC008210,CID009583,Canara Bank,752935003408,SBIN719183
ACC008211,CID009584,SBI,913152228778,SBIN308878
ACC008212,CID009585,SBI,616468477623,SBIN273301
ACC008213,CID009586,ICICI Bank,378993725781,SBIN840094
ACC008214,CID009587,Union Bank,583221663247,SBIN602682
ACC008215,CID009589,Canara Bank,637858682313,SBIN539401
ACC008216,CID009590,SBI,692952386770,SBIN891937
ACC008217,CID009592,ICICI Bank,697145297502,SBIN811356
ACC008218,CID009593,HDFC Bank,573010632562,SBIN761155
ACC008219,CID009594,SBI,298780314705,SBIN296000
ACC008220,CID009595,Union Bank,579664112687,SBIN831756
ACC008221,CID009596,ICICI Bank,330868392414,SBIN916166
ACC008222,CID009597,HDFC Bank,953605556305,SBIN995588
ACC008223,CID009598,Axis Bank,760047187459,SBIN127403
ACC008224,CID009599,SBI,923109463780,SBIN120733
ACC008225,CID009600,Axis Bank,769968768961,SBIN939842
ACC008226,CID009601,ICICI Bank,924127005640,SBIN535711
ACC008227,CID009602,Axis Bank,678403281064,SBIN386362
ACC008228,CID009603,SBI,299322124248,SBIN422187
ACC008229,CID009604,Axis Bank,580078967680,SBIN851446
ACC008230,CID009605,Canara Bank,642896622145,SBIN716922
ACC008231,CID009606,HDFC Bank,668850674237,SBIN981520
ACC008232,CID009607,Union Bank,211780082043,SBIN488758
ACC008233,CID009608,Bank of Baroda,377245019863,SBIN568125
ACC008234,CID009609,HDFC Bank,244592066496,SBIN362534
ACC008235,CID009610,Axis Bank,398200469401,SBIN589251
ACC008236,CID009611,HDFC Bank,623966726641,SBIN850034
ACC008237,CID009614,Bank of Baroda,526140413587,SBIN130080
ACC008238,CID009615,HDFC Bank,861856729343,SBIN711707
ACC008239,CID009616,HDFC Bank,970921353596,SBIN552129
ACC008240,CID009618,ICICI Bank,806841556778,SBIN705460
ACC008241,CID009620,Axis Bank,725650014781,SBIN649729
ACC008242,CID009621,ICICI Bank,905845779391,SBIN967872
ACC008243,CID009622,Axis Bank,582967266397,SBIN564341
ACC008244,CID009623,Axis Bank,705629271027,SBIN514070
ACC008245,CID009624,HDFC Bank,371825374537,SBIN251481
ACC008246,CID009625,ICICI Bank,891062623410,SBIN248977
ACC008247,CID009626,HDFC Bank,826815719251,SBIN319577
ACC008248,CID009627,ICICI Bank,669318196642,SBIN619850
ACC008249,CID009628,Axis Bank,785754974403,SBIN292651
ACC008250,CID009629,SBI,881154933339,SBIN885881
ACC008251,CID009631,ICICI Bank,883110252227,SBIN789472
ACC008252,CID009632,Bank of Baroda,273146113544,SBIN790395
ACC008253,CID009633,Bank of Baroda,846274260467,SBIN673142
ACC008254,CID009635,Union Bank,152767116922,SBIN596524
ACC008255,CID009636,Canara Bank,367348336864,SBIN195817
ACC008256,CID009637,Union Bank,427067052403,SBIN283789
ACC008257,CID009639,Union Bank,956166781836,SBIN899548
ACC008258,CID009640,Bank of Baroda,119465674540,SBIN302925
ACC008259,CID009641,HDFC Bank,938828751604,SBIN844608
ACC008260,CID009642,Union Bank,677673153071,SBIN955649
ACC008261,CID009643,HDFC Bank,641732163952,SBIN365739
ACC008262,CID009644,HDFC Bank,603110825599,SBIN527976
ACC008263,CID009646,ICICI Bank,557188093036,SBIN285689
ACC008264,CID009647,SBI,955676024338,SBIN656446
ACC008265,CID009648,Canara Bank,853774266407,SBIN405241
ACC008266,CID009652,ICICI Bank,436855149111,SBIN536312
ACC008267,CID009653,Bank of Baroda,563988918725,SBIN796614
ACC008268,CID009654,Bank of Baroda,663073902251,SBIN688116
ACC008269,CID009655,Canara Bank,275159441642,SBIN411304
ACC008270,CID009656,HDFC Bank,574763543749,SBIN639644
ACC008271,CID009658,SBI,784638015051,SBIN534359
ACC008272,CID009659,Union Bank,211833926978,SBIN670955
ACC008273,CID009660,Union Bank,773648537242,SBIN687207
ACC008274,CID009661,HDFC Bank,490105553867,SBIN370865
ACC008275,CID009662,Axis Bank,338899134057,SBIN858600
ACC008276,CID009663,Bank of Baroda,237410423739,SBIN428873
ACC008277,CID009665,HDFC Bank,542761040628,SBIN175080
ACC008278,CID009666,Bank of Baroda,336657626084,SBIN407748
ACC008279,CID009667,Bank of Baroda,347337520771,SBIN821374
ACC008280,CID009668,ICICI Bank,277706535067,SBIN560989
ACC008281,CID009670,Axis Bank,372577179074,SBIN836151
ACC008282,CID009673,Canara Bank,802268623226,SBIN496463
ACC008283,CID009674,Union Bank,166307698827,SBIN284608
ACC008284,CID009676,ICICI Bank,198251049093,SBIN547047
ACC008285,CID009677,HDFC Bank,874621461659,SBIN891054
ACC008286,CID009679,Bank of Baroda,917633233595,SBIN248632
ACC008287,CID009680,Bank of Baroda,855707507891,SBIN458372
ACC008288,CID009681,Axis Bank,338730830092,SBIN109261
ACC008289,CID009683,Bank of Baroda,444137238952,SBIN394207
ACC008290,CID009684,Union Bank,887236959816,SBIN780819
ACC008291,CID009686,ICICI Bank,496673589426,SBIN265844
ACC008292,CID009687,Axis Bank,446699889962,SBIN357698
ACC008293,CID009688,Bank of Baroda,225715385329,SBIN712303
ACC008294,CID009689,HDFC Bank,816664083816,SBIN746730
ACC008295,CID009690,Bank of Baroda,417727476453,SBIN310505
ACC008296,CID009691,HDFC Bank,442949889377,SBIN856763
ACC008297,CID009692,Union Bank,920585997701,SBIN579506
ACC008298,CID009693,Union Bank,985509922966,SBIN744828
ACC008299,CID009694,SBI,342399833649,SBIN173608
ACC008300,CID009695,HDFC Bank,120276511650,SBIN410373
ACC008301,CID009696,Bank of Baroda,945554106552,SBIN645708
ACC008302,CID009698,Axis Bank,601787104716,SBIN739104
ACC008303,CID009699,Bank of Baroda,426295834734,SBIN676481
ACC008304,CID009700,Union Bank,772892807615,SBIN259676
ACC008305,CID009701,Bank of Baroda,456892788972,SBIN973554
ACC008306,CID009703,ICICI Bank,346714281495,SBIN968854
ACC008307,CID009705,SBI,333608193447,SBIN979829
ACC008308,CID009706,SBI,532015067703,SBIN771463
ACC008309,CID009707,Union Bank,380017980111,SBIN509727
ACC008310,CID009708,HDFC Bank,694228354211,SBIN322907
ACC008311,CID009709,HDFC Bank,101863864118,SBIN251328
ACC008312,CID009710,ICICI Bank,929109909188,SBIN394655
ACC008313,CID009711,HDFC Bank,405536039359,SBIN107619
ACC008314,CID009713,HDFC Bank,625265594306,SBIN623390
ACC008315,CID009714,Union Bank,303544179140,SBIN317870
ACC008316,CID009715,SBI,715382080089,SBIN226353
ACC008317,CID009716,Canara Bank,557270176944,SBIN604686
ACC008318,CID009717,SBI,832612189619,SBIN692792
ACC008319,CID009718,Canara Bank,898444262234,SBIN354400
ACC008320,CID009719,Canara Bank,402919531316,SBIN405106
ACC008321,CID009721,HDFC Bank,576773746097,SBIN511162
ACC008322,CID009722,ICICI Bank,275907328616,SBIN871539
ACC008323,CID009724,Axis Bank,351003762519,SBIN948867
ACC008324,CID009725,Axis Bank,193277293076,SBIN839437
ACC008325,CID009726,SBI,448638795299,SBIN665821
ACC008326,CID009727,SBI,610738838533,SBIN685322
ACC008327,CID009728,Bank of Baroda,908884515823,SBIN846627
ACC008328,CID009729,ICICI Bank,933471835122,SBIN422219
ACC008329,CID009730,Canara Bank,313108909823,SBIN933410
ACC008330,CID009731,SBI,183817066957,SBIN281624
ACC008331,CID009732,SBI,126665205656,SBIN425325
ACC008332,CID009733,Canara Bank,589196572699,SBIN469226
ACC008333,CID009734,HDFC Bank,781504805198,SBIN284416
ACC008334,CID009735,HDFC Bank,475441155092,SBIN475633
ACC008335,CID009736,HDFC Bank,381191368035,SBIN685170
ACC008336,CID009737,HDFC Bank,450581801012,SBIN192954
ACC008337,CID009739,Canara Bank,280864962576,SBIN423199
ACC008338,CID009740,Union Bank,587387725671,SBIN343066
ACC008339,CID009741,Axis Bank,432818500172,SBIN426618
ACC008340,CID009742,HDFC Bank,124300626668,SBIN180733
ACC008341,CID009744,Canara Bank,441695280073,SBIN734097
ACC008342,CID009745,HDFC Bank,303090060460,SBIN438301
ACC008343,CID009746,SBI,839450529768,SBIN716700
ACC008344,CID009747,Union Bank,114007623927,SBIN135901
ACC008345,CID009748,SBI,634387959127,SBIN137568
ACC008346,CID009750,ICICI Bank,967931986240,SBIN930512
ACC008347,CID009751,Union Bank,642121778660,SBIN890649
ACC008348,CID009752,Union Bank,424241641664,SBIN641110
ACC008349,CID009754,Axis Bank,165902816336,SBIN653871
ACC008350,CID009755,Union Bank,367191956195,SBIN222463
ACC008351,CID009756,ICICI Bank,667379446099,SBIN945045
ACC008352,CID009757,Union Bank,792664181929,SBIN551268
ACC008353,CID009758,Union Bank,690868187118,SBIN745252
ACC008354,CID009759,ICICI Bank,733468610545,SBIN340576
ACC008355,CID009760,SBI,222566315459,SBIN480795
ACC008356,CID009761,ICICI Bank,120665060165,SBIN316236
ACC008357,CID009762,HDFC Bank,745440169775,SBIN790284
ACC008358,CID009763,ICICI Bank,309038317244,SBIN383800
ACC008359,CID009764,SBI,705400468715,SBIN582372
ACC008360,CID009766,Union Bank,435619858737,SBIN211105
ACC008361,CID009767,ICICI Bank,194168582833,SBIN505405
ACC008362,CID009768,Axis Bank,783199008458,SBIN372603
ACC008363,CID009769,Union Bank,838857589323,SBIN901274
ACC008364,CID009770,Canara Bank,963019347937,SBIN702818
ACC008365,CID009772,Bank of Baroda,743342389263,SBIN828010
ACC008366,CID009773,SBI,637329442634,SBIN264937
ACC008367,CID009774,Union Bank,642167605662,SBIN456284
ACC008368,CID009775,Union Bank,637667281616,SBIN446371
ACC008369,CID009776,HDFC Bank,996371579022,SBIN624078
ACC008370,CID009777,ICICI Bank,325857283032,SBIN712544
ACC008371,CID009778,ICICI Bank,634225381109,SBIN997951
ACC008372,CID009779,Canara Bank,486799114517,SBIN516009
ACC008373,CID009780,Union Bank,209056342628,SBIN705187
ACC008374,CID009782,Axis Bank,671607789087,SBIN107128
ACC008375,CID009783,Axis Bank,198143717818,SBIN333201
ACC008376,CID009784,Axis Bank,754267642558,SBIN535937
ACC008377,CID009785,Canara Bank,702203323373,SBIN386551
ACC008378,CID009786,HDFC Bank,468052778804,SBIN161080
ACC008379,CID009787,HDFC Bank,348513644441,SBIN517169
ACC008380,CID009788,ICICI Bank,177603395169,SBIN450781
ACC008381,CID009789,HDFC Bank,697492132100,SBIN315740
ACC008382,CID009790,Canara Bank,488427195182,SBIN955805
ACC008383,CID009791,HDFC Bank,838511890583,SBIN121006
ACC008384,CID009792,HDFC Bank,492813429611,SBIN806755
ACC008385,CID009794,SBI,929871502843,SBIN309197
ACC008386,CID009795,Union Bank,344261184066,SBIN919894
ACC008387,CID009796,Axis Bank,218103121309,SBIN544497
ACC008388,CID009797,Canara Bank,275873148300,SBIN622766
ACC008389,CID009798,Bank of Baroda,859261461499,SBIN338217
ACC008390,CID009799,SBI,839933917159,SBIN464730
ACC008391,CID009801,Union Bank,697088952658,SBIN198478
ACC008392,CID009802,ICICI Bank,891378741013,SBIN986439
ACC008393,CID009803,SBI,770417983487,SBIN505906
ACC008394,CID009804,HDFC Bank,379909942803,SBIN645066
ACC008395,CID009805,Axis Bank,255819374609,SBIN713963
ACC008396,CID009806,Canara Bank,120903986026,SBIN121375
ACC008397,CID009807,Axis Bank,735931078640,SBIN564820
ACC008398,CID009809,Canara Bank,469037657833,SBIN869172
ACC008399,CID009810,HDFC Bank,200553998786,SBIN629697
ACC008400,CID009811,Bank of Baroda,178152137337,SBIN140444
ACC008401,CID009812,SBI,352119859939,SBIN936655
ACC008402,CID009813,Canara Bank,443349086618,SBIN357382
ACC008403,CID009814,ICICI Bank,998263914576,SBIN948807
ACC008404,CID009815,Bank of Baroda,832395230562,SBIN517340
ACC008405,CID009816,Bank of Baroda,334497818313,SBIN222079
ACC008406,CID009817,SBI,885063152801,SBIN496548
ACC008407,CID009818,Canara Bank,171548966689,SBIN878023
ACC008408,CID009819,ICICI Bank,499396431614,SBIN516423
ACC008409,CID009820,ICICI Bank,377148462220,SBIN437567
ACC008410,CID009821,Bank of Baroda,372314592099,SBIN262424
ACC008411,CID009823,Bank of Baroda,524719589746,SBIN233619
ACC008412,CID009825,Canara Bank,953772434887,SBIN863879
ACC008413,CID009826,Bank of Baroda,653387879095,SBIN755866
ACC008414,CID009828,ICICI Bank,987399266120,SBIN334844
ACC008415,CID009829,Bank of Baroda,584073363055,SBIN641502
ACC008416,CID009830,Bank of Baroda,968451259987,SBIN263332
ACC008417,CID009831,ICICI Bank,467472611273,SBIN507352
ACC008418,CID009832,SBI,397413383541,SBIN608304
ACC008419,CID009833,SBI,778578357105,SBIN578903
ACC008420,CID009834,Union Bank,849646010300,SBIN557412
ACC008421,CID009835,ICICI Bank,286547330978,SBIN547310
ACC008422,CID009836,SBI,752606278020,SBIN673337
ACC008423,CID009837,Canara Bank,177509479352,SBIN638615
ACC008424,CID009838,Axis Bank,400315017900,SBIN721711
ACC008425,CID009839,ICICI Bank,766532392116,SBIN680199
ACC008426,CID009840,ICICI Bank,939084632510,SBIN415269
ACC008427,CID009842,SBI,667242082064,SBIN289684
ACC008428,CID009843,Axis Bank,644580778255,SBIN359241
ACC008429,CID009845,ICICI Bank,245044641794,SBIN348431
ACC008430,CID009847,ICICI Bank,534476378472,SBIN559352
ACC008431,CID009848,Canara Bank,922233628975,SBIN873041
ACC008432,CID009850,Axis Bank,564183583674,SBIN815385
ACC008433,CID009851,Bank of Baroda,531960107975,SBIN501572
ACC008434,CID009852,Canara Bank,167743486916,SBIN396144
ACC008435,CID009853,ICICI Bank,836552911190,SBIN517821
ACC008436,CID009854,SBI,371104441380,SBIN577773
ACC008437,CID009855,Union Bank,827924104377,SBIN479932
ACC008438,CID009856,HDFC Bank,770071135374,SBIN629304
ACC008439,CID009857,SBI,270124784974,SBIN502603
ACC008440,CID009858,SBI,626051446106,SBIN590645
ACC008441,CID009859,Union Bank,972680718656,SBIN475145
ACC008442,CID009860,Axis Bank,538018478258,SBIN981239
ACC008443,CID009861,Axis Bank,574135325454,SBIN357575
ACC008444,CID009862,HDFC Bank,959127137036,SBIN636072
ACC008445,CID009863,Bank of Baroda,295097269310,SBIN546237
ACC008446,CID009864,Canara Bank,445099167612,SBIN868956
ACC008447,CID009865,HDFC Bank,823791662566,SBIN720788
ACC008448,CID009867,Axis Bank,856669685825,SBIN454678
ACC008449,CID009868,Union Bank,196911735902,SBIN720611
ACC008450,CID009869,HDFC Bank,162519343799,SBIN273581
ACC008451,CID009870,HDFC Bank,637869070442,SBIN695672
ACC008452,CID009871,Union Bank,630076906284,SBIN959969
ACC008453,CID009872,SBI,187186417559,SBIN129434
ACC008454,CID009873,Bank of Baroda,218761100941,SBIN437062
ACC008455,CID009874,Bank of Baroda,686190637011,SBIN770423
ACC008456,CID009875,Bank of Baroda,223297921977,SBIN308266
ACC008457,CID009876,Union Bank,904884777619,SBIN402467
ACC008458,CID009877,SBI,560182125809,SBIN663258
ACC008459,CID009878,HDFC Bank,273191327738,SBIN279060
ACC008460,CID009879,ICICI Bank,392472319798,SBIN369393
ACC008461,CID009880,HDFC Bank,576686739650,SBIN455846
ACC008462,CID009881,HDFC Bank,440517482353,SBIN173593
ACC008463,CID009882,Canara Bank,336391860842,SBIN873573
ACC008464,CID009883,HDFC Bank,439890679194,SBIN466912
ACC008465,CID009884,ICICI Bank,808715833969,SBIN152135
ACC008466,CID009885,Canara Bank,458592641831,SBIN919546
ACC008467,CID009886,Axis Bank,876676754462,SBIN399237
ACC008468,CID009887,Union Bank,408414073984,SBIN584642
ACC008469,CID009888,Canara Bank,245384255248,SBIN696705
ACC008470,CID009889,Axis Bank,276290447860,SBIN399844
ACC008471,CID009891,Axis Bank,463356851304,SBIN557277
ACC008472,CID009892,SBI,435845105554,SBIN471732
ACC008473,CID009893,SBI,986891577089,SBIN478395
ACC008474,CID009895,Union Bank,851584911793,SBIN299121
ACC008475,CID009896,Axis Bank,379541874734,SBIN300005
ACC008476,CID009898,ICICI Bank,657177088037,SBIN677895
ACC008477,CID009899,Canara Bank,220298946629,SBIN484913
ACC008478,CID009900,HDFC Bank,344748090752,SBIN678554
ACC008479,CID009901,Bank of Baroda,384827600611,SBIN813757
ACC008480,CID009902,SBI,711871627425,SBIN855174
ACC008481,CID009903,Union Bank,820249885323,SBIN875318
ACC008482,CID009904,Canara Bank,698817011065,SBIN482542
ACC008483,CID009905,Union Bank,133493923179,SBIN247879
ACC008484,CID009906,SBI,804477446596,SBIN541083
ACC008485,CID009907,Canara Bank,669330319824,SBIN134677
ACC008486,CID009908,ICICI Bank,676378484256,SBIN893184
ACC008487,CID009909,Canara Bank,381897798515,SBIN419823
ACC008488,CID009910,HDFC Bank,367379653079,SBIN394937
ACC008489,CID009911,Axis Bank,949601215323,SBIN991465
ACC008490,CID009912,HDFC Bank,360995925117,SBIN549907
ACC008491,CID009916,SBI,818896567673,SBIN387494
ACC008492,CID009917,Bank of Baroda,560154428538,SBIN462188
ACC008493,CID009918,SBI,683516762212,SBIN479469
ACC008494,CID009921,SBI,930991184174,SBIN398454
ACC008495,CID009923,Axis Bank,384858396720,SBIN770923
ACC008496,CID009924,Axis Bank,207508791381,SBIN273845
ACC008497,CID009925,SBI,659103447815,SBIN241088
ACC008498,CID009926,Union Bank,573093246843,SBIN184831
ACC008499,CID009927,ICICI Bank,571999056369,SBIN194007
ACC008500,CID009928,SBI,433382292956,SBIN439050
ACC008501,CID009930,Union Bank,791352453973,SBIN300108
ACC008502,CID009931,Union Bank,387993615917,SBIN543405
ACC008503,CID009932,Canara Bank,365613706248,SBIN477954
ACC008504,CID009933,Axis Bank,672818442232,SBIN289227
ACC008505,CID009934,HDFC Bank,715473624308,SBIN305651
ACC008506,CID009935,SBI,787939623429,SBIN993461
ACC008507,CID009936,SBI,431634306562,SBIN854502
ACC008508,CID009937,Canara Bank,934444460010,SBIN628241
ACC008509,CID009938,Union Bank,292701302941,SBIN170518
ACC008510,CID009939,Canara Bank,134692560911,SBIN385331
ACC008511,CID009940,Canara Bank,447760645655,SBIN614650
ACC008512,CID009943,SBI,836254569241,SBIN874178
ACC008513,CID009944,Axis Bank,231069356133,SBIN800169
ACC008514,CID009945,SBI,977187591175,SBIN421809
ACC008515,CID009946,Canara Bank,176585267458,SBIN192217
ACC008516,CID009947,Union Bank,341130868049,SBIN178518
ACC008517,CID009948,ICICI Bank,591603791800,SBIN178824
ACC008518,CID009949,Union Bank,764714138058,SBIN401286
ACC008519,CID009950,HDFC Bank,298855719452,SBIN442549
ACC008520,CID009953,Canara Bank,613532764599,SBIN903753
ACC008521,CID009954,HDFC Bank,831634921252,SBIN649885
ACC008522,CID009955,ICICI Bank,835323631817,SBIN518209
ACC008523,CID009956,Canara Bank,582048776985,SBIN840473
ACC008524,CID009957,Bank of Baroda,490899441024,SBIN839463
ACC008525,CID009959,Bank of Baroda,693507435084,SBIN661938
ACC008526,CID009960,ICICI Bank,767971091777,SBIN584847
ACC008527,CID009961,Axis Bank,490276392841,SBIN410650
ACC008528,CID009962,Bank of Baroda,664069984007,SBIN651127
ACC008529,CID009963,HDFC Bank,292478547402,SBIN783163
ACC008530,CID009964,Axis Bank,696707319268,SBIN838527
ACC008531,CID009965,SBI,178393287759,SBIN898706
ACC008532,CID009966,Union Bank,241572409814,SBIN478192
ACC008533,CID009968,Axis Bank,868153908734,SBIN654229
ACC008534,CID009969,HDFC Bank,788631082680,SBIN343359
ACC008535,CID009970,ICICI Bank,733177185425,SBIN803935
ACC008536,CID009971,Axis Bank,158419697315,SBIN490355
ACC008537,CID009972,Axis Bank,447251921362,SBIN641655
ACC008538,CID009973,Union Bank,583427933842,SBIN291135
ACC008539,CID009974,SBI,693336690639,SBIN434474
ACC008540,CID009975,Canara Bank,333975856075,SBIN492260
ACC008541,CID009976,ICICI Bank,145887272225,SBIN447922
ACC008542,CID009977,Union Bank,342493706188,SBIN459320
ACC008543,CID009978,Bank of Baroda,816290731958,SBIN630701
ACC008544,CID009981,ICICI Bank,716896018029,SBIN164272
ACC008545,CID009982,Bank of Baroda,365862768477,SBIN986366
ACC008546,CID009983,Axis Bank,746294787974,SBIN930971
ACC008547,CID009984,HDFC Bank,532399891511,SBIN386315
ACC008548,CID009985,HDFC Bank,604323620173,SBIN250602
ACC008549,CID009986,SBI,713061143793,SBIN809832
ACC008550,CID009987,ICICI Bank,308785191486,SBIN977986
ACC008551,CID009988,HDFC Bank,615645140432,SBIN364198
ACC008552,CID009989,Union Bank,346424339647,SBIN229863
ACC008553,CID009990,Bank of Baroda,555661940125,SBIN485688
ACC008554,CID009991,HDFC Bank,204015440207,SBIN123258
ACC008555,CID009992,Union Bank,796586686016,SBIN612302
ACC008556,CID009993,Axis Bank,626694493702,SBIN512462
ACC008557,CID009995,SBI,965760155502,SBIN140756
ACC008558,CID009996,Axis Bank,563485751391,SBIN787519
ACC008559,CID009997,Axis Bank,666854038977,SBIN788973
ACC008560,CID009998,Bank of Baroda,682842448879,SBIN102036
ACC008561,CID009999,Canara Bank,603838892210,SBIN385016
ACC008562,CID010000,Canara Bank,154228418463,SBIN948501
