vehicle_id,citizen_id,vehicle_number,vehicle_type
VH000001,CID000002,KA46AB5138,Car
VH000002,CID000003,KA78AB3542,Bike
VH000003,CID000004,KA95AB3833,Car
VH000004,CID000005,KA46AB7898,Car
VH000005,CID000008,KA96AB5651,Car
VH000006,CID000009,KA04AB7433,Bike
VH000007,CID000010,KA64AB7639,Truck
VH000008,CID000012,KA13AB9042,Auto
VH000009,CID000013,KA52AB6941,Truck
VH000010,CID000015,KA93AB2703,Truck
VH000011,CID000016,KA83AB3542,Truck
VH000012,CID000019,KA93AB2254,Car
VH000013,CID000020,KA12AB3889,Truck
VH000014,CID000022,KA76AB7630,Truck
VH000015,CID000023,KA01AB9593,Car
VH000016,CID000026,KA54AB8218,Auto
VH000017,CID000028,KA10AB4502,Car
VH000018,CID000030,KA56AB6551,Auto
VH000019,CID000032,KA71AB3578,Car
VH000020,CID000033,KA58AB1274,Auto
VH000021,CID000034,KA83AB7555,Car
VH000022,CID000035,KA93AB1687,Truck
VH000023,CID000037,KA26AB5322,Truck
VH000024,CID000038,KA63AB9894,Car
VH000025,CID000039,KA25AB1199,Truck
VH000026,CID000041,KA39AB6384,Truck
VH000027,CID000045,KA97AB8703,Car
VH000028,CID000046,KA20AB4963,Bike
VH000029,CID000047,KA51AB8463,Auto
VH000030,CID000048,KA35AB8464,Car
VH000031,CID000051,KA42AB4292,Car
VH000032,CID000055,KA55AB9084,Bike
VH000033,CID000056,KA98AB4450,Auto
VH000034,CID000057,KA44AB6998,Auto
VH000035,CID000058,KA04AB6807,Auto
VH000036,CID000059,KA99AB2818,Car
VH000037,CID000060,KA68AB9623,Auto
VH000038,CID000061,KA18AB5825,Car
VH000039,CID000063,KA33AB1289,Bike
VH000040,CID000065,KA58AB4109,Auto
VH000041,CID000067,KA66AB5490,Bike
VH000042,CID000069,KA23AB1667,Auto
VH000043,CID000070,KA91AB6178,Car
VH000044,CID000071,KA59AB3688,Truck
VH000045,CID000072,KA01AB6490,Auto
VH000046,CID000074,KA57AB4213,Truck
VH000047,CID000075,KA08AB7704,Car
VH000048,CID000076,KA26AB6050,Car
VH000049,CID000077,KA05AB7734,Bike
VH000050,CID000079,KA89AB8048,Truck
VH000051,CID000080,KA79AB1782,Auto
VH000052,CID000081,KA49AB3357,Bike
VH000053,CID000084,KA68AB2301,Car
VH000054,CID000086,KA66AB5730,Car
VH000055,CID000087,KA85AB3642,Auto
VH000056,CID000088,KA51AB2740,Auto
VH000057,CID000089,KA61AB7347,Bike
VH000058,CID000090,KA55AB3552,Bike
VH000059,CID000091,KA64AB2073,Auto
VH000060,CID000093,KA29AB8887,Truck
VH000061,CID000094,KA10AB3430,Car
VH000062,CID000096,KA55AB2870,Truck
VH000063,CID000097,KA53AB8778,Car
VH000064,CID000099,KA07AB3593,Car
VH000065,CID000101,KA73AB8344,Car
VH000066,CID000102,KA32AB7537,Bike
VH000067,CID000103,KA13AB1177,Truck
VH000068,CID000104,KA24AB6461,Bike
VH000069,CID000107,KA71AB6611,Auto
VH000070,CID000108,KA21AB7377,Auto
VH000071,CID000110,KA38AB7180,Auto
VH000072,CID000112,KA39AB6286,Auto
VH000073,CID000113,KA47AB9053,Truck
VH000074,CID000115,KA82AB7512,Bike
VH000075,CID000117,KA07AB5254,Car
VH000076,CID000118,KA56AB8085,Car
VH000077,CID000120,KA52AB7463,Bike
VH000078,CID000122,KA22AB2174,Truck
VH000079,CID000123,KA09AB9785,Truck
VH000080,CID000124,KA36AB1900,Car
VH000081,CID000126,KA93AB4813,Truck
VH000082,CID000127,KA24AB6852,Auto
VH000083,CID000131,KA78AB7014,Truck
VH000084,CID000134,KA83AB7544,Car
VH000085,CID000135,KA05AB8215,Truck
VH000086,CID000136,KA09AB7656,Car
VH000087,CID000137,KA18AB7502,Auto
VH000088,CID000139,KA97AB3418,Bike
VH000089,CID000140,KA58AB5401,Auto
VH000090,CID000142,KA19AB6616,Bike
VH000091,CID000143,KA73AB8775,Auto
VH000092,CID000145,KA04AB9907,Truck
VH000093,CID000148,KA59AB8299,Car
VH000094,CID000151,KA42AB6999,Bike
VH000095,CID000152,KA12AB1250,Auto
VH000096,CID000153,KA64AB8368,Car
VH000097,CID000154,KA02AB5294,Bike
VH000098,CID000155,KA31AB6499,Truck
VH000099,CID000156,KA20AB5912,Bike
VH000100,CID000157,KA80AB8007,Auto
VH000101,CID000160,KA72AB5599,Bike
VH000102,CID000161,KA41AB2812,Bike
VH000103,CID000162,KA08AB6434,Bike
VH000104,CID000163,KA38AB6211,Auto
VH000105,CID000165,KA02AB2761,Car
VH000106,CID000166,KA75AB7232,Car
VH000107,CID000167,KA03AB8798,Auto
VH000108,CID000171,KA79AB7167,Car
VH000109,CID000174,KA99AB2702,Car
VH000110,CID000177,KA37AB6554,Auto
VH000111,CID000180,KA61AB3087,Truck
VH000112,CID000182,KA54AB4833,Truck
VH000113,CID000185,KA75AB1755,Auto
VH000114,CID000189,KA20AB6397,Auto
VH000115,CID000191,KA59AB7699,Car
VH000116,CID000194,KA92AB3621,Bike
VH000117,CID000195,KA31AB8586,Bike
VH000118,CID000196,KA82AB3225,Truck
VH000119,CID000197,KA67AB9489,Car
VH000120,CID000199,KA72AB6074,Car
VH000121,CID000200,KA13AB2635,Bike
VH000122,CID000201,KA49AB8376,Auto
VH000123,CID000203,KA37AB5381,Car
VH000124,CID000204,KA61AB9811,Truck
VH000125,CID000205,KA30AB4717,Truck
VH000126,CID000206,KA77AB4627,Bike
VH000127,CID000209,KA79AB5630,Auto
VH000128,CID000210,KA72AB6347,Car
VH000129,CID000211,KA15AB4508,Bike
VH000130,CID000213,KA07AB1714,Bike
VH000131,CID000214,KA25AB3266,Truck
VH000132,CID000215,KA68AB9010,Auto
VH000133,CID000216,KA62AB2124,Auto
VH000134,CID000218,KA92AB9201,Truck
VH000135,CID000220,KA85AB1653,Car
VH000136,CID000221,KA77AB1990,Truck
VH000137,CID000222,KA16AB2851,Truck
VH000138,CID000224,KA77AB3041,Auto
VH000139,CID000225,KA09AB9981,Car
VH000140,CID000226,KA96AB9775,Car
VH000141,CID000227,KA97AB2465,Car
VH000142,CID000229,KA02AB8431,Auto
VH000143,CID000235,KA28AB4474,Auto
VH000144,CID000237,KA60AB4215,Truck
VH000145,CID000239,KA04AB9496,Truck
VH000146,CID000240,KA46AB2146,Truck
VH000147,CID000241,KA98AB8103,Car
VH000148,CID000242,KA95AB8257,Bike
VH000149,CID000243,KA55AB6710,Bike
VH000150,CID000244,KA97AB2149,Truck
VH000151,CID000245,KA53AB3467,Truck
VH000152,CID000247,KA35AB5544,Car
VH000153,CID000248,KA43AB8441,Auto
VH000154,CID000250,KA54AB1643,Bike
VH000155,CID000251,KA70AB1475,Auto
VH000156,CID000252,KA77AB7111,Car
VH000157,CID000253,KA98AB5751,Car
VH000158,CID000255,KA95AB5172,Bike
VH000159,CID000256,KA20AB9451,Auto
VH000160,CID000258,KA18AB7555,Truck
VH000161,CID000259,KA87AB6292,Truck
VH000162,CID000260,KA74AB3146,Auto
VH000163,CID000262,KA23AB3978,Car
VH000164,CID000263,KA71AB7100,Car
VH000165,CID000266,KA77AB5354,Car
VH000166,CID000267,KA96AB5873,Auto
VH000167,CID000268,KA07AB7583,Car
VH000168,CID000271,KA51AB2374,Bike
VH000169,CID000272,KA82AB7808,Auto
VH000170,CID000273,KA68AB4011,Bike
VH000171,CID000274,KA87AB2913,Bike
VH000172,CID000275,KA66AB7223,Car
VH000173,CID000276,KA35AB9619,Car
VH000174,CID000277,KA45AB6977,Bike
VH000175,CID000279,KA80AB8607,Auto
VH000176,CID000280,KA62AB7035,Auto
VH000177,CID000282,KA01AB2620,Bike
VH000178,CID000284,KA53AB9556,Car
VH000179,CID000285,KA41AB7170,Bike
VH000180,CID000286,KA24AB9714,Bike
VH000181,CID000287,KA67AB7472,Truck
VH000182,CID000288,KA26AB9741,Truck
VH000183,CID000291,KA23AB2860,Auto
VH000184,CID000292,KA42AB8119,Car
VH000185,CID000293,KA01AB1774,Bike
VH000186,CID000294,KA85AB5321,Car
VH000187,CID000297,KA22AB7664,Auto
VH000188,CID000300,KA41AB1856,Auto
VH000189,CID000302,KA37AB8837,Auto
VH000190,CID000304,KA51AB6409,Auto
VH000191,CID000305,KA47AB2195,Truck
VH000192,CID000307,KA09AB1981,Bike
VH000193,CID000308,KA70AB5678,Auto
VH000194,CID000309,KA95AB2203,Bike
VH000195,CID000310,KA95AB6405,Car
VH000196,CID000311,KA43AB7810,Truck
VH000197,CID000312,KA62AB7506,Truck
VH000198,CID000316,KA24AB4840,Bike
VH000199,CID000317,KA92AB1801,Car
VH000200,CID000318,KA86AB3575,Bike
VH000201,CID000319,KA64AB2642,Bike
VH000202,CID000320,KA39AB9429,Auto
VH000203,CID000321,KA61AB7926,Truck
VH000204,CID000322,KA71AB1066,Truck
VH000205,CID000323,KA11AB1820,Truck
VH000206,CID000326,KA91AB7750,Car
VH000207,CID000328,KA81AB1126,Auto
VH000208,CID000329,KA80AB7323,Bike
VH000209,CID000330,KA28AB1446,Car
VH000210,CID000332,KA67AB4042,Truck
VH000211,CID000333,KA84AB9813,Truck
VH000212,CID000335,KA32AB7106,Auto
VH000213,CID000336,KA56AB2888,Bike
VH000214,CID000339,KA09AB5795,Bike
VH000215,CID000340,KA68AB9469,Auto
VH000216,CID000345,KA55AB3732,Truck
VH000217,CID000347,KA52AB9354,Auto
VH000218,CID000350,KA79AB4842,Auto
VH000219,CID000351,KA10AB9514,Bike
VH000220,CID000352,KA85AB2812,Auto
VH000221,CID000354,KA90AB9126,Truck
VH000222,CID000355,KA06AB1626,Auto
VH000223,CID000356,KA23AB7046,Bike
VH000224,CID000357,KA93AB3932,Truck
VH000225,CID000358,KA76AB8110,Truck
VH000226,CID000360,KA04AB6029,Auto
VH000227,CID000361,KA02AB4593,Bike
VH000228,CID000362,KA22AB3830,Truck
VH000229,CID000364,KA64AB5563,Car
VH000230,CID000367,KA56AB4284,Car
VH000231,CID000368,KA20AB4701,Auto
VH000232,CID000369,KA53AB9580,Bike
VH000233,CID000370,KA93AB7899,Car
VH000234,CID000371,KA83AB9029,Bike
VH000235,CID000372,KA32AB5386,Auto
VH000236,CID000373,KA20AB3897,Bike
VH000237,CID000375,KA39AB5063,Truck
VH000238,CID000376,KA28AB1473,Auto
VH000239,CID000377,KA37AB7266,Bike
VH000240,CID000378,KA63AB6221,Car
VH000241,CID000379,KA49AB2090,Auto
VH000242,CID000380,KA30AB6849,Auto
VH000243,CID000381,KA08AB1346,Car
VH000244,CID000382,KA58AB4294,Auto
VH000245,CID000384,KA79AB7499,Truck
VH000246,CID000385,KA13AB8353,Car
VH000247,CID000386,KA59AB2876,Auto
VH000248,CID000387,KA30AB5544,Car
VH000249,CID000389,KA07AB6453,Car
VH000250,CID000390,KA16AB1323,Car
VH000251,CID000391,KA04AB1039,Truck
VH000252,CID000392,KA22AB1775,Bike
VH000253,CID000393,KA56AB8473,Bike
VH000254,CID000394,KA83AB1355,Truck
VH000255,CID000396,KA80AB6077,Truck
VH000256,CID000397,KA42AB8569,Car
VH000257,CID000398,KA72AB5181,Car
VH000258,CID000399,KA76AB7048,Car
VH000259,CID000400,KA90AB2892,Truck
VH000260,CID000402,KA86AB4479,Auto
VH000261,CID000404,KA83AB8728,Truck
VH000262,CID000405,KA99AB2982,Car
VH000263,CID000407,KA85AB4616,Truck
VH000264,CID000410,KA43AB4394,Truck
VH000265,CID000411,KA65AB3145,Truck
VH000266,CID000414,KA95AB8520,Car
VH000267,CID000416,KA89AB3358,Bike
VH000268,CID000417,KA84AB2501,Car
VH000269,CID000418,KA31AB1645,Bike
VH000270,CID000419,KA18AB4640,Auto
VH000271,CID000420,KA49AB6041,Truck
VH000272,CID000421,KA24AB2460,Truck
VH000273,CID000422,KA58AB2246,Car
VH000274,CID000423,KA82AB1418,Bike
VH000275,CID000424,KA40AB1648,Bike
VH000276,CID000428,KA35AB2675,Car
VH000277,CID000429,KA63AB3204,Truck
VH000278,CID000435,KA01AB9080,Auto
VH000279,CID000440,KA54AB1061,Bike
VH000280,CID000441,KA67AB8922,Bike
VH000281,CID000442,KA12AB4805,Truck
VH000282,CID000443,KA15AB5020,Truck
VH000283,CID000444,KA06AB8774,Auto
VH000284,CID000446,KA26AB8791,Truck
VH000285,CID000449,KA44AB9385,Truck
VH000286,CID000451,KA37AB6763,Auto
VH000287,CID000452,KA71AB9165,Truck
VH000288,CID000453,KA71AB2650,Car
VH000289,CID000456,KA94AB2152,Car
VH000290,CID000457,KA70AB4471,Bike
VH000291,CID000458,KA48AB7711,Truck
VH000292,CID000459,KA69AB8390,Truck
VH000293,CID000460,KA46AB2837,Car
VH000294,CID000462,KA44AB8654,Auto
VH000295,CID000464,KA51AB1676,Auto
VH000296,CID000465,KA30AB1566,Car
VH000297,CID000466,KA02AB3244,Truck
VH000298,CID000469,KA71AB7397,Bike
VH000299,CID000470,KA65AB9977,Bike
VH000300,CID000471,KA02AB1792,Auto
VH000301,CID000473,KA36AB6375,Truck
VH000302,CID000474,KA58AB9171,Bike
VH000303,CID000475,KA63AB9979,Bike
VH000304,CID000476,KA40AB4053,Truck
VH000305,CID000478,KA51AB7055,Car
VH000306,CID000479,KA34AB5152,Bike
VH000307,CID000481,KA95AB3941,Auto
VH000308,CID000482,KA78AB5621,Truck
VH000309,CID000484,KA42AB6941,Bike
VH000310,CID000487,KA85AB6601,Bike
VH000311,CID000488,KA40AB7809,Truck
VH000312,CID000489,KA38AB9881,Car
VH000313,CID000490,KA26AB6940,Bike
VH000314,CID000491,KA15AB3279,Auto
VH000315,CID000492,KA01AB7897,Bike
VH000316,CID000494,KA34AB1253,Bike
VH000317,CID000495,KA79AB3472,Truck
VH000318,CID000497,KA39AB3305,Truck
VH000319,CID000498,KA15AB2498,Car
VH000320,CID000502,KA85AB8346,Auto
VH000321,CID000503,KA73AB6750,Truck
VH000322,CID000504,KA99AB9702,Car
VH000323,CID000505,KA98AB5129,Truck
VH000324,CID000507,KA46AB8454,Auto
VH000325,CID000508,KA12AB3665,Bike
VH000326,CID000509,KA86AB1284,Car
VH000327,CID000511,KA30AB9643,Bike
VH000328,CID000512,KA59AB5630,Car
VH000329,CID000513,KA21AB6579,Bike
VH000330,CID000515,KA34AB4084,Truck
VH000331,CID000516,KA93AB1389,Bike
VH000332,CID000517,KA06AB3658,Car
VH000333,CID000518,KA91AB3408,Auto
VH000334,CID000521,KA35AB7958,Bike
VH000335,CID000522,KA36AB2800,Truck
VH000336,CID000523,KA81AB5301,Auto
VH000337,CID000526,KA10AB2418,Truck
VH000338,CID000528,KA36AB7900,Bike
VH000339,CID000529,KA02AB9590,Truck
VH000340,CID000534,KA61AB4640,Car
VH000341,CID000535,KA53AB2838,Auto
VH000342,CID000538,KA61AB3875,Truck
VH000343,CID000540,KA21AB7631,Car
VH000344,CID000542,KA07AB8126,Car
VH000345,CID000543,KA81AB2373,Truck
VH000346,CID000546,KA64AB4394,Bike
VH000347,CID000548,KA04AB9235,Bike
VH000348,CID000550,KA39AB3722,Auto
VH000349,CID000552,KA47AB2648,Car
VH000350,CID000554,KA87AB8656,Car
VH000351,CID000557,KA56AB4040,Auto
VH000352,CID000558,KA88AB5297,Truck
VH000353,CID000559,KA61AB3399,Auto
VH000354,CID000562,KA93AB2956,Bike
VH000355,CID000565,KA24AB5171,Auto
VH000356,CID000566,KA83AB3093,Car
VH000357,CID000570,KA87AB2323,Bike
VH000358,CID000572,KA94AB5676,Car
VH000359,CID000573,KA60AB8505,Car
VH000360,CID000574,KA39AB8991,Car
VH000361,CID000575,KA75AB4095,Auto
VH000362,CID000577,KA62AB2408,Auto
VH000363,CID000578,KA96AB3712,Car
VH000364,CID000579,KA57AB9235,Car
VH000365,CID000580,KA98AB5034,Auto
VH000366,CID000581,KA56AB7822,Car
VH000367,CID000582,KA01AB2415,Truck
VH000368,CID000584,KA41AB8066,Auto
VH000369,CID000585,KA78AB6387,Auto
VH000370,CID000586,KA83AB6617,Truck
VH000371,CID000588,KA21AB1851,Car
VH000372,CID000589,KA04AB3457,Car
VH000373,CID000590,KA55AB7857,Truck
VH000374,CID000592,KA52AB3134,Car
VH000375,CID000593,KA53AB1086,Car
VH000376,CID000594,KA33AB7768,Car
VH000377,CID000595,KA60AB3573,Bike
VH000378,CID000596,KA40AB7202,Bike
VH000379,CID000600,KA51AB2670,Bike
VH000380,CID000602,KA93AB1534,Auto
VH000381,CID000603,KA70AB3119,Bike
VH000382,CID000604,KA73AB5330,Bike
VH000383,CID000605,KA69AB7839,Bike
VH000384,CID000608,KA94AB3678,Auto
VH000385,CID000610,KA82AB2443,Car
VH000386,CID000612,KA98AB1203,Car
VH000387,CID000613,KA82AB6684,Bike
VH000388,CID000614,KA24AB5346,Truck
VH000389,CID000615,KA71AB6487,Truck
VH000390,CID000616,KA66AB9824,Truck
VH000391,CID000617,KA73AB5228,Auto
VH000392,CID000621,KA41AB3502,Bike
VH000393,CID000623,KA88AB6539,Bike
VH000394,CID000625,KA08AB6190,Auto
VH000395,CID000628,KA63AB5848,Truck
VH000396,CID000630,KA19AB1497,Car
VH000397,CID000631,KA89AB5795,Bike
VH000398,CID000632,KA91AB8435,Auto
VH000399,CID000634,KA67AB2548,Truck
VH000400,CID000640,KA85AB3885,Bike
VH000401,CID000641,KA43AB6166,Bike
VH000402,CID000642,KA12AB1695,Auto
VH000403,CID000643,KA50AB9795,Car
VH000404,CID000644,KA92AB1788,Car
VH000405,CID000646,KA69AB9198,Truck
VH000406,CID000647,KA21AB9095,Bike
VH000407,CID000652,KA39AB2473,Truck
VH000408,CID000653,KA11AB5071,Bike
VH000409,CID000656,KA20AB5340,Bike
VH000410,CID000657,KA78AB4694,Car
VH000411,CID000658,KA87AB2849,Truck
VH000412,CID000659,KA47AB2574,Truck
VH000413,CID000660,KA42AB9792,Auto
VH000414,CID000661,KA83AB4866,Car
VH000415,CID000662,KA25AB9277,Auto
VH000416,CID000663,KA77AB7595,Car
VH000417,CID000665,KA68AB1335,Car
VH000418,CID000666,KA30AB9643,Truck
VH000419,CID000667,KA68AB4650,Bike
VH000420,CID000669,KA73AB8850,Car
VH000421,CID000670,KA01AB3273,Bike
VH000422,CID000671,KA32AB2841,Auto
VH000423,CID000673,KA14AB7731,Truck
VH000424,CID000675,KA79AB4073,Truck
VH000425,CID000676,KA88AB8842,Car
VH000426,CID000677,KA12AB2834,Car
VH000427,CID000679,KA33AB4558,Truck
VH000428,CID000681,KA52AB2272,Truck
VH000429,CID000682,KA71AB5329,Car
VH000430,CID000685,KA94AB2653,Car
VH000431,CID000686,KA11AB8802,Bike
VH000432,CID000687,KA46AB3651,Truck
VH000433,CID000688,KA18AB8765,Car
VH000434,CID000693,KA78AB1069,Bike
VH000435,CID000694,KA26AB1949,Car
VH000436,CID000696,KA03AB9971,Bike
VH000437,CID000698,KA56AB3928,Truck
VH000438,CID000701,KA86AB3154,Bike
VH000439,CID000702,KA37AB7073,Truck
VH000440,CID000704,KA51AB1605,Truck
VH000441,CID000705,KA72AB8250,Auto
VH000442,CID000708,KA57AB8931,Auto
VH000443,CID000709,KA19AB1600,Car
VH000444,CID000710,KA14AB9847,Auto
VH000445,CID000712,KA27AB6503,Truck
VH000446,CID000713,KA26AB3177,Truck
VH000447,CID000715,KA61AB7362,Car
VH000448,CID000719,KA92AB5880,Car
VH000449,CID000720,KA54AB6933,Bike
VH000450,CID000721,KA25AB6261,Auto
VH000451,CID000723,KA82AB4332,Truck
VH000452,CID000724,KA88AB6294,Car
VH000453,CID000725,KA25AB6197,Truck
VH000454,CID000726,KA15AB2949,Auto
VH000455,CID000727,KA47AB7227,Auto
VH000456,CID000728,KA21AB8083,Bike
VH000457,CID000729,KA95AB7921,Car
VH000458,CID000731,KA09AB2143,Auto
VH000459,CID000733,KA48AB6925,Bike
VH000460,CID000734,KA48AB1843,Truck
VH000461,CID000735,KA67AB9319,Car
VH000462,CID000736,KA64AB6010,Bike
VH000463,CID000737,KA87AB4513,Truck
VH000464,CID000738,KA88AB5780,Auto
VH000465,CID000739,KA62AB3114,Bike
VH000466,CID000740,KA94AB3826,Truck
VH000467,CID000742,KA29AB1484,Auto
VH000468,CID000744,KA04AB4444,Auto
VH000469,CID000745,KA54AB5817,Car
VH000470,CID000749,KA04AB5664,Truck
VH000471,CID000750,KA43AB3038,Bike
VH000472,CID000752,KA51AB2249,Auto
VH000473,CID000755,KA62AB1591,Bike
VH000474,CID000756,KA29AB6754,Truck
VH000475,CID000757,KA88AB5943,Bike
VH000476,CID000758,KA99AB1460,Car
VH000477,CID000759,KA80AB1496,Auto
VH000478,CID000760,KA63AB6359,Truck
VH000479,CID000762,KA59AB2574,Auto
VH000480,CID000763,KA79AB8867,Car
VH000481,CID000764,KA99AB3312,Bike
VH000482,CID000766,KA55AB8088,Car
VH000483,CID000768,KA88AB1959,Auto
VH000484,CID000773,KA45AB6571,Truck
VH000485,CID000774,KA90AB2917,Truck
VH000486,CID000775,KA35AB2949,Auto
VH000487,CID000778,KA86AB2455,Car
VH000488,CID000779,KA63AB3616,Truck
VH000489,CID000780,KA63AB7619,Truck
VH000490,CID000781,KA17AB4370,Truck
VH000491,CID000783,KA98AB7520,Auto
VH000492,CID000784,KA94AB4714,Truck
VH000493,CID000786,KA69AB4243,Truck
VH000494,CID000788,KA39AB8029,Car
VH000495,CID000789,KA32AB4556,Car
VH000496,CID000790,KA10AB7560,Auto
VH000497,CID000793,KA17AB2101,Truck
VH000498,CID000794,KA83AB4009,Truck
VH000499,CID000796,KA61AB9144,Bike
VH000500,CID000798,KA44AB2900,Car
VH000501,CID000799,KA88AB5934,Truck
VH000502,CID000801,KA27AB2956,Auto
VH000503,CID000802,KA74AB2823,Bike
VH000504,CID000803,KA56AB5545,Auto
VH000505,CID000805,KA80AB4460,Auto
VH000506,CID000807,KA87AB2245,Bike
VH000507,CID000811,KA95AB8261,Truck
VH000508,CID000812,KA92AB9815,Auto
VH000509,CID000813,KA15AB4963,Truck
VH000510,CID000815,KA20AB1120,Auto
VH000511,CID000816,KA44AB8223,Truck
VH000512,CID000817,KA97AB6579,Auto
VH000513,CID000818,KA43AB9046,Truck
VH000514,CID000819,KA75AB4942,Truck
VH000515,CID000820,KA33AB4483,Car
VH000516,CID000821,KA47AB2744,Car
VH000517,CID000822,KA03AB3899,Car
VH000518,CID000824,KA28AB2780,Auto
VH000519,CID000825,KA05AB8375,Truck
VH000520,CID000826,KA21AB4357,Truck
VH000521,CID000829,KA28AB2800,Truck
VH000522,CID000830,KA79AB4773,Truck
VH000523,CID000831,KA69AB3774,Auto
VH000524,CID000833,KA68AB1001,Truck
VH000525,CID000837,KA29AB4086,Bike
VH000526,CID000838,KA27AB3162,Bike
VH000527,CID000839,KA92AB6749,Car
VH000528,CID000846,KA39AB3913,Car
VH000529,CID000848,KA91AB1383,Bike
VH000530,CID000849,KA13AB1334,Auto
VH000531,CID000850,KA99AB9514,Truck
VH000532,CID000852,KA38AB5253,Car
VH000533,CID000853,KA49AB8017,Car
VH000534,CID000854,KA61AB4169,Truck
VH000535,CID000856,KA71AB6431,Auto
VH000536,CID000858,KA15AB2866,Auto
VH000537,CID000860,KA77AB8204,Bike
VH000538,CID000861,KA21AB9275,Car
VH000539,CID000867,KA27AB4130,Bike
VH000540,CID000868,KA67AB5070,Car
VH000541,CID000869,KA23AB8597,Truck
VH000542,CID000870,KA71AB8837,Truck
VH000543,CID000872,KA38AB2056,Auto
VH000544,CID000873,KA72AB5358,Bike
VH000545,CID000874,KA69AB3040,Truck
VH000546,CID000875,KA98AB4638,Truck
VH000547,CID000876,KA61AB7594,Bike
VH000548,CID000878,KA35AB9388,Bike
VH000549,CID000879,KA63AB2424,Truck
VH000550,CID000880,KA51AB1421,Truck
VH000551,CID000881,KA33AB7149,Bike
VH000552,CID000882,KA52AB5366,Auto
VH000553,CID000884,KA83AB2057,Car
VH000554,CID000885,KA49AB4269,Bike
VH000555,CID000887,KA92AB6058,Truck
VH000556,CID000888,KA63AB8060,Truck
VH000557,CID000889,KA59AB9087,Car
VH000558,CID000891,KA73AB4907,Auto
VH000559,CID000893,KA04AB9586,Bike
VH000560,CID000895,KA32AB4461,Car
VH000561,CID000896,KA10AB2779,Truck
VH000562,CID000897,KA91AB3799,Auto
VH000563,CID000899,KA65AB4474,Auto
VH000564,CID000900,KA72AB3089,Bike
VH000565,CID000903,KA38AB3181,Car
VH000566,CID000905,KA44AB8501,Truck
VH000567,CID000906,KA10AB5916,Truck
VH000568,CID000910,KA30AB8373,Truck
VH000569,CID000911,KA81AB8912,Truck
VH000570,CID000912,KA43AB3269,Car
VH000571,CID000913,KA42AB2053,Car
VH000572,CID000915,KA02AB1501,Auto
VH000573,CID000920,KA90AB5906,Auto
VH000574,CID000924,KA13AB5537,Auto
VH000575,CID000925,KA09AB8274,Bike
VH000576,CID000926,KA91AB4455,Car
VH000577,CID000930,KA32AB9279,Truck
VH000578,CID000931,KA52AB2422,Auto
VH000579,CID000932,KA28AB5903,Bike
VH000580,CID000935,KA87AB2352,Car
VH000581,CID000939,KA39AB8375,Auto
VH000582,CID000942,KA37AB1899,Car
VH000583,CID000943,KA09AB3380,Auto
VH000584,CID000944,KA85AB7022,Bike
VH000585,CID000945,KA55AB1169,Truck
VH000586,CID000948,KA60AB4642,Bike
VH000587,CID000949,KA64AB8754,Truck
VH000588,CID000952,KA07AB3011,Bike
VH000589,CID000953,KA23AB6639,Truck
VH000590,CID000955,KA20AB2431,Truck
VH000591,CID000956,KA04AB2719,Bike
VH000592,CID000957,KA80AB1693,Car
VH000593,CID000960,KA59AB1930,Auto
VH000594,CID000961,KA38AB5492,Truck
VH000595,CID000962,KA58AB8324,Bike
VH000596,CID000964,KA87AB2891,Car
VH000597,CID000965,KA40AB9486,Truck
VH000598,CID000967,KA10AB3084,Bike
VH000599,CID000968,KA56AB3381,Auto
VH000600,CID000971,KA18AB6655,Truck
VH000601,CID000972,KA23AB4186,Auto
VH000602,CID000973,KA43AB3110,Truck
VH000603,CID000974,KA29AB4618,Truck
VH000604,CID000975,KA03AB1972,Auto
VH000605,CID000977,KA02AB3935,Car
VH000606,CID000980,KA18AB7202,Truck
VH000607,CID000981,KA91AB4662,Truck
VH000608,CID000983,KA70AB5165,Car
VH000609,CID000984,KA28AB9252,Auto
VH000610,CID000985,KA93AB6904,Truck
VH000611,CID000986,KA63AB7412,Car
VH000612,CID000988,KA49AB9000,Auto
VH000613,CID000989,KA22AB2357,Bike
VH000614,CID000990,KA90AB8531,Auto
VH000615,CID000991,KA19AB6263,Car
VH000616,CID000997,KA96AB7116,Auto
VH000617,CID001000,KA16AB1124,Bike
VH000618,CID001001,KA51AB9041,Truck
VH000619,CID001002,KA95AB3568,Auto
VH000620,CID001004,KA63AB1656,Auto
VH000621,CID001006,KA30AB3617,Truck
VH000622,CID001007,KA08AB7086,Auto
VH000623,CID001010,KA59AB6239,Car
VH000624,CID001011,KA56AB4198,Auto
VH000625,CID001012,KA18AB1174,Auto
VH000626,CID001013,KA21AB9322,Bike
VH000627,CID001014,KA07AB1770,Car
VH000628,CID001015,KA47AB2546,Truck
VH000629,CID001016,KA83AB2395,Truck
VH000630,CID001018,KA04AB9166,Car
VH000631,CID001021,KA91AB4035,Truck
VH000632,CID001022,KA88AB9789,Auto
VH000633,CID001024,KA20AB1380,Truck
VH000634,CID001026,KA51AB1065,Car
VH000635,CID001028,KA53AB6865,Auto
VH000636,CID001030,KA32AB5399,Bike
VH000637,CID001031,KA74AB7662,Auto
VH000638,CID001032,KA65AB4043,Bike
VH000639,CID001033,KA33AB2308,Car
VH000640,CID001035,KA16AB8007,Car
VH000641,CID001036,KA51AB1974,Auto
VH000642,CID001039,KA37AB3060,Auto
VH000643,CID001040,KA86AB1754,Truck
VH000644,CID001041,KA91AB8780,Car
VH000645,CID001042,KA53AB2005,Bike
VH000646,CID001044,KA67AB4288,Auto
VH000647,CID001045,KA52AB5281,Truck
VH000648,CID001047,KA70AB1823,Auto
VH000649,CID001051,KA07AB3794,Auto
VH000650,CID001052,KA26AB1058,Auto
VH000651,CID001053,KA29AB4453,Bike
VH000652,CID001056,KA84AB2529,Bike
VH000653,CID001057,KA03AB4500,Auto
VH000654,CID001059,KA43AB1419,Bike
VH000655,CID001060,KA62AB7885,Auto
VH000656,CID001061,KA09AB8800,Truck
VH000657,CID001062,KA51AB1814,Auto
VH000658,CID001063,KA60AB4758,Car
VH000659,CID001064,KA79AB9291,Bike
VH000660,CID001065,KA49AB7545,Bike
VH000661,CID001067,KA57AB2888,Auto
VH000662,CID001068,KA85AB7924,Truck
VH000663,CID001073,KA58AB2833,Car
VH000664,CID001074,KA64AB8135,Truck
VH000665,CID001078,KA69AB6463,Bike
VH000666,CID001079,KA31AB6729,Bike
VH000667,CID001083,KA79AB3485,Bike
VH000668,CID001084,KA81AB1864,Truck
VH000669,CID001085,KA08AB3068,Truck
VH000670,CID001088,KA04AB7711,Auto
VH000671,CID001089,KA85AB5307,Bike
VH000672,CID001090,KA98AB5031,Auto
VH000673,CID001096,KA52AB4974,Auto
VH000674,CID001098,KA98AB8478,Bike
VH000675,CID001100,KA88AB5823,Bike
VH000676,CID001103,KA45AB1452,Bike
VH000677,CID001104,KA97AB6226,Truck
VH000678,CID001105,KA97AB8808,Car
VH000679,CID001106,KA58AB5832,Bike
VH000680,CID001107,KA95AB4258,Truck
VH000681,CID001109,KA14AB7602,Bike
VH000682,CID001111,KA01AB5818,Bike
VH000683,CID001116,KA43AB9835,Truck
VH000684,CID001117,KA90AB1039,Bike
VH000685,CID001119,KA44AB1305,Auto
VH000686,CID001121,KA38AB6024,Bike
VH000687,CID001125,KA92AB2356,Truck
VH000688,CID001127,KA97AB5313,Bike
VH000689,CID001128,KA59AB6764,Car
VH000690,CID001129,KA07AB8145,Truck
VH000691,CID001131,KA79AB5307,Truck
VH000692,CID001132,KA68AB6040,Auto
VH000693,CID001133,KA91AB3019,Car
VH000694,CID001135,KA27AB3957,Truck
VH000695,CID001136,KA28AB1498,Truck
VH000696,CID001138,KA44AB3016,Car
VH000697,CID001141,KA88AB5266,Car
VH000698,CID001143,KA11AB1433,Car
VH000699,CID001145,KA59AB9237,Car
VH000700,CID001146,KA19AB5711,Auto
VH000701,CID001147,KA47AB4350,Car
VH000702,CID001149,KA61AB7004,Car
VH000703,CID001151,KA14AB6738,Auto
VH000704,CID001155,KA35AB3373,Truck
VH000705,CID001156,KA28AB6137,Bike
VH000706,CID001157,KA91AB2293,Truck
VH000707,CID001159,KA79AB8239,Car
VH000708,CID001160,KA27AB8525,Auto
VH000709,CID001161,KA54AB2525,Auto
VH000710,CID001163,KA92AB8473,Car
VH000711,CID001165,KA94AB5661,Bike
VH000712,CID001166,KA93AB6967,Bike
VH000713,CID001168,KA90AB7865,Truck
VH000714,CID001169,KA10AB6385,Truck
VH000715,CID001170,KA23AB3862,Auto
VH000716,CID001173,KA58AB8050,Truck
VH000717,CID001174,KA26AB4077,Car
VH000718,CID001177,KA56AB9176,Truck
VH000719,CID001179,KA71AB1406,Car
VH000720,CID001181,KA07AB4187,Bike
VH000721,CID001182,KA84AB6985,Auto
VH000722,CID001183,KA83AB3307,Truck
VH000723,CID001185,KA36AB4687,Truck
VH000724,CID001186,KA15AB2688,Bike
VH000725,CID001187,KA62AB1984,Truck
VH000726,CID001188,KA60AB3754,Auto
VH000727,CID001190,KA23AB9239,Bike
VH000728,CID001191,KA58AB6511,Auto
VH000729,CID001194,KA35AB1437,Car
VH000730,CID001195,KA08AB2451,Car
VH000731,CID001199,KA15AB6589,Car
VH000732,CID001200,KA41AB5308,Bike
VH000733,CID001201,KA48AB7307,Auto
VH000734,CID001202,KA24AB4298,Auto
VH000735,CID001203,KA46AB3811,Bike
VH000736,CID001205,KA27AB1721,Bike
VH000737,CID001207,KA17AB4193,Bike
VH000738,CID001208,KA22AB5528,Car
VH000739,CID001209,KA51AB6644,Auto
VH000740,CID001210,KA01AB7137,Auto
VH000741,CID001212,KA09AB2803,Truck
VH000742,CID001216,KA21AB4991,Truck
VH000743,CID001220,KA97AB3649,Truck
VH000744,CID001221,KA81AB2810,Bike
VH000745,CID001223,KA61AB3856,Auto
VH000746,CID001224,KA47AB4613,Bike
VH000747,CID001225,KA36AB6097,Auto
VH000748,CID001226,KA01AB1551,Car
VH000749,CID001227,KA24AB8669,Car
VH000750,CID001229,KA74AB3149,Truck
VH000751,CID001232,KA88AB4567,Truck
VH000752,CID001233,KA99AB9792,Bike
VH000753,CID001234,KA01AB8570,Auto
VH000754,CID001236,KA74AB3815,Truck
VH000755,CID001237,KA90AB1609,Bike
VH000756,CID001239,KA45AB7460,Bike
VH000757,CID001240,KA14AB1394,Auto
VH000758,CID001241,KA92AB4997,Truck
VH000759,CID001244,KA35AB8148,Truck
VH000760,CID001245,KA02AB5451,Auto
VH000761,CID001246,KA47AB2430,Auto
VH000762,CID001247,KA51AB8619,Bike
VH000763,CID001249,KA75AB7908,Car
VH000764,CID001250,KA85AB5074,Truck
VH000765,CID001251,KA51AB5337,Auto
VH000766,CID001254,KA82AB9268,Car
VH000767,CID001256,KA82AB6269,Car
VH000768,CID001258,KA16AB7524,Bike
VH000769,CID001261,KA61AB4976,Auto
VH000770,CID001262,KA44AB6748,Bike
VH000771,CID001263,KA30AB7731,Bike
VH000772,CID001266,KA35AB8741,Truck
VH000773,CID001267,KA67AB9638,Truck
VH000774,CID001268,KA84AB6387,Truck
VH000775,CID001271,KA60AB2727,Truck
VH000776,CID001272,KA90AB9207,Auto
VH000777,CID001273,KA82AB3309,Bike
VH000778,CID001274,KA01AB4446,Truck
VH000779,CID001276,KA31AB5144,Auto
VH000780,CID001277,KA93AB7453,Bike
VH000781,CID001278,KA70AB2645,Truck
VH000782,CID001280,KA17AB2883,Auto
VH000783,CID001281,KA26AB6929,Truck
VH000784,CID001283,KA31AB9050,Auto
VH000785,CID001284,KA51AB6244,Car
VH000786,CID001286,KA08AB9320,Auto
VH000787,CID001288,KA29AB5946,Truck
VH000788,CID001289,KA19AB1326,Bike
VH000789,CID001291,KA81AB1160,Car
VH000790,CID001296,KA84AB9270,Bike
VH000791,CID001297,KA83AB8541,Auto
VH000792,CID001298,KA71AB2091,Auto
VH000793,CID001299,KA95AB7319,Bike
VH000794,CID001300,KA82AB9414,Car
VH000795,CID001303,KA31AB5567,Bike
VH000796,CID001304,KA36AB8953,Truck
VH000797,CID001305,KA10AB9598,Truck
VH000798,CID001307,KA25AB3245,Truck
VH000799,CID001308,KA88AB2836,Auto
VH000800,CID001311,KA26AB5390,Car
VH000801,CID001312,KA64AB3344,Auto
VH000802,CID001313,KA03AB8949,Truck
VH000803,CID001314,KA57AB8634,Bike
VH000804,CID001315,KA72AB8977,Truck
VH000805,CID001317,KA36AB4754,Auto
VH000806,CID001318,KA75AB2294,Truck
VH000807,CID001320,KA86AB4209,Auto
VH000808,CID001321,KA23AB5751,Car
VH000809,CID001324,KA02AB2469,Car
VH000810,CID001327,KA05AB5481,Bike
VH000811,CID001329,KA71AB2677,Auto
VH000812,CID001330,KA66AB4717,Truck
VH000813,CID001331,KA93AB4680,Auto
VH000814,CID001334,KA90AB9444,Truck
VH000815,CID001335,KA28AB5658,Car
VH000816,CID001336,KA08AB3720,Car
VH000817,CID001339,KA19AB9926,Bike
VH000818,CID001341,KA99AB5285,Bike
VH000819,CID001343,KA18AB5454,Auto
VH000820,CID001344,KA52AB3066,Auto
VH000821,CID001346,KA24AB2333,Car
VH000822,CID001347,KA04AB3452,Auto
VH000823,CID001349,KA61AB1365,Bike
VH000824,CID001351,KA56AB7975,Bike
VH000825,CID001353,KA43AB2297,Truck
VH000826,CID001354,KA08AB1869,Bike
VH000827,CID001355,KA70AB5832,Truck
VH000828,CID001358,KA85AB9957,Auto
VH000829,CID001359,KA79AB7750,Bike
VH000830,CID001361,KA04AB3950,Car
VH000831,CID001362,KA57AB6906,Truck
VH000832,CID001363,KA49AB6855,Auto
VH000833,CID001364,KA94AB8855,Truck
VH000834,CID001365,KA80AB7479,Car
VH000835,CID001368,KA36AB6406,Car
VH000836,CID001369,KA37AB8200,Auto
VH000837,CID001371,KA22AB7453,Auto
VH000838,CID001372,KA98AB7803,Bike
VH000839,CID001374,KA23AB9410,Truck
VH000840,CID001375,KA52AB4006,Auto
VH000841,CID001377,KA87AB2754,Truck
VH000842,CID001379,KA37AB3221,Car
VH000843,CID001380,KA68AB9957,Bike
VH000844,CID001381,KA54AB8658,Truck
VH000845,CID001382,KA66AB1141,Bike
VH000846,CID001384,KA87AB2355,Car
VH000847,CID001385,KA75AB1212,Auto
VH000848,CID001387,KA48AB9558,Truck
VH000849,CID001391,KA12AB5191,Auto
VH000850,CID001392,KA55AB1364,Car
VH000851,CID001397,KA19AB6942,Bike
VH000852,CID001398,KA47AB1057,Auto
VH000853,CID001399,KA17AB9100,Auto
VH000854,CID001400,KA22AB8486,Car
VH000855,CID001401,KA27AB9493,Truck
VH000856,CID001403,KA15AB8748,Bike
VH000857,CID001404,KA17AB3163,Car
VH000858,CID001405,KA32AB4817,Bike
VH000859,CID001406,KA10AB7784,Bike
VH000860,CID001407,KA67AB7317,Car
VH000861,CID001409,KA85AB1738,Truck
VH000862,CID001413,KA30AB3402,Bike
VH000863,CID001415,KA60AB7993,Car
VH000864,CID001416,KA93AB3796,Auto
VH000865,CID001417,KA15AB2477,Truck
VH000866,CID001420,KA52AB3498,Car
VH000867,CID001421,KA43AB7047,Auto
VH000868,CID001422,KA15AB6400,Car
VH000869,CID001423,KA16AB3586,Auto
VH000870,CID001426,KA37AB1427,Car
VH000871,CID001427,KA23AB1077,Car
VH000872,CID001428,KA39AB7864,Truck
VH000873,CID001429,KA35AB1861,Truck
VH000874,CID001430,KA80AB8545,Truck
VH000875,CID001432,KA32AB3903,Auto
VH000876,CID001434,KA14AB4397,Car
VH000877,CID001436,KA11AB8325,Truck
VH000878,CID001437,KA84AB7505,Car
VH000879,CID001438,KA06AB2217,Truck
VH000880,CID001439,KA24AB2704,Bike
VH000881,CID001441,KA29AB2866,Bike
VH000882,CID001442,KA79AB6557,Car
VH000883,CID001443,KA84AB2435,Bike
VH000884,CID001446,KA21AB5017,Truck
VH000885,CID001447,KA01AB4985,Auto
VH000886,CID001450,KA90AB4027,Car
VH000887,CID001452,KA90AB1254,Truck
VH000888,CID001453,KA54AB8203,Auto
VH000889,CID001454,KA32AB8231,Truck
VH000890,CID001455,KA38AB7121,Car
VH000891,CID001456,KA42AB8759,Truck
VH000892,CID001457,KA42AB6413,Bike
VH000893,CID001458,KA07AB8567,Car
VH000894,CID001460,KA14AB4296,Bike
VH000895,CID001461,KA89AB6209,Truck
VH000896,CID001462,KA49AB3445,Auto
VH000897,CID001465,KA53AB3929,Auto
VH000898,CID001466,KA18AB6256,Truck
VH000899,CID001468,KA99AB8159,Car
VH000900,CID001470,KA08AB1022,Truck
VH000901,CID001472,KA33AB5420,Truck
VH000902,CID001479,KA84AB5554,Truck
VH000903,CID001480,KA10AB7604,Car
VH000904,CID001481,KA90AB2141,Car
VH000905,CID001482,KA82AB7015,Auto
VH000906,CID001484,KA75AB5215,Auto
VH000907,CID001488,KA47AB9619,Auto
VH000908,CID001489,KA98AB2592,Truck
VH000909,CID001490,KA55AB9750,Bike
VH000910,CID001492,KA96AB2809,Truck
VH000911,CID001493,KA35AB3496,Bike
VH000912,CID001496,KA72AB2449,Auto
VH000913,CID001497,KA69AB7741,Auto
VH000914,CID001498,KA73AB9551,Car
VH000915,CID001499,KA54AB3743,Car
VH000916,CID001501,KA02AB3261,Car
VH000917,CID001502,KA43AB9810,Bike
VH000918,CID001503,KA08AB8006,Bike
VH000919,CID001505,KA32AB4945,Bike
VH000920,CID001509,KA25AB2274,Bike
VH000921,CID001510,KA08AB2529,Bike
VH000922,CID001511,KA57AB7603,Truck
VH000923,CID001512,KA69AB8874,Truck
VH000924,CID001514,KA70AB7062,Bike
VH000925,CID001515,KA32AB6268,Truck
VH000926,CID001516,KA73AB5046,Car
VH000927,CID001517,KA23AB9610,Auto
VH000928,CID001518,KA04AB6625,Bike
VH000929,CID001519,KA45AB2027,Bike
VH000930,CID001521,KA95AB8613,Car
VH000931,CID001522,KA24AB2771,Car
VH000932,CID001523,KA36AB2586,Auto
VH000933,CID001524,KA07AB9794,Car
VH000934,CID001526,KA52AB9814,Truck
VH000935,CID001527,KA01AB6899,Truck
VH000936,CID001528,KA11AB1447,Bike
VH000937,CID001529,KA81AB9685,Bike
VH000938,CID001533,KA60AB3166,Truck
VH000939,CID001534,KA67AB8670,Truck
VH000940,CID001536,KA09AB7712,Car
VH000941,CID001537,KA81AB2207,Truck
VH000942,CID001539,KA55AB1228,Auto
VH000943,CID001540,KA01AB4155,Bike
VH000944,CID001542,KA43AB6087,Car
VH000945,CID001543,KA14AB2762,Auto
VH000946,CID001544,KA25AB9004,Car
VH000947,CID001545,KA04AB8373,Auto
VH000948,CID001546,KA59AB5139,Truck
VH000949,CID001547,KA99AB4452,Truck
VH000950,CID001550,KA97AB7717,Truck
VH000951,CID001552,KA35AB5565,Truck
VH000952,CID001556,KA45AB9869,Car
VH000953,CID001558,KA10AB7719,Auto
VH000954,CID001559,KA67AB3425,Auto
VH000955,CID001560,KA10AB3885,Car
VH000956,CID001561,KA50AB4509,Bike
VH000957,CID001564,KA70AB1572,Auto
VH000958,CID001565,KA51AB6438,Car
VH000959,CID001567,KA53AB6961,Bike
VH000960,CID001568,KA36AB7499,Bike
VH000961,CID001571,KA85AB6845,Auto
VH000962,CID001572,KA98AB8914,Auto
VH000963,CID001574,KA90AB6292,Truck
VH000964,CID001575,KA59AB2037,Car
VH000965,CID001577,KA40AB1511,Bike
VH000966,CID001579,KA55AB5014,Car
VH000967,CID001583,KA86AB7928,Bike
VH000968,CID001584,KA42AB6295,Truck
VH000969,CID001588,KA78AB8145,Bike
VH000970,CID001590,KA10AB2997,Truck
VH000971,CID001591,KA02AB6725,Auto
VH000972,CID001592,KA74AB2827,Auto
VH000973,CID001593,KA54AB5129,Auto
VH000974,CID001594,KA31AB4885,Truck
VH000975,CID001597,KA28AB3948,Car
VH000976,CID001598,KA82AB7545,Bike
VH000977,CID001600,KA78AB1519,Bike
VH000978,CID001602,KA42AB4749,Auto
VH000979,CID001603,KA24AB7309,Car
VH000980,CID001607,KA77AB1836,Truck
VH000981,CID001608,KA83AB1173,Auto
VH000982,CID001610,KA01AB7232,Truck
VH000983,CID001612,KA50AB8096,Auto
VH000984,CID001613,KA68AB1842,Bike
VH000985,CID001615,KA68AB9233,Truck
VH000986,CID001617,KA58AB8599,Auto
VH000987,CID001618,KA51AB7938,Bike
VH000988,CID001619,KA24AB4798,Car
VH000989,CID001620,KA79AB9639,Truck
VH000990,CID001621,KA73AB4647,Truck
VH000991,CID001622,KA77AB6558,Auto
VH000992,CID001623,KA73AB1218,Auto
VH000993,CID001624,KA71AB4152,Auto
VH000994,CID001625,KA27AB1438,Truck
VH000995,CID001628,KA30AB9220,Car
VH000996,CID001629,KA36AB4689,Bike
VH000997,CID001632,KA80AB7757,Truck
VH000998,CID001634,KA27AB2514,Car
VH000999,CID001636,KA48AB8350,Truck
VH001000,CID001638,KA75AB1755,Truck
VH001001,CID001640,KA46AB8030,Truck
VH001002,CID001641,KA14AB8476,Auto
VH001003,CID001642,KA83AB8995,Bike
VH001004,CID001643,KA60AB7280,Truck
VH001005,CID001645,KA63AB3995,Auto
VH001006,CID001646,KA71AB9465,Bike
VH001007,CID001647,KA25AB4337,Bike
VH001008,CID001649,KA51AB8193,Truck
VH001009,CID001650,KA39AB1216,Car
VH001010,CID001652,KA75AB2272,Truck
VH001011,CID001653,KA75AB7426,Car
VH001012,CID001655,KA75AB6533,Bike
VH001013,CID001657,KA73AB3478,Truck
VH001014,CID001658,KA50AB6575,Truck
VH001015,CID001660,KA38AB9944,Auto
VH001016,CID001661,KA93AB3426,Truck
VH001017,CID001664,KA10AB4810,Car
VH001018,CID001665,KA83AB5630,Bike
VH001019,CID001667,KA55AB4400,Auto
VH001020,CID001669,KA95AB3536,Truck
VH001021,CID001671,KA65AB1852,Car
VH001022,CID001672,KA76AB9733,Auto
VH001023,CID001675,KA89AB2670,Car
VH001024,CID001676,KA33AB9143,Auto
VH001025,CID001677,KA51AB5599,Truck
VH001026,CID001678,KA85AB6545,Car
VH001027,CID001679,KA33AB7561,Bike
VH001028,CID001680,KA85AB5714,Auto
VH001029,CID001681,KA73AB6814,Car
VH001030,CID001682,KA04AB1422,Bike
VH001031,CID001684,KA61AB1261,Truck
VH001032,CID001686,KA72AB7294,Bike
VH001033,CID001687,KA96AB9365,Truck
VH001034,CID001688,KA58AB1504,Auto
VH001035,CID001689,KA88AB4360,Car
VH001036,CID001691,KA44AB1699,Auto
VH001037,CID001694,KA60AB9026,Car
VH001038,CID001699,KA18AB2201,Truck
VH001039,CID001701,KA38AB1927,Car
VH001040,CID001704,KA45AB9969,Car
VH001041,CID001705,KA76AB4022,Auto
VH001042,CID001706,KA54AB4130,Bike
VH001043,CID001707,KA66AB9880,Auto
VH001044,CID001709,KA43AB3747,Truck
VH001045,CID001713,KA61AB6569,Auto
VH001046,CID001714,KA10AB7808,Truck
VH001047,CID001717,KA38AB8373,Bike
VH001048,CID001718,KA36AB3072,Bike
VH001049,CID001721,KA67AB7289,Auto
VH001050,CID001723,KA07AB3593,Bike
VH001051,CID001726,KA28AB7291,Truck
VH001052,CID001729,KA02AB5130,Bike
VH001053,CID001730,KA51AB4874,Truck
VH001054,CID001732,KA87AB7177,Car
VH001055,CID001733,KA12AB3177,Car
VH001056,CID001735,KA27AB6647,Truck
VH001057,CID001736,KA65AB3733,Bike
VH001058,CID001738,KA27AB2934,Auto
VH001059,CID001739,KA78AB4621,Auto
VH001060,CID001741,KA01AB5828,Bike
VH001061,CID001743,KA28AB5719,Auto
VH001062,CID001745,KA09AB8527,Auto
VH001063,CID001746,KA59AB1836,Truck
VH001064,CID001748,KA12AB3212,Bike
VH001065,CID001750,KA10AB6853,Car
VH001066,CID001752,KA39AB2757,Car
VH001067,CID001753,KA68AB4032,Bike
VH001068,CID001754,KA44AB7789,Truck
VH001069,CID001755,KA05AB6542,Bike
VH001070,CID001756,KA51AB5418,Car
VH001071,CID001757,KA76AB9547,Car
VH001072,CID001758,KA92AB1372,Car
VH001073,CID001759,KA15AB3446,Car
VH001074,CID001763,KA28AB5658,Car
VH001075,CID001765,KA89AB6600,Bike
VH001076,CID001767,KA03AB9124,Truck
VH001077,CID001770,KA99AB2635,Car
VH001078,CID001771,KA37AB6111,Car
VH001079,CID001773,KA99AB8712,Auto
VH001080,CID001774,KA43AB8349,Bike
VH001081,CID001775,KA84AB3468,Car
VH001082,CID001777,KA51AB9088,Car
VH001083,CID001779,KA89AB3706,Bike
VH001084,CID001780,KA80AB5404,Truck
VH001085,CID001781,KA70AB5982,Auto
VH001086,CID001782,KA75AB7311,Truck
VH001087,CID001783,KA30AB4942,Car
VH001088,CID001785,KA41AB6593,Auto
VH001089,CID001786,KA49AB9441,Car
VH001090,CID001787,KA86AB6125,Bike
VH001091,CID001788,KA49AB8313,Car
VH001092,CID001789,KA06AB7415,Bike
VH001093,CID001790,KA69AB4181,Car
VH001094,CID001792,KA83AB8255,Truck
VH001095,CID001793,KA81AB2485,Bike
VH001096,CID001794,KA76AB8716,Bike
VH001097,CID001798,KA73AB5729,Car
VH001098,CID001799,KA04AB7874,Auto
VH001099,CID001800,KA18AB9426,Bike
VH001100,CID001801,KA94AB3678,Bike
VH001101,CID001804,KA51AB1092,Truck
VH001102,CID001805,KA02AB8520,Auto
VH001103,CID001806,KA69AB9818,Truck
VH001104,CID001807,KA42AB4879,Bike
VH001105,CID001809,KA78AB7598,Car
VH001106,CID001810,KA94AB9083,Car
VH001107,CID001811,KA32AB3520,Bike
VH001108,CID001817,KA58AB4649,Bike
VH001109,CID001818,KA44AB9341,Auto
VH001110,CID001819,KA81AB6281,Truck
VH001111,CID001820,KA17AB2744,Truck
VH001112,CID001821,KA72AB2180,Bike
VH001113,CID001822,KA09AB7810,Car
VH001114,CID001823,KA63AB2691,Auto
VH001115,CID001824,KA99AB5859,Bike
VH001116,CID001825,KA31AB2261,Bike
VH001117,CID001826,KA80AB4312,Auto
VH001118,CID001828,KA90AB8217,Auto
VH001119,CID001829,KA04AB7444,Bike
VH001120,CID001830,KA87AB9731,Bike
VH001121,CID001832,KA10AB7022,Truck
VH001122,CID001838,KA14AB5551,Auto
VH001123,CID001839,KA91AB7015,Bike
VH001124,CID001844,KA30AB8203,Bike
VH001125,CID001845,KA33AB8666,Auto
VH001126,CID001846,KA15AB4817,Auto
VH001127,CID001848,KA52AB9234,Bike
VH001128,CID001852,KA64AB5777,Truck
VH001129,CID001854,KA13AB4854,Car
VH001130,CID001855,KA41AB7007,Auto
VH001131,CID001856,KA08AB2721,Bike
VH001132,CID001857,KA26AB7981,Bike
VH001133,CID001859,KA65AB8766,Car
VH001134,CID001860,KA11AB1287,Auto
VH001135,CID001865,KA02AB3205,Bike
VH001136,CID001866,KA12AB4206,Truck
VH001137,CID001867,KA11AB2630,Car
VH001138,CID001868,KA16AB4006,Truck
VH001139,CID001870,KA16AB8887,Car
VH001140,CID001872,KA87AB5242,Car
VH001141,CID001874,KA77AB2814,Truck
VH001142,CID001875,KA91AB3895,Auto
VH001143,CID001876,KA86AB2196,Auto
VH001144,CID001877,KA14AB1188,Car
VH001145,CID001879,KA19AB2861,Truck
VH001146,CID001880,KA99AB7989,Car
VH001147,CID001881,KA56AB3411,Auto
VH001148,CID001886,KA57AB2803,Bike
VH001149,CID001888,KA85AB6514,Truck
VH001150,CID001889,KA78AB5817,Truck
VH001151,CID001890,KA48AB1955,Bike
VH001152,CID001891,KA52AB7797,Truck
VH001153,CID001892,KA62AB2322,Auto
VH001154,CID001893,KA15AB8895,Auto
VH001155,CID001894,KA29AB4310,Car
VH001156,CID001897,KA84AB8420,Car
VH001157,CID001898,KA91AB3242,Auto
VH001158,CID001901,KA34AB8190,Auto
VH001159,CID001902,KA01AB1996,Car
VH001160,CID001904,KA19AB6833,Car
VH001161,CID001906,KA63AB5528,Bike
VH001162,CID001908,KA76AB6385,Bike
VH001163,CID001910,KA16AB2559,Auto
VH001164,CID001911,KA59AB7155,Bike
VH001165,CID001912,KA03AB3615,Bike
VH001166,CID001915,KA39AB3262,Bike
VH001167,CID001920,KA73AB4400,Truck
VH001168,CID001921,KA46AB2649,Truck
VH001169,CID001926,KA91AB6188,Car
VH001170,CID001927,KA08AB5883,Bike
VH001171,CID001928,KA85AB2559,Car
VH001172,CID001931,KA71AB4435,Bike
VH001173,CID001932,KA99AB5710,Car
VH001174,CID001936,KA91AB9903,Truck
VH001175,CID001937,KA58AB1554,Bike
VH001176,CID001938,KA93AB3308,Auto
VH001177,CID001939,KA64AB4525,Bike
VH001178,CID001940,KA82AB1841,Auto
VH001179,CID001942,KA55AB9575,Bike
VH001180,CID001943,KA39AB7200,Truck
VH001181,CID001944,KA81AB2649,Bike
VH001182,CID001945,KA31AB1124,Truck
VH001183,CID001946,KA51AB6236,Bike
VH001184,CID001947,KA01AB4153,Auto
VH001185,CID001950,KA60AB5557,Auto
VH001186,CID001952,KA33AB1437,Auto
VH001187,CID001956,KA94AB2401,Truck
VH001188,CID001957,KA69AB9736,Auto
VH001189,CID001958,KA06AB9464,Bike
VH001190,CID001959,KA86AB4452,Bike
VH001191,CID001962,KA39AB8847,Auto
VH001192,CID001963,KA06AB3004,Car
VH001193,CID001965,KA82AB9363,Car
VH001194,CID001966,KA36AB8908,Truck
VH001195,CID001967,KA98AB1229,Truck
VH001196,CID001968,KA93AB1181,Bike
VH001197,CID001969,KA43AB2584,Truck
VH001198,CID001972,KA53AB4653,Auto
VH001199,CID001973,KA18AB8111,Truck
VH001200,CID001974,KA18AB4033,Bike
VH001201,CID001975,KA19AB3155,Bike
VH001202,CID001976,KA60AB1128,Truck
VH001203,CID001978,KA63AB2755,Truck
VH001204,CID001979,KA47AB9209,Car
VH001205,CID001981,KA88AB1927,Truck
VH001206,CID001982,KA48AB3845,Auto
VH001207,CID001983,KA23AB3167,Bike
VH001208,CID001984,KA84AB1631,Auto
VH001209,CID001985,KA14AB2701,Auto
VH001210,CID001988,KA50AB3212,Bike
VH001211,CID001989,KA80AB8520,Car
VH001212,CID001990,KA72AB5513,Bike
VH001213,CID001993,KA44AB6608,Bike
VH001214,CID001994,KA03AB9214,Auto
VH001215,CID002001,KA41AB4731,Auto
VH001216,CID002002,KA59AB6478,Bike
VH001217,CID002004,KA13AB5716,Truck
VH001218,CID002005,KA12AB4741,Truck
VH001219,CID002007,KA84AB6710,Car
VH001220,CID002009,KA67AB1169,Car
VH001221,CID002010,KA10AB4178,Bike
VH001222,CID002011,KA50AB6624,Auto
VH001223,CID002014,KA96AB6485,Auto
VH001224,CID002016,KA12AB5018,Bike
VH001225,CID002018,KA18AB4242,Auto
VH001226,CID002019,KA99AB8215,Auto
VH001227,CID002023,KA40AB7066,Car
VH001228,CID002024,KA21AB4319,Auto
VH001229,CID002025,KA61AB5807,Auto
VH001230,CID002026,KA35AB3845,Car
VH001231,CID002027,KA21AB4170,Car
VH001232,CID002028,KA51AB4430,Truck
VH001233,CID002029,KA01AB8627,Car
VH001234,CID002032,KA15AB5739,Bike
VH001235,CID002033,KA09AB9498,Bike
VH001236,CID002034,KA17AB7731,Truck
VH001237,CID002035,KA17AB9194,Bike
VH001238,CID002037,KA81AB9949,Auto
VH001239,CID002040,KA24AB8561,Truck
VH001240,CID002041,KA62AB8322,Auto
VH001241,CID002043,KA65AB1499,Car
VH001242,CID002044,KA75AB2667,Bike
VH001243,CID002045,KA08AB6293,Car
VH001244,CID002051,KA67AB7546,Bike
VH001245,CID002052,KA20AB9109,Truck
VH001246,CID002053,KA13AB3187,Bike
VH001247,CID002054,KA02AB6035,Bike
VH001248,CID002055,KA71AB6249,Bike
VH001249,CID002057,KA19AB5002,Bike
VH001250,CID002058,KA97AB4259,Truck
VH001251,CID002059,KA59AB8310,Truck
VH001252,CID002060,KA46AB8834,Truck
VH001253,CID002062,KA57AB6964,Bike
VH001254,CID002063,KA12AB4555,Car
VH001255,CID002064,KA79AB2386,Bike
VH001256,CID002065,KA46AB7422,Truck
VH001257,CID002067,KA09AB5058,Auto
VH001258,CID002068,KA39AB6191,Car
VH001259,CID002070,KA85AB8139,Truck
VH001260,CID002072,KA65AB1022,Car
VH001261,CID002073,KA28AB9743,Truck
VH001262,CID002077,KA61AB7603,Car
VH001263,CID002079,KA99AB1446,Truck
VH001264,CID002084,KA08AB1160,Bike
VH001265,CID002085,KA65AB7956,Bike
VH001266,CID002086,KA23AB2880,Auto
VH001267,CID002087,KA84AB7678,Auto
VH001268,CID002089,KA06AB4918,Truck
VH001269,CID002091,KA12AB9624,Auto
VH001270,CID002092,KA21AB4733,Car
VH001271,CID002095,KA94AB8642,Bike
VH001272,CID002097,KA56AB3843,Bike
VH001273,CID002098,KA83AB3055,Auto
VH001274,CID002099,KA64AB4284,Bike
VH001275,CID002100,KA14AB9452,Auto
VH001276,CID002101,KA39AB8153,Bike
VH001277,CID002102,KA82AB8963,Truck
VH001278,CID002103,KA19AB1360,Bike
VH001279,CID002104,KA66AB5073,Truck
VH001280,CID002106,KA77AB9294,Truck
VH001281,CID002107,KA45AB5697,Car
VH001282,CID002108,KA67AB8488,Auto
VH001283,CID002110,KA52AB1573,Bike
VH001284,CID002111,KA94AB6080,Truck
VH001285,CID002113,KA75AB7976,Auto
VH001286,CID002115,KA23AB3426,Car
VH001287,CID002116,KA82AB9897,Truck
VH001288,CID002117,KA66AB1397,Bike
VH001289,CID002118,KA36AB6562,Car
VH001290,CID002120,KA43AB9024,Car
VH001291,CID002121,KA13AB1652,Car
VH001292,CID002122,KA37AB3038,Auto
VH001293,CID002123,KA14AB4637,Car
VH001294,CID002126,KA31AB1437,Car
VH001295,CID002127,KA21AB3864,Auto
VH001296,CID002128,KA03AB3315,Bike
VH001297,CID002130,KA25AB4977,Truck
VH001298,CID002133,KA42AB3577,Auto
VH001299,CID002135,KA18AB5304,Auto
VH001300,CID002138,KA20AB4122,Car
VH001301,CID002143,KA85AB8184,Bike
VH001302,CID002146,KA14AB7283,Auto
VH001303,CID002148,KA51AB4798,Auto
VH001304,CID002152,KA15AB1304,Bike
VH001305,CID002153,KA74AB1207,Car
VH001306,CID002154,KA76AB2194,Truck
VH001307,CID002156,KA15AB3194,Auto
VH001308,CID002159,KA38AB4013,Auto
VH001309,CID002160,KA93AB3725,Bike
VH001310,CID002162,KA06AB9957,Auto
VH001311,CID002163,KA74AB6335,Truck
VH001312,CID002164,KA17AB8133,Bike
VH001313,CID002165,KA65AB5474,Car
VH001314,CID002166,KA37AB3966,Car
VH001315,CID002167,KA89AB8339,Auto
VH001316,CID002171,KA50AB9571,Car
VH001317,CID002173,KA09AB9599,Auto
VH001318,CID002175,KA80AB4928,Car
VH001319,CID002178,KA63AB8744,Car
VH001320,CID002179,KA84AB9845,Bike
VH001321,CID002183,KA03AB5975,Truck
VH001322,CID002184,KA22AB6734,Bike
VH001323,CID002185,KA83AB3662,Auto
VH001324,CID002188,KA14AB8938,Truck
VH001325,CID002189,KA62AB8099,Auto
VH001326,CID002190,KA81AB3172,Car
VH001327,CID002191,KA69AB4626,Truck
VH001328,CID002194,KA26AB3900,Auto
VH001329,CID002195,KA04AB1151,Truck
VH001330,CID002196,KA21AB6137,Truck
VH001331,CID002197,KA61AB7826,Auto
VH001332,CID002198,KA50AB3547,Bike
VH001333,CID002199,KA28AB2831,Bike
VH001334,CID002200,KA93AB5326,Truck
VH001335,CID002202,KA84AB9873,Truck
VH001336,CID002204,KA12AB2272,Car
VH001337,CID002206,KA41AB8718,Auto
VH001338,CID002207,KA96AB7206,Truck
VH001339,CID002208,KA95AB2193,Car
VH001340,CID002209,KA61AB8829,Truck
VH001341,CID002211,KA99AB5934,Bike
VH001342,CID002212,KA83AB3386,Car
VH001343,CID002215,KA07AB3244,Auto
VH001344,CID002216,KA60AB5282,Auto
VH001345,CID002218,KA35AB6315,Bike
VH001346,CID002219,KA39AB7550,Auto
VH001347,CID002220,KA95AB3805,Bike
VH001348,CID002221,KA44AB8393,Truck
VH001349,CID002223,KA87AB7128,Car
VH001350,CID002224,KA49AB5944,Car
VH001351,CID002228,KA18AB1751,Truck
VH001352,CID002229,KA30AB9039,Bike
VH001353,CID002230,KA08AB6686,Auto
VH001354,CID002231,KA15AB7721,Truck
VH001355,CID002233,KA58AB8694,Truck
VH001356,CID002235,KA25AB5708,Truck
VH001357,CID002236,KA39AB5491,Car
VH001358,CID002237,KA40AB4375,Car
VH001359,CID002238,KA05AB7788,Truck
VH001360,CID002241,KA76AB1331,Truck
VH001361,CID002245,KA85AB6918,Bike
VH001362,CID002246,KA51AB9795,Truck
VH001363,CID002248,KA05AB7374,Auto
VH001364,CID002250,KA54AB8891,Auto
VH001365,CID002251,KA57AB2314,Truck
VH001366,CID002252,KA06AB6718,Truck
VH001367,CID002253,KA30AB3049,Bike
VH001368,CID002255,KA92AB1133,Auto
VH001369,CID002258,KA91AB8067,Auto
VH001370,CID002259,KA90AB3199,Auto
VH001371,CID002263,KA82AB6407,Bike
VH001372,CID002264,KA77AB8396,Bike
VH001373,CID002266,KA02AB7060,Car
VH001374,CID002269,KA66AB5250,Bike
VH001375,CID002270,KA55AB8242,Car
VH001376,CID002271,KA56AB9482,Auto
VH001377,CID002274,KA12AB2516,Truck
VH001378,CID002276,KA39AB1157,Truck
VH001379,CID002277,KA59AB6079,Auto
VH001380,CID002278,KA81AB5256,Auto
VH001381,CID002279,KA70AB1923,Bike
VH001382,CID002280,KA90AB9916,Bike
VH001383,CID002281,KA47AB8881,Bike
VH001384,CID002282,KA25AB6598,Truck
VH001385,CID002283,KA11AB5389,Car
VH001386,CID002287,KA80AB9346,Car
VH001387,CID002289,KA40AB5677,Truck
VH001388,CID002290,KA78AB3074,Car
VH001389,CID002291,KA89AB9794,Auto
VH001390,CID002292,KA48AB6099,Car
VH001391,CID002293,KA32AB2107,Car
VH001392,CID002294,KA75AB8089,Auto
VH001393,CID002297,KA37AB5034,Car
VH001394,CID002299,KA70AB2749,Auto
VH001395,CID002300,KA88AB5317,Truck
VH001396,CID002302,KA85AB9083,Bike
VH001397,CID002303,KA96AB8904,Car
VH001398,CID002304,KA30AB1335,Bike
VH001399,CID002305,KA26AB2423,Auto
VH001400,CID002306,KA99AB8507,Car
VH001401,CID002307,KA70AB2743,Bike
VH001402,CID002309,KA64AB1980,Auto
VH001403,CID002310,KA48AB3607,Bike
VH001404,CID002312,KA80AB4249,Car
VH001405,CID002314,KA71AB7491,Bike
VH001406,CID002315,KA25AB2275,Bike
VH001407,CID002318,KA91AB2135,Truck
VH001408,CID002319,KA86AB3337,Car
VH001409,CID002321,KA74AB4886,Bike
VH001410,CID002322,KA31AB1840,Truck
VH001411,CID002323,KA46AB8965,Bike
VH001412,CID002325,KA70AB9073,Car
VH001413,CID002327,KA06AB6023,Auto
VH001414,CID002328,KA31AB5803,Car
VH001415,CID002329,KA91AB5513,Truck
VH001416,CID002330,KA57AB4449,Car
VH001417,CID002331,KA29AB4068,Truck
VH001418,CID002332,KA47AB3798,Auto
VH001419,CID002333,KA24AB8509,Bike
VH001420,CID002334,KA19AB6357,Auto
VH001421,CID002335,KA38AB2778,Bike
VH001422,CID002336,KA94AB4871,Truck
VH001423,CID002338,KA66AB9507,Auto
VH001424,CID002339,KA06AB1978,Bike
VH001425,CID002340,KA04AB3847,Car
VH001426,CID002343,KA47AB7328,Truck
VH001427,CID002345,KA11AB6245,Auto
VH001428,CID002346,KA32AB1385,Truck
VH001429,CID002348,KA70AB1882,Bike
VH001430,CID002349,KA43AB4792,Car
VH001431,CID002350,KA91AB3680,Bike
VH001432,CID002352,KA10AB9944,Truck
VH001433,CID002353,KA52AB3259,Auto
VH001434,CID002354,KA39AB3561,Truck
VH001435,CID002357,KA87AB1425,Auto
VH001436,CID002358,KA42AB9078,Truck
VH001437,CID002359,KA78AB3797,Truck
VH001438,CID002361,KA76AB5277,Car
VH001439,CID002362,KA74AB3216,Bike
VH001440,CID002364,KA14AB2958,Auto
VH001441,CID002365,KA96AB9600,Truck
VH001442,CID002366,KA31AB7362,Car
VH001443,CID002371,KA25AB7726,Car
VH001444,CID002372,KA23AB3381,Bike
VH001445,CID002374,KA05AB1948,Bike
VH001446,CID002378,KA28AB8280,Bike
VH001447,CID002379,KA62AB9127,Car
VH001448,CID002383,KA16AB9441,Bike
VH001449,CID002384,KA17AB3600,Bike
VH001450,CID002389,KA90AB4519,Auto
VH001451,CID002390,KA20AB2928,Auto
VH001452,CID002392,KA06AB1147,Car
VH001453,CID002393,KA22AB8654,Bike
VH001454,CID002395,KA08AB2968,Bike
VH001455,CID002396,KA69AB5917,Car
VH001456,CID002397,KA81AB4864,Truck
VH001457,CID002398,KA63AB5611,Bike
VH001458,CID002405,KA31AB9771,Car
VH001459,CID002406,KA34AB7132,Car
VH001460,CID002409,KA71AB4346,Car
VH001461,CID002410,KA40AB6349,Truck
VH001462,CID002412,KA44AB9777,Truck
VH001463,CID002413,KA94AB3185,Truck
VH001464,CID002414,KA11AB8378,Car
VH001465,CID002415,KA04AB7999,Auto
VH001466,CID002417,KA07AB5546,Auto
VH001467,CID002419,KA74AB9619,Bike
VH001468,CID002420,KA48AB8465,Bike
VH001469,CID002421,KA19AB6934,Car
VH001470,CID002424,KA39AB3274,Car
VH001471,CID002425,KA41AB6117,Bike
VH001472,CID002426,KA62AB1966,Bike
VH001473,CID002428,KA31AB2441,Auto
VH001474,CID002430,KA02AB6449,Bike
VH001475,CID002432,KA84AB8153,Bike
VH001476,CID002438,KA63AB8357,Bike
VH001477,CID002442,KA28AB5224,Bike
VH001478,CID002443,KA61AB5913,Car
VH001479,CID002445,KA77AB9718,Car
VH001480,CID002446,KA17AB2314,Auto
VH001481,CID002447,KA42AB9104,Truck
VH001482,CID002448,KA56AB1373,Car
VH001483,CID002452,KA48AB3013,Bike
VH001484,CID002453,KA78AB4340,Truck
VH001485,CID002454,KA86AB4037,Car
VH001486,CID002456,KA29AB9018,Car
VH001487,CID002457,KA35AB1372,Car
VH001488,CID002458,KA94AB5126,Auto
VH001489,CID002459,KA25AB5556,Truck
VH001490,CID002460,KA01AB3803,Truck
VH001491,CID002461,KA02AB5582,Car
VH001492,CID002463,KA43AB6796,Car
VH001493,CID002466,KA58AB7388,Truck
VH001494,CID002467,KA46AB7032,Auto
VH001495,CID002468,KA89AB7102,Bike
VH001496,CID002469,KA91AB3609,Truck
VH001497,CID002470,KA35AB5357,Truck
VH001498,CID002471,KA08AB2575,Truck
VH001499,CID002473,KA44AB2654,Auto
VH001500,CID002476,KA30AB6049,Truck
VH001501,CID002477,KA86AB1159,Car
VH001502,CID002478,KA59AB8457,Truck
VH001503,CID002479,KA96AB1540,Car
VH001504,CID002481,KA06AB4835,Car
VH001505,CID002482,KA81AB1645,Auto
VH001506,CID002483,KA01AB3236,Car
VH001507,CID002485,KA48AB5617,Auto
VH001508,CID002486,KA05AB3490,Car
VH001509,CID002489,KA59AB5734,Bike
VH001510,CID002492,KA98AB6204,Auto
VH001511,CID002493,KA46AB2842,Auto
VH001512,CID002494,KA16AB5666,Bike
VH001513,CID002496,KA66AB2382,Bike
VH001514,CID002497,KA08AB2399,Bike
VH001515,CID002498,KA21AB1357,Car
VH001516,CID002499,KA04AB9877,Truck
VH001517,CID002500,KA71AB7889,Auto
VH001518,CID002501,KA97AB2164,Bike
VH001519,CID002503,KA58AB6554,Bike
VH001520,CID002504,KA60AB5183,Auto
VH001521,CID002505,KA37AB4130,Bike
VH001522,CID002509,KA37AB3630,Auto
VH001523,CID002516,KA42AB1337,Truck
VH001524,CID002517,KA67AB3212,Truck
VH001525,CID002519,KA10AB7408,Auto
VH001526,CID002520,KA65AB7825,Car
VH001527,CID002521,KA96AB7333,Auto
VH001528,CID002524,KA88AB7870,Bike
VH001529,CID002525,KA97AB5078,Car
VH001530,CID002526,KA07AB6827,Truck
VH001531,CID002530,KA61AB4905,Car
VH001532,CID002532,KA54AB3458,Car
VH001533,CID002534,KA38AB7990,Truck
VH001534,CID002535,KA28AB8927,Truck
VH001535,CID002536,KA10AB2526,Auto
VH001536,CID002540,KA97AB8263,Car
VH001537,CID002542,KA33AB9938,Bike
VH001538,CID002543,KA02AB7973,Auto
VH001539,CID002545,KA99AB2991,Auto
VH001540,CID002547,KA45AB2814,Auto
VH001541,CID002549,KA02AB1852,Car
VH001542,CID002550,KA46AB2458,Car
VH001543,CID002551,KA80AB8438,Car
VH001544,CID002552,KA99AB5663,Truck
VH001545,CID002554,KA10AB4695,Auto
VH001546,CID002555,KA47AB5251,Bike
VH001547,CID002556,KA90AB7378,Truck
VH001548,CID002557,KA65AB1964,Car
VH001549,CID002558,KA94AB6124,Bike
VH001550,CID002559,KA03AB5050,Bike
VH001551,CID002560,KA46AB9161,Bike
VH001552,CID002561,KA08AB3587,Bike
VH001553,CID002562,KA99AB6606,Car
VH001554,CID002564,KA91AB5140,Truck
VH001555,CID002568,KA03AB5524,Truck
VH001556,CID002569,KA69AB8334,Bike
VH001557,CID002570,KA68AB3122,Auto
VH001558,CID002571,KA26AB5906,Bike
VH001559,CID002575,KA97AB1797,Car
VH001560,CID002576,KA29AB4761,Car
VH001561,CID002577,KA17AB7602,Bike
VH001562,CID002578,KA12AB1774,Auto
VH001563,CID002579,KA68AB8294,Car
VH001564,CID002580,KA53AB4530,Truck
VH001565,CID002581,KA01AB4325,Truck
VH001566,CID002582,KA04AB3767,Bike
VH001567,CID002583,KA51AB2789,Bike
VH001568,CID002584,KA10AB6795,Auto
VH001569,CID002586,KA14AB1237,Truck
VH001570,CID002587,KA55AB6303,Bike
VH001571,CID002588,KA64AB2642,Auto
VH001572,CID002589,KA90AB4255,Truck
VH001573,CID002590,KA14AB6882,Car
VH001574,CID002595,KA05AB5998,Auto
VH001575,CID002599,KA34AB6285,Truck
VH001576,CID002601,KA08AB1067,Bike
VH001577,CID002602,KA27AB7807,Car
VH001578,CID002603,KA37AB9651,Car
VH001579,CID002604,KA32AB7690,Truck
VH001580,CID002605,KA45AB6174,Bike
VH001581,CID002606,KA89AB5828,Car
VH001582,CID002608,KA19AB3916,Auto
VH001583,CID002609,KA37AB1813,Truck
VH001584,CID002610,KA06AB3293,Auto
VH001585,CID002611,KA62AB9320,Bike
VH001586,CID002613,KA83AB9459,Car
VH001587,CID002616,KA13AB6339,Bike
VH001588,CID002618,KA10AB6459,Bike
VH001589,CID002621,KA23AB6051,Car
VH001590,CID002623,KA02AB7657,Auto
VH001591,CID002626,KA93AB5319,Car
VH001592,CID002629,KA35AB1145,Truck
VH001593,CID002632,KA62AB7221,Car
VH001594,CID002633,KA27AB4978,Auto
VH001595,CID002634,KA07AB1861,Truck
VH001596,CID002635,KA26AB4458,Car
VH001597,CID002637,KA57AB4059,Truck
VH001598,CID002639,KA21AB5809,Truck
VH001599,CID002642,KA86AB5500,Bike
VH001600,CID002643,KA09AB1852,Auto
VH001601,CID002644,KA64AB8879,Auto
VH001602,CID002646,KA90AB4431,Truck
VH001603,CID002651,KA25AB5248,Auto
VH001604,CID002653,KA68AB4735,Truck
VH001605,CID002654,KA40AB5596,Bike
VH001606,CID002657,KA52AB7878,Car
VH001607,CID002658,KA54AB7324,Truck
VH001608,CID002663,KA48AB4629,Truck
VH001609,CID002666,KA07AB6609,Auto
VH001610,CID002667,KA13AB2445,Truck
VH001611,CID002668,KA37AB8658,Truck
VH001612,CID002670,KA30AB3464,Car
VH001613,CID002671,KA74AB3080,Truck
VH001614,CID002675,KA44AB5112,Truck
VH001615,CID002678,KA07AB7108,Bike
VH001616,CID002679,KA45AB1322,Truck
VH001617,CID002680,KA06AB1476,Bike
VH001618,CID002681,KA77AB1197,Bike
VH001619,CID002682,KA32AB8505,Bike
VH001620,CID002683,KA86AB1567,Car
VH001621,CID002684,KA87AB3760,Car
VH001622,CID002686,KA09AB7100,Bike
VH001623,CID002689,KA86AB6933,Truck
VH001624,CID002690,KA67AB3019,Car
VH001625,CID002693,KA01AB8340,Car
VH001626,CID002694,KA40AB4362,Truck
VH001627,CID002698,KA64AB7960,Truck
VH001628,CID002699,KA36AB7857,Bike
VH001629,CID002702,KA35AB9620,Car
VH001630,CID002705,KA83AB9831,Car
VH001631,CID002706,KA34AB8657,Car
VH001632,CID002711,KA52AB7819,Auto
VH001633,CID002713,KA27AB1088,Bike
VH001634,CID002717,KA75AB5028,Car
VH001635,CID002718,KA21AB9909,Bike
VH001636,CID002721,KA63AB3690,Bike
VH001637,CID002723,KA34AB9793,Bike
VH001638,CID002725,KA98AB3249,Bike
VH001639,CID002727,KA43AB7095,Bike
VH001640,CID002729,KA30AB2187,Auto
VH001641,CID002730,KA52AB6317,Truck
VH001642,CID002733,KA90AB9492,Auto
VH001643,CID002735,KA15AB1231,Auto
VH001644,CID002736,KA60AB9510,Car
VH001645,CID002737,KA87AB9101,Car
VH001646,CID002738,KA06AB9357,Truck
VH001647,CID002739,KA33AB7243,Bike
VH001648,CID002740,KA98AB4935,Car
VH001649,CID002743,KA35AB5298,Auto
VH001650,CID002744,KA72AB8994,Truck
VH001651,CID002745,KA42AB4789,Bike
VH001652,CID002746,KA16AB1263,Truck
VH001653,CID002747,KA18AB4282,Bike
VH001654,CID002749,KA18AB2222,Auto
VH001655,CID002752,KA51AB1767,Auto
VH001656,CID002754,KA52AB4046,Bike
VH001657,CID002755,KA66AB4637,Car
VH001658,CID002756,KA52AB8258,Bike
VH001659,CID002757,KA84AB9632,Bike
VH001660,CID002759,KA09AB2695,Bike
VH001661,CID002762,KA70AB4464,Car
VH001662,CID002764,KA85AB3650,Auto
VH001663,CID002767,KA23AB8235,Bike
VH001664,CID002768,KA38AB9256,Car
VH001665,CID002769,KA71AB5495,Auto
VH001666,CID002771,KA06AB9094,Truck
VH001667,CID002772,KA63AB9382,Car
VH001668,CID002773,KA16AB3741,Bike
VH001669,CID002774,KA57AB7832,Bike
VH001670,CID002776,KA13AB8756,Bike
VH001671,CID002777,KA81AB4958,Bike
VH001672,CID002778,KA44AB5300,Car
VH001673,CID002779,KA26AB1634,Truck
VH001674,CID002781,KA82AB6118,Bike
VH001675,CID002782,KA40AB6488,Auto
VH001676,CID002784,KA65AB3698,Car
VH001677,CID002785,KA19AB3928,Truck
VH001678,CID002787,KA15AB9276,Auto
VH001679,CID002789,KA22AB2802,Auto
VH001680,CID002790,KA29AB9603,Car
VH001681,CID002792,KA71AB4940,Auto
VH001682,CID002793,KA98AB9754,Car
VH001683,CID002794,KA11AB2433,Auto
VH001684,CID002795,KA35AB4266,Auto
VH001685,CID002796,KA22AB4349,Auto
VH001686,CID002797,KA53AB2981,Car
VH001687,CID002799,KA05AB7058,Truck
VH001688,CID002801,KA50AB2360,Auto
VH001689,CID002802,KA16AB2555,Car
VH001690,CID002807,KA89AB6743,Auto
VH001691,CID002809,KA49AB2958,Car
VH001692,CID002810,KA29AB7958,Auto
VH001693,CID002811,KA26AB7909,Car
VH001694,CID002814,KA63AB2998,Truck
VH001695,CID002816,KA43AB6758,Bike
VH001696,CID002817,KA41AB3773,Auto
VH001697,CID002818,KA11AB6886,Bike
VH001698,CID002821,KA36AB7852,Truck
VH001699,CID002822,KA54AB2092,Truck
VH001700,CID002823,KA28AB5549,Auto
VH001701,CID002824,KA30AB3840,Auto
VH001702,CID002825,KA51AB9749,Truck
VH001703,CID002826,KA52AB9612,Truck
VH001704,CID002827,KA60AB4380,Truck
VH001705,CID002828,KA82AB9544,Bike
VH001706,CID002829,KA02AB5895,Auto
VH001707,CID002831,KA91AB4554,Truck
VH001708,CID002832,KA16AB6855,Auto
VH001709,CID002834,KA05AB3021,Truck
VH001710,CID002836,KA32AB4700,Truck
VH001711,CID002837,KA91AB1329,Truck
VH001712,CID002838,KA50AB4416,Bike
VH001713,CID002839,KA13AB9227,Truck
VH001714,CID002840,KA91AB7281,Auto
VH001715,CID002841,KA32AB5390,Bike
VH001716,CID002842,KA64AB8617,Truck
VH001717,CID002843,KA70AB4615,Car
VH001718,CID002846,KA25AB8899,Bike
VH001719,CID002847,KA51AB1658,Auto
VH001720,CID002849,KA87AB9575,Car
VH001721,CID002850,KA19AB4651,Auto
VH001722,CID002851,KA26AB7148,Car
VH001723,CID002852,KA90AB1439,Bike
VH001724,CID002854,KA34AB3824,Truck
VH001725,CID002859,KA07AB4761,Car
VH001726,CID002862,KA85AB6821,Car
VH001727,CID002863,KA88AB4629,Bike
VH001728,CID002864,KA59AB8619,Auto
VH001729,CID002865,KA03AB3124,Bike
VH001730,CID002866,KA03AB2608,Bike
VH001731,CID002868,KA88AB1467,Truck
VH001732,CID002870,KA22AB5617,Bike
VH001733,CID002871,KA87AB5363,Car
VH001734,CID002875,KA59AB9037,Car
VH001735,CID002877,KA90AB2408,Auto
VH001736,CID002878,KA83AB4280,Truck
VH001737,CID002879,KA12AB7884,Car
VH001738,CID002880,KA36AB6176,Car
VH001739,CID002881,KA72AB7496,Truck
VH001740,CID002883,KA41AB8397,Auto
VH001741,CID002886,KA35AB4648,Car
VH001742,CID002890,KA26AB5166,Auto
VH001743,CID002891,KA46AB1205,Car
VH001744,CID002893,KA12AB5329,Bike
VH001745,CID002894,KA59AB5705,Car
VH001746,CID002896,KA95AB6422,Car
VH001747,CID002897,KA98AB6801,Truck
VH001748,CID002899,KA02AB5366,Bike
VH001749,CID002900,KA30AB8456,Car
VH001750,CID002901,KA16AB1273,Bike
VH001751,CID002906,KA66AB5520,Car
VH001752,CID002908,KA34AB7127,Bike
VH001753,CID002909,KA80AB6664,Car
VH001754,CID002912,KA90AB7603,Car
VH001755,CID002914,KA26AB2995,Bike
VH001756,CID002916,KA50AB7281,Truck
VH001757,CID002917,KA72AB3967,Auto
VH001758,CID002918,KA97AB8867,Truck
VH001759,CID002919,KA34AB6548,Auto
VH001760,CID002920,KA74AB9861,Auto
VH001761,CID002922,KA98AB8898,Truck
VH001762,CID002923,KA51AB4204,Truck
VH001763,CID002924,KA83AB1070,Auto
VH001764,CID002925,KA34AB5673,Bike
VH001765,CID002926,KA50AB4798,Truck
VH001766,CID002927,KA75AB5267,Bike
VH001767,CID002929,KA75AB2561,Car
VH001768,CID002933,KA03AB1133,Car
VH001769,CID002935,KA34AB3290,Auto
VH001770,CID002936,KA38AB6139,Auto
VH001771,CID002940,KA44AB5342,Car
VH001772,CID002941,KA55AB9407,Truck
VH001773,CID002942,KA56AB4386,Bike
VH001774,CID002944,KA02AB9681,Bike
VH001775,CID002946,KA30AB2943,Car
VH001776,CID002947,KA90AB9203,Truck
VH001777,CID002952,KA58AB4458,Auto
VH001778,CID002955,KA54AB2780,Truck
VH001779,CID002962,KA12AB3629,Truck
VH001780,CID002963,KA30AB9423,Auto
VH001781,CID002965,KA51AB3418,Bike
VH001782,CID002968,KA59AB6156,Truck
VH001783,CID002969,KA88AB9003,Auto
VH001784,CID002971,KA68AB7096,Truck
VH001785,CID002972,KA24AB5325,Auto
VH001786,CID002973,KA10AB2665,Car
VH001787,CID002975,KA25AB9056,Truck
VH001788,CID002976,KA58AB1393,Car
VH001789,CID002977,KA04AB2302,Bike
VH001790,CID002980,KA20AB6375,Bike
VH001791,CID002982,KA39AB5220,Auto
VH001792,CID002987,KA38AB9582,Truck
VH001793,CID002988,KA06AB5201,Truck
VH001794,CID002989,KA15AB5846,Truck
VH001795,CID002990,KA95AB6453,Truck
VH001796,CID002992,KA63AB6265,Bike
VH001797,CID002994,KA92AB4839,Auto
VH001798,CID002995,KA24AB9333,Truck
VH001799,CID002997,KA29AB5540,Car
VH001800,CID002998,KA37AB8460,Truck
VH001801,CID002999,KA14AB3219,Auto
VH001802,CID003000,KA23AB6120,Car
VH001803,CID003002,KA14AB1699,Bike
VH001804,CID003003,KA21AB1182,Auto
VH001805,CID003005,KA12AB5653,Truck
VH001806,CID003006,KA49AB7566,Truck
VH001807,CID003007,KA16AB1386,Bike
VH001808,CID003008,KA23AB1163,Bike
VH001809,CID003009,KA81AB3917,Car
VH001810,CID003011,KA76AB3942,Truck
VH001811,CID003013,KA76AB4968,Car
VH001812,CID003014,KA18AB2950,Auto
VH001813,CID003017,KA70AB7199,Auto
VH001814,CID003018,KA51AB4483,Auto
VH001815,CID003019,KA71AB7908,Truck
VH001816,CID003020,KA83AB6722,Bike
VH001817,CID003024,KA38AB2421,Auto
VH001818,CID003026,KA90AB8352,Truck
VH001819,CID003027,KA22AB4060,Bike
VH001820,CID003029,KA16AB7100,Car
VH001821,CID003031,KA22AB3439,Auto
VH001822,CID003032,KA48AB1212,Car
VH001823,CID003036,KA54AB2097,Car
VH001824,CID003038,KA15AB4985,Auto
VH001825,CID003040,KA77AB2019,Truck
VH001826,CID003041,KA28AB8111,Auto
VH001827,CID003042,KA79AB1643,Auto
VH001828,CID003044,KA24AB1425,Bike
VH001829,CID003046,KA21AB9697,Auto
VH001830,CID003048,KA07AB3663,Car
VH001831,CID003050,KA47AB1156,Truck
VH001832,CID003051,KA83AB9660,Bike
VH001833,CID003053,KA82AB2412,Truck
VH001834,CID003054,KA17AB2928,Auto
VH001835,CID003055,KA44AB2742,Car
VH001836,CID003056,KA53AB3977,Car
VH001837,CID003057,KA86AB2835,Auto
VH001838,CID003058,KA95AB7191,Truck
VH001839,CID003063,KA40AB3104,Bike
VH001840,CID003064,KA28AB4737,Car
VH001841,CID003065,KA91AB8060,Car
VH001842,CID003070,KA78AB9282,Car
VH001843,CID003071,KA77AB2065,Truck
VH001844,CID003072,KA55AB9406,Car
VH001845,CID003073,KA20AB8395,Auto
VH001846,CID003074,KA85AB7060,Car
VH001847,CID003075,KA15AB7133,Bike
VH001848,CID003076,KA14AB3420,Bike
VH001849,CID003077,KA59AB8739,Bike
VH001850,CID003081,KA16AB8841,Truck
VH001851,CID003082,KA84AB6042,Auto
VH001852,CID003083,KA03AB1098,Auto
VH001853,CID003090,KA66AB3402,Auto
VH001854,CID003091,KA38AB7388,Auto
VH001855,CID003092,KA05AB5891,Truck
VH001856,CID003093,KA26AB5270,Bike
VH001857,CID003095,KA45AB2981,Bike
VH001858,CID003096,KA11AB4129,Car
VH001859,CID003100,KA37AB8049,Auto
VH001860,CID003101,KA02AB6549,Truck
VH001861,CID003103,KA57AB7229,Auto
VH001862,CID003105,KA90AB3683,Car
VH001863,CID003106,KA02AB9028,Car
VH001864,CID003107,KA91AB8940,Auto
VH001865,CID003108,KA15AB9367,Car
VH001866,CID003109,KA16AB7516,Bike
VH001867,CID003112,KA93AB8809,Auto
VH001868,CID003113,KA45AB9089,Auto
VH001869,CID003114,KA85AB6506,Bike
VH001870,CID003117,KA13AB6794,Bike
VH001871,CID003118,KA20AB1915,Bike
VH001872,CID003119,KA84AB8276,Car
VH001873,CID003122,KA41AB4981,Truck
VH001874,CID003123,KA64AB1302,Car
VH001875,CID003124,KA76AB7946,Car
VH001876,CID003125,KA85AB3807,Bike
VH001877,CID003130,KA85AB9786,Car
VH001878,CID003131,KA40AB7705,Bike
VH001879,CID003133,KA21AB8501,Truck
VH001880,CID003134,KA09AB7827,Auto
VH001881,CID003135,KA85AB6725,Auto
VH001882,CID003136,KA21AB3791,Bike
VH001883,CID003137,KA45AB4056,Truck
VH001884,CID003139,KA96AB1504,Car
VH001885,CID003141,KA77AB2443,Car
VH001886,CID003143,KA67AB2462,Auto
VH001887,CID003144,KA12AB3636,Bike
VH001888,CID003145,KA69AB7115,Truck
VH001889,CID003146,KA69AB5257,Car
VH001890,CID003148,KA63AB8689,Truck
VH001891,CID003149,KA44AB4765,Auto
VH001892,CID003150,KA30AB3584,Bike
VH001893,CID003151,KA92AB5525,Car
VH001894,CID003153,KA38AB1486,Auto
VH001895,CID003154,KA91AB9174,Auto
VH001896,CID003155,KA87AB8473,Car
VH001897,CID003156,KA23AB4835,Truck
VH001898,CID003157,KA32AB3275,Car
VH001899,CID003159,KA18AB5476,Truck
VH001900,CID003160,KA40AB2273,Truck
VH001901,CID003161,KA92AB6766,Auto
VH001902,CID003162,KA03AB6543,Bike
VH001903,CID003164,KA54AB9011,Car
VH001904,CID003165,KA08AB1870,Auto
VH001905,CID003166,KA76AB6412,Truck
VH001906,CID003167,KA38AB4956,Auto
VH001907,CID003168,KA93AB1324,Bike
VH001908,CID003170,KA96AB4772,Truck
VH001909,CID003171,KA62AB2901,Car
VH001910,CID003172,KA14AB1132,Truck
VH001911,CID003174,KA56AB2959,Truck
VH001912,CID003176,KA97AB1853,Auto
VH001913,CID003177,KA13AB4628,Car
VH001914,CID003180,KA86AB1967,Truck
VH001915,CID003181,KA33AB6269,Auto
VH001916,CID003183,KA27AB8432,Truck
VH001917,CID003184,KA45AB1213,Auto
VH001918,CID003185,KA93AB4188,Car
VH001919,CID003187,KA07AB4124,Truck
VH001920,CID003189,KA55AB6359,Bike
VH001921,CID003190,KA97AB8223,Car
VH001922,CID003191,KA66AB4085,Auto
VH001923,CID003192,KA30AB2075,Auto
VH001924,CID003193,KA04AB4991,Bike
VH001925,CID003194,KA15AB5506,Bike
VH001926,CID003195,KA01AB4722,Car
VH001927,CID003196,KA84AB7398,Auto
VH001928,CID003197,KA32AB3152,Car
VH001929,CID003201,KA87AB3847,Auto
VH001930,CID003202,KA44AB8217,Bike
VH001931,CID003203,KA02AB5727,Car
VH001932,CID003204,KA22AB1150,Bike
VH001933,CID003206,KA34AB5775,Auto
VH001934,CID003207,KA23AB2743,Car
VH001935,CID003212,KA53AB5427,Truck
VH001936,CID003213,KA60AB1829,Auto
VH001937,CID003216,KA80AB6826,Auto
VH001938,CID003218,KA67AB3578,Truck
VH001939,CID003219,KA53AB9572,Auto
VH001940,CID003221,KA11AB8036,Bike
VH001941,CID003223,KA39AB1464,Auto
VH001942,CID003224,KA46AB1132,Car
VH001943,CID003225,KA52AB6589,Bike
VH001944,CID003226,KA65AB6135,Auto
VH001945,CID003229,KA59AB7025,Car
VH001946,CID003230,KA20AB4739,Truck
VH001947,CID003233,KA50AB8219,Auto
VH001948,CID003234,KA37AB6521,Truck
VH001949,CID003235,KA10AB3687,Bike
VH001950,CID003236,KA82AB2602,Bike
VH001951,CID003238,KA31AB7334,Bike
VH001952,CID003240,KA83AB3904,Auto
VH001953,CID003241,KA55AB1967,Auto
VH001954,CID003245,KA10AB3998,Bike
VH001955,CID003246,KA50AB8547,Bike
VH001956,CID003247,KA72AB5382,Bike
VH001957,CID003248,KA95AB1647,Bike
VH001958,CID003249,KA35AB5158,Bike
VH001959,CID003251,KA04AB6534,Truck
VH001960,CID003252,KA67AB7129,Truck
VH001961,CID003257,KA22AB2578,Car
VH001962,CID003258,KA63AB4773,Car
VH001963,CID003260,KA76AB3098,Truck
VH001964,CID003263,KA99AB6973,Auto
VH001965,CID003264,KA02AB9498,Car
VH001966,CID003265,KA01AB5641,Truck
VH001967,CID003266,KA03AB3369,Bike
VH001968,CID003267,KA07AB8391,Car
VH001969,CID003269,KA69AB7685,Truck
VH001970,CID003270,KA66AB4477,Bike
VH001971,CID003273,KA58AB9187,Auto
VH001972,CID003274,KA27AB6232,Truck
VH001973,CID003275,KA27AB9890,Car
VH001974,CID003276,KA40AB4854,Bike
VH001975,CID003277,KA40AB3117,Auto
VH001976,CID003278,KA80AB8065,Bike
VH001977,CID003279,KA66AB9338,Auto
VH001978,CID003280,KA86AB3810,Truck
VH001979,CID003281,KA78AB5685,Car
VH001980,CID003282,KA15AB6615,Truck
VH001981,CID003286,KA49AB2148,Auto
VH001982,CID003287,KA75AB5052,Car
VH001983,CID003288,KA28AB1780,Truck
VH001984,CID003289,KA96AB8409,Bike
VH001985,CID003290,KA82AB6901,Bike
VH001986,CID003291,KA72AB4201,Bike
VH001987,CID003292,KA48AB7316,Truck
VH001988,CID003293,KA24AB9045,Car
VH001989,CID003294,KA73AB5145,Truck
VH001990,CID003295,KA46AB3493,Auto
VH001991,CID003296,KA60AB8754,Truck
VH001992,CID003297,KA82AB2501,Car
VH001993,CID003299,KA76AB7822,Bike
VH001994,CID003300,KA93AB1161,Bike
VH001995,CID003302,KA16AB5466,Truck
VH001996,CID003304,KA80AB4590,Auto
VH001997,CID003305,KA57AB9019,Car
VH001998,CID003306,KA33AB6423,Truck
VH001999,CID003308,KA27AB7610,Bike
VH002000,CID003309,KA83AB4182,Auto
VH002001,CID003312,KA91AB3418,Truck
VH002002,CID003313,KA74AB8857,Auto
VH002003,CID003314,KA62AB6396,Car
VH002004,CID003315,KA18AB9961,Car
VH002005,CID003317,KA83AB3054,Bike
VH002006,CID003318,KA42AB9734,Truck
VH002007,CID003319,KA79AB7493,Truck
VH002008,CID003320,KA96AB1330,Truck
VH002009,CID003321,KA63AB1605,Bike
VH002010,CID003324,KA77AB3377,Bike
VH002011,CID003328,KA26AB7548,Bike
VH002012,CID003329,KA52AB5663,Auto
VH002013,CID003330,KA50AB1471,Bike
VH002014,CID003331,KA41AB2964,Bike
VH002015,CID003332,KA59AB5634,Car
VH002016,CID003334,KA93AB4984,Car
VH002017,CID003335,KA34AB1956,Car
VH002018,CID003336,KA58AB9396,Auto
VH002019,CID003337,KA09AB5530,Bike
VH002020,CID003338,KA74AB9395,Truck
VH002021,CID003339,KA27AB5396,Auto
VH002022,CID003340,KA57AB1992,Bike
VH002023,CID003342,KA32AB8561,Car
VH002024,CID003344,KA03AB2637,Car
VH002025,CID003345,KA04AB8414,Car
VH002026,CID003346,KA55AB1856,Car
VH002027,CID003347,KA48AB2946,Auto
VH002028,CID003348,KA14AB8206,Auto
VH002029,CID003349,KA78AB6212,Bike
VH002030,CID003352,KA21AB8740,Bike
VH002031,CID003353,KA19AB8403,Truck
VH002032,CID003355,KA50AB6877,Car
VH002033,CID003360,KA52AB4765,Truck
VH002034,CID003363,KA42AB9075,Truck
VH002035,CID003364,KA51AB8219,Bike
VH002036,CID003365,KA08AB2507,Auto
VH002037,CID003366,KA87AB8145,Truck
VH002038,CID003367,KA68AB4463,Car
VH002039,CID003368,KA12AB9953,Bike
VH002040,CID003369,KA22AB9293,Bike
VH002041,CID003371,KA79AB1419,Car
VH002042,CID003373,KA84AB3675,Car
VH002043,CID003374,KA85AB6089,Bike
VH002044,CID003376,KA41AB6758,Auto
VH002045,CID003377,KA28AB4958,Truck
VH002046,CID003379,KA64AB4849,Truck
VH002047,CID003380,KA21AB6624,Auto
VH002048,CID003381,KA68AB2997,Auto
VH002049,CID003382,KA42AB7790,Auto
VH002050,CID003383,KA97AB5055,Truck
VH002051,CID003384,KA13AB6327,Auto
VH002052,CID003385,KA63AB9862,Bike
VH002053,CID003387,KA84AB6211,Bike
VH002054,CID003392,KA07AB1341,Truck
VH002055,CID003393,KA18AB5937,Car
VH002056,CID003397,KA13AB5405,Truck
VH002057,CID003399,KA91AB3526,Bike
VH002058,CID003400,KA44AB9592,Car
VH002059,CID003401,KA34AB3207,Car
VH002060,CID003402,KA55AB1695,Car
VH002061,CID003403,KA38AB9341,Truck
VH002062,CID003404,KA19AB6607,Truck
VH002063,CID003407,KA45AB5674,Bike
VH002064,CID003408,KA50AB6386,Truck
VH002065,CID003410,KA87AB4154,Truck
VH002066,CID003411,KA03AB9572,Car
VH002067,CID003412,KA40AB6421,Auto
VH002068,CID003413,KA99AB2969,Bike
VH002069,CID003414,KA71AB9327,Truck
VH002070,CID003415,KA80AB1635,Truck
VH002071,CID003418,KA22AB4465,Truck
VH002072,CID003421,KA28AB8973,Auto
VH002073,CID003422,KA21AB2313,Car
VH002074,CID003423,KA13AB9988,Bike
VH002075,CID003425,KA62AB3943,Truck
VH002076,CID003428,KA27AB4941,Truck
VH002077,CID003430,KA60AB6866,Bike
VH002078,CID003433,KA97AB7201,Car
VH002079,CID003434,KA03AB7544,Truck
VH002080,CID003436,KA95AB5649,Auto
VH002081,CID003437,KA51AB5324,Truck
VH002082,CID003441,KA38AB7014,Auto
VH002083,CID003443,KA18AB7475,Auto
VH002084,CID003444,KA20AB4795,Car
VH002085,CID003446,KA31AB7213,Car
VH002086,CID003447,KA84AB1947,Car
VH002087,CID003449,KA78AB5114,Bike
VH002088,CID003450,KA49AB5659,Bike
VH002089,CID003451,KA77AB6985,Car
VH002090,CID003453,KA07AB2190,Auto
VH002091,CID003454,KA08AB8679,Bike
VH002092,CID003455,KA82AB5772,Car
VH002093,CID003457,KA07AB7956,Auto
VH002094,CID003458,KA26AB2869,Bike
VH002095,CID003459,KA10AB3094,Bike
VH002096,CID003460,KA90AB2998,Bike
VH002097,CID003463,KA73AB8528,Car
VH002098,CID003464,KA47AB7519,Car
VH002099,CID003465,KA22AB1605,Auto
VH002100,CID003466,KA27AB9394,Bike
VH002101,CID003471,KA68AB3623,Auto
VH002102,CID003474,KA85AB4254,Auto
VH002103,CID003475,KA80AB8502,Auto
VH002104,CID003476,KA23AB3850,Truck
VH002105,CID003478,KA08AB4374,Truck
VH002106,CID003480,KA35AB7109,Auto
VH002107,CID003482,KA73AB7643,Auto
VH002108,CID003484,KA59AB4483,Truck
VH002109,CID003485,KA60AB8163,Auto
VH002110,CID003487,KA38AB9091,Car
VH002111,CID003489,KA43AB7657,Car
VH002112,CID003491,KA99AB2947,Truck
VH002113,CID003495,KA35AB3518,Truck
VH002114,CID003496,KA41AB8498,Car
VH002115,CID003497,KA49AB1025,Bike
VH002116,CID003499,KA51AB8514,Car
VH002117,CID003500,KA45AB1912,Truck
VH002118,CID003501,KA10AB3512,Auto
VH002119,CID003503,KA61AB8981,Truck
VH002120,CID003505,KA88AB4949,Auto
VH002121,CID003506,KA42AB3069,Truck
VH002122,CID003507,KA23AB8479,Car
VH002123,CID003508,KA47AB1742,Car
VH002124,CID003509,KA36AB7599,Car
VH002125,CID003511,KA03AB6966,Bike
VH002126,CID003512,KA57AB7321,Auto
VH002127,CID003513,KA77AB9012,Car
VH002128,CID003515,KA26AB9959,Bike
VH002129,CID003518,KA94AB3012,Truck
VH002130,CID003520,KA44AB5633,Auto
VH002131,CID003521,KA10AB8271,Car
VH002132,CID003523,KA04AB2474,Auto
VH002133,CID003524,KA01AB5563,Truck
VH002134,CID003528,KA32AB4192,Auto
VH002135,CID003529,KA03AB9018,Auto
VH002136,CID003530,KA55AB2202,Bike
VH002137,CID003531,KA90AB6943,Truck
VH002138,CID003532,KA65AB7776,Auto
VH002139,CID003533,KA30AB5470,Bike
VH002140,CID003534,KA36AB4928,Truck
VH002141,CID003535,KA07AB1824,Car
VH002142,CID003536,KA96AB9767,Truck
VH002143,CID003538,KA80AB3395,Truck
VH002144,CID003540,KA41AB4529,Car
VH002145,CID003541,KA63AB2318,Bike
VH002146,CID003542,KA82AB6099,Truck
VH002147,CID003543,KA65AB8995,Truck
VH002148,CID003544,KA75AB9522,Truck
VH002149,CID003548,KA18AB8872,Truck
VH002150,CID003549,KA11AB1590,Bike
VH002151,CID003550,KA83AB4560,Truck
VH002152,CID003551,KA79AB9770,Truck
VH002153,CID003552,KA26AB5875,Car
VH002154,CID003553,KA97AB7824,Truck
VH002155,CID003554,KA43AB5290,Bike
VH002156,CID003556,KA31AB9501,Truck
VH002157,CID003557,KA51AB4440,Truck
VH002158,CID003558,KA28AB5303,Truck
VH002159,CID003561,KA63AB3585,Auto
VH002160,CID003562,KA16AB9464,Bike
VH002161,CID003565,KA25AB7550,Bike
VH002162,CID003566,KA32AB5791,Bike
VH002163,CID003568,KA14AB7552,Truck
VH002164,CID003569,KA77AB4380,Car
VH002165,CID003570,KA52AB9216,Truck
VH002166,CID003573,KA81AB5216,Car
VH002167,CID003576,KA77AB2337,Truck
VH002168,CID003577,KA99AB6427,Bike
VH002169,CID003579,KA57AB1148,Car
VH002170,CID003580,KA20AB8351,Car
VH002171,CID003581,KA82AB3195,Auto
VH002172,CID003582,KA75AB6912,Car
VH002173,CID003583,KA50AB6304,Bike
VH002174,CID003584,KA66AB8959,Truck
VH002175,CID003586,KA07AB2755,Truck
VH002176,CID003588,KA13AB7949,Truck
VH002177,CID003591,KA53AB4007,Car
VH002178,CID003594,KA57AB6608,Bike
VH002179,CID003595,KA96AB3188,Car
VH002180,CID003598,KA66AB6770,Car
VH002181,CID003600,KA77AB6502,Bike
VH002182,CID003601,KA26AB8283,Car
VH002183,CID003603,KA38AB1153,Truck
VH002184,CID003607,KA71AB8866,Bike
VH002185,CID003608,KA47AB4773,Truck
VH002186,CID003610,KA77AB9830,Truck
VH002187,CID003611,KA82AB4457,Auto
VH002188,CID003612,KA28AB4897,Truck
VH002189,CID003614,KA83AB8457,Truck
VH002190,CID003615,KA70AB4965,Truck
VH002191,CID003616,KA59AB6624,Truck
VH002192,CID003618,KA61AB7461,Car
VH002193,CID003619,KA52AB8875,Truck
VH002194,CID003621,KA04AB2485,Bike
VH002195,CID003623,KA35AB7822,Truck
VH002196,CID003624,KA40AB4692,Auto
VH002197,CID003626,KA87AB6382,Truck
VH002198,CID003627,KA31AB4955,Auto
VH002199,CID003628,KA04AB2389,Truck
VH002200,CID003629,KA91AB6037,Car
VH002201,CID003630,KA62AB5630,Auto
VH002202,CID003632,KA70AB9869,Car
VH002203,CID003634,KA76AB7089,Car
VH002204,CID003636,KA58AB4788,Auto
VH002205,CID003637,KA36AB6958,Truck
VH002206,CID003639,KA77AB9211,Auto
VH002207,CID003640,KA18AB8666,Car
VH002208,CID003641,KA93AB6472,Auto
VH002209,CID003642,KA40AB6099,Auto
VH002210,CID003644,KA52AB6636,Truck
VH002211,CID003645,KA68AB4331,Truck
VH002212,CID003646,KA17AB9523,Car
VH002213,CID003648,KA86AB9951,Truck
VH002214,CID003649,KA02AB4942,Auto
VH002215,CID003651,KA35AB3074,Truck
VH002216,CID003652,KA63AB7371,Bike
VH002217,CID003653,KA70AB9759,Auto
VH002218,CID003654,KA55AB6143,Auto
VH002219,CID003657,KA12AB4965,Car
VH002220,CID003658,KA37AB5899,Car
VH002221,CID003659,KA11AB3302,Auto
VH002222,CID003660,KA14AB8239,Bike
VH002223,CID003661,KA43AB5426,Bike
VH002224,CID003662,KA71AB6940,Bike
VH002225,CID003663,KA36AB5774,Auto
VH002226,CID003664,KA88AB3632,Auto
VH002227,CID003665,KA93AB4228,Truck
VH002228,CID003666,KA99AB1517,Bike
VH002229,CID003669,KA47AB6249,Bike
VH002230,CID003670,KA38AB2626,Bike
VH002231,CID003671,KA89AB6990,Car
VH002232,CID003673,KA04AB3763,Car
VH002233,CID003681,KA93AB8849,Truck
VH002234,CID003685,KA02AB5162,Car
VH002235,CID003686,KA55AB3188,Car
VH002236,CID003687,KA13AB2964,Car
VH002237,CID003688,KA95AB7080,Truck
VH002238,CID003689,KA65AB3522,Auto
VH002239,CID003690,KA73AB5163,Car
VH002240,CID003691,KA16AB5550,Truck
VH002241,CID003694,KA23AB2675,Truck
VH002242,CID003697,KA55AB6080,Auto
VH002243,CID003698,KA76AB7714,Bike
VH002244,CID003700,KA45AB7012,Car
VH002245,CID003701,KA82AB9301,Auto
VH002246,CID003702,KA82AB3683,Bike
VH002247,CID003704,KA37AB6150,Bike
VH002248,CID003706,KA68AB3700,Truck
VH002249,CID003707,KA53AB1640,Bike
VH002250,CID003708,KA52AB3558,Car
VH002251,CID003710,KA93AB6243,Bike
VH002252,CID003711,KA64AB2872,Auto
VH002253,CID003712,KA89AB1177,Car
VH002254,CID003713,KA46AB9276,Truck
VH002255,CID003716,KA55AB8547,Auto
VH002256,CID003720,KA74AB3692,Truck
VH002257,CID003723,KA30AB9210,Auto
VH002258,CID003724,KA40AB2635,Bike
VH002259,CID003725,KA93AB6929,Truck
VH002260,CID003728,KA97AB1083,Truck
VH002261,CID003730,KA61AB4705,Car
VH002262,CID003731,KA60AB6897,Auto
VH002263,CID003732,KA22AB8105,Bike
VH002264,CID003734,KA43AB8796,Truck
VH002265,CID003735,KA10AB8084,Truck
VH002266,CID003736,KA05AB3772,Bike
VH002267,CID003737,KA22AB1394,Car
VH002268,CID003739,KA29AB4387,Truck
VH002269,CID003740,KA38AB9768,Bike
VH002270,CID003741,KA24AB8465,Car
VH002271,CID003742,KA46AB3267,Truck
VH002272,CID003743,KA70AB7659,Car
VH002273,CID003744,KA02AB3198,Car
VH002274,CID003746,KA13AB8734,Bike
VH002275,CID003747,KA18AB3452,Auto
VH002276,CID003749,KA31AB7402,Car
VH002277,CID003750,KA90AB4339,Car
VH002278,CID003751,KA46AB6800,Truck
VH002279,CID003752,KA08AB4340,Truck
VH002280,CID003753,KA13AB1710,Truck
VH002281,CID003754,KA87AB2967,Truck
VH002282,CID003756,KA04AB9316,Truck
VH002283,CID003757,KA03AB4215,Auto
VH002284,CID003758,KA28AB2304,Bike
VH002285,CID003760,KA19AB1943,Car
VH002286,CID003762,KA92AB8484,Car
VH002287,CID003764,KA97AB9864,Truck
VH002288,CID003765,KA67AB5191,Bike
VH002289,CID003767,KA95AB6728,Car
VH002290,CID003768,KA92AB3776,Car
VH002291,CID003770,KA91AB1612,Auto
VH002292,CID003771,KA39AB9353,Bike
VH002293,CID003772,KA75AB8730,Bike
VH002294,CID003774,KA76AB8852,Bike
VH002295,CID003775,KA02AB3378,Auto
VH002296,CID003776,KA38AB7869,Auto
VH002297,CID003777,KA01AB1836,Bike
VH002298,CID003778,KA17AB2139,Truck
VH002299,CID003779,KA31AB6632,Car
VH002300,CID003780,KA73AB7323,Car
VH002301,CID003781,KA12AB6705,Auto
VH002302,CID003782,KA98AB2377,Bike
VH002303,CID003783,KA98AB4352,Bike
VH002304,CID003786,KA93AB8930,Car
VH002305,CID003787,KA69AB6088,Car
VH002306,CID003788,KA23AB6451,Car
VH002307,CID003789,KA35AB8220,Car
VH002308,CID003790,KA31AB8721,Bike
VH002309,CID003791,KA35AB8518,Truck
VH002310,CID003792,KA54AB2822,Auto
VH002311,CID003795,KA77AB1238,Car
VH002312,CID003796,KA27AB3985,Bike
VH002313,CID003798,KA70AB4670,Truck
VH002314,CID003799,KA78AB7161,Auto
VH002315,CID003801,KA27AB6695,Truck
VH002316,CID003803,KA24AB7050,Car
VH002317,CID003804,KA48AB3266,Car
VH002318,CID003805,KA79AB1374,Truck
VH002319,CID003806,KA78AB2193,Auto
VH002320,CID003807,KA81AB6157,Auto
VH002321,CID003809,KA66AB6557,Truck
VH002322,CID003810,KA45AB2786,Car
VH002323,CID003812,KA86AB5192,Car
VH002324,CID003813,KA59AB5675,Truck
VH002325,CID003816,KA25AB2822,Auto
VH002326,CID003818,KA87AB5934,Bike
VH002327,CID003821,KA15AB8449,Truck
VH002328,CID003822,KA22AB6631,Car
VH002329,CID003824,KA83AB3601,Truck
VH002330,CID003826,KA59AB3805,Auto
VH002331,CID003828,KA39AB8647,Auto
VH002332,CID003830,KA98AB7974,Car
VH002333,CID003832,KA90AB7619,Auto
VH002334,CID003834,KA86AB8566,Car
VH002335,CID003835,KA86AB8730,Truck
VH002336,CID003839,KA93AB4368,Car
VH002337,CID003842,KA51AB7923,Truck
VH002338,CID003843,KA01AB6341,Bike
VH002339,CID003847,KA73AB3345,Auto
VH002340,CID003848,KA02AB1359,Car
VH002341,CID003849,KA27AB1472,Car
VH002342,CID003854,KA01AB8464,Bike
VH002343,CID003857,KA57AB1343,Car
VH002344,CID003858,KA76AB7404,Truck
VH002345,CID003859,KA46AB1806,Auto
VH002346,CID003861,KA92AB2751,Truck
VH002347,CID003862,KA13AB9530,Truck
VH002348,CID003865,KA44AB9969,Car
VH002349,CID003866,KA25AB7829,Truck
VH002350,CID003868,KA26AB3707,Auto
VH002351,CID003871,KA96AB2811,Car
VH002352,CID003875,KA88AB7077,Bike
VH002353,CID003879,KA87AB7703,Bike
VH002354,CID003880,KA73AB8348,Truck
VH002355,CID003883,KA56AB8555,Auto
VH002356,CID003886,KA34AB9027,Bike
VH002357,CID003887,KA81AB6445,Auto
VH002358,CID003890,KA54AB9546,Auto
VH002359,CID003891,KA02AB4585,Car
VH002360,CID003892,KA92AB9297,Bike
VH002361,CID003893,KA73AB3159,Bike
VH002362,CID003894,KA82AB8437,Auto
VH002363,CID003895,KA27AB4963,Auto
VH002364,CID003896,KA02AB4360,Auto
VH002365,CID003900,KA48AB7403,Car
VH002366,CID003902,KA24AB6366,Car
VH002367,CID003903,KA84AB5852,Car
VH002368,CID003905,KA53AB2581,Truck
VH002369,CID003906,KA46AB8955,Truck
VH002370,CID003909,KA91AB5518,Truck
VH002371,CID003911,KA15AB4094,Truck
VH002372,CID003914,KA79AB9286,Truck
VH002373,CID003915,KA93AB2822,Auto
VH002374,CID003916,KA40AB2430,Bike
VH002375,CID003919,KA34AB5251,Auto
VH002376,CID003921,KA66AB9315,Auto
VH002377,CID003922,KA08AB4435,Car
VH002378,CID003923,KA77AB1653,Car
VH002379,CID003925,KA02AB5417,Car
VH002380,CID003927,KA85AB5970,Bike
VH002381,CID003928,KA90AB7117,Bike
VH002382,CID003929,KA17AB1351,Bike
VH002383,CID003930,KA09AB8736,Bike
VH002384,CID003931,KA12AB7737,Auto
VH002385,CID003934,KA02AB3548,Truck
VH002386,CID003935,KA25AB8684,Bike
VH002387,CID003936,KA48AB6053,Car
VH002388,CID003939,KA57AB4525,Truck
VH002389,CID003940,KA37AB6490,Truck
VH002390,CID003942,KA72AB7439,Bike
VH002391,CID003943,KA93AB8880,Car
VH002392,CID003944,KA43AB3507,Car
VH002393,CID003946,KA20AB9824,Car
VH002394,CID003948,KA22AB4883,Car
VH002395,CID003949,KA77AB2737,Bike
VH002396,CID003951,KA86AB8962,Bike
VH002397,CID003952,KA34AB7045,Auto
VH002398,CID003954,KA55AB4691,Bike
VH002399,CID003955,KA24AB7255,Auto
VH002400,CID003956,KA19AB4632,Truck
VH002401,CID003957,KA33AB3945,Truck
VH002402,CID003960,KA52AB5682,Auto
VH002403,CID003963,KA07AB5395,Truck
VH002404,CID003969,KA14AB5126,Auto
VH002405,CID003971,KA24AB7364,Car
VH002406,CID003972,KA17AB2508,Car
VH002407,CID003973,KA49AB7962,Bike
VH002408,CID003975,KA25AB1679,Auto
VH002409,CID003978,KA35AB8947,Car
VH002410,CID003979,KA10AB2891,Bike
VH002411,CID003980,KA91AB5097,Truck
VH002412,CID003981,KA27AB7001,Car
VH002413,CID003984,KA15AB6675,Bike
VH002414,CID003985,KA84AB6394,Car
VH002415,CID003990,KA88AB3089,Truck
VH002416,CID003992,KA11AB7270,Car
VH002417,CID003994,KA68AB3785,Truck
VH002418,CID003996,KA26AB7965,Bike
VH002419,CID004000,KA52AB1620,Truck
VH002420,CID004002,KA43AB7280,Bike
VH002421,CID004004,KA80AB7274,Bike
VH002422,CID004005,KA38AB1190,Auto
VH002423,CID004007,KA37AB8615,Bike
VH002424,CID004008,KA91AB7983,Truck
VH002425,CID004009,KA09AB8515,Auto
VH002426,CID004011,KA71AB4690,Auto
VH002427,CID004012,KA96AB7738,Auto
VH002428,CID004014,KA19AB9936,Auto
VH002429,CID004015,KA30AB7927,Bike
VH002430,CID004017,KA16AB7545,Auto
VH002431,CID004018,KA78AB1653,Auto
VH002432,CID004019,KA05AB3894,Car
VH002433,CID004021,KA81AB4321,Auto
VH002434,CID004022,KA45AB5154,Bike
VH002435,CID004023,KA70AB5051,Auto
VH002436,CID004027,KA76AB1315,Truck
VH002437,CID004028,KA63AB2532,Auto
VH002438,CID004029,KA56AB8662,Car
VH002439,CID004031,KA38AB4064,Bike
VH002440,CID004032,KA66AB2742,Car
VH002441,CID004033,KA96AB3856,Auto
VH002442,CID004035,KA57AB7654,Truck
VH002443,CID004042,KA83AB3646,Bike
VH002444,CID004044,KA64AB3802,Car
VH002445,CID004045,KA24AB3309,Auto
VH002446,CID004048,KA02AB2919,Truck
VH002447,CID004049,KA73AB5898,Truck
VH002448,CID004050,KA88AB3801,Auto
VH002449,CID004052,KA25AB5634,Truck
VH002450,CID004053,KA22AB1909,Truck
VH002451,CID004054,KA34AB7072,Bike
VH002452,CID004056,KA64AB7897,Car
VH002453,CID004057,KA15AB9124,Bike
VH002454,CID004058,KA74AB8824,Car
VH002455,CID004059,KA34AB4705,Truck
VH002456,CID004063,KA72AB4341,Truck
VH002457,CID004065,KA30AB4768,Truck
VH002458,CID004066,KA19AB4052,Car
VH002459,CID004070,KA62AB8415,Bike
VH002460,CID004072,KA78AB9873,Truck
VH002461,CID004073,KA71AB2605,Car
VH002462,CID004075,KA45AB6579,Auto
VH002463,CID004076,KA62AB3433,Car
VH002464,CID004081,KA20AB7251,Auto
VH002465,CID004082,KA86AB7900,Bike
VH002466,CID004084,KA66AB6635,Car
VH002467,CID004087,KA62AB2020,Bike
VH002468,CID004088,KA30AB7762,Auto
VH002469,CID004089,KA24AB3598,Truck
VH002470,CID004090,KA72AB8219,Bike
VH002471,CID004091,KA56AB9806,Auto
VH002472,CID004092,KA02AB1305,Truck
VH002473,CID004095,KA10AB2814,Truck
VH002474,CID004097,KA98AB5724,Auto
VH002475,CID004099,KA26AB4540,Bike
VH002476,CID004102,KA82AB8026,Car
VH002477,CID004104,KA62AB9282,Car
VH002478,CID004106,KA51AB1053,Bike
VH002479,CID004107,KA23AB2372,Bike
VH002480,CID004108,KA59AB9095,Bike
VH002481,CID004111,KA80AB7268,Truck
VH002482,CID004114,KA47AB1976,Auto
VH002483,CID004116,KA67AB9766,Auto
VH002484,CID004117,KA47AB6415,Truck
VH002485,CID004118,KA62AB6141,Car
VH002486,CID004119,KA81AB6250,Car
VH002487,CID004121,KA63AB9692,Auto
VH002488,CID004122,KA71AB6409,Bike
VH002489,CID004123,KA73AB3185,Bike
VH002490,CID004127,KA36AB8883,Bike
VH002491,CID004128,KA74AB7394,Bike
VH002492,CID004131,KA42AB2384,Car
VH002493,CID004133,KA21AB6136,Auto
VH002494,CID004134,KA31AB6177,Auto
VH002495,CID004136,KA73AB7636,Car
VH002496,CID004137,KA91AB6001,Car
VH002497,CID004138,KA42AB7959,Truck
VH002498,CID004139,KA54AB6601,Bike
VH002499,CID004141,KA12AB3793,Bike
VH002500,CID004145,KA27AB4525,Auto
VH002501,CID004146,KA37AB7623,Bike
VH002502,CID004147,KA65AB3027,Truck
VH002503,CID004149,KA22AB5219,Truck
VH002504,CID004150,KA77AB7808,Car
VH002505,CID004151,KA99AB9304,Truck
VH002506,CID004152,KA05AB1475,Bike
VH002507,CID004158,KA02AB3692,Bike
VH002508,CID004159,KA82AB9959,Truck
VH002509,CID004161,KA06AB7297,Bike
VH002510,CID004162,KA40AB9110,Truck
VH002511,CID004164,KA43AB2133,Car
VH002512,CID004167,KA14AB7850,Car
VH002513,CID004169,KA15AB7702,Car
VH002514,CID004173,KA56AB6176,Car
VH002515,CID004177,KA53AB7529,Bike
VH002516,CID004178,KA78AB1470,Bike
VH002517,CID004181,KA04AB8792,Bike
VH002518,CID004183,KA46AB5986,Bike
VH002519,CID004188,KA49AB3011,Bike
VH002520,CID004189,KA18AB5140,Bike
VH002521,CID004191,KA05AB4673,Auto
VH002522,CID004194,KA85AB6388,Bike
VH002523,CID004196,KA59AB6740,Auto
VH002524,CID004198,KA94AB1782,Auto
VH002525,CID004199,KA52AB2875,Car
VH002526,CID004200,KA10AB9495,Truck
VH002527,CID004201,KA89AB5967,Auto
VH002528,CID004202,KA80AB1064,Auto
VH002529,CID004205,KA32AB1594,Auto
VH002530,CID004207,KA37AB4153,Car
VH002531,CID004208,KA07AB8673,Bike
VH002532,CID004212,KA80AB8062,Car
VH002533,CID004213,KA53AB9438,Bike
VH002534,CID004214,KA83AB2402,Auto
VH002535,CID004216,KA74AB2288,Truck
VH002536,CID004218,KA38AB3512,Auto
VH002537,CID004220,KA47AB7371,Auto
VH002538,CID004222,KA13AB3204,Truck
VH002539,CID004223,KA79AB9195,Car
VH002540,CID004224,KA44AB8983,Truck
VH002541,CID004226,KA76AB3651,Bike
VH002542,CID004230,KA14AB1724,Truck
VH002543,CID004231,KA89AB5741,Truck
VH002544,CID004232,KA02AB1177,Bike
VH002545,CID004235,KA95AB3719,Truck
VH002546,CID004236,KA57AB4731,Auto
VH002547,CID004237,KA51AB3932,Auto
VH002548,CID004238,KA24AB6732,Auto
VH002549,CID004239,KA71AB3538,Bike
VH002550,CID004240,KA80AB9446,Truck
VH002551,CID004242,KA78AB3182,Bike
VH002552,CID004243,KA21AB8635,Truck
VH002553,CID004246,KA59AB3217,Auto
VH002554,CID004247,KA83AB3689,Auto
VH002555,CID004249,KA94AB6849,Auto
VH002556,CID004250,KA95AB2800,Car
VH002557,CID004251,KA44AB7543,Bike
VH002558,CID004252,KA43AB9224,Truck
VH002559,CID004253,KA89AB3785,Bike
VH002560,CID004255,KA67AB4022,Car
VH002561,CID004256,KA23AB7798,Car
VH002562,CID004257,KA56AB2614,Truck
VH002563,CID004259,KA53AB4218,Car
VH002564,CID004260,KA26AB6886,Bike
VH002565,CID004261,KA07AB8081,Car
VH002566,CID004262,KA12AB6075,Bike
VH002567,CID004263,KA48AB6085,Bike
VH002568,CID004265,KA36AB7190,Truck
VH002569,CID004268,KA39AB8313,Truck
VH002570,CID004270,KA32AB8594,Auto
VH002571,CID004277,KA17AB2449,Car
VH002572,CID004278,KA23AB8174,Car
VH002573,CID004279,KA91AB4084,Bike
VH002574,CID004280,KA36AB2714,Car
VH002575,CID004281,KA58AB4681,Car
VH002576,CID004282,KA81AB3240,Auto
VH002577,CID004283,KA89AB2312,Car
VH002578,CID004285,KA19AB9620,Bike
VH002579,CID004287,KA85AB5705,Truck
VH002580,CID004288,KA43AB7740,Car
VH002581,CID004291,KA68AB7488,Auto
VH002582,CID004292,KA08AB4757,Auto
VH002583,CID004293,KA52AB3011,Bike
VH002584,CID004295,KA02AB8617,Truck
VH002585,CID004297,KA10AB9270,Bike
VH002586,CID004298,KA62AB7471,Bike
VH002587,CID004299,KA15AB8022,Bike
VH002588,CID004301,KA33AB2356,Auto
VH002589,CID004302,KA27AB4977,Bike
VH002590,CID004304,KA66AB2869,Truck
VH002591,CID004305,KA19AB7666,Auto
VH002592,CID004306,KA15AB7286,Bike
VH002593,CID004307,KA95AB5955,Car
VH002594,CID004308,KA44AB7373,Car
VH002595,CID004310,KA86AB1645,Auto
VH002596,CID004312,KA88AB2589,Car
VH002597,CID004313,KA03AB9786,Car
VH002598,CID004314,KA76AB9338,Auto
VH002599,CID004316,KA81AB4752,Truck
VH002600,CID004319,KA64AB7166,Bike
VH002601,CID004320,KA57AB9584,Bike
VH002602,CID004321,KA22AB8185,Bike
VH002603,CID004322,KA74AB7026,Bike
VH002604,CID004324,KA75AB2576,Truck
VH002605,CID004325,KA54AB7019,Truck
VH002606,CID004326,KA38AB8633,Bike
VH002607,CID004328,KA55AB1651,Car
VH002608,CID004329,KA47AB4783,Car
VH002609,CID004330,KA29AB1849,Auto
VH002610,CID004331,KA14AB7934,Bike
VH002611,CID004332,KA27AB3817,Car
VH002612,CID004333,KA24AB3074,Car
VH002613,CID004334,KA94AB1096,Auto
VH002614,CID004335,KA04AB4948,Bike
VH002615,CID004336,KA95AB3592,Auto
VH002616,CID004338,KA35AB1981,Car
VH002617,CID004340,KA89AB6962,Car
VH002618,CID004343,KA80AB9225,Car
VH002619,CID004344,KA12AB6701,Car
VH002620,CID004345,KA49AB3947,Auto
VH002621,CID004346,KA24AB1636,Truck
VH002622,CID004347,KA12AB9419,Car
VH002623,CID004348,KA68AB1411,Auto
VH002624,CID004349,KA90AB2939,Car
VH002625,CID004350,KA94AB2813,Car
VH002626,CID004351,KA35AB4056,Car
VH002627,CID004352,KA25AB2745,Truck
VH002628,CID004353,KA58AB6091,Truck
VH002629,CID004354,KA79AB7012,Truck
VH002630,CID004355,KA04AB6671,Bike
VH002631,CID004356,KA50AB8700,Bike
VH002632,CID004357,KA19AB7129,Car
VH002633,CID004359,KA28AB2446,Bike
VH002634,CID004360,KA96AB2571,Bike
VH002635,CID004361,KA28AB3683,Truck
VH002636,CID004363,KA76AB5678,Car
VH002637,CID004365,KA16AB8726,Auto
VH002638,CID004366,KA46AB7387,Bike
VH002639,CID004368,KA38AB3783,Bike
VH002640,CID004369,KA72AB5289,Car
VH002641,CID004370,KA36AB5712,Bike
VH002642,CID004374,KA53AB2130,Auto
VH002643,CID004375,KA63AB4115,Auto
VH002644,CID004377,KA98AB8565,Truck
VH002645,CID004378,KA38AB5203,Bike
VH002646,CID004380,KA19AB2951,Auto
VH002647,CID004382,KA23AB2200,Bike
VH002648,CID004383,KA21AB1415,Bike
VH002649,CID004384,KA10AB5672,Car
VH002650,CID004385,KA24AB3094,Car
VH002651,CID004386,KA63AB2266,Bike
VH002652,CID004387,KA55AB4262,Bike
VH002653,CID004389,KA33AB1112,Car
VH002654,CID004392,KA21AB6208,Car
VH002655,CID004395,KA04AB3331,Bike
VH002656,CID004396,KA54AB9020,Truck
VH002657,CID004398,KA19AB9508,Car
VH002658,CID004399,KA47AB5288,Bike
VH002659,CID004400,KA08AB4119,Car
VH002660,CID004402,KA52AB9858,Bike
VH002661,CID004403,KA82AB3619,Bike
VH002662,CID004404,KA76AB3872,Bike
VH002663,CID004405,KA05AB9958,Car
VH002664,CID004407,KA27AB7691,Bike
VH002665,CID004408,KA65AB6253,Bike
VH002666,CID004410,KA92AB4700,Truck
VH002667,CID004415,KA49AB8995,Truck
VH002668,CID004416,KA05AB9044,Bike
VH002669,CID004417,KA95AB3074,Bike
VH002670,CID004418,KA15AB7619,Auto
VH002671,CID004419,KA40AB9405,Car
VH002672,CID004420,KA82AB3166,Truck
VH002673,CID004422,KA33AB2406,Truck
VH002674,CID004424,KA33AB2539,Truck
VH002675,CID004425,KA02AB3144,Truck
VH002676,CID004426,KA15AB5781,Car
VH002677,CID004429,KA48AB7074,Auto
VH002678,CID004430,KA81AB3204,Car
VH002679,CID004432,KA18AB9753,Car
VH002680,CID004433,KA80AB7574,Bike
VH002681,CID004434,KA97AB4860,Bike
VH002682,CID004435,KA52AB5656,Bike
VH002683,CID004436,KA88AB7817,Truck
VH002684,CID004437,KA31AB4763,Car
VH002685,CID004439,KA60AB4437,Auto
VH002686,CID004441,KA16AB3761,Bike
VH002687,CID004445,KA03AB9030,Car
VH002688,CID004449,KA41AB8911,Bike
VH002689,CID004451,KA32AB3987,Truck
VH002690,CID004457,KA89AB6319,Truck
VH002691,CID004458,KA42AB3458,Car
VH002692,CID004459,KA78AB4251,Auto
VH002693,CID004460,KA84AB4240,Car
VH002694,CID004461,KA86AB4918,Car
VH002695,CID004462,KA25AB9248,Auto
VH002696,CID004463,KA39AB4110,Auto
VH002697,CID004464,KA19AB7718,Truck
VH002698,CID004466,KA93AB3817,Auto
VH002699,CID004469,KA13AB9558,Auto
VH002700,CID004470,KA85AB1869,Car
VH002701,CID004471,KA69AB8898,Car
VH002702,CID004472,KA05AB6845,Auto
VH002703,CID004475,KA91AB3813,Truck
VH002704,CID004476,KA13AB8772,Car
VH002705,CID004477,KA32AB4262,Truck
VH002706,CID004478,KA92AB1468,Truck
VH002707,CID004480,KA89AB7674,Bike
VH002708,CID004482,KA81AB1076,Bike
VH002709,CID004487,KA82AB4218,Auto
VH002710,CID004490,KA13AB8767,Car
VH002711,CID004491,KA93AB1673,Truck
VH002712,CID004492,KA32AB1293,Bike
VH002713,CID004494,KA96AB7049,Car
VH002714,CID004495,KA59AB7474,Car
VH002715,CID004497,KA25AB9982,Auto
VH002716,CID004501,KA46AB5130,Auto
VH002717,CID004502,KA77AB7617,Car
VH002718,CID004503,KA77AB6843,Auto
VH002719,CID004504,KA23AB1247,Bike
VH002720,CID004506,KA25AB2435,Auto
VH002721,CID004507,KA36AB3676,Auto
VH002722,CID004508,KA82AB8031,Bike
VH002723,CID004509,KA44AB6000,Bike
VH002724,CID004512,KA35AB4830,Auto
VH002725,CID004513,KA43AB6997,Truck
VH002726,CID004515,KA50AB4447,Truck
VH002727,CID004517,KA09AB5294,Truck
VH002728,CID004519,KA70AB1218,Car
VH002729,CID004521,KA30AB3662,Auto
VH002730,CID004522,KA25AB5114,Bike
VH002731,CID004526,KA69AB3784,Bike
VH002732,CID004528,KA05AB4157,Bike
VH002733,CID004529,KA34AB5628,Truck
VH002734,CID004532,KA76AB9170,Car
VH002735,CID004533,KA28AB8264,Car
VH002736,CID004537,KA82AB5089,Bike
VH002737,CID004538,KA50AB4614,Auto
VH002738,CID004539,KA08AB7435,Car
VH002739,CID004541,KA28AB4032,Bike
VH002740,CID004542,KA55AB2963,Car
VH002741,CID004544,KA28AB1674,Auto
VH002742,CID004546,KA21AB1829,Bike
VH002743,CID004547,KA71AB6818,Bike
VH002744,CID004549,KA36AB7003,Car
VH002745,CID004550,KA86AB1220,Truck
VH002746,CID004551,KA09AB4857,Car
VH002747,CID004552,KA23AB3590,Truck
VH002748,CID004554,KA74AB9442,Truck
VH002749,CID004556,KA31AB5128,Bike
VH002750,CID004557,KA85AB2683,Car
VH002751,CID004560,KA54AB4420,Auto
VH002752,CID004561,KA75AB8294,Bike
VH002753,CID004564,KA05AB1367,Bike
VH002754,CID004565,KA86AB8856,Truck
VH002755,CID004566,KA91AB7037,Bike
VH002756,CID004569,KA52AB8308,Auto
VH002757,CID004571,KA79AB8793,Truck
VH002758,CID004572,KA95AB6381,Truck
VH002759,CID004573,KA60AB3293,Truck
VH002760,CID004574,KA58AB8456,Truck
VH002761,CID004575,KA15AB8721,Car
VH002762,CID004576,KA02AB7462,Truck
VH002763,CID004577,KA26AB2021,Truck
VH002764,CID004578,KA56AB7436,Bike
VH002765,CID004579,KA80AB3651,Car
VH002766,CID004580,KA33AB8511,Car
VH002767,CID004582,KA11AB7564,Auto
VH002768,CID004583,KA96AB2625,Truck
VH002769,CID004584,KA86AB1432,Truck
VH002770,CID004586,KA18AB4776,Car
VH002771,CID004587,KA33AB8523,Car
VH002772,CID004589,KA60AB1110,Auto
VH002773,CID004590,KA63AB7876,Car
VH002774,CID004591,KA70AB9482,Car
VH002775,CID004592,KA39AB8402,Bike
VH002776,CID004593,KA67AB9213,Car
VH002777,CID004594,KA34AB5449,Bike
VH002778,CID004596,KA89AB7653,Car
VH002779,CID004597,KA27AB8971,Bike
VH002780,CID004598,KA36AB4380,Auto
VH002781,CID004599,KA07AB8319,Auto
VH002782,CID004600,KA62AB7992,Truck
VH002783,CID004603,KA32AB8206,Truck
VH002784,CID004604,KA23AB4643,Car
VH002785,CID004605,KA43AB9794,Truck
VH002786,CID004608,KA43AB1752,Car
VH002787,CID004609,KA52AB1595,Bike
VH002788,CID004611,KA13AB5700,Bike
VH002789,CID004613,KA89AB2695,Auto
VH002790,CID004616,KA68AB9962,Bike
VH002791,CID004618,KA69AB7875,Auto
VH002792,CID004619,KA48AB1144,Auto
VH002793,CID004621,KA68AB5075,Auto
VH002794,CID004622,KA06AB7218,Auto
VH002795,CID004624,KA18AB5495,Car
VH002796,CID004625,KA62AB1130,Truck
VH002797,CID004628,KA52AB9382,Car
VH002798,CID004630,KA94AB8592,Truck
VH002799,CID004632,KA79AB3945,Auto
VH002800,CID004633,KA58AB2144,Truck
VH002801,CID004634,KA36AB9075,Truck
VH002802,CID004635,KA19AB4608,Car
VH002803,CID004637,KA91AB2669,Car
VH002804,CID004638,KA49AB5856,Car
VH002805,CID004641,KA31AB9876,Truck
VH002806,CID004642,KA21AB4703,Auto
VH002807,CID004645,KA17AB4691,Car
VH002808,CID004646,KA53AB7327,Truck
VH002809,CID004647,KA60AB2381,Bike
VH002810,CID004649,KA26AB4698,Car
VH002811,CID004650,KA12AB8860,Bike
VH002812,CID004651,KA73AB3110,Auto
VH002813,CID004653,KA92AB9135,Car
VH002814,CID004654,KA27AB3138,Bike
VH002815,CID004655,KA85AB2273,Car
VH002816,CID004656,KA85AB9886,Truck
VH002817,CID004657,KA45AB5575,Car
VH002818,CID004658,KA42AB4269,Car
VH002819,CID004659,KA43AB4318,Car
VH002820,CID004660,KA21AB5131,Auto
VH002821,CID004662,KA44AB1127,Auto
VH002822,CID004663,KA53AB5158,Car
VH002823,CID004666,KA41AB6221,Auto
VH002824,CID004667,KA26AB1632,Auto
VH002825,CID004669,KA54AB9865,Car
VH002826,CID004670,KA80AB1414,Auto
VH002827,CID004674,KA06AB1913,Car
VH002828,CID004675,KA13AB5327,Truck
VH002829,CID004676,KA37AB2426,Truck
VH002830,CID004677,KA26AB6620,Bike
VH002831,CID004681,KA32AB9541,Bike
VH002832,CID004683,KA45AB9744,Bike
VH002833,CID004684,KA60AB3554,Truck
VH002834,CID004687,KA67AB5020,Truck
VH002835,CID004688,KA44AB5554,Auto
VH002836,CID004690,KA71AB3737,Car
VH002837,CID004698,KA83AB4957,Bike
VH002838,CID004700,KA36AB5094,Auto
VH002839,CID004703,KA34AB3580,Bike
VH002840,CID004704,KA10AB3474,Truck
VH002841,CID004707,KA65AB2241,Bike
VH002842,CID004708,KA98AB4177,Auto
VH002843,CID004709,KA46AB5813,Truck
VH002844,CID004710,KA33AB3846,Truck
VH002845,CID004712,KA91AB9166,Bike
VH002846,CID004713,KA20AB5599,Car
VH002847,CID004714,KA07AB9129,Truck
VH002848,CID004716,KA78AB2643,Bike
VH002849,CID004717,KA96AB6033,Bike
VH002850,CID004718,KA99AB6966,Truck
VH002851,CID004719,KA61AB2851,Bike
VH002852,CID004722,KA31AB7115,Auto
VH002853,CID004723,KA12AB9319,Bike
VH002854,CID004726,KA91AB6718,Bike
VH002855,CID004728,KA15AB2492,Bike
VH002856,CID004729,KA74AB4285,Truck
VH002857,CID004731,KA82AB8571,Truck
VH002858,CID004733,KA88AB2934,Car
VH002859,CID004734,KA39AB3988,Car
VH002860,CID004735,KA05AB1846,Car
VH002861,CID004736,KA29AB7981,Truck
VH002862,CID004739,KA14AB3277,Car
VH002863,CID004740,KA64AB4878,Car
VH002864,CID004742,KA60AB6042,Bike
VH002865,CID004744,KA93AB2732,Truck
VH002866,CID004745,KA46AB9774,Car
VH002867,CID004748,KA99AB8140,Car
VH002868,CID004750,KA49AB8520,Truck
VH002869,CID004751,KA81AB2984,Truck
VH002870,CID004752,KA01AB3333,Car
VH002871,CID004754,KA77AB6869,Car
VH002872,CID004755,KA39AB4370,Bike
VH002873,CID004756,KA92AB2626,Auto
VH002874,CID004757,KA86AB8952,Auto
VH002875,CID004759,KA64AB9080,Bike
VH002876,CID004760,KA42AB6097,Truck
VH002877,CID004761,KA39AB7312,Truck
VH002878,CID004762,KA45AB8979,Bike
VH002879,CID004767,KA35AB4643,Car
VH002880,CID004768,KA53AB1871,Car
VH002881,CID004771,KA72AB5042,Auto
VH002882,CID004772,KA76AB6550,Bike
VH002883,CID004773,KA42AB9070,Car
VH002884,CID004775,KA67AB3744,Truck
VH002885,CID004776,KA70AB3161,Auto
VH002886,CID004777,KA71AB7834,Truck
VH002887,CID004778,KA21AB8433,Car
VH002888,CID004779,KA13AB9678,Truck
VH002889,CID004784,KA08AB7242,Auto
VH002890,CID004786,KA24AB5621,Auto
VH002891,CID004787,KA29AB3421,Truck
VH002892,CID004788,KA27AB2845,Car
VH002893,CID004789,KA59AB9609,Car
VH002894,CID004791,KA03AB5739,Car
VH002895,CID004794,KA05AB2422,Truck
VH002896,CID004795,KA54AB5009,Truck
VH002897,CID004796,KA21AB3249,Bike
VH002898,CID004798,KA96AB7037,Auto
VH002899,CID004799,KA68AB1144,Car
VH002900,CID004800,KA13AB5746,Auto
VH002901,CID004801,KA62AB4273,Truck
VH002902,CID004803,KA91AB5302,Truck
VH002903,CID004806,KA60AB6444,Car
VH002904,CID004808,KA18AB6502,Truck
VH002905,CID004809,KA06AB8956,Bike
VH002906,CID004810,KA16AB8718,Car
VH002907,CID004812,KA19AB1529,Truck
VH002908,CID004813,KA30AB7213,Auto
VH002909,CID004816,KA73AB3303,Bike
VH002910,CID004817,KA95AB8579,Auto
VH002911,CID004822,KA54AB6880,Car
VH002912,CID004823,KA09AB5720,Bike
VH002913,CID004824,KA30AB5963,Auto
VH002914,CID004825,KA89AB9762,Car
VH002915,CID004826,KA73AB9015,Car
VH002916,CID004829,KA01AB9501,Bike
VH002917,CID004830,KA13AB5590,Truck
VH002918,CID004833,KA31AB4170,Truck
VH002919,CID004834,KA77AB4951,Truck
VH002920,CID004838,KA66AB9253,Bike
VH002921,CID004839,KA39AB6120,Bike
VH002922,CID004840,KA11AB4063,Truck
VH002923,CID004841,KA31AB3249,Bike
VH002924,CID004843,KA23AB4557,Bike
VH002925,CID004846,KA73AB2667,Truck
VH002926,CID004848,KA93AB1136,Car
VH002927,CID004850,KA15AB8358,Truck
VH002928,CID004851,KA78AB3481,Truck
VH002929,CID004857,KA53AB4220,Truck
VH002930,CID004859,KA22AB2988,Car
VH002931,CID004860,KA38AB2357,Auto
VH002932,CID004861,KA79AB7677,Bike
VH002933,CID004862,KA98AB5687,Car
VH002934,CID004863,KA51AB5238,Auto
VH002935,CID004864,KA54AB8916,Truck
VH002936,CID004865,KA26AB3769,Auto
VH002937,CID004866,KA82AB4722,Auto
VH002938,CID004867,KA43AB5179,Bike
VH002939,CID004868,KA59AB7310,Car
VH002940,CID004869,KA33AB9100,Truck
VH002941,CID004870,KA73AB7437,Truck
VH002942,CID004871,KA61AB3550,Car
VH002943,CID004872,KA45AB1632,Auto
VH002944,CID004873,KA38AB6076,Bike
VH002945,CID004877,KA47AB9099,Truck
VH002946,CID004878,KA29AB7513,Truck
VH002947,CID004881,KA68AB7581,Bike
VH002948,CID004884,KA91AB3224,Auto
VH002949,CID004885,KA22AB8708,Bike
VH002950,CID004886,KA93AB1614,Car
VH002951,CID004887,KA09AB1481,Auto
VH002952,CID004888,KA59AB6501,Bike
VH002953,CID004889,KA67AB7742,Auto
VH002954,CID004890,KA20AB2057,Auto
VH002955,CID004891,KA43AB9441,Bike
VH002956,CID004892,KA93AB4004,Bike
VH002957,CID004893,KA60AB2633,Auto
VH002958,CID004895,KA36AB8085,Auto
VH002959,CID004896,KA95AB7360,Car
VH002960,CID004898,KA04AB1206,Car
VH002961,CID004899,KA54AB2176,Truck
VH002962,CID004901,KA10AB1881,Car
VH002963,CID004904,KA23AB4224,Car
VH002964,CID004906,KA41AB5454,Bike
VH002965,CID004909,KA13AB5109,Truck
VH002966,CID004910,KA69AB2598,Car
VH002967,CID004913,KA14AB2026,Auto
VH002968,CID004914,KA50AB7034,Truck
VH002969,CID004916,KA75AB8231,Bike
VH002970,CID004917,KA99AB1535,Truck
VH002971,CID004918,KA27AB1225,Truck
VH002972,CID004919,KA44AB2755,Truck
VH002973,CID004920,KA38AB5667,Car
VH002974,CID004922,KA34AB8941,Car
VH002975,CID004923,KA16AB9087,Car
VH002976,CID004926,KA56AB8038,Car
VH002977,CID004928,KA30AB5639,Car
VH002978,CID004929,KA67AB4419,Bike
VH002979,CID004930,KA15AB5438,Bike
VH002980,CID004931,KA49AB6400,Bike
VH002981,CID004932,KA05AB9982,Car
VH002982,CID004933,KA37AB5557,Truck
VH002983,CID004934,KA53AB9952,Car
VH002984,CID004935,KA48AB7820,Auto
VH002985,CID004936,KA89AB6330,Car
VH002986,CID004938,KA46AB7094,Truck
VH002987,CID004939,KA46AB8458,Auto
VH002988,CID004942,KA59AB5163,Car
VH002989,CID004946,KA34AB2818,Car
VH002990,CID004947,KA94AB3274,Auto
VH002991,CID004951,KA44AB3904,Auto
VH002992,CID004954,KA36AB7084,Bike
VH002993,CID004956,KA67AB9137,Truck
VH002994,CID004958,KA44AB9578,Auto
VH002995,CID004959,KA35AB1810,Car
VH002996,CID004960,KA25AB6604,Truck
VH002997,CID004962,KA95AB3262,Truck
VH002998,CID004967,KA89AB4029,Auto
VH002999,CID004968,KA94AB6613,Car
VH003000,CID004969,KA26AB3805,Bike
VH003001,CID004970,KA05AB5052,Bike
VH003002,CID004974,KA42AB5480,Car
VH003003,CID004975,KA03AB8557,Car
VH003004,CID004977,KA78AB5411,Bike
VH003005,CID004978,KA01AB3761,Bike
VH003006,CID004979,KA30AB4551,Bike
VH003007,CID004980,KA89AB8067,Truck
VH003008,CID004981,KA83AB8786,Car
VH003009,CID004984,KA01AB8321,Car
VH003010,CID004985,KA29AB4414,Bike
VH003011,CID004986,KA84AB8558,Auto
VH003012,CID004987,KA28AB6078,Auto
VH003013,CID004988,KA57AB5659,Bike
VH003014,CID004990,KA02AB3604,Truck
VH003015,CID004992,KA49AB4315,Bike
VH003016,CID004998,KA81AB1905,Car
VH003017,CID004999,KA94AB1914,Bike
VH003018,CID005001,KA05AB6326,Truck
VH003019,CID005002,KA29AB6534,Auto
VH003020,CID005003,KA82AB1713,Auto
VH003021,CID005004,KA78AB1456,Bike
VH003022,CID005006,KA85AB5321,Truck
VH003023,CID005011,KA48AB6115,Bike
VH003024,CID005012,KA17AB2750,Car
VH003025,CID005014,KA95AB6593,Auto
VH003026,CID005018,KA89AB6071,Car
VH003027,CID005020,KA06AB2336,Car
VH003028,CID005021,KA95AB8523,Truck
VH003029,CID005022,KA60AB7377,Truck
VH003030,CID005023,KA12AB2046,Truck
VH003031,CID005024,KA31AB1993,Truck
VH003032,CID005026,KA50AB5770,Auto
VH003033,CID005027,KA48AB7891,Bike
VH003034,CID005028,KA40AB2513,Truck
VH003035,CID005030,KA61AB6481,Bike
VH003036,CID005031,KA80AB7122,Truck
VH003037,CID005033,KA38AB7839,Truck
VH003038,CID005034,KA65AB4894,Bike
VH003039,CID005035,KA72AB3563,Car
VH003040,CID005038,KA59AB1339,Car
VH003041,CID005039,KA87AB2641,Auto
VH003042,CID005040,KA93AB1370,Bike
VH003043,CID005041,KA89AB4801,Car
VH003044,CID005043,KA70AB7075,Car
VH003045,CID005044,KA08AB5011,Bike
VH003046,CID005049,KA95AB4082,Bike
VH003047,CID005051,KA08AB3827,Bike
VH003048,CID005052,KA36AB5773,Car
VH003049,CID005053,KA38AB4258,Truck
VH003050,CID005054,KA82AB7450,Bike
VH003051,CID005055,KA75AB1921,Truck
VH003052,CID005060,KA18AB2330,Bike
VH003053,CID005061,KA55AB8316,Bike
VH003054,CID005062,KA31AB3851,Car
VH003055,CID005063,KA98AB4936,Truck
VH003056,CID005064,KA61AB7101,Truck
VH003057,CID005065,KA72AB4238,Truck
VH003058,CID005066,KA39AB1055,Bike
VH003059,CID005067,KA54AB4826,Bike
VH003060,CID005069,KA50AB8078,Bike
VH003061,CID005070,KA19AB1420,Bike
VH003062,CID005074,KA73AB6353,Car
VH003063,CID005075,KA69AB8613,Auto
VH003064,CID005076,KA38AB5925,Bike
VH003065,CID005080,KA46AB5773,Auto
VH003066,CID005083,KA81AB7727,Auto
VH003067,CID005085,KA93AB5012,Car
VH003068,CID005087,KA09AB7657,Truck
VH003069,CID005089,KA90AB1201,Bike
VH003070,CID005091,KA15AB3030,Auto
VH003071,CID005093,KA53AB5928,Auto
VH003072,CID005094,KA54AB8022,Auto
VH003073,CID005096,KA20AB8282,Bike
VH003074,CID005097,KA67AB5185,Bike
VH003075,CID005098,KA81AB4513,Car
VH003076,CID005100,KA99AB2235,Auto
VH003077,CID005102,KA59AB1260,Truck
VH003078,CID005103,KA17AB2702,Car
VH003079,CID005105,KA19AB3866,Bike
VH003080,CID005107,KA42AB7762,Car
VH003081,CID005108,KA60AB1694,Truck
VH003082,CID005109,KA76AB3903,Auto
VH003083,CID005112,KA25AB6966,Auto
VH003084,CID005113,KA38AB3240,Bike
VH003085,CID005115,KA12AB5429,Auto
VH003086,CID005116,KA94AB6451,Truck
VH003087,CID005117,KA68AB2473,Bike
VH003088,CID005118,KA14AB6343,Bike
VH003089,CID005120,KA01AB2283,Truck
VH003090,CID005121,KA49AB3329,Truck
VH003091,CID005122,KA13AB5882,Truck
VH003092,CID005124,KA60AB5717,Auto
VH003093,CID005125,KA35AB6367,Bike
VH003094,CID005126,KA25AB6281,Auto
VH003095,CID005128,KA19AB7288,Truck
VH003096,CID005130,KA20AB9681,Auto
VH003097,CID005132,KA99AB7487,Truck
VH003098,CID005134,KA25AB2928,Auto
VH003099,CID005135,KA95AB8881,Car
VH003100,CID005136,KA79AB7525,Car
VH003101,CID005137,KA09AB6622,Truck
VH003102,CID005139,KA80AB2575,Bike
VH003103,CID005141,KA97AB3917,Car
VH003104,CID005143,KA75AB9951,Bike
VH003105,CID005144,KA78AB2031,Car
VH003106,CID005145,KA66AB9882,Truck
VH003107,CID005146,KA42AB8572,Auto
VH003108,CID005147,KA33AB5100,Auto
VH003109,CID005150,KA27AB4150,Car
VH003110,CID005151,KA59AB1186,Bike
VH003111,CID005152,KA12AB5542,Car
VH003112,CID005153,KA72AB8990,Bike
VH003113,CID005154,KA07AB1910,Car
VH003114,CID005155,KA26AB2451,Auto
VH003115,CID005156,KA66AB9386,Bike
VH003116,CID005157,KA71AB9791,Bike
VH003117,CID005158,KA81AB8681,Auto
VH003118,CID005160,KA57AB1606,Bike
VH003119,CID005161,KA25AB1812,Truck
VH003120,CID005162,KA87AB4551,Truck
VH003121,CID005163,KA84AB6214,Car
VH003122,CID005167,KA19AB7277,Truck
VH003123,CID005168,KA92AB8504,Bike
VH003124,CID005169,KA50AB8426,Car
VH003125,CID005170,KA20AB1133,Truck
VH003126,CID005171,KA61AB6615,Bike
VH003127,CID005174,KA88AB3965,Auto
VH003128,CID005175,KA27AB1299,Bike
VH003129,CID005177,KA13AB8305,Car
VH003130,CID005179,KA77AB5415,Bike
VH003131,CID005181,KA37AB1229,Car
VH003132,CID005182,KA75AB7607,Car
VH003133,CID005184,KA63AB2351,Car
VH003134,CID005186,KA17AB7882,Bike
VH003135,CID005187,KA68AB6198,Car
VH003136,CID005188,KA52AB4232,Auto
VH003137,CID005189,KA01AB8936,Auto
VH003138,CID005190,KA25AB9411,Truck
VH003139,CID005191,KA92AB9275,Auto
VH003140,CID005195,KA55AB7257,Auto
VH003141,CID005196,KA71AB8299,Truck
VH003142,CID005199,KA98AB1833,Car
VH003143,CID005200,KA22AB2572,Truck
VH003144,CID005202,KA78AB7622,Auto
VH003145,CID005203,KA80AB7024,Car
VH003146,CID005204,KA67AB9509,Truck
VH003147,CID005206,KA17AB2671,Bike
VH003148,CID005207,KA90AB3431,Truck
VH003149,CID005208,KA97AB1019,Truck
VH003150,CID005209,KA62AB5799,Bike
VH003151,CID005210,KA86AB9084,Truck
VH003152,CID005211,KA23AB6406,Car
VH003153,CID005213,KA96AB3142,Auto
VH003154,CID005214,KA76AB2196,Car
VH003155,CID005216,KA59AB2621,Bike
VH003156,CID005217,KA15AB4743,Truck
VH003157,CID005218,KA83AB5560,Truck
VH003158,CID005219,KA35AB8835,Bike
VH003159,CID005221,KA69AB5844,Bike
VH003160,CID005222,KA05AB5974,Truck
VH003161,CID005223,KA56AB6265,Car
VH003162,CID005224,KA04AB1082,Auto
VH003163,CID005225,KA38AB5311,Truck
VH003164,CID005227,KA11AB4791,Truck
VH003165,CID005228,KA43AB1141,Bike
VH003166,CID005229,KA45AB9517,Auto
VH003167,CID005230,KA57AB5692,Bike
VH003168,CID005231,KA59AB7767,Car
VH003169,CID005233,KA70AB2693,Bike
VH003170,CID005234,KA35AB7670,Auto
VH003171,CID005237,KA90AB1902,Car
VH003172,CID005238,KA44AB2089,Bike
VH003173,CID005239,KA73AB3506,Bike
VH003174,CID005242,KA96AB9754,Truck
VH003175,CID005243,KA12AB6271,Car
VH003176,CID005245,KA56AB7966,Car
VH003177,CID005246,KA52AB2457,Auto
VH003178,CID005247,KA98AB6059,Car
VH003179,CID005248,KA18AB7002,Auto
VH003180,CID005249,KA35AB2932,Car
VH003181,CID005250,KA50AB2728,Bike
VH003182,CID005252,KA80AB7353,Truck
VH003183,CID005254,KA46AB5028,Truck
VH003184,CID005255,KA34AB9654,Auto
VH003185,CID005256,KA46AB4639,Truck
VH003186,CID005257,KA58AB4009,Truck
VH003187,CID005258,KA36AB4932,Car
VH003188,CID005260,KA55AB3075,Bike
VH003189,CID005261,KA97AB4754,Car
VH003190,CID005262,KA86AB9610,Car
VH003191,CID005263,KA19AB8942,Bike
VH003192,CID005265,KA53AB9417,Bike
VH003193,CID005267,KA67AB2049,Truck
VH003194,CID005268,KA32AB2934,Car
VH003195,CID005269,KA27AB8412,Truck
VH003196,CID005270,KA69AB9010,Bike
VH003197,CID005272,KA02AB2044,Bike
VH003198,CID005276,KA39AB5477,Truck
VH003199,CID005277,KA24AB4929,Truck
VH003200,CID005279,KA47AB8875,Bike
VH003201,CID005280,KA02AB4689,Auto
VH003202,CID005281,KA31AB2400,Bike
VH003203,CID005284,KA73AB1331,Bike
VH003204,CID005285,KA80AB8459,Bike
VH003205,CID005286,KA72AB7373,Auto
VH003206,CID005287,KA40AB8119,Truck
VH003207,CID005289,KA59AB5620,Car
VH003208,CID005290,KA39AB9164,Bike
VH003209,CID005293,KA21AB7302,Car
VH003210,CID005294,KA27AB3053,Car
VH003211,CID005295,KA66AB5904,Bike
VH003212,CID005296,KA34AB2270,Truck
VH003213,CID005298,KA63AB4298,Auto
VH003214,CID005299,KA61AB3461,Bike
VH003215,CID005300,KA67AB9534,Bike
VH003216,CID005301,KA96AB1839,Truck
VH003217,CID005302,KA72AB1719,Car
VH003218,CID005303,KA52AB6861,Car
VH003219,CID005304,KA95AB7855,Truck
VH003220,CID005305,KA93AB1861,Truck
VH003221,CID005307,KA18AB3188,Auto
VH003222,CID005310,KA89AB7361,Bike
VH003223,CID005311,KA72AB4532,Auto
VH003224,CID005313,KA69AB5480,Bike
VH003225,CID005314,KA49AB7481,Truck
VH003226,CID005315,KA53AB1520,Bike
VH003227,CID005316,KA87AB9976,Truck
VH003228,CID005318,KA46AB5931,Truck
VH003229,CID005319,KA78AB1133,Bike
VH003230,CID005320,KA06AB5999,Truck
VH003231,CID005321,KA13AB8258,Bike
VH003232,CID005326,KA33AB7518,Bike
VH003233,CID005327,KA16AB6733,Truck
VH003234,CID005328,KA64AB9228,Truck
VH003235,CID005330,KA63AB6029,Car
VH003236,CID005331,KA60AB8116,Car
VH003237,CID005332,KA20AB1683,Auto
VH003238,CID005336,KA35AB4583,Car
VH003239,CID005339,KA14AB8008,Truck
VH003240,CID005340,KA61AB3016,Auto
VH003241,CID005344,KA07AB1007,Truck
VH003242,CID005345,KA42AB3794,Car
VH003243,CID005346,KA72AB8276,Auto
VH003244,CID005347,KA63AB6269,Car
VH003245,CID005350,KA37AB3907,Auto
VH003246,CID005353,KA73AB3413,Bike
VH003247,CID005354,KA70AB4265,Auto
VH003248,CID005355,KA09AB4867,Auto
VH003249,CID005356,KA88AB6451,Car
VH003250,CID005357,KA50AB1098,Bike
VH003251,CID005359,KA16AB9387,Truck
VH003252,CID005364,KA76AB6244,Auto
VH003253,CID005365,KA29AB6214,Truck
VH003254,CID005366,KA63AB4728,Bike
VH003255,CID005371,KA29AB5225,Bike
VH003256,CID005373,KA67AB3845,Car
VH003257,CID005374,KA59AB7338,Car
VH003258,CID005377,KA53AB4566,Truck
VH003259,CID005380,KA78AB2721,Bike
VH003260,CID005381,KA92AB5201,Auto
VH003261,CID005382,KA19AB6272,Auto
VH003262,CID005384,KA59AB7638,Bike
VH003263,CID005388,KA50AB7287,Auto
VH003264,CID005389,KA53AB1081,Auto
VH003265,CID005390,KA82AB9931,Auto
VH003266,CID005391,KA49AB7071,Car
VH003267,CID005392,KA94AB6500,Car
VH003268,CID005394,KA37AB7962,Truck
VH003269,CID005396,KA31AB7618,Bike
VH003270,CID005397,KA03AB8989,Car
VH003271,CID005398,KA46AB5638,Auto
VH003272,CID005402,KA34AB3913,Auto
VH003273,CID005403,KA25AB1108,Truck
VH003274,CID005407,KA49AB6187,Auto
VH003275,CID005410,KA35AB1511,Truck
VH003276,CID005411,KA89AB3427,Auto
VH003277,CID005414,KA03AB7826,Truck
VH003278,CID005415,KA61AB3042,Bike
VH003279,CID005416,KA62AB3747,Truck
VH003280,CID005418,KA68AB8973,Auto
VH003281,CID005421,KA05AB4414,Car
VH003282,CID005422,KA37AB8037,Car
VH003283,CID005423,KA31AB3665,Bike
VH003284,CID005427,KA77AB8222,Truck
VH003285,CID005429,KA04AB1451,Bike
VH003286,CID005430,KA37AB3506,Car
VH003287,CID005433,KA24AB7597,Bike
VH003288,CID005435,KA12AB9125,Truck
VH003289,CID005437,KA93AB3149,Auto
VH003290,CID005439,KA68AB3860,Bike
VH003291,CID005441,KA54AB9256,Truck
VH003292,CID005443,KA23AB6753,Car
VH003293,CID005445,KA42AB5465,Auto
VH003294,CID005451,KA87AB7209,Bike
VH003295,CID005453,KA35AB9756,Bike
VH003296,CID005454,KA73AB2812,Truck
VH003297,CID005455,KA56AB6891,Car
VH003298,CID005462,KA44AB7191,Car
VH003299,CID005464,KA32AB4910,Auto
VH003300,CID005465,KA54AB3148,Car
VH003301,CID005468,KA61AB7930,Bike
VH003302,CID005472,KA36AB8055,Car
VH003303,CID005475,KA07AB3295,Auto
VH003304,CID005478,KA38AB8961,Truck
VH003305,CID005479,KA06AB5961,Car
VH003306,CID005480,KA40AB7814,Auto
VH003307,CID005481,KA14AB4974,Car
VH003308,CID005488,KA47AB8959,Car
VH003309,CID005489,KA58AB2414,Auto
VH003310,CID005490,KA66AB3034,Bike
VH003311,CID005496,KA98AB8613,Car
VH003312,CID005497,KA11AB6258,Auto
VH003313,CID005498,KA74AB2392,Truck
VH003314,CID005499,KA12AB8829,Bike
VH003315,CID005500,KA08AB2863,Bike
VH003316,CID005503,KA05AB8613,Bike
VH003317,CID005505,KA86AB1751,Auto
VH003318,CID005506,KA13AB1283,Truck
VH003319,CID005509,KA36AB2340,Car
VH003320,CID005510,KA72AB5639,Car
VH003321,CID005511,KA51AB3852,Car
VH003322,CID005512,KA95AB1909,Bike
VH003323,CID005513,KA71AB2404,Auto
VH003324,CID005515,KA94AB7815,Bike
VH003325,CID005517,KA50AB6867,Truck
VH003326,CID005519,KA37AB7227,Truck
VH003327,CID005520,KA81AB6802,Auto
VH003328,CID005521,KA90AB5165,Car
VH003329,CID005524,KA74AB4721,Bike
VH003330,CID005525,KA24AB7441,Truck
VH003331,CID005526,KA10AB1183,Car
VH003332,CID005528,KA43AB1567,Auto
VH003333,CID005529,KA76AB7426,Truck
VH003334,CID005531,KA34AB7899,Auto
VH003335,CID005532,KA44AB5833,Bike
VH003336,CID005534,KA87AB5654,Car
VH003337,CID005535,KA36AB9424,Car
VH003338,CID005537,KA34AB4565,Car
VH003339,CID005539,KA29AB5222,Auto
VH003340,CID005540,KA26AB9302,Bike
VH003341,CID005541,KA60AB7771,Auto
VH003342,CID005543,KA93AB7547,Auto
VH003343,CID005544,KA98AB2490,Auto
VH003344,CID005547,KA66AB3391,Truck
VH003345,CID005548,KA20AB8753,Auto
VH003346,CID005551,KA54AB6964,Truck
VH003347,CID005552,KA64AB1254,Truck
VH003348,CID005553,KA81AB4703,Bike
VH003349,CID005557,KA94AB9143,Auto
VH003350,CID005560,KA93AB8636,Truck
VH003351,CID005561,KA80AB1841,Car
VH003352,CID005563,KA54AB3672,Auto
VH003353,CID005565,KA27AB4885,Truck
VH003354,CID005566,KA62AB7775,Truck
VH003355,CID005568,KA02AB7643,Auto
VH003356,CID005570,KA42AB2972,Auto
VH003357,CID005571,KA63AB1742,Auto
VH003358,CID005574,KA72AB4879,Auto
VH003359,CID005575,KA86AB3543,Car
VH003360,CID005576,KA69AB3858,Auto
VH003361,CID005577,KA89AB4198,Bike
VH003362,CID005579,KA44AB8242,Truck
VH003363,CID005581,KA42AB3725,Truck
VH003364,CID005582,KA64AB2973,Truck
VH003365,CID005584,KA07AB3791,Truck
VH003366,CID005587,KA41AB3997,Truck
VH003367,CID005589,KA39AB4826,Car
VH003368,CID005591,KA09AB8222,Car
VH003369,CID005592,KA68AB7820,Auto
VH003370,CID005593,KA44AB2558,Bike
VH003371,CID005598,KA57AB9917,Bike
VH003372,CID005599,KA37AB8858,Truck
VH003373,CID005600,KA97AB2554,Bike
VH003374,CID005601,KA93AB1381,Bike
VH003375,CID005602,KA07AB9099,Auto
VH003376,CID005603,KA81AB4324,Bike
VH003377,CID005605,KA33AB3637,Bike
VH003378,CID005608,KA23AB7652,Auto
VH003379,CID005610,KA98AB1406,Truck
VH003380,CID005612,KA87AB7865,Car
VH003381,CID005613,KA05AB2895,Car
VH003382,CID005614,KA72AB4942,Bike
VH003383,CID005617,KA54AB2419,Bike
VH003384,CID005620,KA64AB5605,Bike
VH003385,CID005621,KA63AB5216,Car
VH003386,CID005622,KA65AB2920,Car
VH003387,CID005623,KA16AB7704,Auto
VH003388,CID005625,KA98AB8058,Auto
VH003389,CID005627,KA19AB9447,Car
VH003390,CID005628,KA01AB2810,Bike
VH003391,CID005632,KA93AB1461,Auto
VH003392,CID005633,KA51AB4169,Auto
VH003393,CID005635,KA28AB6726,Auto
VH003394,CID005638,KA68AB4852,Truck
VH003395,CID005639,KA14AB8820,Auto
VH003396,CID005642,KA56AB5140,Car
VH003397,CID005646,KA71AB5673,Car
VH003398,CID005648,KA20AB5380,Bike
VH003399,CID005650,KA61AB6682,Car
VH003400,CID005652,KA11AB9865,Bike
VH003401,CID005653,KA64AB2431,Auto
VH003402,CID005654,KA12AB2638,Car
VH003403,CID005655,KA23AB6731,Bike
VH003404,CID005656,KA85AB6100,Truck
VH003405,CID005660,KA42AB9298,Truck
VH003406,CID005661,KA22AB9375,Bike
VH003407,CID005662,KA58AB6992,Car
VH003408,CID005664,KA15AB1968,Car
VH003409,CID005665,KA15AB9783,Truck
VH003410,CID005668,KA12AB4266,Bike
VH003411,CID005669,KA57AB5130,Car
VH003412,CID005670,KA93AB9113,Car
VH003413,CID005671,KA29AB7875,Car
VH003414,CID005675,KA87AB2677,Truck
VH003415,CID005676,KA67AB6485,Truck
VH003416,CID005677,KA84AB4851,Auto
VH003417,CID005678,KA47AB1884,Car
VH003418,CID005679,KA35AB6963,Bike
VH003419,CID005686,KA12AB4141,Auto
VH003420,CID005687,KA43AB9557,Bike
VH003421,CID005689,KA27AB6883,Car
VH003422,CID005691,KA74AB7691,Auto
VH003423,CID005692,KA71AB6998,Auto
VH003424,CID005693,KA81AB5640,Auto
VH003425,CID005694,KA74AB7561,Car
VH003426,CID005697,KA37AB9365,Auto
VH003427,CID005700,KA89AB5743,Auto
VH003428,CID005703,KA34AB3001,Auto
VH003429,CID005705,KA80AB7549,Auto
VH003430,CID005706,KA88AB6501,Auto
VH003431,CID005708,KA35AB6820,Auto
VH003432,CID005709,KA36AB5331,Bike
VH003433,CID005710,KA90AB3245,Bike
VH003434,CID005712,KA09AB6479,Car
VH003435,CID005713,KA65AB1888,Bike
VH003436,CID005719,KA28AB2313,Truck
VH003437,CID005720,KA82AB2735,Auto
VH003438,CID005721,KA09AB1581,Car
VH003439,CID005722,KA98AB7111,Bike
VH003440,CID005724,KA47AB7038,Auto
VH003441,CID005726,KA71AB7082,Auto
VH003442,CID005727,KA69AB3156,Car
VH003443,CID005728,KA49AB9274,Auto
VH003444,CID005729,KA10AB5394,Truck
VH003445,CID005733,KA44AB4102,Truck
VH003446,CID005736,KA41AB2596,Bike
VH003447,CID005737,KA38AB2139,Bike
VH003448,CID005738,KA46AB6479,Car
VH003449,CID005742,KA13AB2651,Truck
VH003450,CID005743,KA26AB3657,Truck
VH003451,CID005744,KA36AB9631,Auto
VH003452,CID005745,KA30AB5948,Car
VH003453,CID005749,KA85AB7214,Bike
VH003454,CID005750,KA64AB5085,Auto
VH003455,CID005751,KA16AB5578,Bike
VH003456,CID005752,KA87AB8068,Car
VH003457,CID005753,KA75AB7501,Truck
VH003458,CID005755,KA74AB3504,Bike
VH003459,CID005757,KA23AB1685,Car
VH003460,CID005758,KA51AB7553,Auto
VH003461,CID005761,KA93AB5974,Bike
VH003462,CID005762,KA92AB6648,Truck
VH003463,CID005763,KA54AB4189,Bike
VH003464,CID005765,KA54AB9485,Auto
VH003465,CID005767,KA39AB4566,Car
VH003466,CID005768,KA47AB2151,Bike
VH003467,CID005769,KA81AB5891,Truck
VH003468,CID005770,KA59AB5727,Car
VH003469,CID005771,KA20AB1802,Car
VH003470,CID005776,KA13AB1007,Car
VH003471,CID005778,KA30AB1169,Car
VH003472,CID005779,KA50AB8989,Auto
VH003473,CID005780,KA01AB6799,Bike
VH003474,CID005781,KA39AB9329,Car
VH003475,CID005783,KA37AB1522,Auto
VH003476,CID005784,KA65AB6240,Truck
VH003477,CID005785,KA47AB3240,Truck
VH003478,CID005786,KA92AB2916,Truck
VH003479,CID005788,KA04AB5462,Car
VH003480,CID005790,KA69AB6516,Auto
VH003481,CID005792,KA02AB1172,Auto
VH003482,CID005794,KA81AB8598,Bike
VH003483,CID005795,KA13AB9229,Auto
VH003484,CID005797,KA42AB4357,Bike
VH003485,CID005799,KA43AB8754,Truck
VH003486,CID005803,KA60AB7728,Auto
VH003487,CID005806,KA17AB6850,Car
VH003488,CID005808,KA47AB4197,Auto
VH003489,CID005809,KA39AB8780,Truck
VH003490,CID005812,KA15AB6190,Bike
VH003491,CID005813,KA85AB5769,Truck
VH003492,CID005814,KA42AB7151,Car
VH003493,CID005816,KA59AB2057,Truck
VH003494,CID005819,KA99AB2640,Auto
VH003495,CID005820,KA56AB1614,Bike
VH003496,CID005824,KA83AB4750,Truck
VH003497,CID005826,KA20AB3775,Bike
VH003498,CID005827,KA95AB1512,Truck
VH003499,CID005828,KA14AB8274,Car
VH003500,CID005830,KA77AB6253,Auto
VH003501,CID005831,KA02AB2158,Car
VH003502,CID005832,KA92AB7260,Bike
VH003503,CID005833,KA22AB4569,Car
VH003504,CID005835,KA70AB3295,Truck
VH003505,CID005837,KA04AB3496,Auto
VH003506,CID005839,KA57AB6977,Truck
VH003507,CID005840,KA75AB1788,Bike
VH003508,CID005841,KA69AB6758,Truck
VH003509,CID005842,KA87AB7632,Car
VH003510,CID005846,KA56AB5440,Truck
VH003511,CID005851,KA17AB2248,Car
VH003512,CID005853,KA17AB9399,Truck
VH003513,CID005854,KA23AB5699,Auto
VH003514,CID005856,KA69AB4198,Truck
VH003515,CID005858,KA77AB6579,Car
VH003516,CID005861,KA45AB2312,Bike
VH003517,CID005863,KA21AB6597,Auto
VH003518,CID005865,KA16AB3981,Auto
VH003519,CID005866,KA61AB2081,Auto
VH003520,CID005867,KA99AB1522,Bike
VH003521,CID005868,KA56AB4885,Car
VH003522,CID005870,KA81AB3932,Car
VH003523,CID005872,KA37AB1037,Bike
VH003524,CID005873,KA59AB4928,Truck
VH003525,CID005874,KA15AB4496,Truck
VH003526,CID005875,KA92AB4451,Bike
VH003527,CID005880,KA61AB8938,Truck
VH003528,CID005881,KA79AB7944,Truck
VH003529,CID005882,KA83AB9175,Bike
VH003530,CID005883,KA61AB3733,Bike
VH003531,CID005885,KA38AB3345,Truck
VH003532,CID005886,KA20AB9998,Car
VH003533,CID005887,KA60AB9255,Bike
VH003534,CID005889,KA18AB4814,Bike
VH003535,CID005890,KA47AB2790,Bike
VH003536,CID005892,KA78AB6115,Car
VH003537,CID005894,KA43AB5743,Truck
VH003538,CID005896,KA51AB9317,Bike
VH003539,CID005898,KA59AB2157,Truck
VH003540,CID005899,KA25AB5258,Car
VH003541,CID005901,KA64AB5594,Car
VH003542,CID005903,KA82AB6450,Car
VH003543,CID005908,KA41AB2183,Auto
VH003544,CID005909,KA69AB6355,Car
VH003545,CID005911,KA99AB3824,Auto
VH003546,CID005912,KA08AB3899,Car
VH003547,CID005914,KA57AB3971,Bike
VH003548,CID005915,KA78AB3582,Bike
VH003549,CID005916,KA77AB2656,Car
VH003550,CID005917,KA07AB4341,Auto
VH003551,CID005918,KA62AB3212,Truck
VH003552,CID005919,KA40AB6443,Truck
VH003553,CID005920,KA98AB4116,Auto
VH003554,CID005921,KA60AB8777,Car
VH003555,CID005923,KA12AB7718,Bike
VH003556,CID005929,KA70AB1008,Auto
VH003557,CID005930,KA77AB6005,Auto
VH003558,CID005932,KA25AB5650,Truck
VH003559,CID005934,KA43AB7560,Auto
VH003560,CID005935,KA93AB8697,Bike
VH003561,CID005936,KA10AB3673,Car
VH003562,CID005937,KA48AB2642,Auto
VH003563,CID005938,KA04AB3754,Auto
VH003564,CID005940,KA89AB7283,Bike
VH003565,CID005943,KA06AB8698,Auto
VH003566,CID005944,KA28AB1299,Truck
VH003567,CID005945,KA86AB1880,Auto
VH003568,CID005946,KA93AB9025,Auto
VH003569,CID005947,KA01AB6083,Car
VH003570,CID005949,KA41AB1392,Auto
VH003571,CID005950,KA61AB4793,Bike
VH003572,CID005952,KA06AB4543,Bike
VH003573,CID005953,KA51AB7985,Car
VH003574,CID005954,KA98AB3750,Truck
VH003575,CID005955,KA13AB4165,Bike
VH003576,CID005958,KA81AB6018,Car
VH003577,CID005959,KA42AB6181,Truck
VH003578,CID005961,KA33AB6609,Car
VH003579,CID005962,KA35AB1257,Truck
VH003580,CID005967,KA76AB8408,Bike
VH003581,CID005968,KA71AB6020,Auto
VH003582,CID005970,KA07AB6818,Truck
VH003583,CID005972,KA70AB5000,Auto
VH003584,CID005973,KA82AB8607,Bike
VH003585,CID005974,KA92AB2261,Truck
VH003586,CID005975,KA78AB9548,Truck
VH003587,CID005976,KA34AB6560,Truck
VH003588,CID005977,KA41AB8759,Auto
VH003589,CID005981,KA06AB9426,Car
VH003590,CID005982,KA21AB1976,Truck
VH003591,CID005984,KA72AB8973,Bike
VH003592,CID005985,KA91AB9839,Auto
VH003593,CID005986,KA89AB8059,Bike
VH003594,CID005988,KA30AB4485,Car
VH003595,CID005989,KA10AB4880,Auto
VH003596,CID005991,KA49AB9931,Auto
VH003597,CID005992,KA13AB7284,Truck
VH003598,CID005993,KA60AB7753,Auto
VH003599,CID005995,KA85AB5293,Car
VH003600,CID005996,KA72AB4553,Bike
VH003601,CID005997,KA72AB2309,Truck
VH003602,CID005999,KA40AB3146,Auto
VH003603,CID006000,KA43AB6391,Truck
VH003604,CID006001,KA11AB9257,Bike
VH003605,CID006006,KA89AB5788,Bike
VH003606,CID006007,KA13AB8038,Car
VH003607,CID006008,KA36AB3965,Truck
VH003608,CID006013,KA94AB3815,Car
VH003609,CID006015,KA78AB8067,Truck
VH003610,CID006016,KA29AB4672,Bike
VH003611,CID006017,KA95AB5007,Car
VH003612,CID006018,KA68AB3569,Truck
VH003613,CID006019,KA11AB5266,Car
VH003614,CID006020,KA87AB4009,Car
VH003615,CID006022,KA37AB3768,Car
VH003616,CID006023,KA33AB3710,Bike
VH003617,CID006025,KA45AB9644,Truck
VH003618,CID006028,KA13AB3611,Truck
VH003619,CID006030,KA62AB6666,Auto
VH003620,CID006032,KA37AB6166,Auto
VH003621,CID006033,KA68AB6885,Truck
VH003622,CID006034,KA92AB4973,Truck
VH003623,CID006037,KA48AB5367,Bike
VH003624,CID006038,KA21AB6591,Auto
VH003625,CID006039,KA15AB8799,Bike
VH003626,CID006040,KA53AB9023,Auto
VH003627,CID006041,KA33AB2592,Car
VH003628,CID006046,KA88AB7762,Truck
VH003629,CID006048,KA68AB7991,Car
VH003630,CID006049,KA90AB2068,Bike
VH003631,CID006050,KA57AB7926,Truck
VH003632,CID006053,KA75AB9486,Car
VH003633,CID006055,KA35AB9265,Auto
VH003634,CID006056,KA38AB6138,Auto
VH003635,CID006057,KA58AB7853,Truck
VH003636,CID006059,KA42AB4453,Auto
VH003637,CID006060,KA41AB7787,Bike
VH003638,CID006061,KA80AB8402,Auto
VH003639,CID006062,KA74AB2162,Truck
VH003640,CID006063,KA27AB8593,Car
VH003641,CID006064,KA47AB7146,Auto
VH003642,CID006065,KA45AB2532,Truck
VH003643,CID006066,KA21AB6016,Bike
VH003644,CID006068,KA47AB7625,Truck
VH003645,CID006069,KA55AB4530,Auto
VH003646,CID006071,KA86AB5397,Car
VH003647,CID006072,KA36AB7244,Bike
VH003648,CID006073,KA07AB9450,Truck
VH003649,CID006074,KA33AB8109,Car
VH003650,CID006075,KA39AB9081,Car
VH003651,CID006080,KA40AB6702,Car
VH003652,CID006081,KA03AB9465,Auto
VH003653,CID006085,KA26AB6265,Auto
VH003654,CID006087,KA24AB4603,Truck
VH003655,CID006088,KA61AB3897,Truck
VH003656,CID006089,KA68AB6627,Truck
VH003657,CID006090,KA83AB4165,Bike
VH003658,CID006091,KA90AB7222,Car
VH003659,CID006094,KA79AB4982,Car
VH003660,CID006096,KA96AB7534,Auto
VH003661,CID006097,KA03AB8394,Truck
VH003662,CID006098,KA90AB3571,Car
VH003663,CID006100,KA42AB2714,Car
VH003664,CID006101,KA72AB7623,Car
VH003665,CID006102,KA52AB8622,Truck
VH003666,CID006104,KA31AB6536,Car
VH003667,CID006107,KA18AB1028,Car
VH003668,CID006109,KA53AB6902,Auto
VH003669,CID006111,KA20AB9560,Car
VH003670,CID006116,KA93AB9893,Bike
VH003671,CID006117,KA16AB9511,Car
VH003672,CID006119,KA61AB9115,Truck
VH003673,CID006121,KA22AB4411,Car
VH003674,CID006122,KA03AB7859,Auto
VH003675,CID006124,KA50AB1034,Car
VH003676,CID006125,KA03AB2835,Truck
VH003677,CID006126,KA98AB6289,Car
VH003678,CID006127,KA12AB1164,Auto
VH003679,CID006136,KA71AB5410,Auto
VH003680,CID006139,KA87AB5080,Truck
VH003681,CID006140,KA97AB6098,Car
VH003682,CID006142,KA70AB8503,Truck
VH003683,CID006146,KA36AB8173,Car
VH003684,CID006147,KA42AB4714,Auto
VH003685,CID006150,KA95AB5605,Truck
VH003686,CID006151,KA74AB7664,Auto
VH003687,CID006152,KA83AB4768,Auto
VH003688,CID006153,KA15AB7882,Auto
VH003689,CID006155,KA24AB1352,Car
VH003690,CID006157,KA66AB9115,Truck
VH003691,CID006158,KA51AB1749,Car
VH003692,CID006159,KA28AB7820,Auto
VH003693,CID006161,KA78AB5893,Auto
VH003694,CID006162,KA99AB7713,Bike
VH003695,CID006163,KA06AB3710,Truck
VH003696,CID006164,KA48AB8229,Truck
VH003697,CID006167,KA06AB9347,Bike
VH003698,CID006168,KA09AB2128,Truck
VH003699,CID006169,KA72AB4745,Bike
VH003700,CID006171,KA24AB4818,Truck
VH003701,CID006175,KA21AB9219,Truck
VH003702,CID006178,KA61AB6853,Truck
VH003703,CID006180,KA55AB9147,Auto
VH003704,CID006181,KA41AB6249,Auto
VH003705,CID006182,KA23AB3440,Car
VH003706,CID006184,KA29AB1443,Bike
VH003707,CID006185,KA47AB1434,Car
VH003708,CID006186,KA24AB9347,Car
VH003709,CID006187,KA79AB6996,Car
VH003710,CID006188,KA49AB2489,Auto
VH003711,CID006189,KA18AB9330,Auto
VH003712,CID006191,KA41AB8211,Bike
VH003713,CID006192,KA34AB3375,Auto
VH003714,CID006194,KA86AB2377,Car
VH003715,CID006196,KA29AB2108,Truck
VH003716,CID006199,KA35AB3942,Bike
VH003717,CID006203,KA86AB4255,Car
VH003718,CID006204,KA97AB2122,Auto
VH003719,CID006205,KA85AB8613,Auto
VH003720,CID006206,KA18AB8490,Truck
VH003721,CID006209,KA48AB9485,Bike
VH003722,CID006210,KA79AB6290,Car
VH003723,CID006211,KA20AB9220,Bike
VH003724,CID006212,KA94AB3923,Truck
VH003725,CID006213,KA81AB9404,Auto
VH003726,CID006214,KA76AB9665,Truck
VH003727,CID006215,KA95AB1287,Truck
VH003728,CID006216,KA21AB1852,Car
VH003729,CID006217,KA89AB7520,Bike
VH003730,CID006218,KA84AB7715,Car
VH003731,CID006219,KA43AB2522,Truck
VH003732,CID006220,KA81AB7186,Car
VH003733,CID006221,KA77AB9632,Truck
VH003734,CID006223,KA04AB6025,Truck
VH003735,CID006224,KA88AB8146,Bike
VH003736,CID006227,KA54AB6208,Car
VH003737,CID006228,KA75AB1916,Auto
VH003738,CID006229,KA76AB9625,Auto
VH003739,CID006234,KA53AB6399,Auto
VH003740,CID006235,KA23AB2048,Truck
VH003741,CID006236,KA53AB7374,Bike
VH003742,CID006237,KA95AB7135,Car
VH003743,CID006239,KA33AB7506,Car
VH003744,CID006242,KA09AB1572,Truck
VH003745,CID006243,KA09AB9576,Car
VH003746,CID006245,KA91AB7693,Bike
VH003747,CID006248,KA83AB8343,Truck
VH003748,CID006250,KA53AB4418,Bike
VH003749,CID006253,KA69AB9966,Bike
VH003750,CID006254,KA25AB8099,Bike
VH003751,CID006255,KA82AB7115,Car
VH003752,CID006256,KA83AB6134,Bike
VH003753,CID006259,KA12AB9971,Bike
VH003754,CID006260,KA19AB8233,Car
VH003755,CID006261,KA52AB6064,Auto
VH003756,CID006263,KA88AB3951,Car
VH003757,CID006266,KA23AB5204,Truck
VH003758,CID006271,KA30AB6344,Auto
VH003759,CID006273,KA58AB9634,Auto
VH003760,CID006276,KA28AB7028,Car
VH003761,CID006277,KA70AB1150,Car
VH003762,CID006279,KA11AB2023,Car
VH003763,CID006280,KA93AB7676,Car
VH003764,CID006282,KA30AB3092,Truck
VH003765,CID006283,KA93AB9211,Auto
VH003766,CID006284,KA51AB2632,Bike
VH003767,CID006285,KA12AB2256,Truck
VH003768,CID006286,KA74AB8382,Bike
VH003769,CID006287,KA84AB2902,Truck
VH003770,CID006290,KA35AB2987,Car
VH003771,CID006291,KA11AB5894,Bike
VH003772,CID006292,KA61AB8896,Car
VH003773,CID006293,KA67AB6635,Auto
VH003774,CID006296,KA87AB5088,Auto
VH003775,CID006297,KA81AB9665,Bike
VH003776,CID006301,KA35AB2737,Auto
VH003777,CID006302,KA66AB4292,Bike
VH003778,CID006304,KA59AB7179,Auto
VH003779,CID006305,KA74AB7154,Truck
VH003780,CID006306,KA28AB7370,Truck
VH003781,CID006307,KA40AB7831,Auto
VH003782,CID006308,KA75AB1759,Truck
VH003783,CID006309,KA06AB8812,Truck
VH003784,CID006312,KA67AB3860,Bike
VH003785,CID006313,KA20AB4414,Car
VH003786,CID006314,KA90AB4793,Auto
VH003787,CID006315,KA55AB3018,Car
VH003788,CID006316,KA07AB2462,Car
VH003789,CID006318,KA65AB2717,Bike
VH003790,CID006320,KA91AB1329,Car
VH003791,CID006323,KA09AB8733,Auto
VH003792,CID006324,KA94AB2796,Truck
VH003793,CID006327,KA06AB4159,Car
VH003794,CID006328,KA04AB9541,Bike
VH003795,CID006331,KA02AB1589,Auto
VH003796,CID006332,KA36AB9691,Truck
VH003797,CID006333,KA81AB6136,Car
VH003798,CID006334,KA81AB3881,Auto
VH003799,CID006336,KA19AB2724,Bike
VH003800,CID006337,KA99AB8687,Truck
VH003801,CID006338,KA56AB1945,Car
VH003802,CID006339,KA31AB2195,Auto
VH003803,CID006340,KA43AB9747,Auto
VH003804,CID006342,KA34AB2567,Truck
VH003805,CID006343,KA89AB2287,Bike
VH003806,CID006345,KA14AB3274,Auto
VH003807,CID006348,KA71AB9553,Truck
VH003808,CID006350,KA81AB5608,Truck
VH003809,CID006356,KA80AB1979,Car
VH003810,CID006358,KA63AB3398,Car
VH003811,CID006359,KA72AB3156,Car
VH003812,CID006360,KA53AB9682,Bike
VH003813,CID006364,KA32AB4545,Truck
VH003814,CID006366,KA68AB9534,Auto
VH003815,CID006368,KA17AB1939,Auto
VH003816,CID006369,KA88AB5680,Truck
VH003817,CID006373,KA36AB1072,Car
VH003818,CID006374,KA60AB5800,Bike
VH003819,CID006375,KA44AB2050,Truck
VH003820,CID006379,KA96AB1179,Truck
VH003821,CID006381,KA49AB7155,Auto
VH003822,CID006382,KA59AB4428,Auto
VH003823,CID006386,KA45AB8484,Auto
VH003824,CID006388,KA68AB1678,Bike
VH003825,CID006389,KA20AB3297,Bike
VH003826,CID006390,KA25AB7741,Car
VH003827,CID006391,KA59AB4026,Truck
VH003828,CID006394,KA81AB3653,Auto
VH003829,CID006395,KA19AB3235,Bike
VH003830,CID006396,KA15AB3204,Bike
VH003831,CID006398,KA72AB5786,Bike
VH003832,CID006399,KA49AB1970,Bike
VH003833,CID006400,KA02AB7795,Car
VH003834,CID006401,KA49AB4297,Bike
VH003835,CID006402,KA26AB8890,Auto
VH003836,CID006403,KA40AB4760,Bike
VH003837,CID006404,KA14AB7035,Bike
VH003838,CID006406,KA03AB5652,Truck
VH003839,CID006407,KA66AB9255,Car
VH003840,CID006409,KA17AB3652,Car
VH003841,CID006411,KA51AB8106,Truck
VH003842,CID006412,KA98AB9193,Auto
VH003843,CID006413,KA50AB7829,Auto
VH003844,CID006414,KA77AB5239,Auto
VH003845,CID006415,KA33AB7471,Bike
VH003846,CID006416,KA74AB8150,Truck
VH003847,CID006417,KA30AB7492,Truck
VH003848,CID006418,KA72AB8953,Bike
VH003849,CID006421,KA86AB5378,Car
VH003850,CID006426,KA94AB3809,Car
VH003851,CID006427,KA28AB4150,Car
VH003852,CID006428,KA55AB5574,Car
VH003853,CID006429,KA34AB6374,Auto
VH003854,CID006430,KA10AB9671,Bike
VH003855,CID006431,KA86AB6293,Car
VH003856,CID006432,KA26AB5393,Auto
VH003857,CID006434,KA89AB3842,Truck
VH003858,CID006435,KA33AB4200,Truck
VH003859,CID006436,KA32AB7050,Truck
VH003860,CID006438,KA96AB3293,Auto
VH003861,CID006439,KA46AB3039,Car
VH003862,CID006440,KA60AB8387,Truck
VH003863,CID006441,KA42AB4516,Car
VH003864,CID006444,KA50AB5895,Truck
VH003865,CID006446,KA25AB2231,Car
VH003866,CID006450,KA07AB8979,Auto
VH003867,CID006451,KA27AB3369,Bike
VH003868,CID006453,KA81AB6735,Bike
VH003869,CID006456,KA71AB1489,Truck
VH003870,CID006460,KA75AB5852,Auto
VH003871,CID006462,KA12AB1850,Bike
VH003872,CID006464,KA75AB2228,Truck
VH003873,CID006465,KA42AB2639,Auto
VH003874,CID006470,KA02AB3673,Car
VH003875,CID006472,KA67AB4678,Bike
VH003876,CID006473,KA04AB5535,Auto
VH003877,CID006474,KA71AB4793,Auto
VH003878,CID006475,KA89AB2001,Truck
VH003879,CID006477,KA14AB7944,Truck
VH003880,CID006478,KA68AB7717,Truck
VH003881,CID006479,KA95AB9686,Truck
VH003882,CID006480,KA76AB2551,Car
VH003883,CID006481,KA02AB2332,Bike
VH003884,CID006483,KA73AB5789,Bike
VH003885,CID006486,KA23AB6704,Truck
VH003886,CID006488,KA15AB2325,Car
VH003887,CID006489,KA39AB6163,Auto
VH003888,CID006491,KA01AB5891,Truck
VH003889,CID006492,KA67AB6370,Truck
VH003890,CID006494,KA29AB5133,Car
VH003891,CID006495,KA52AB4138,Car
VH003892,CID006496,KA11AB3187,Car
VH003893,CID006497,KA79AB1995,Bike
VH003894,CID006498,KA41AB3724,Bike
VH003895,CID006499,KA04AB8532,Bike
VH003896,CID006500,KA60AB9922,Bike
VH003897,CID006501,KA69AB5389,Truck
VH003898,CID006502,KA91AB3882,Truck
VH003899,CID006503,KA89AB5286,Truck
VH003900,CID006506,KA17AB8804,Truck
VH003901,CID006510,KA36AB6980,Bike
VH003902,CID006511,KA25AB9501,Car
VH003903,CID006512,KA80AB8060,Bike
VH003904,CID006513,KA16AB7452,Auto
VH003905,CID006516,KA92AB7922,Car
VH003906,CID006518,KA74AB3283,Truck
VH003907,CID006520,KA98AB6403,Car
VH003908,CID006521,KA09AB9699,Auto
VH003909,CID006523,KA54AB5800,Auto
VH003910,CID006526,KA91AB4368,Car
VH003911,CID006530,KA72AB5823,Car
VH003912,CID006534,KA78AB4572,Truck
VH003913,CID006535,KA55AB4798,Car
VH003914,CID006537,KA64AB3427,Bike
VH003915,CID006541,KA75AB6254,Car
VH003916,CID006543,KA12AB5575,Car
VH003917,CID006545,KA82AB4955,Bike
VH003918,CID006548,KA79AB5712,Truck
VH003919,CID006549,KA14AB8618,Bike
VH003920,CID006550,KA70AB9705,Car
VH003921,CID006551,KA93AB5694,Auto
VH003922,CID006555,KA55AB4252,Bike
VH003923,CID006556,KA43AB9033,Auto
VH003924,CID006559,KA16AB3824,Truck
VH003925,CID006563,KA01AB3193,Car
VH003926,CID006564,KA70AB2389,Truck
VH003927,CID006568,KA32AB7080,Car
VH003928,CID006570,KA44AB9475,Truck
VH003929,CID006571,KA30AB1618,Truck
VH003930,CID006574,KA95AB8118,Car
VH003931,CID006575,KA45AB7292,Auto
VH003932,CID006578,KA96AB8641,Auto
VH003933,CID006580,KA63AB9150,Car
VH003934,CID006585,KA56AB4954,Bike
VH003935,CID006586,KA70AB5314,Auto
VH003936,CID006587,KA63AB4986,Auto
VH003937,CID006588,KA67AB7686,Car
VH003938,CID006589,KA63AB2655,Auto
VH003939,CID006592,KA59AB3290,Car
VH003940,CID006593,KA22AB3978,Truck
VH003941,CID006595,KA68AB3564,Car
VH003942,CID006596,KA87AB9160,Bike
VH003943,CID006597,KA65AB2319,Auto
VH003944,CID006599,KA78AB9604,Auto
VH003945,CID006600,KA70AB7525,Truck
VH003946,CID006604,KA73AB6107,Bike
VH003947,CID006605,KA66AB1786,Truck
VH003948,CID006606,KA04AB5351,Auto
VH003949,CID006607,KA29AB4927,Auto
VH003950,CID006609,KA62AB6437,Car
VH003951,CID006612,KA19AB6274,Bike
VH003952,CID006613,KA50AB3736,Truck
VH003953,CID006614,KA20AB1648,Auto
VH003954,CID006618,KA17AB3010,Car
VH003955,CID006619,KA50AB4395,Truck
VH003956,CID006620,KA36AB3614,Truck
VH003957,CID006621,KA73AB3007,Bike
VH003958,CID006622,KA19AB6727,Bike
VH003959,CID006625,KA58AB1683,Auto
VH003960,CID006626,KA43AB6555,Auto
VH003961,CID006627,KA40AB8803,Car
VH003962,CID006628,KA86AB7565,Car
VH003963,CID006631,KA85AB6058,Auto
VH003964,CID006633,KA18AB2011,Truck
VH003965,CID006636,KA97AB8687,Bike
VH003966,CID006637,KA84AB9145,Truck
VH003967,CID006638,KA48AB5549,Car
VH003968,CID006642,KA99AB7070,Car
VH003969,CID006643,KA94AB7602,Car
VH003970,CID006644,KA67AB3520,Truck
VH003971,CID006645,KA93AB3559,Auto
VH003972,CID006646,KA71AB7645,Bike
VH003973,CID006647,KA11AB3050,Bike
VH003974,CID006655,KA57AB5205,Bike
VH003975,CID006657,KA82AB8205,Truck
VH003976,CID006662,KA54AB6620,Car
VH003977,CID006663,KA24AB3286,Truck
VH003978,CID006664,KA42AB8151,Car
VH003979,CID006666,KA10AB1496,Truck
VH003980,CID006667,KA97AB7406,Bike
VH003981,CID006668,KA60AB2105,Auto
VH003982,CID006671,KA30AB5544,Bike
VH003983,CID006673,KA91AB2084,Auto
VH003984,CID006675,KA23AB3788,Bike
VH003985,CID006676,KA71AB6461,Auto
VH003986,CID006677,KA97AB3746,Car
VH003987,CID006678,KA25AB3084,Car
VH003988,CID006679,KA35AB7820,Auto
VH003989,CID006680,KA01AB6289,Bike
VH003990,CID006685,KA96AB3814,Auto
VH003991,CID006686,KA88AB2599,Truck
VH003992,CID006688,KA04AB3584,Truck
VH003993,CID006689,KA37AB8986,Car
VH003994,CID006691,KA81AB8251,Car
VH003995,CID006692,KA20AB3884,Truck
VH003996,CID006693,KA91AB1558,Auto
VH003997,CID006694,KA10AB7643,Bike
VH003998,CID006696,KA97AB8739,Car
VH003999,CID006699,KA98AB7312,Auto
VH004000,CID006700,KA63AB4005,Auto
VH004001,CID006701,KA35AB7001,Auto
VH004002,CID006702,KA70AB3384,Car
VH004003,CID006705,KA27AB8459,Bike
VH004004,CID006706,KA92AB9636,Car
VH004005,CID006707,KA61AB8273,Bike
VH004006,CID006709,KA06AB9385,Auto
VH004007,CID006711,KA62AB9653,Car
VH004008,CID006712,KA51AB4086,Auto
VH004009,CID006713,KA99AB2105,Auto
VH004010,CID006714,KA01AB6421,Bike
VH004011,CID006716,KA89AB7830,Car
VH004012,CID006718,KA70AB6481,Car
VH004013,CID006720,KA74AB1060,Car
VH004014,CID006722,KA11AB2229,Bike
VH004015,CID006723,KA41AB4572,Bike
VH004016,CID006724,KA18AB7336,Bike
VH004017,CID006725,KA48AB1162,Car
VH004018,CID006728,KA38AB7421,Car
VH004019,CID006729,KA41AB2432,Bike
VH004020,CID006730,KA20AB6431,Car
VH004021,CID006731,KA83AB4608,Auto
VH004022,CID006732,KA46AB4724,Car
VH004023,CID006733,KA52AB3173,Bike
VH004024,CID006735,KA44AB3863,Truck
VH004025,CID006737,KA75AB2787,Auto
VH004026,CID006738,KA84AB3855,Bike
VH004027,CID006739,KA10AB3071,Bike
VH004028,CID006740,KA41AB2807,Car
VH004029,CID006742,KA47AB6621,Car
VH004030,CID006743,KA85AB1839,Truck
VH004031,CID006744,KA50AB1416,Auto
VH004032,CID006745,KA09AB3220,Car
VH004033,CID006746,KA13AB5933,Bike
VH004034,CID006751,KA23AB9137,Bike
VH004035,CID006752,KA08AB4237,Truck
VH004036,CID006754,KA92AB4296,Truck
VH004037,CID006755,KA76AB5420,Bike
VH004038,CID006757,KA30AB6561,Auto
VH004039,CID006758,KA78AB9271,Auto
VH004040,CID006759,KA60AB3015,Truck
VH004041,CID006760,KA01AB5950,Truck
VH004042,CID006763,KA89AB9136,Car
VH004043,CID006764,KA91AB2666,Auto
VH004044,CID006766,KA08AB5214,Truck
VH004045,CID006767,KA46AB6205,Truck
VH004046,CID006769,KA40AB2885,Truck
VH004047,CID006771,KA42AB1627,Auto
VH004048,CID006772,KA31AB5084,Auto
VH004049,CID006773,KA44AB2220,Bike
VH004050,CID006775,KA13AB6524,Car
VH004051,CID006776,KA18AB9508,Bike
VH004052,CID006778,KA25AB9570,Car
VH004053,CID006781,KA65AB6458,Car
VH004054,CID006783,KA33AB3774,Car
VH004055,CID006786,KA46AB8250,Car
VH004056,CID006788,KA67AB1708,Car
VH004057,CID006790,KA43AB1147,Car
VH004058,CID006791,KA14AB5410,Truck
VH004059,CID006793,KA73AB5850,Car
VH004060,CID006794,KA22AB4065,Auto
VH004061,CID006797,KA18AB5559,Truck
VH004062,CID006798,KA05AB7675,Auto
VH004063,CID006802,KA53AB6595,Truck
VH004064,CID006804,KA01AB2233,Auto
VH004065,CID006805,KA08AB2144,Bike
VH004066,CID006806,KA56AB7644,Auto
VH004067,CID006810,KA87AB1280,Bike
VH004068,CID006812,KA39AB9655,Truck
VH004069,CID006817,KA52AB3251,Car
VH004070,CID006820,KA42AB9862,Car
VH004071,CID006822,KA78AB3314,Bike
VH004072,CID006823,KA34AB6461,Car
VH004073,CID006824,KA64AB1487,Car
VH004074,CID006825,KA54AB3849,Bike
VH004075,CID006828,KA51AB8384,Car
VH004076,CID006833,KA60AB6447,Truck
VH004077,CID006836,KA57AB7465,Truck
VH004078,CID006837,KA12AB3859,Truck
VH004079,CID006838,KA80AB4790,Truck
VH004080,CID006839,KA55AB2076,Car
VH004081,CID006840,KA33AB9832,Truck
VH004082,CID006841,KA20AB1885,Bike
VH004083,CID006843,KA37AB7287,Auto
VH004084,CID006844,KA34AB4810,Car
VH004085,CID006845,KA80AB8531,Auto
VH004086,CID006846,KA98AB6765,Auto
VH004087,CID006848,KA75AB2441,Car
VH004088,CID006851,KA89AB4037,Car
VH004089,CID006855,KA20AB3836,Auto
VH004090,CID006856,KA25AB7760,Bike
VH004091,CID006857,KA59AB5213,Truck
VH004092,CID006858,KA63AB1655,Truck
VH004093,CID006861,KA98AB1917,Auto
VH004094,CID006862,KA75AB4398,Car
VH004095,CID006863,KA37AB6691,Bike
VH004096,CID006865,KA39AB9585,Truck
VH004097,CID006866,KA67AB8986,Truck
VH004098,CID006867,KA96AB1633,Car
VH004099,CID006870,KA47AB5725,Truck
VH004100,CID006872,KA24AB9781,Bike
VH004101,CID006874,KA29AB4903,Truck
VH004102,CID006875,KA12AB4829,Auto
VH004103,CID006877,KA96AB7037,Car
VH004104,CID006878,KA64AB6028,Truck
VH004105,CID006880,KA98AB4543,Bike
VH004106,CID006886,KA10AB9000,Truck
VH004107,CID006887,KA47AB9011,Auto
VH004108,CID006888,KA40AB5959,Car
VH004109,CID006889,KA55AB5333,Auto
VH004110,CID006893,KA66AB9863,Auto
VH004111,CID006895,KA11AB2597,Bike
VH004112,CID006896,KA39AB6312,Auto
VH004113,CID006897,KA43AB3108,Bike
VH004114,CID006898,KA28AB1734,Auto
VH004115,CID006899,KA22AB7800,Auto
VH004116,CID006900,KA15AB8353,Car
VH004117,CID006901,KA90AB2293,Car
VH004118,CID006902,KA02AB8467,Bike
VH004119,CID006904,KA84AB7696,Car
VH004120,CID006907,KA58AB1915,Auto
VH004121,CID006908,KA13AB9387,Car
VH004122,CID006910,KA50AB3740,Bike
VH004123,CID006911,KA10AB2300,Auto
VH004124,CID006913,KA06AB3647,Auto
VH004125,CID006916,KA05AB3278,Auto
VH004126,CID006918,KA49AB7112,Truck
VH004127,CID006919,KA42AB9721,Auto
VH004128,CID006922,KA57AB4781,Auto
VH004129,CID006928,KA20AB2150,Auto
VH004130,CID006929,KA46AB1837,Truck
VH004131,CID006930,KA68AB9931,Car
VH004132,CID006931,KA96AB9100,Car
VH004133,CID006932,KA57AB2040,Truck
VH004134,CID006936,KA04AB9597,Bike
VH004135,CID006937,KA48AB6132,Bike
VH004136,CID006938,KA36AB5750,Auto
VH004137,CID006939,KA05AB1453,Truck
VH004138,CID006941,KA76AB5218,Truck
VH004139,CID006942,KA06AB5423,Car
VH004140,CID006943,KA78AB1937,Truck
VH004141,CID006944,KA38AB2340,Bike
VH004142,CID006945,KA19AB6231,Auto
VH004143,CID006949,KA04AB6602,Bike
VH004144,CID006950,KA32AB2936,Truck
VH004145,CID006953,KA33AB5170,Bike
VH004146,CID006954,KA21AB6371,Truck
VH004147,CID006957,KA85AB1617,Truck
VH004148,CID006958,KA99AB8576,Bike
VH004149,CID006959,KA22AB4980,Auto
VH004150,CID006960,KA92AB3907,Bike
VH004151,CID006961,KA50AB9706,Bike
VH004152,CID006962,KA73AB3038,Truck
VH004153,CID006964,KA23AB5706,Car
VH004154,CID006965,KA10AB8337,Car
VH004155,CID006966,KA21AB2780,Truck
VH004156,CID006968,KA50AB4221,Truck
VH004157,CID006969,KA45AB1493,Auto
VH004158,CID006971,KA79AB3888,Car
VH004159,CID006973,KA17AB7664,Auto
VH004160,CID006974,KA18AB5344,Car
VH004161,CID006975,KA46AB1387,Truck
VH004162,CID006977,KA99AB5588,Auto
VH004163,CID006979,KA45AB4785,Truck
VH004164,CID006981,KA37AB7743,Car
VH004165,CID006982,KA56AB3109,Bike
VH004166,CID006983,KA32AB8418,Auto
VH004167,CID006989,KA45AB6599,Truck
VH004168,CID006990,KA36AB2762,Truck
VH004169,CID006992,KA75AB2148,Car
VH004170,CID006993,KA84AB7428,Truck
VH004171,CID006994,KA62AB4713,Bike
VH004172,CID006996,KA14AB4471,Truck
VH004173,CID006997,KA43AB6068,Car
VH004174,CID006998,KA02AB4357,Car
VH004175,CID007000,KA36AB8683,Bike
VH004176,CID007001,KA12AB2045,Car
VH004177,CID007005,KA54AB7958,Bike
VH004178,CID007010,KA22AB2973,Car
VH004179,CID007013,KA36AB9748,Bike
VH004180,CID007014,KA71AB4651,Truck
VH004181,CID007015,KA99AB5020,Truck
VH004182,CID007016,KA82AB1686,Truck
VH004183,CID007017,KA36AB4692,Auto
VH004184,CID007018,KA07AB7032,Truck
VH004185,CID007019,KA69AB9829,Truck
VH004186,CID007022,KA67AB4218,Car
VH004187,CID007027,KA86AB6920,Auto
VH004188,CID007028,KA97AB6911,Car
VH004189,CID007030,KA80AB8381,Bike
VH004190,CID007031,KA81AB8190,Bike
VH004191,CID007032,KA64AB8475,Auto
VH004192,CID007034,KA02AB8042,Auto
VH004193,CID007035,KA51AB4414,Bike
VH004194,CID007036,KA72AB2226,Car
VH004195,CID007037,KA51AB5816,Car
VH004196,CID007038,KA93AB5678,Truck
VH004197,CID007039,KA21AB9578,Truck
VH004198,CID007041,KA67AB7084,Truck
VH004199,CID007044,KA80AB9106,Bike
VH004200,CID007047,KA69AB7590,Truck
VH004201,CID007049,KA89AB4505,Truck
VH004202,CID007051,KA66AB3951,Car
VH004203,CID007052,KA01AB4935,Bike
VH004204,CID007053,KA41AB4533,Truck
VH004205,CID007055,KA05AB6638,Bike
VH004206,CID007061,KA83AB4381,Bike
VH004207,CID007062,KA15AB7479,Car
VH004208,CID007064,KA79AB3287,Auto
VH004209,CID007065,KA75AB9418,Truck
VH004210,CID007066,KA69AB7280,Bike
VH004211,CID007068,KA65AB4708,Truck
VH004212,CID007069,KA69AB4845,Car
VH004213,CID007071,KA01AB6905,Bike
VH004214,CID007076,KA64AB2928,Car
VH004215,CID007077,KA38AB3366,Auto
VH004216,CID007078,KA79AB2229,Truck
VH004217,CID007079,KA44AB2082,Car
VH004218,CID007081,KA36AB8074,Truck
VH004219,CID007083,KA86AB1593,Truck
VH004220,CID007086,KA26AB7513,Truck
VH004221,CID007087,KA95AB4871,Auto
VH004222,CID007088,KA13AB7923,Car
VH004223,CID007090,KA13AB4881,Truck
VH004224,CID007091,KA90AB6313,Bike
VH004225,CID007092,KA88AB2469,Auto
VH004226,CID007094,KA96AB9937,Truck
VH004227,CID007095,KA86AB8757,Bike
VH004228,CID007096,KA42AB1606,Auto
VH004229,CID007097,KA39AB5805,Bike
VH004230,CID007101,KA34AB7404,Bike
VH004231,CID007102,KA18AB2332,Truck
VH004232,CID007103,KA69AB1495,Truck
VH004233,CID007104,KA94AB9397,Truck
VH004234,CID007108,KA43AB2651,Bike
VH004235,CID007111,KA17AB8631,Auto
VH004236,CID007112,KA78AB9620,Car
VH004237,CID007116,KA16AB6550,Bike
VH004238,CID007117,KA94AB7350,Bike
VH004239,CID007123,KA36AB9914,Truck
VH004240,CID007124,KA29AB1587,Car
VH004241,CID007125,KA38AB6515,Auto
VH004242,CID007126,KA34AB9421,Car
VH004243,CID007128,KA74AB3851,Auto
VH004244,CID007130,KA66AB4296,Car
VH004245,CID007132,KA92AB5068,Car
VH004246,CID007133,KA60AB5095,Bike
VH004247,CID007134,KA90AB2518,Bike
VH004248,CID007135,KA13AB6223,Truck
VH004249,CID007137,KA94AB5942,Car
VH004250,CID007139,KA66AB6576,Bike
VH004251,CID007140,KA57AB3033,Car
VH004252,CID007141,KA17AB8623,Auto
VH004253,CID007142,KA93AB3108,Truck
VH004254,CID007146,KA73AB2930,Car
VH004255,CID007149,KA16AB6207,Auto
VH004256,CID007151,KA98AB9962,Auto
VH004257,CID007152,KA34AB9660,Truck
VH004258,CID007153,KA26AB8460,Bike
VH004259,CID007154,KA03AB1010,Car
VH004260,CID007155,KA84AB2062,Car
VH004261,CID007156,KA64AB4278,Car
VH004262,CID007157,KA20AB3489,Truck
VH004263,CID007159,KA37AB2898,Truck
VH004264,CID007161,KA32AB1984,Bike
VH004265,CID007162,KA21AB8486,Car
VH004266,CID007164,KA56AB2683,Bike
VH004267,CID007165,KA14AB4598,Bike
VH004268,CID007166,KA43AB6990,Car
VH004269,CID007169,KA20AB4997,Car
VH004270,CID007172,KA16AB9299,Bike
VH004271,CID007173,KA98AB6874,Car
VH004272,CID007176,KA87AB9383,Auto
VH004273,CID007177,KA32AB5521,Auto
VH004274,CID007178,KA43AB3683,Truck
VH004275,CID007179,KA38AB3907,Car
VH004276,CID007181,KA33AB4006,Truck
VH004277,CID007182,KA87AB9006,Bike
VH004278,CID007183,KA05AB5813,Auto
VH004279,CID007184,KA40AB4078,Car
VH004280,CID007187,KA26AB8098,Truck
VH004281,CID007189,KA19AB8368,Truck
VH004282,CID007190,KA65AB6372,Truck
VH004283,CID007192,KA51AB4295,Truck
VH004284,CID007193,KA55AB2097,Bike
VH004285,CID007195,KA05AB7550,Auto
VH004286,CID007196,KA81AB9075,Car
VH004287,CID007197,KA45AB4811,Truck
VH004288,CID007200,KA68AB3186,Car
VH004289,CID007203,KA89AB7556,Auto
VH004290,CID007205,KA75AB9924,Car
VH004291,CID007206,KA83AB2554,Car
VH004292,CID007207,KA38AB6894,Truck
VH004293,CID007208,KA88AB2935,Bike
VH004294,CID007213,KA66AB3864,Car
VH004295,CID007214,KA06AB3721,Truck
VH004296,CID007217,KA14AB9297,Bike
VH004297,CID007218,KA47AB2282,Truck
VH004298,CID007220,KA21AB9991,Truck
VH004299,CID007221,KA56AB5347,Car
VH004300,CID007227,KA49AB3566,Car
VH004301,CID007229,KA93AB8969,Auto
VH004302,CID007230,KA50AB2616,Truck
VH004303,CID007232,KA88AB7482,Truck
VH004304,CID007238,KA30AB4726,Auto
VH004305,CID007239,KA14AB2705,Bike
VH004306,CID007240,KA69AB2898,Car
VH004307,CID007242,KA01AB9431,Bike
VH004308,CID007244,KA14AB3742,Car
VH004309,CID007246,KA28AB5670,Car
VH004310,CID007247,KA21AB6846,Truck
VH004311,CID007248,KA91AB7987,Truck
VH004312,CID007249,KA53AB8008,Car
VH004313,CID007250,KA91AB4552,Auto
VH004314,CID007251,KA46AB2197,Auto
VH004315,CID007252,KA57AB4141,Truck
VH004316,CID007254,KA95AB4581,Auto
VH004317,CID007255,KA07AB5179,Bike
VH004318,CID007256,KA49AB9558,Bike
VH004319,CID007257,KA78AB2777,Car
VH004320,CID007258,KA56AB9671,Bike
VH004321,CID007259,KA44AB1144,Auto
VH004322,CID007260,KA84AB8117,Truck
VH004323,CID007263,KA75AB2687,Truck
VH004324,CID007265,KA70AB1427,Bike
VH004325,CID007269,KA24AB8316,Auto
VH004326,CID007271,KA39AB7342,Auto
VH004327,CID007272,KA32AB4553,Truck
VH004328,CID007273,KA98AB2691,Auto
VH004329,CID007274,KA97AB6989,Bike
VH004330,CID007279,KA62AB2761,Auto
VH004331,CID007280,KA97AB7584,Car
VH004332,CID007281,KA02AB1754,Bike
VH004333,CID007282,KA47AB7386,Bike
VH004334,CID007283,KA56AB1920,Truck
VH004335,CID007284,KA33AB4750,Auto
VH004336,CID007285,KA71AB1364,Auto
VH004337,CID007287,KA45AB4699,Auto
VH004338,CID007289,KA25AB6190,Auto
VH004339,CID007291,KA81AB7944,Auto
VH004340,CID007292,KA49AB1706,Bike
VH004341,CID007293,KA48AB6690,Truck
VH004342,CID007294,KA57AB5224,Truck
VH004343,CID007296,KA60AB8956,Truck
VH004344,CID007297,KA33AB2063,Truck
VH004345,CID007300,KA84AB1769,Bike
VH004346,CID007301,KA55AB9455,Car
VH004347,CID007302,KA62AB8756,Truck
VH004348,CID007304,KA33AB6584,Bike
VH004349,CID007307,KA92AB1028,Truck
VH004350,CID007308,KA68AB2849,Car
VH004351,CID007310,KA64AB3006,Bike
VH004352,CID007311,KA31AB4575,Bike
VH004353,CID007312,KA37AB3649,Auto
VH004354,CID007313,KA44AB8274,Bike
VH004355,CID007314,KA45AB2276,Car
VH004356,CID007316,KA55AB8889,Car
VH004357,CID007319,KA91AB2515,Bike
VH004358,CID007321,KA06AB7939,Bike
VH004359,CID007322,KA59AB2549,Auto
VH004360,CID007324,KA68AB4397,Bike
VH004361,CID007327,KA94AB6866,Truck
VH004362,CID007328,KA37AB4134,Truck
VH004363,CID007329,KA44AB1425,Auto
VH004364,CID007330,KA64AB1223,Car
VH004365,CID007331,KA96AB4735,Bike
VH004366,CID007332,KA49AB7814,Car
VH004367,CID007333,KA90AB5473,Auto
VH004368,CID007335,KA41AB5845,Truck
VH004369,CID007336,KA19AB1074,Truck
VH004370,CID007338,KA06AB2543,Truck
VH004371,CID007339,KA02AB7454,Bike
VH004372,CID007340,KA43AB5775,Bike
VH004373,CID007342,KA60AB8119,Truck
VH004374,CID007344,KA20AB4304,Truck
VH004375,CID007346,KA93AB6086,Bike
VH004376,CID007347,KA06AB2786,Car
VH004377,CID007348,KA84AB4299,Car
VH004378,CID007352,KA93AB3652,Car
VH004379,CID007353,KA92AB2321,Bike
VH004380,CID007354,KA89AB2802,Bike
VH004381,CID007355,KA57AB3047,Car
VH004382,CID007356,KA81AB4106,Bike
VH004383,CID007358,KA88AB1432,Truck
VH004384,CID007361,KA85AB4406,Car
VH004385,CID007363,KA65AB3879,Auto
VH004386,CID007366,KA49AB8073,Auto
VH004387,CID007368,KA71AB3090,Auto
VH004388,CID007369,KA80AB8000,Bike
VH004389,CID007371,KA39AB6774,Car
VH004390,CID007373,KA31AB6957,Truck
VH004391,CID007374,KA58AB9527,Bike
VH004392,CID007375,KA55AB3706,Truck
VH004393,CID007376,KA22AB6293,Car
VH004394,CID007377,KA32AB1045,Bike
VH004395,CID007379,KA99AB7028,Auto
VH004396,CID007380,KA29AB4243,Auto
VH004397,CID007381,KA13AB8118,Bike
VH004398,CID007382,KA75AB5264,Auto
VH004399,CID007383,KA01AB9145,Bike
VH004400,CID007385,KA05AB6685,Car
VH004401,CID007387,KA03AB4972,Auto
VH004402,CID007391,KA82AB8639,Car
VH004403,CID007393,KA24AB5884,Car
VH004404,CID007394,KA61AB5870,Bike
VH004405,CID007395,KA61AB1505,Truck
VH004406,CID007397,KA98AB5347,Truck
VH004407,CID007398,KA48AB7704,Truck
VH004408,CID007400,KA48AB9117,Truck
VH004409,CID007401,KA97AB1741,Bike
VH004410,CID007406,KA04AB1525,Auto
VH004411,CID007407,KA04AB5956,Car
VH004412,CID007408,KA19AB5372,Truck
VH004413,CID007409,KA30AB5057,Bike
VH004414,CID007410,KA69AB1766,Car
VH004415,CID007411,KA96AB8491,Auto
VH004416,CID007415,KA07AB7203,Bike
VH004417,CID007416,KA38AB4351,Auto
VH004418,CID007417,KA80AB5259,Bike
VH004419,CID007418,KA52AB8936,Bike
VH004420,CID007419,KA81AB3393,Truck
VH004421,CID007421,KA69AB9129,Bike
VH004422,CID007422,KA96AB4267,Bike
VH004423,CID007423,KA02AB5826,Truck
VH004424,CID007424,KA68AB8411,Truck
VH004425,CID007429,KA69AB3848,Auto
VH004426,CID007431,KA19AB9787,Bike
VH004427,CID007432,KA05AB9379,Car
VH004428,CID007433,KA64AB1041,Car
VH004429,CID007435,KA56AB8357,Bike
VH004430,CID007436,KA91AB5827,Car
VH004431,CID007437,KA06AB5014,Truck
VH004432,CID007438,KA90AB3900,Bike
VH004433,CID007440,KA53AB3552,Bike
VH004434,CID007441,KA54AB7066,Truck
VH004435,CID007442,KA67AB3644,Auto
VH004436,CID007443,KA79AB2450,Truck
VH004437,CID007444,KA33AB9308,Truck
VH004438,CID007445,KA24AB9660,Truck
VH004439,CID007446,KA94AB1978,Bike
VH004440,CID007447,KA67AB9655,Truck
VH004441,CID007449,KA32AB6599,Car
VH004442,CID007451,KA74AB6768,Bike
VH004443,CID007457,KA63AB8072,Car
VH004444,CID007458,KA53AB8481,Truck
VH004445,CID007459,KA95AB6292,Bike
VH004446,CID007460,KA80AB3939,Auto
VH004447,CID007461,KA77AB9118,Car
VH004448,CID007462,KA87AB6274,Bike
VH004449,CID007464,KA52AB7819,Truck
VH004450,CID007466,KA25AB8058,Car
VH004451,CID007467,KA35AB2457,Truck
VH004452,CID007468,KA92AB7313,Truck
VH004453,CID007469,KA06AB7962,Car
VH004454,CID007470,KA04AB4535,Car
VH004455,CID007471,KA58AB9976,Bike
VH004456,CID007476,KA41AB1455,Auto
VH004457,CID007477,KA06AB5622,Auto
VH004458,CID007478,KA92AB6633,Truck
VH004459,CID007479,KA68AB1066,Car
VH004460,CID007481,KA29AB3693,Truck
VH004461,CID007483,KA50AB3229,Auto
VH004462,CID007485,KA20AB1252,Truck
VH004463,CID007486,KA40AB9752,Auto
VH004464,CID007487,KA51AB5188,Bike
VH004465,CID007488,KA66AB6790,Truck
VH004466,CID007489,KA44AB9873,Bike
VH004467,CID007491,KA05AB5177,Auto
VH004468,CID007493,KA57AB9186,Car
VH004469,CID007494,KA90AB1084,Truck
VH004470,CID007495,KA48AB4876,Auto
VH004471,CID007497,KA19AB2323,Auto
VH004472,CID007499,KA45AB6803,Truck
VH004473,CID007500,KA40AB9850,Car
VH004474,CID007502,KA39AB3755,Bike
VH004475,CID007503,KA38AB6277,Auto
VH004476,CID007504,KA63AB9839,Bike
VH004477,CID007505,KA67AB1610,Bike
VH004478,CID007507,KA92AB5488,Bike
VH004479,CID007508,KA73AB7785,Auto
VH004480,CID007509,KA03AB7574,Car
VH004481,CID007510,KA19AB5031,Truck
VH004482,CID007511,KA46AB1463,Auto
VH004483,CID007514,KA09AB2401,Car
VH004484,CID007516,KA30AB4290,Car
VH004485,CID007520,KA51AB6262,Bike
VH004486,CID007521,KA57AB7942,Car
VH004487,CID007522,KA58AB1804,Car
VH004488,CID007523,KA60AB3552,Auto
VH004489,CID007524,KA44AB5638,Car
VH004490,CID007526,KA31AB8904,Truck
VH004491,CID007532,KA80AB1367,Auto
VH004492,CID007533,KA96AB3742,Car
VH004493,CID007535,KA53AB8417,Bike
VH004494,CID007538,KA63AB9582,Bike
VH004495,CID007540,KA41AB3590,Car
VH004496,CID007541,KA79AB3083,Truck
VH004497,CID007543,KA89AB3956,Bike
VH004498,CID007544,KA07AB3658,Car
VH004499,CID007546,KA31AB4894,Car
VH004500,CID007547,KA22AB1673,Bike
VH004501,CID007548,KA40AB4761,Truck
VH004502,CID007551,KA41AB6078,Car
VH004503,CID007555,KA28AB2066,Truck
VH004504,CID007556,KA57AB6515,Auto
VH004505,CID007557,KA10AB9182,Bike
VH004506,CID007558,KA52AB8045,Auto
VH004507,CID007560,KA36AB8122,Auto
VH004508,CID007561,KA86AB3148,Car
VH004509,CID007562,KA25AB5125,Auto
VH004510,CID007564,KA76AB4647,Bike
VH004511,CID007565,KA55AB7671,Car
VH004512,CID007566,KA76AB6538,Auto
VH004513,CID007568,KA13AB5640,Car
VH004514,CID007569,KA34AB1951,Car
VH004515,CID007570,KA11AB8892,Car
VH004516,CID007574,KA01AB5848,Car
VH004517,CID007575,KA82AB2759,Bike
VH004518,CID007576,KA17AB8161,Car
VH004519,CID007578,KA29AB9220,Bike
VH004520,CID007579,KA42AB6219,Car
VH004521,CID007581,KA90AB5319,Car
VH004522,CID007583,KA14AB4447,Car
VH004523,CID007585,KA92AB5254,Auto
VH004524,CID007589,KA84AB1174,Bike
VH004525,CID007591,KA80AB6092,Bike
VH004526,CID007592,KA59AB5062,Bike
VH004527,CID007593,KA41AB9804,Auto
VH004528,CID007595,KA94AB9500,Car
VH004529,CID007597,KA08AB2747,Auto
VH004530,CID007599,KA65AB4547,Bike
VH004531,CID007601,KA27AB9480,Auto
VH004532,CID007602,KA17AB6311,Auto
VH004533,CID007604,KA05AB7729,Truck
VH004534,CID007605,KA26AB5084,Truck
VH004535,CID007606,KA45AB4673,Bike
VH004536,CID007607,KA99AB7476,Bike
VH004537,CID007608,KA54AB9984,Auto
VH004538,CID007609,KA95AB2463,Auto
VH004539,CID007613,KA31AB8647,Truck
VH004540,CID007614,KA20AB5868,Bike
VH004541,CID007615,KA12AB5608,Auto
VH004542,CID007616,KA86AB3645,Bike
VH004543,CID007617,KA86AB5393,Auto
VH004544,CID007618,KA25AB2078,Car
VH004545,CID007621,KA14AB6203,Car
VH004546,CID007624,KA60AB2868,Car
VH004547,CID007626,KA27AB6162,Bike
VH004548,CID007627,KA75AB3298,Truck
VH004549,CID007628,KA88AB5134,Car
VH004550,CID007630,KA59AB8870,Bike
VH004551,CID007631,KA08AB7829,Car
VH004552,CID007633,KA05AB6453,Bike
VH004553,CID007634,KA29AB5776,Auto
VH004554,CID007635,KA02AB6398,Bike
VH004555,CID007637,KA86AB2481,Car
VH004556,CID007639,KA21AB1023,Bike
VH004557,CID007640,KA38AB9133,Bike
VH004558,CID007642,KA15AB8592,Truck
VH004559,CID007643,KA87AB2599,Bike
VH004560,CID007644,KA41AB7424,Auto
VH004561,CID007649,KA09AB6394,Bike
VH004562,CID007651,KA09AB2209,Car
VH004563,CID007653,KA78AB5000,Car
VH004564,CID007654,KA99AB7079,Bike
VH004565,CID007659,KA54AB9349,Auto
VH004566,CID007660,KA87AB6356,Car
VH004567,CID007661,KA25AB8194,Car
VH004568,CID007662,KA91AB7361,Truck
VH004569,CID007664,KA90AB1727,Truck
VH004570,CID007665,KA57AB5945,Truck
VH004571,CID007666,KA93AB4003,Car
VH004572,CID007667,KA04AB6632,Bike
VH004573,CID007668,KA90AB8027,Car
VH004574,CID007674,KA95AB5698,Bike
VH004575,CID007676,KA24AB5783,Truck
VH004576,CID007678,KA71AB3041,Car
VH004577,CID007679,KA42AB9075,Truck
VH004578,CID007680,KA62AB1795,Auto
VH004579,CID007681,KA33AB4898,Truck
VH004580,CID007682,KA89AB7113,Car
VH004581,CID007683,KA24AB2061,Car
VH004582,CID007684,KA34AB8278,Truck
VH004583,CID007685,KA07AB2919,Car
VH004584,CID007686,KA81AB9903,Bike
VH004585,CID007687,KA29AB6035,Bike
VH004586,CID007688,KA84AB9282,Bike
VH004587,CID007694,KA21AB7665,Auto
VH004588,CID007695,KA43AB1915,Bike
VH004589,CID007697,KA95AB6929,Car
VH004590,CID007699,KA89AB5119,Bike
VH004591,CID007700,KA12AB9362,Truck
VH004592,CID007702,KA93AB7052,Car
VH004593,CID007703,KA35AB3456,Truck
VH004594,CID007704,KA47AB9370,Auto
VH004595,CID007705,KA19AB4489,Truck
VH004596,CID007706,KA11AB8264,Auto
VH004597,CID007709,KA66AB1202,Auto
VH004598,CID007710,KA14AB8657,Truck
VH004599,CID007711,KA95AB7975,Bike
VH004600,CID007713,KA75AB7291,Auto
VH004601,CID007714,KA64AB9965,Truck
VH004602,CID007715,KA13AB4320,Auto
VH004603,CID007717,KA50AB7713,Auto
VH004604,CID007718,KA07AB5028,Truck
VH004605,CID007720,KA12AB4707,Truck
VH004606,CID007723,KA49AB6139,Auto
VH004607,CID007726,KA16AB2192,Auto
VH004608,CID007728,KA92AB5170,Auto
VH004609,CID007729,KA85AB7050,Car
VH004610,CID007731,KA50AB3371,Bike
VH004611,CID007733,KA62AB5909,Car
VH004612,CID007734,KA63AB1690,Bike
VH004613,CID007735,KA87AB5522,Car
VH004614,CID007737,KA44AB4991,Auto
VH004615,CID007738,KA36AB9727,Bike
VH004616,CID007739,KA08AB7296,Truck
VH004617,CID007740,KA45AB5797,Bike
VH004618,CID007741,KA08AB7212,Auto
VH004619,CID007742,KA76AB6045,Auto
VH004620,CID007743,KA89AB7753,Truck
VH004621,CID007744,KA74AB3187,Auto
VH004622,CID007746,KA29AB9113,Car
VH004623,CID007750,KA45AB7449,Car
VH004624,CID007751,KA36AB2817,Truck
VH004625,CID007754,KA41AB8276,Car
VH004626,CID007757,KA10AB4019,Bike
VH004627,CID007758,KA56AB7471,Car
VH004628,CID007759,KA15AB7785,Auto
VH004629,CID007761,KA01AB6660,Car
VH004630,CID007764,KA87AB1486,Bike
VH004631,CID007765,KA25AB3631,Auto
VH004632,CID007767,KA42AB5297,Auto
VH004633,CID007768,KA26AB1362,Auto
VH004634,CID007770,KA40AB2527,Car
VH004635,CID007771,KA02AB3093,Auto
VH004636,CID007772,KA52AB7811,Car
VH004637,CID007773,KA85AB1908,Bike
VH004638,CID007774,KA50AB3980,Auto
VH004639,CID007775,KA64AB4851,Auto
VH004640,CID007776,KA15AB5533,Auto
VH004641,CID007777,KA11AB9257,Auto
VH004642,CID007780,KA11AB5078,Bike
VH004643,CID007781,KA33AB9009,Car
VH004644,CID007782,KA46AB4703,Truck
VH004645,CID007783,KA14AB5682,Bike
VH004646,CID007785,KA07AB1449,Truck
VH004647,CID007787,KA77AB2998,Auto
VH004648,CID007788,KA05AB5089,Auto
VH004649,CID007789,KA40AB9176,Auto
VH004650,CID007790,KA63AB9635,Truck
VH004651,CID007794,KA95AB7429,Bike
VH004652,CID007797,KA09AB9238,Car
VH004653,CID007798,KA33AB3321,Car
VH004654,CID007801,KA92AB8335,Bike
VH004655,CID007803,KA82AB3873,Auto
VH004656,CID007805,KA84AB1229,Truck
VH004657,CID007806,KA65AB3380,Auto
VH004658,CID007807,KA12AB1746,Auto
VH004659,CID007808,KA44AB6536,Bike
VH004660,CID007809,KA64AB9510,Bike
VH004661,CID007811,KA88AB4200,Auto
VH004662,CID007813,KA28AB4525,Car
VH004663,CID007814,KA74AB1618,Truck
VH004664,CID007815,KA39AB9776,Car
VH004665,CID007816,KA47AB1299,Truck
VH004666,CID007817,KA43AB3067,Car
VH004667,CID007818,KA42AB6198,Bike
VH004668,CID007819,KA44AB6659,Bike
VH004669,CID007822,KA11AB5982,Bike
VH004670,CID007823,KA52AB6486,Auto
VH004671,CID007825,KA77AB6059,Bike
VH004672,CID007826,KA02AB7371,Auto
VH004673,CID007827,KA04AB3731,Car
VH004674,CID007830,KA69AB4473,Bike
VH004675,CID007831,KA04AB3900,Bike
VH004676,CID007833,KA10AB1096,Truck
VH004677,CID007834,KA99AB7338,Bike
VH004678,CID007835,KA58AB1874,Auto
VH004679,CID007836,KA75AB8749,Bike
VH004680,CID007837,KA87AB8599,Auto
VH004681,CID007838,KA25AB8272,Car
VH004682,CID007839,KA51AB2652,Auto
VH004683,CID007840,KA59AB2668,Truck
VH004684,CID007842,KA04AB7743,Truck
VH004685,CID007844,KA46AB7457,Auto
VH004686,CID007845,KA44AB5327,Truck
VH004687,CID007846,KA08AB2975,Bike
VH004688,CID007847,KA25AB5044,Bike
VH004689,CID007850,KA75AB6238,Auto
VH004690,CID007851,KA17AB5149,Truck
VH004691,CID007852,KA55AB7281,Car
VH004692,CID007853,KA30AB9707,Auto
VH004693,CID007855,KA16AB9736,Auto
VH004694,CID007856,KA23AB6116,Car
VH004695,CID007857,KA28AB5776,Auto
VH004696,CID007858,KA69AB6968,Truck
VH004697,CID007860,KA69AB3150,Car
VH004698,CID007861,KA65AB6008,Truck
VH004699,CID007863,KA30AB2364,Truck
VH004700,CID007865,KA99AB3919,Bike
VH004701,CID007866,KA07AB9581,Auto
VH004702,CID007867,KA18AB5286,Truck
VH004703,CID007868,KA76AB3830,Bike
VH004704,CID007869,KA90AB8873,Truck
VH004705,CID007871,KA66AB2759,Car
VH004706,CID007874,KA50AB8073,Car
VH004707,CID007876,KA16AB1706,Car
VH004708,CID007877,KA36AB8298,Car
VH004709,CID007878,KA16AB4351,Car
VH004710,CID007879,KA33AB1807,Auto
VH004711,CID007880,KA47AB2624,Car
VH004712,CID007881,KA69AB5260,Car
VH004713,CID007882,KA20AB3387,Bike
VH004714,CID007883,KA80AB4673,Auto
VH004715,CID007884,KA71AB7485,Bike
VH004716,CID007887,KA83AB4029,Car
VH004717,CID007888,KA84AB4075,Car
VH004718,CID007889,KA79AB3203,Truck
VH004719,CID007892,KA53AB8364,Bike
VH004720,CID007894,KA10AB8619,Truck
VH004721,CID007896,KA95AB6400,Bike
VH004722,CID007897,KA88AB7218,Bike
VH004723,CID007898,KA95AB5175,Bike
VH004724,CID007900,KA59AB9282,Car
VH004725,CID007901,KA09AB5151,Bike
VH004726,CID007904,KA32AB4888,Auto
VH004727,CID007906,KA53AB7292,Auto
VH004728,CID007908,KA49AB3122,Auto
VH004729,CID007909,KA74AB5743,Auto
VH004730,CID007911,KA49AB8791,Auto
VH004731,CID007913,KA89AB8268,Car
VH004732,CID007914,KA36AB9017,Bike
VH004733,CID007915,KA16AB9971,Bike
VH004734,CID007919,KA46AB3564,Car
VH004735,CID007921,KA34AB3586,Bike
VH004736,CID007922,KA76AB8529,Auto
VH004737,CID007923,KA84AB9455,Car
VH004738,CID007925,KA67AB9658,Bike
VH004739,CID007926,KA42AB6497,Auto
VH004740,CID007927,KA02AB9723,Auto
VH004741,CID007928,KA21AB3340,Auto
VH004742,CID007932,KA96AB6744,Bike
VH004743,CID007933,KA21AB2522,Truck
VH004744,CID007934,KA50AB9891,Car
VH004745,CID007935,KA07AB6095,Truck
VH004746,CID007936,KA35AB5434,Car
VH004747,CID007938,KA93AB8163,Bike
VH004748,CID007939,KA57AB8775,Bike
VH004749,CID007941,KA57AB2698,Bike
VH004750,CID007946,KA06AB8056,Truck
VH004751,CID007947,KA49AB2592,Truck
VH004752,CID007948,KA16AB8527,Bike
VH004753,CID007950,KA10AB3698,Bike
VH004754,CID007951,KA46AB9045,Auto
VH004755,CID007952,KA99AB5931,Auto
VH004756,CID007954,KA92AB5489,Truck
VH004757,CID007955,KA76AB9670,Truck
VH004758,CID007956,KA50AB9035,Bike
VH004759,CID007957,KA87AB2029,Car
VH004760,CID007959,KA06AB3150,Bike
VH004761,CID007960,KA68AB5326,Auto
VH004762,CID007967,KA62AB9978,Bike
VH004763,CID007968,KA10AB6040,Car
VH004764,CID007969,KA01AB9871,Auto
VH004765,CID007972,KA58AB5027,Auto
VH004766,CID007974,KA04AB6239,Car
VH004767,CID007975,KA55AB3823,Auto
VH004768,CID007976,KA08AB4241,Truck
VH004769,CID007977,KA08AB7033,Bike
VH004770,CID007979,KA70AB2541,Bike
VH004771,CID007982,KA11AB9585,Auto
VH004772,CID007984,KA04AB6802,Truck
VH004773,CID007993,KA05AB7075,Auto
VH004774,CID007994,KA80AB9054,Bike
VH004775,CID007996,KA63AB5322,Bike
VH004776,CID007998,KA61AB1858,Auto
VH004777,CID007999,KA50AB6490,Car
VH004778,CID008003,KA67AB5420,Auto
VH004779,CID008004,KA62AB2797,Auto
VH004780,CID008005,KA06AB9224,Truck
VH004781,CID008006,KA11AB4004,Truck
VH004782,CID008010,KA13AB5946,Car
VH004783,CID008011,KA90AB1067,Bike
VH004784,CID008012,KA76AB8411,Truck
VH004785,CID008013,KA15AB5280,Truck
VH004786,CID008015,KA71AB1787,Auto
VH004787,CID008016,KA22AB1692,Truck
VH004788,CID008018,KA45AB2791,Bike
VH004789,CID008022,KA83AB8487,Truck
VH004790,CID008023,KA33AB1364,Bike
VH004791,CID008025,KA39AB7071,Truck
VH004792,CID008026,KA52AB4082,Car
VH004793,CID008028,KA34AB6588,Bike
VH004794,CID008029,KA16AB2505,Truck
VH004795,CID008030,KA92AB2427,Bike
VH004796,CID008031,KA42AB6946,Auto
VH004797,CID008032,KA83AB2548,Car
VH004798,CID008034,KA50AB4295,Car
VH004799,CID008036,KA28AB1691,Bike
VH004800,CID008038,KA23AB7937,Auto
VH004801,CID008041,KA66AB6202,Truck
VH004802,CID008044,KA26AB1023,Truck
VH004803,CID008046,KA92AB5382,Auto
VH004804,CID008047,KA47AB1775,Bike
VH004805,CID008048,KA62AB7810,Car
VH004806,CID008049,KA90AB9838,Auto
VH004807,CID008050,KA96AB5924,Car
VH004808,CID008051,KA89AB4146,Truck
VH004809,CID008052,KA63AB2552,Auto
VH004810,CID008056,KA62AB4171,Car
VH004811,CID008059,KA72AB1158,Auto
VH004812,CID008060,KA49AB2759,Car
VH004813,CID008061,KA79AB6338,Car
VH004814,CID008062,KA78AB5954,Truck
VH004815,CID008064,KA05AB4484,Auto
VH004816,CID008066,KA41AB6361,Car
VH004817,CID008068,KA99AB2137,Truck
VH004818,CID008069,KA02AB1387,Truck
VH004819,CID008070,KA40AB2596,Auto
VH004820,CID008071,KA47AB1748,Bike
VH004821,CID008073,KA65AB9852,Truck
VH004822,CID008074,KA46AB4299,Truck
VH004823,CID008075,KA85AB4555,Auto
VH004824,CID008079,KA65AB2323,Bike
VH004825,CID008080,KA63AB3547,Bike
VH004826,CID008082,KA15AB3492,Truck
VH004827,CID008084,KA39AB4914,Bike
VH004828,CID008085,KA97AB9409,Auto
VH004829,CID008086,KA06AB3077,Truck
VH004830,CID008087,KA28AB7903,Car
VH004831,CID008089,KA55AB2152,Car
VH004832,CID008090,KA83AB4670,Auto
VH004833,CID008091,KA12AB9971,Auto
VH004834,CID008092,KA88AB2225,Truck
VH004835,CID008094,KA61AB4742,Car
VH004836,CID008096,KA26AB6706,Car
VH004837,CID008098,KA24AB2291,Auto
VH004838,CID008099,KA42AB1736,Auto
VH004839,CID008101,KA14AB6988,Car
VH004840,CID008105,KA82AB1923,Car
VH004841,CID008106,KA47AB5734,Truck
VH004842,CID008108,KA69AB6405,Car
VH004843,CID008110,KA09AB3085,Car
VH004844,CID008112,KA90AB8737,Car
VH004845,CID008113,KA11AB2806,Bike
VH004846,CID008114,KA19AB9293,Bike
VH004847,CID008116,KA89AB8897,Auto
VH004848,CID008117,KA57AB9522,Bike
VH004849,CID008119,KA02AB4797,Auto
VH004850,CID008120,KA49AB7689,Car
VH004851,CID008124,KA72AB2599,Bike
VH004852,CID008125,KA58AB6791,Bike
VH004853,CID008126,KA60AB1582,Car
VH004854,CID008127,KA43AB1317,Bike
VH004855,CID008128,KA73AB2039,Truck
VH004856,CID008129,KA19AB9915,Truck
VH004857,CID008130,KA39AB8092,Truck
VH004858,CID008132,KA90AB9059,Auto
VH004859,CID008137,KA08AB6022,Bike
VH004860,CID008138,KA93AB8525,Bike
VH004861,CID008139,KA87AB6671,Car
VH004862,CID008142,KA28AB7341,Bike
VH004863,CID008143,KA66AB6822,Car
VH004864,CID008144,KA98AB3109,Bike
VH004865,CID008147,KA61AB9315,Truck
VH004866,CID008148,KA37AB7017,Auto
VH004867,CID008149,KA14AB9207,Car
VH004868,CID008155,KA34AB6380,Auto
VH004869,CID008156,KA57AB3615,Truck
VH004870,CID008157,KA80AB5264,Truck
VH004871,CID008158,KA02AB1773,Bike
VH004872,CID008159,KA18AB9710,Car
VH004873,CID008160,KA12AB1933,Auto
VH004874,CID008161,KA36AB6738,Auto
VH004875,CID008164,KA67AB8298,Truck
VH004876,CID008165,KA37AB7896,Bike
VH004877,CID008166,KA20AB8408,Bike
VH004878,CID008167,KA46AB4475,Car
VH004879,CID008168,KA37AB1069,Car
VH004880,CID008173,KA28AB3839,Bike
VH004881,CID008175,KA18AB8181,Truck
VH004882,CID008177,KA46AB2889,Car
VH004883,CID008178,KA02AB8049,Truck
VH004884,CID008180,KA24AB2994,Auto
VH004885,CID008181,KA82AB1125,Auto
VH004886,CID008183,KA39AB9271,Truck
VH004887,CID008184,KA66AB8663,Car
VH004888,CID008185,KA75AB7477,Car
VH004889,CID008186,KA74AB5633,Bike
VH004890,CID008187,KA01AB2696,Bike
VH004891,CID008188,KA84AB4837,Car
VH004892,CID008189,KA96AB8375,Bike
VH004893,CID008191,KA24AB1534,Bike
VH004894,CID008192,KA90AB6449,Bike
VH004895,CID008193,KA42AB7923,Car
VH004896,CID008194,KA90AB2865,Car
VH004897,CID008196,KA42AB4681,Auto
VH004898,CID008200,KA27AB5843,Truck
VH004899,CID008201,KA06AB9516,Auto
VH004900,CID008204,KA59AB1754,Car
VH004901,CID008205,KA02AB3911,Auto
VH004902,CID008208,KA19AB8317,Auto
VH004903,CID008209,KA15AB5257,Car
VH004904,CID008210,KA02AB3665,Auto
VH004905,CID008213,KA06AB3433,Truck
VH004906,CID008215,KA25AB8650,Truck
VH004907,CID008216,KA70AB4147,Car
VH004908,CID008218,KA92AB5992,Car
VH004909,CID008219,KA11AB4134,Bike
VH004910,CID008220,KA15AB2091,Truck
VH004911,CID008223,KA38AB3548,Auto
VH004912,CID008226,KA30AB1954,Bike
VH004913,CID008228,KA61AB3410,Bike
VH004914,CID008233,KA95AB6618,Truck
VH004915,CID008234,KA45AB3388,Car
VH004916,CID008237,KA32AB2163,Bike
VH004917,CID008238,KA73AB4445,Car
VH004918,CID008239,KA95AB7608,Bike
VH004919,CID008242,KA42AB5814,Bike
VH004920,CID008243,KA99AB2615,Bike
VH004921,CID008245,KA34AB7882,Car
VH004922,CID008247,KA90AB3903,Bike
VH004923,CID008248,KA55AB2215,Truck
VH004924,CID008249,KA90AB9468,Truck
VH004925,CID008250,KA62AB1397,Car
VH004926,CID008252,KA86AB8078,Car
VH004927,CID008256,KA23AB7354,Truck
VH004928,CID008257,KA19AB3321,Car
VH004929,CID008259,KA59AB5821,Truck
VH004930,CID008260,KA10AB3520,Bike
VH004931,CID008262,KA24AB6734,Car
VH004932,CID008264,KA81AB6806,Truck
VH004933,CID008267,KA83AB4314,Auto
VH004934,CID008268,KA75AB4921,Bike
VH004935,CID008269,KA87AB2967,Car
VH004936,CID008270,KA34AB5841,Car
VH004937,CID008271,KA26AB7886,Bike
VH004938,CID008272,KA61AB6135,Bike
VH004939,CID008273,KA55AB9728,Car
VH004940,CID008274,KA28AB5665,Truck
VH004941,CID008275,KA06AB2814,Bike
VH004942,CID008276,KA20AB5912,Car
VH004943,CID008277,KA34AB7301,Bike
VH004944,CID008278,KA20AB6038,Car
VH004945,CID008279,KA96AB1121,Truck
VH004946,CID008281,KA79AB5790,Truck
VH004947,CID008282,KA16AB7961,Bike
VH004948,CID008283,KA57AB4665,Bike
VH004949,CID008285,KA68AB3934,Bike
VH004950,CID008288,KA73AB4399,Truck
VH004951,CID008289,KA75AB5077,Auto
VH004952,CID008290,KA97AB9431,Bike
VH004953,CID008291,KA75AB6394,Bike
VH004954,CID008292,KA34AB7274,Truck
VH004955,CID008294,KA79AB8544,Truck
VH004956,CID008295,KA01AB4576,Auto
VH004957,CID008298,KA97AB5136,Car
VH004958,CID008299,KA75AB4978,Bike
VH004959,CID008300,KA16AB8379,Truck
VH004960,CID008301,KA34AB8647,Car
VH004961,CID008302,KA12AB6325,Truck
VH004962,CID008305,KA45AB2778,Car
VH004963,CID008306,KA25AB3803,Bike
VH004964,CID008307,KA55AB6834,Truck
VH004965,CID008308,KA79AB8132,Truck
VH004966,CID008310,KA15AB6980,Auto
VH004967,CID008312,KA19AB5667,Auto
VH004968,CID008313,KA95AB3111,Auto
VH004969,CID008317,KA31AB1135,Auto
VH004970,CID008318,KA60AB5675,Truck
VH004971,CID008319,KA16AB6685,Car
VH004972,CID008320,KA10AB4864,Truck
VH004973,CID008321,KA84AB7609,Auto
VH004974,CID008322,KA92AB8019,Auto
VH004975,CID008323,KA20AB4066,Truck
VH004976,CID008324,KA20AB7101,Car
VH004977,CID008325,KA63AB5732,Truck
VH004978,CID008327,KA73AB2326,Truck
VH004979,CID008329,KA82AB2240,Auto
VH004980,CID008331,KA01AB3083,Truck
VH004981,CID008332,KA17AB7002,Car
VH004982,CID008334,KA77AB8455,Bike
VH004983,CID008336,KA76AB5964,Bike
VH004984,CID008337,KA31AB7711,Car
VH004985,CID008338,KA85AB8347,Bike
VH004986,CID008339,KA60AB8813,Bike
VH004987,CID008340,KA52AB1848,Bike
VH004988,CID008342,KA56AB6631,Truck
VH004989,CID008343,KA62AB1965,Auto
VH004990,CID008345,KA90AB9530,Truck
VH004991,CID008346,KA73AB7049,Truck
VH004992,CID008347,KA89AB2175,Auto
VH004993,CID008349,KA69AB8373,Truck
VH004994,CID008350,KA04AB2098,Truck
VH004995,CID008351,KA69AB4915,Truck
VH004996,CID008352,KA70AB1470,Car
VH004997,CID008355,KA03AB4903,Truck
VH004998,CID008357,KA35AB4776,Truck
VH004999,CID008358,KA81AB7637,Car
VH005000,CID008361,KA74AB2286,Car
VH005001,CID008365,KA71AB9981,Auto
VH005002,CID008366,KA75AB3709,Auto
VH005003,CID008372,KA32AB6972,Car
VH005004,CID008375,KA83AB3395,Bike
VH005005,CID008376,KA84AB6031,Bike
VH005006,CID008377,KA68AB9515,Car
VH005007,CID008378,KA09AB9271,Truck
VH005008,CID008379,KA97AB5802,Bike
VH005009,CID008382,KA02AB6315,Bike
VH005010,CID008383,KA76AB2613,Car
VH005011,CID008384,KA75AB9267,Car
VH005012,CID008385,KA24AB1758,Auto
VH005013,CID008386,KA23AB9018,Bike
VH005014,CID008389,KA52AB6309,Car
VH005015,CID008391,KA73AB7269,Car
VH005016,CID008392,KA01AB2007,Truck
VH005017,CID008394,KA17AB1209,Auto
VH005018,CID008398,KA46AB3050,Car
VH005019,CID008399,KA04AB8190,Truck
VH005020,CID008400,KA30AB7845,Car
VH005021,CID008401,KA44AB1142,Truck
VH005022,CID008403,KA35AB9002,Truck
VH005023,CID008405,KA82AB6091,Auto
VH005024,CID008406,KA28AB3858,Truck
VH005025,CID008408,KA56AB1687,Car
VH005026,CID008409,KA13AB6807,Bike
VH005027,CID008410,KA68AB7399,Auto
VH005028,CID008411,KA50AB2972,Bike
VH005029,CID008413,KA74AB1684,Auto
VH005030,CID008414,KA83AB3688,Auto
VH005031,CID008416,KA58AB1626,Bike
VH005032,CID008417,KA99AB9088,Bike
VH005033,CID008419,KA39AB8659,Auto
VH005034,CID008420,KA55AB8599,Truck
VH005035,CID008423,KA70AB7726,Truck
VH005036,CID008427,KA83AB9132,Bike
VH005037,CID008428,KA04AB2120,Auto
VH005038,CID008429,KA63AB7822,Auto
VH005039,CID008430,KA59AB6431,Auto
VH005040,CID008432,KA02AB6088,Car
VH005041,CID008433,KA27AB4954,Car
VH005042,CID008434,KA03AB4209,Car
VH005043,CID008437,KA96AB4106,Bike
VH005044,CID008441,KA88AB7636,Auto
VH005045,CID008443,KA94AB2592,Car
VH005046,CID008444,KA87AB1013,Truck
VH005047,CID008447,KA49AB7677,Auto
VH005048,CID008448,KA04AB7913,Auto
VH005049,CID008450,KA52AB6967,Truck
VH005050,CID008451,KA13AB4805,Truck
VH005051,CID008452,KA94AB8868,Truck
VH005052,CID008453,KA51AB4385,Bike
VH005053,CID008454,KA70AB9212,Car
VH005054,CID008455,KA16AB4605,Car
VH005055,CID008457,KA47AB1776,Auto
VH005056,CID008459,KA57AB2156,Auto
VH005057,CID008460,KA64AB2893,Bike
VH005058,CID008465,KA78AB1724,Auto
VH005059,CID008466,KA43AB6679,Bike
VH005060,CID008467,KA05AB6136,Bike
VH005061,CID008468,KA91AB2008,Bike
VH005062,CID008470,KA95AB1611,Car
VH005063,CID008471,KA34AB9446,Auto
VH005064,CID008472,KA09AB1366,Truck
VH005065,CID008473,KA25AB9913,Auto
VH005066,CID008477,KA73AB5109,Bike
VH005067,CID008479,KA70AB7545,Truck
VH005068,CID008480,KA42AB3063,Bike
VH005069,CID008481,KA36AB5257,Car
VH005070,CID008482,KA60AB1131,Car
VH005071,CID008483,KA57AB3443,Auto
VH005072,CID008484,KA56AB5549,Bike
VH005073,CID008485,KA82AB8153,Bike
VH005074,CID008487,KA86AB8903,Bike
VH005075,CID008489,KA97AB2094,Truck
VH005076,CID008490,KA06AB7620,Truck
VH005077,CID008491,KA62AB2729,Truck
VH005078,CID008492,KA42AB1629,Truck
VH005079,CID008495,KA97AB5652,Truck
VH005080,CID008500,KA88AB8360,Bike
VH005081,CID008504,KA52AB2655,Bike
VH005082,CID008505,KA18AB2838,Car
VH005083,CID008506,KA82AB1277,Auto
VH005084,CID008510,KA63AB5828,Auto
VH005085,CID008511,KA23AB9278,Bike
VH005086,CID008513,KA57AB7129,Truck
VH005087,CID008514,KA39AB7598,Truck
VH005088,CID008518,KA31AB3915,Truck
VH005089,CID008519,KA03AB5129,Truck
VH005090,CID008520,KA18AB2678,Truck
VH005091,CID008521,KA26AB5006,Truck
VH005092,CID008522,KA94AB7135,Bike
VH005093,CID008523,KA37AB3314,Auto
VH005094,CID008525,KA34AB4805,Bike
VH005095,CID008526,KA04AB6136,Bike
VH005096,CID008530,KA97AB3556,Bike
VH005097,CID008531,KA38AB5392,Car
VH005098,CID008532,KA13AB3440,Truck
VH005099,CID008533,KA74AB6819,Auto
VH005100,CID008534,KA50AB8300,Truck
VH005101,CID008536,KA44AB4738,Truck
VH005102,CID008539,KA02AB3869,Bike
VH005103,CID008541,KA09AB2003,Truck
VH005104,CID008542,KA87AB4626,Truck
VH005105,CID008543,KA92AB5242,Auto
VH005106,CID008544,KA28AB8065,Truck
VH005107,CID008546,KA85AB3585,Bike
VH005108,CID008547,KA04AB7159,Bike
VH005109,CID008551,KA52AB5570,Bike
VH005110,CID008552,KA90AB7739,Car
VH005111,CID008556,KA60AB1905,Bike
VH005112,CID008557,KA82AB4047,Car
VH005113,CID008558,KA90AB5994,Truck
VH005114,CID008560,KA16AB5626,Car
VH005115,CID008561,KA41AB3751,Car
VH005116,CID008562,KA99AB9662,Bike
VH005117,CID008563,KA79AB6347,Car
VH005118,CID008564,KA31AB9510,Auto
VH005119,CID008566,KA31AB7316,Bike
VH005120,CID008568,KA75AB4656,Auto
VH005121,CID008572,KA36AB8948,Car
VH005122,CID008575,KA37AB1964,Car
VH005123,CID008576,KA66AB7909,Bike
VH005124,CID008577,KA07AB9966,Auto
VH005125,CID008578,KA70AB8833,Bike
VH005126,CID008579,KA65AB9790,Bike
VH005127,CID008580,KA86AB2765,Truck
VH005128,CID008581,KA53AB5575,Car
VH005129,CID008582,KA91AB5505,Car
VH005130,CID008583,KA10AB7085,Truck
VH005131,CID008584,KA09AB1879,Bike
VH005132,CID008586,KA19AB7781,Truck
VH005133,CID008588,KA12AB5017,Car
VH005134,CID008589,KA97AB7618,Car
VH005135,CID008590,KA24AB5767,Auto
VH005136,CID008591,KA71AB7121,Bike
VH005137,CID008592,KA79AB4682,Auto
VH005138,CID008594,KA95AB3748,Auto
VH005139,CID008597,KA03AB6524,Auto
VH005140,CID008599,KA42AB3723,Car
VH005141,CID008600,KA95AB3504,Auto
VH005142,CID008601,KA61AB3665,Truck
VH005143,CID008602,KA78AB9506,Auto
VH005144,CID008603,KA92AB6277,Car
VH005145,CID008604,KA11AB3377,Car
VH005146,CID008605,KA35AB6939,Car
VH005147,CID008607,KA21AB9286,Truck
VH005148,CID008610,KA95AB8889,Car
VH005149,CID008611,KA02AB1971,Truck
VH005150,CID008612,KA14AB1727,Bike
VH005151,CID008613,KA78AB4226,Car
VH005152,CID008618,KA52AB6555,Car
VH005153,CID008620,KA05AB9681,Truck
VH005154,CID008621,KA87AB9685,Truck
VH005155,CID008622,KA01AB6758,Car
VH005156,CID008623,KA56AB8385,Car
VH005157,CID008627,KA54AB6569,Bike
VH005158,CID008628,KA90AB4366,Car
VH005159,CID008631,KA40AB4587,Auto
VH005160,CID008633,KA38AB8656,Car
VH005161,CID008634,KA50AB1985,Bike
VH005162,CID008635,KA01AB6275,Bike
VH005163,CID008640,KA98AB2726,Bike
VH005164,CID008641,KA93AB3493,Truck
VH005165,CID008642,KA20AB5955,Car
VH005166,CID008643,KA39AB4221,Truck
VH005167,CID008646,KA71AB8773,Auto
VH005168,CID008647,KA75AB3704,Truck
VH005169,CID008651,KA69AB1928,Car
VH005170,CID008653,KA91AB3101,Car
VH005171,CID008655,KA25AB5172,Truck
VH005172,CID008656,KA87AB5998,Bike
VH005173,CID008657,KA83AB7032,Bike
VH005174,CID008658,KA96AB4075,Auto
VH005175,CID008660,KA24AB5338,Bike
VH005176,CID008661,KA17AB9842,Auto
VH005177,CID008662,KA67AB1363,Bike
VH005178,CID008664,KA14AB6347,Auto
VH005179,CID008665,KA36AB6479,Bike
VH005180,CID008666,KA09AB1860,Auto
VH005181,CID008668,KA19AB1121,Car
VH005182,CID008670,KA42AB8705,Truck
VH005183,CID008671,KA64AB7604,Auto
VH005184,CID008672,KA44AB2658,Truck
VH005185,CID008673,KA89AB7217,Car
VH005186,CID008674,KA94AB4958,Car
VH005187,CID008675,KA34AB2894,Auto
VH005188,CID008676,KA49AB1617,Truck
VH005189,CID008677,KA58AB4285,Car
VH005190,CID008678,KA20AB1113,Auto
VH005191,CID008679,KA74AB5892,Bike
VH005192,CID008680,KA38AB5209,Truck
VH005193,CID008681,KA76AB6316,Truck
VH005194,CID008684,KA83AB7615,Truck
VH005195,CID008685,KA49AB4809,Auto
VH005196,CID008686,KA65AB9153,Car
VH005197,CID008687,KA63AB8969,Car
VH005198,CID008688,KA62AB9696,Car
VH005199,CID008689,KA99AB8272,Auto
VH005200,CID008690,KA92AB9029,Truck
VH005201,CID008691,KA85AB5160,Truck
VH005202,CID008694,KA66AB2577,Bike
VH005203,CID008695,KA96AB2698,Truck
VH005204,CID008696,KA29AB4570,Truck
VH005205,CID008698,KA26AB4621,Bike
VH005206,CID008700,KA92AB2298,Bike
VH005207,CID008702,KA60AB3877,Auto
VH005208,CID008703,KA36AB4218,Car
VH005209,CID008708,KA95AB9516,Bike
VH005210,CID008709,KA31AB9750,Truck
VH005211,CID008712,KA11AB7675,Truck
VH005212,CID008714,KA33AB9303,Truck
VH005213,CID008715,KA93AB5957,Car
VH005214,CID008717,KA99AB7377,Truck
VH005215,CID008718,KA68AB9007,Auto
VH005216,CID008719,KA47AB5315,Bike
VH005217,CID008720,KA56AB6862,Car
VH005218,CID008722,KA45AB8081,Car
VH005219,CID008723,KA66AB3778,Bike
VH005220,CID008724,KA04AB7136,Car
VH005221,CID008725,KA89AB4729,Truck
VH005222,CID008726,KA50AB1544,Auto
VH005223,CID008727,KA16AB9335,Bike
VH005224,CID008730,KA20AB1148,Truck
VH005225,CID008732,KA35AB1030,Car
VH005226,CID008733,KA70AB2827,Car
VH005227,CID008734,KA88AB5943,Truck
VH005228,CID008735,KA74AB2415,Bike
VH005229,CID008736,KA07AB3594,Bike
VH005230,CID008739,KA58AB3792,Auto
VH005231,CID008741,KA68AB3789,Bike
VH005232,CID008742,KA41AB9651,Car
VH005233,CID008745,KA18AB9833,Car
VH005234,CID008746,KA19AB1615,Truck
VH005235,CID008747,KA80AB4777,Auto
VH005236,CID008748,KA61AB3041,Bike
VH005237,CID008751,KA41AB8929,Car
VH005238,CID008756,KA66AB6899,Car
VH005239,CID008757,KA60AB8397,Bike
VH005240,CID008760,KA25AB3650,Auto
VH005241,CID008761,KA79AB8981,Car
VH005242,CID008762,KA98AB1803,Auto
VH005243,CID008763,KA08AB1543,Car
VH005244,CID008764,KA52AB7186,Truck
VH005245,CID008765,KA87AB8713,Truck
VH005246,CID008766,KA69AB9158,Auto
VH005247,CID008768,KA42AB8918,Car
VH005248,CID008769,KA21AB8250,Car
VH005249,CID008770,KA06AB9069,Auto
VH005250,CID008771,KA73AB3965,Truck
VH005251,CID008774,KA32AB4572,Bike
VH005252,CID008775,KA38AB5861,Car
VH005253,CID008776,KA68AB2576,Bike
VH005254,CID008778,KA84AB4646,Truck
VH005255,CID008779,KA17AB5047,Truck
VH005256,CID008780,KA68AB2031,Auto
VH005257,CID008783,KA30AB8634,Bike
VH005258,CID008784,KA50AB8423,Bike
VH005259,CID008785,KA08AB5050,Truck
VH005260,CID008786,KA20AB7891,Bike
VH005261,CID008791,KA05AB5576,Bike
VH005262,CID008793,KA38AB5609,Auto
VH005263,CID008797,KA37AB6465,Truck
VH005264,CID008799,KA53AB4219,Auto
VH005265,CID008802,KA10AB2412,Car
VH005266,CID008803,KA74AB8085,Truck
VH005267,CID008805,KA03AB6869,Truck
VH005268,CID008806,KA49AB3616,Auto
VH005269,CID008807,KA82AB8289,Truck
VH005270,CID008812,KA51AB2201,Truck
VH005271,CID008813,KA41AB3283,Auto
VH005272,CID008814,KA90AB7567,Truck
VH005273,CID008816,KA23AB3220,Car
VH005274,CID008817,KA02AB6007,Auto
VH005275,CID008819,KA89AB4032,Auto
VH005276,CID008820,KA62AB2475,Truck
VH005277,CID008821,KA90AB2704,Car
VH005278,CID008822,KA21AB6353,Auto
VH005279,CID008823,KA28AB2758,Car
VH005280,CID008827,KA32AB1983,Bike
VH005281,CID008828,KA39AB5901,Auto
VH005282,CID008830,KA81AB2358,Bike
VH005283,CID008833,KA40AB1601,Bike
VH005284,CID008834,KA99AB7099,Car
VH005285,CID008835,KA62AB7306,Truck
VH005286,CID008836,KA29AB3940,Truck
VH005287,CID008837,KA42AB5790,Bike
VH005288,CID008840,KA11AB2167,Car
VH005289,CID008842,KA38AB9137,Truck
VH005290,CID008843,KA58AB6681,Car
VH005291,CID008845,KA28AB3286,Bike
VH005292,CID008846,KA04AB2943,Car
VH005293,CID008848,KA93AB9556,Bike
VH005294,CID008850,KA51AB5247,Bike
VH005295,CID008851,KA37AB8886,Truck
VH005296,CID008852,KA90AB7774,Truck
VH005297,CID008854,KA56AB5208,Bike
VH005298,CID008856,KA50AB1790,Bike
VH005299,CID008857,KA59AB4177,Bike
VH005300,CID008859,KA97AB4073,Auto
VH005301,CID008860,KA57AB3188,Car
VH005302,CID008861,KA77AB1196,Bike
VH005303,CID008862,KA03AB8238,Truck
VH005304,CID008868,KA48AB1612,Truck
VH005305,CID008872,KA68AB9268,Truck
VH005306,CID008874,KA34AB5299,Bike
VH005307,CID008875,KA34AB2690,Bike
VH005308,CID008877,KA21AB3230,Car
VH005309,CID008879,KA85AB8994,Auto
VH005310,CID008881,KA02AB8728,Truck
VH005311,CID008882,KA03AB2673,Car
VH005312,CID008884,KA67AB9148,Bike
VH005313,CID008885,KA53AB9005,Car
VH005314,CID008887,KA42AB5182,Car
VH005315,CID008889,KA72AB4450,Car
VH005316,CID008890,KA45AB4162,Truck
VH005317,CID008891,KA09AB4562,Bike
VH005318,CID008892,KA32AB1682,Car
VH005319,CID008893,KA51AB6357,Auto
VH005320,CID008897,KA11AB9774,Bike
VH005321,CID008899,KA37AB2967,Truck
VH005322,CID008900,KA88AB2063,Car
VH005323,CID008901,KA93AB9227,Auto
VH005324,CID008902,KA03AB9214,Bike
VH005325,CID008904,KA57AB1707,Truck
VH005326,CID008906,KA27AB1876,Bike
VH005327,CID008909,KA60AB8010,Auto
VH005328,CID008911,KA67AB3172,Car
VH005329,CID008912,KA44AB5687,Car
VH005330,CID008913,KA51AB5287,Auto
VH005331,CID008914,KA39AB6463,Auto
VH005332,CID008915,KA76AB9905,Bike
VH005333,CID008916,KA44AB5123,Bike
VH005334,CID008917,KA32AB5956,Bike
VH005335,CID008918,KA33AB3753,Bike
VH005336,CID008920,KA51AB5981,Bike
VH005337,CID008921,KA70AB6127,Bike
VH005338,CID008923,KA34AB2131,Auto
VH005339,CID008925,KA37AB4794,Auto
VH005340,CID008926,KA13AB9003,Bike
VH005341,CID008927,KA37AB5047,Auto
VH005342,CID008936,KA29AB3115,Car
VH005343,CID008940,KA03AB8950,Truck
VH005344,CID008944,KA81AB4579,Bike
VH005345,CID008945,KA91AB9536,Truck
VH005346,CID008946,KA29AB2235,Auto
VH005347,CID008947,KA42AB1087,Truck
VH005348,CID008948,KA58AB5068,Bike
VH005349,CID008950,KA23AB6301,Car
VH005350,CID008952,KA99AB1522,Car
VH005351,CID008953,KA09AB4768,Bike
VH005352,CID008954,KA24AB9087,Bike
VH005353,CID008955,KA83AB9929,Auto
VH005354,CID008957,KA60AB2315,Auto
VH005355,CID008958,KA10AB1992,Car
VH005356,CID008961,KA86AB8322,Truck
VH005357,CID008963,KA10AB2644,Bike
VH005358,CID008964,KA53AB4064,Auto
VH005359,CID008966,KA75AB1117,Truck
VH005360,CID008967,KA06AB4210,Bike
VH005361,CID008968,KA94AB3077,Truck
VH005362,CID008970,KA24AB8243,Bike
VH005363,CID008971,KA86AB8282,Bike
VH005364,CID008972,KA47AB3285,Car
VH005365,CID008974,KA45AB9051,Auto
VH005366,CID008976,KA95AB5211,Bike
VH005367,CID008977,KA43AB6917,Car
VH005368,CID008978,KA26AB2332,Truck
VH005369,CID008979,KA49AB8248,Truck
VH005370,CID008980,KA26AB2466,Car
VH005371,CID008982,KA85AB9720,Bike
VH005372,CID008983,KA72AB7080,Car
VH005373,CID008984,KA46AB3853,Car
VH005374,CID008985,KA77AB8438,Bike
VH005375,CID008986,KA91AB3737,Auto
VH005376,CID008987,KA43AB3173,Auto
VH005377,CID008989,KA48AB5487,Bike
VH005378,CID008991,KA54AB7818,Car
VH005379,CID008993,KA26AB9680,Truck
VH005380,CID008994,KA93AB2885,Auto
VH005381,CID008995,KA93AB5398,Auto
VH005382,CID008996,KA54AB8571,Auto
VH005383,CID008997,KA94AB5227,Truck
VH005384,CID008999,KA76AB2423,Truck
VH005385,CID009003,KA75AB5303,Bike
VH005386,CID009004,KA77AB1591,Car
VH005387,CID009005,KA76AB7821,Car
VH005388,CID009006,KA63AB5788,Bike
VH005389,CID009008,KA25AB2193,Auto
VH005390,CID009009,KA11AB8435,Car
VH005391,CID009010,KA32AB8429,Car
VH005392,CID009013,KA48AB2889,Truck
VH005393,CID009017,KA46AB1733,Bike
VH005394,CID009020,KA17AB2737,Bike
VH005395,CID009021,KA14AB7570,Car
VH005396,CID009023,KA32AB7406,Bike
VH005397,CID009024,KA61AB9450,Auto
VH005398,CID009026,KA07AB7019,Bike
VH005399,CID009029,KA93AB9391,Auto
VH005400,CID009033,KA18AB8848,Auto
VH005401,CID009036,KA68AB1568,Car
VH005402,CID009040,KA36AB4524,Bike
VH005403,CID009042,KA44AB2199,Auto
VH005404,CID009044,KA51AB6772,Truck
VH005405,CID009045,KA34AB3969,Car
VH005406,CID009046,KA85AB4038,Bike
VH005407,CID009047,KA13AB6628,Auto
VH005408,CID009048,KA86AB8494,Bike
VH005409,CID009050,KA40AB4895,Truck
VH005410,CID009051,KA82AB8179,Auto
VH005411,CID009056,KA22AB9277,Auto
VH005412,CID009058,KA20AB2159,Truck
VH005413,CID009059,KA92AB9864,Bike
VH005414,CID009060,KA61AB2691,Auto
VH005415,CID009062,KA71AB3960,Truck
VH005416,CID009063,KA73AB9751,Auto
VH005417,CID009064,KA93AB5087,Auto
VH005418,CID009068,KA43AB4218,Bike
VH005419,CID009072,KA60AB5733,Auto
VH005420,CID009074,KA29AB4021,Bike
VH005421,CID009075,KA41AB7805,Auto
VH005422,CID009077,KA90AB9636,Truck
VH005423,CID009079,KA74AB1840,Auto
VH005424,CID009082,KA33AB6108,Auto
VH005425,CID009084,KA44AB6635,Auto
VH005426,CID009085,KA37AB2274,Auto
VH005427,CID009086,KA31AB7399,Truck
VH005428,CID009087,KA49AB8439,Bike
VH005429,CID009089,KA29AB4493,Truck
VH005430,CID009092,KA96AB5065,Truck
VH005431,CID009093,KA62AB3446,Auto
VH005432,CID009094,KA99AB8231,Auto
VH005433,CID009095,KA59AB4062,Car
VH005434,CID009096,KA84AB8418,Bike
VH005435,CID009098,KA49AB5380,Truck
VH005436,CID009101,KA76AB7820,Auto
VH005437,CID009102,KA76AB7197,Auto
VH005438,CID009103,KA04AB6141,Truck
VH005439,CID009104,KA98AB3979,Auto
VH005440,CID009105,KA49AB8868,Bike
VH005441,CID009106,KA30AB4287,Auto
VH005442,CID009107,KA46AB7214,Bike
VH005443,CID009108,KA90AB8719,Car
VH005444,CID009109,KA75AB2994,Car
VH005445,CID009110,KA21AB3596,Bike
VH005446,CID009111,KA72AB4520,Car
VH005447,CID009114,KA92AB9059,Car
VH005448,CID009115,KA84AB9108,Bike
VH005449,CID009116,KA31AB3547,Bike
VH005450,CID009118,KA02AB6159,Bike
VH005451,CID009119,KA29AB9747,Car
VH005452,CID009121,KA62AB8920,Car
VH005453,CID009122,KA12AB9341,Auto
VH005454,CID009123,KA68AB6684,Truck
VH005455,CID009125,KA61AB8019,Truck
VH005456,CID009126,KA46AB2993,Bike
VH005457,CID009128,KA80AB7884,Auto
VH005458,CID009129,KA88AB4086,Bike
VH005459,CID009131,KA24AB9122,Truck
VH005460,CID009134,KA49AB6773,Truck
VH005461,CID009135,KA54AB3329,Truck
VH005462,CID009136,KA14AB4289,Bike
VH005463,CID009138,KA36AB4617,Bike
VH005464,CID009140,KA01AB6284,Bike
VH005465,CID009141,KA56AB6655,Auto
VH005466,CID009145,KA97AB8991,Car
VH005467,CID009150,KA28AB5537,Bike
VH005468,CID009152,KA61AB9107,Bike
VH005469,CID009153,KA80AB1398,Bike
VH005470,CID009154,KA64AB8057,Car
VH005471,CID009156,KA27AB3548,Truck
VH005472,CID009159,KA90AB6848,Auto
VH005473,CID009160,KA84AB7858,Bike
VH005474,CID009164,KA71AB8346,Truck
VH005475,CID009167,KA26AB3880,Truck
VH005476,CID009168,KA73AB2858,Truck
VH005477,CID009169,KA05AB7539,Auto
VH005478,CID009171,KA83AB1446,Truck
VH005479,CID009173,KA41AB8587,Truck
VH005480,CID009175,KA52AB7821,Car
VH005481,CID009176,KA07AB9268,Auto
VH005482,CID009178,KA70AB4934,Car
VH005483,CID009179,KA32AB4194,Truck
VH005484,CID009181,KA56AB8717,Bike
VH005485,CID009182,KA21AB3086,Auto
VH005486,CID009183,KA03AB6265,Auto
VH005487,CID009185,KA17AB8074,Car
VH005488,CID009186,KA94AB1777,Bike
VH005489,CID009187,KA55AB4914,Car
VH005490,CID009188,KA77AB2840,Bike
VH005491,CID009189,KA33AB5149,Bike
VH005492,CID009191,KA08AB3560,Car
VH005493,CID009192,KA88AB4096,Car
VH005494,CID009193,KA22AB3732,Car
VH005495,CID009195,KA32AB6539,Truck
VH005496,CID009198,KA37AB9162,Bike
VH005497,CID009199,KA22AB9892,Car
VH005498,CID009201,KA22AB2247,Truck
VH005499,CID009202,KA72AB4158,Auto
VH005500,CID009203,KA95AB9627,Bike
VH005501,CID009204,KA29AB7824,Car
VH005502,CID009205,KA82AB8358,Truck
VH005503,CID009206,KA19AB7056,Car
VH005504,CID009207,KA86AB9849,Auto
VH005505,CID009209,KA82AB5512,Bike
VH005506,CID009212,KA74AB4012,Bike
VH005507,CID009213,KA95AB2065,Auto
VH005508,CID009217,KA89AB9079,Auto
VH005509,CID009218,KA76AB2125,Auto
VH005510,CID009221,KA57AB8060,Truck
VH005511,CID009223,KA17AB5048,Car
VH005512,CID009230,KA41AB7144,Bike
VH005513,CID009232,KA91AB3199,Car
VH005514,CID009235,KA30AB5898,Car
VH005515,CID009236,KA75AB8269,Bike
VH005516,CID009238,KA41AB4239,Auto
VH005517,CID009241,KA48AB6780,Auto
VH005518,CID009242,KA82AB3267,Truck
VH005519,CID009244,KA03AB9308,Auto
VH005520,CID009246,KA06AB1451,Car
VH005521,CID009247,KA72AB6278,Car
VH005522,CID009248,KA35AB5996,Car
VH005523,CID009251,KA37AB2682,Truck
VH005524,CID009253,KA41AB3523,Bike
VH005525,CID009254,KA92AB2457,Truck
VH005526,CID009256,KA40AB5603,Car
VH005527,CID009257,KA55AB7196,Bike
VH005528,CID009259,KA09AB5125,Car
VH005529,CID009260,KA24AB9995,Bike
VH005530,CID009263,KA80AB3933,Car
VH005531,CID009266,KA11AB6244,Car
VH005532,CID009267,KA04AB1780,Bike
VH005533,CID009268,KA94AB6723,Truck
VH005534,CID009271,KA31AB4127,Car
VH005535,CID009272,KA52AB1446,Bike
VH005536,CID009274,KA54AB1778,Truck
VH005537,CID009275,KA87AB4953,Auto
VH005538,CID009276,KA86AB3102,Car
VH005539,CID009279,KA11AB6337,Bike
VH005540,CID009280,KA53AB8747,Car
VH005541,CID009281,KA56AB5974,Bike
VH005542,CID009285,KA79AB8306,Auto
VH005543,CID009290,KA59AB8385,Truck
VH005544,CID009291,KA35AB5057,Car
VH005545,CID009292,KA22AB8272,Bike
VH005546,CID009294,KA84AB1532,Auto
VH005547,CID009295,KA76AB2407,Truck
VH005548,CID009296,KA25AB3687,Car
VH005549,CID009298,KA32AB2026,Truck
VH005550,CID009302,KA88AB6053,Truck
VH005551,CID009303,KA44AB5796,Car
VH005552,CID009304,KA67AB3874,Bike
VH005553,CID009306,KA26AB2448,Auto
VH005554,CID009307,KA86AB1612,Car
VH005555,CID009308,KA83AB9142,Bike
VH005556,CID009309,KA82AB3616,Truck
VH005557,CID009310,KA28AB3865,Auto
VH005558,CID009311,KA47AB2550,Car
VH005559,CID009312,KA92AB4394,Bike
VH005560,CID009314,KA82AB9692,Bike
VH005561,CID009315,KA91AB2136,Car
VH005562,CID009318,KA63AB8552,Auto
VH005563,CID009320,KA75AB8047,Bike
VH005564,CID009326,KA58AB2557,Truck
VH005565,CID009327,KA53AB4987,Auto
VH005566,CID009328,KA95AB4747,Auto
VH005567,CID009329,KA60AB6530,Bike
VH005568,CID009331,KA38AB2873,Bike
VH005569,CID009333,KA64AB1230,Bike
VH005570,CID009335,KA99AB8336,Truck
VH005571,CID009337,KA81AB9186,Truck
VH005572,CID009338,KA79AB1221,Truck
VH005573,CID009340,KA59AB5404,Bike
VH005574,CID009342,KA97AB5801,Truck
VH005575,CID009344,KA21AB6377,Truck
VH005576,CID009345,KA59AB7757,Truck
VH005577,CID009346,KA24AB4912,Auto
VH005578,CID009347,KA26AB7310,Auto
VH005579,CID009349,KA57AB7440,Bike
VH005580,CID009353,KA17AB4304,Car
VH005581,CID009354,KA17AB3583,Bike
VH005582,CID009355,KA60AB3475,Truck
VH005583,CID009356,KA77AB7465,Car
VH005584,CID009357,KA29AB8844,Bike
VH005585,CID009358,KA20AB9278,Bike
VH005586,CID009359,KA98AB5033,Auto
VH005587,CID009360,KA41AB2075,Auto
VH005588,CID009361,KA82AB3253,Truck
VH005589,CID009363,KA08AB4579,Car
VH005590,CID009364,KA56AB8130,Bike
VH005591,CID009365,KA11AB2081,Bike
VH005592,CID009366,KA20AB9952,Truck
VH005593,CID009367,KA78AB4993,Auto
VH005594,CID009368,KA42AB1916,Truck
VH005595,CID009369,KA85AB3892,Car
VH005596,CID009371,KA90AB8374,Car
VH005597,CID009374,KA13AB6353,Auto
VH005598,CID009375,KA99AB5031,Car
VH005599,CID009376,KA50AB3615,Car
VH005600,CID009379,KA76AB3283,Car
VH005601,CID009380,KA17AB8557,Bike
VH005602,CID009381,KA05AB4254,Truck
VH005603,CID009382,KA45AB3090,Car
VH005604,CID009385,KA98AB7028,Auto
VH005605,CID009386,KA81AB1416,Auto
VH005606,CID009389,KA18AB7512,Auto
VH005607,CID009391,KA36AB8237,Car
VH005608,CID009393,KA30AB4762,Bike
VH005609,CID009395,KA02AB4499,Car
VH005610,CID009398,KA77AB3553,Auto
VH005611,CID009400,KA98AB2855,Truck
VH005612,CID009401,KA57AB4020,Truck
VH005613,CID009403,KA22AB5849,Bike
VH005614,CID009404,KA43AB3823,Bike
VH005615,CID009406,KA01AB3900,Car
VH005616,CID009407,KA30AB3661,Bike
VH005617,CID009408,KA91AB2890,Auto
VH005618,CID009409,KA29AB8054,Auto
VH005619,CID009411,KA47AB9058,Car
VH005620,CID009412,KA12AB5840,Bike
VH005621,CID009414,KA52AB2568,Truck
VH005622,CID009415,KA63AB6742,Truck
VH005623,CID009418,KA34AB9869,Bike
VH005624,CID009419,KA64AB2833,Auto
VH005625,CID009420,KA88AB1119,Bike
VH005626,CID009421,KA66AB2456,Truck
VH005627,CID009422,KA48AB1862,Car
VH005628,CID009425,KA44AB1235,Car
VH005629,CID009427,KA14AB5952,Truck
VH005630,CID009429,KA84AB6948,Truck
VH005631,CID009430,KA45AB4439,Truck
VH005632,CID009431,KA82AB9220,Auto
VH005633,CID009432,KA57AB2325,Auto
VH005634,CID009433,KA44AB2179,Car
VH005635,CID009434,KA06AB9075,Car
VH005636,CID009435,KA50AB5363,Auto
VH005637,CID009436,KA19AB8785,Bike
VH005638,CID009438,KA51AB2436,Car
VH005639,CID009439,KA78AB4163,Auto
VH005640,CID009441,KA12AB3819,Auto
VH005641,CID009442,KA75AB7268,Car
VH005642,CID009443,KA07AB4455,Car
VH005643,CID009444,KA78AB1948,Truck
VH005644,CID009448,KA91AB4639,Car
VH005645,CID009449,KA55AB7708,Truck
VH005646,CID009451,KA45AB7545,Truck
VH005647,CID009452,KA15AB7708,Auto
VH005648,CID009454,KA44AB2538,Truck
VH005649,CID009457,KA06AB5250,Car
VH005650,CID009459,KA86AB3407,Car
VH005651,CID009461,KA47AB9216,Bike
VH005652,CID009463,KA96AB9367,Auto
VH005653,CID009464,KA95AB7672,Auto
VH005654,CID009465,KA72AB1151,Car
VH005655,CID009467,KA37AB4576,Car
VH005656,CID009469,KA78AB9585,Bike
VH005657,CID009471,KA54AB7854,Bike
VH005658,CID009473,KA14AB5698,Truck
VH005659,CID009474,KA43AB4369,Truck
VH005660,CID009476,KA42AB8560,Bike
VH005661,CID009478,KA80AB4025,Car
VH005662,CID009479,KA79AB2348,Bike
VH005663,CID009480,KA43AB3701,Car
VH005664,CID009482,KA36AB4336,Bike
VH005665,CID009483,KA59AB7379,Truck
VH005666,CID009484,KA15AB3992,Bike
VH005667,CID009485,KA35AB6019,Auto
VH005668,CID009486,KA61AB6263,Bike
VH005669,CID009488,KA04AB4453,Auto
VH005670,CID009489,KA22AB9080,Auto
VH005671,CID009490,KA68AB6269,Truck
VH005672,CID009492,KA72AB4448,Auto
VH005673,CID009493,KA88AB2855,Car
VH005674,CID009495,KA66AB2563,Truck
VH005675,CID009496,KA67AB9665,Bike
VH005676,CID009499,KA24AB7674,Auto
VH005677,CID009502,KA02AB7570,Bike
VH005678,CID009503,KA74AB8477,Auto
VH005679,CID009504,KA69AB5407,Car
VH005680,CID009505,KA91AB8162,Auto
VH005681,CID009507,KA43AB6590,Auto
VH005682,CID009508,KA51AB6345,Bike
VH005683,CID009509,KA83AB3083,Car
VH005684,CID009510,KA60AB6050,Bike
VH005685,CID009513,KA68AB4801,Truck
VH005686,CID009514,KA64AB2183,Car
VH005687,CID009517,KA06AB1603,Car
VH005688,CID009521,KA03AB3597,Truck
VH005689,CID009522,KA05AB7134,Auto
VH005690,CID009523,KA75AB3136,Auto
VH005691,CID009524,KA25AB4661,Truck
VH005692,CID009525,KA11AB3380,Auto
VH005693,CID009526,KA96AB3831,Car
VH005694,CID009527,KA32AB5186,Auto
VH005695,CID009532,KA34AB1340,Car
VH005696,CID009536,KA82AB3657,Car
VH005697,CID009537,KA51AB6654,Bike
VH005698,CID009539,KA27AB7667,Truck
VH005699,CID009540,KA06AB9640,Truck
VH005700,CID009542,KA71AB7041,Auto
VH005701,CID009544,KA69AB7867,Truck
VH005702,CID009545,KA41AB3738,Bike
VH005703,CID009548,KA67AB8015,Truck
VH005704,CID009549,KA26AB3116,Truck
VH005705,CID009550,KA33AB5936,Bike
VH005706,CID009551,KA63AB1253,Auto
VH005707,CID009554,KA33AB4824,Bike
VH005708,CID009556,KA82AB9099,Car
VH005709,CID009557,KA78AB6318,Bike
VH005710,CID009560,KA98AB2699,Bike
VH005711,CID009561,KA93AB8603,Truck
VH005712,CID009562,KA40AB5277,Auto
VH005713,CID009566,KA14AB7614,Truck
VH005714,CID009567,KA92AB4357,Car
VH005715,CID009571,KA21AB9479,Truck
VH005716,CID009572,KA06AB7912,Bike
VH005717,CID009575,KA63AB9827,Bike
VH005718,CID009577,KA80AB1446,Bike
VH005719,CID009578,KA29AB8796,Car
VH005720,CID009579,KA01AB9809,Truck
VH005721,CID009581,KA33AB9640,Car
VH005722,CID009582,KA56AB6761,Truck
VH005723,CID009583,KA24AB7338,Bike
VH005724,CID009584,KA38AB5647,Auto
VH005725,CID009588,KA68AB5687,Truck
VH005726,CID009589,KA70AB6238,Bike
VH005727,CID009591,KA53AB7261,Bike
VH005728,CID009592,KA90AB9437,Car
VH005729,CID009593,KA44AB2558,Auto
VH005730,CID009594,KA85AB4293,Bike
VH005731,CID009596,KA92AB6130,Car
VH005732,CID009597,KA57AB3413,Truck
VH005733,CID009599,KA64AB8741,Auto
VH005734,CID009601,KA34AB6157,Auto
VH005735,CID009602,KA56AB6315,Bike
VH005736,CID009603,KA17AB6181,Car
VH005737,CID009604,KA23AB4205,Bike
VH005738,CID009606,KA13AB2943,Bike
VH005739,CID009607,KA89AB2964,Truck
VH005740,CID009608,KA30AB6145,Truck
VH005741,CID009609,KA93AB7417,Auto
VH005742,CID009612,KA54AB9580,Auto
VH005743,CID009615,KA93AB9997,Bike
VH005744,CID009617,KA58AB5406,Auto
VH005745,CID009618,KA48AB1457,Auto
VH005746,CID009620,KA76AB7180,Car
VH005747,CID009621,KA39AB5977,Auto
VH005748,CID009623,KA54AB4514,Bike
VH005749,CID009625,KA86AB8382,Bike
VH005750,CID009628,KA92AB9364,Bike
VH005751,CID009630,KA10AB5329,Car
VH005752,CID009631,KA54AB8837,Car
VH005753,CID009633,KA08AB3858,Auto
VH005754,CID009634,KA01AB3235,Car
VH005755,CID009636,KA82AB9990,Bike
VH005756,CID009639,KA92AB2065,Truck
VH005757,CID009642,KA10AB5290,Truck
VH005758,CID009645,KA73AB7410,Bike
VH005759,CID009647,KA95AB8922,Bike
VH005760,CID009649,KA67AB4998,Bike
VH005761,CID009650,KA76AB4402,Car
VH005762,CID009651,KA93AB8119,Bike
VH005763,CID009652,KA45AB2513,Car
VH005764,CID009653,KA78AB3648,Auto
VH005765,CID009654,KA53AB7735,Bike
VH005766,CID009655,KA49AB4162,Car
VH005767,CID009656,KA84AB6368,Bike
VH005768,CID009658,KA35AB1470,Car
VH005769,CID009659,KA78AB9099,Truck
VH005770,CID009662,KA68AB6764,Bike
VH005771,CID009663,KA39AB1219,Car
VH005772,CID009665,KA10AB4095,Car
VH005773,CID009671,KA52AB6367,Truck
VH005774,CID009672,KA38AB7508,Auto
VH005775,CID009673,KA78AB2558,Auto
VH005776,CID009675,KA32AB7011,Bike
VH005777,CID009676,KA68AB7518,Bike
VH005778,CID009677,KA25AB8640,Bike
VH005779,CID009680,KA68AB9829,Truck
VH005780,CID009681,KA87AB4108,Truck
VH005781,CID009686,KA22AB5335,Truck
VH005782,CID009687,KA59AB6100,Bike
VH005783,CID009688,KA55AB8415,Auto
VH005784,CID009689,KA52AB8051,Bike
VH005785,CID009690,KA88AB9795,Car
VH005786,CID009693,KA33AB8307,Bike
VH005787,CID009694,KA51AB3351,Bike
VH005788,CID009696,KA24AB6729,Truck
VH005789,CID009697,KA91AB4515,Truck
VH005790,CID009700,KA27AB9311,Truck
VH005791,CID009702,KA14AB2030,Truck
VH005792,CID009703,KA29AB7894,Auto
VH005793,CID009705,KA53AB3218,Truck
VH005794,CID009707,KA71AB2774,Truck
VH005795,CID009708,KA77AB5288,Auto
VH005796,CID009709,KA96AB1732,Auto
VH005797,CID009710,KA42AB3474,Bike
VH005798,CID009711,KA31AB7551,Truck
VH005799,CID009714,KA82AB6389,Bike
VH005800,CID009717,KA98AB6292,Auto
VH005801,CID009719,KA37AB9761,Truck
VH005802,CID009721,KA75AB6014,Bike
VH005803,CID009723,KA44AB8278,Car
VH005804,CID009724,KA39AB3539,Car
VH005805,CID009725,KA18AB7625,Auto
VH005806,CID009728,KA82AB8086,Bike
VH005807,CID009729,KA42AB5058,Bike
VH005808,CID009730,KA86AB7697,Car
VH005809,CID009732,KA06AB2096,Bike
VH005810,CID009735,KA88AB2766,Auto
VH005811,CID009736,KA37AB7979,Auto
VH005812,CID009737,KA96AB9600,Truck
VH005813,CID009738,KA53AB1437,Car
VH005814,CID009739,KA08AB9061,Bike
VH005815,CID009740,KA22AB5222,Truck
VH005816,CID009741,KA05AB8502,Bike
VH005817,CID009742,KA23AB3996,Truck
VH005818,CID009743,KA38AB1295,Truck
VH005819,CID009744,KA37AB1565,Truck
VH005820,CID009745,KA90AB1455,Auto
VH005821,CID009746,KA37AB7988,Auto
VH005822,CID009749,KA88AB5197,Car
VH005823,CID009750,KA64AB4754,Truck
VH005824,CID009751,KA35AB8205,Auto
VH005825,CID009753,KA55AB1706,Auto
VH005826,CID009754,KA91AB7212,Auto
VH005827,CID009757,KA71AB7549,Car
VH005828,CID009758,KA56AB2488,Car
VH005829,CID009762,KA77AB1282,Bike
VH005830,CID009763,KA55AB9405,Truck
VH005831,CID009766,KA09AB2796,Truck
VH005832,CID009768,KA84AB5712,Truck
VH005833,CID009772,KA59AB3878,Truck
VH005834,CID009775,KA52AB7565,Auto
VH005835,CID009776,KA18AB7098,Truck
VH005836,CID009777,KA42AB7926,Car
VH005837,CID009778,KA42AB7935,Auto
VH005838,CID009779,KA58AB2717,Auto
VH005839,CID009781,KA34AB6689,Auto
VH005840,CID009784,KA40AB7545,Bike
VH005841,CID009786,KA42AB7386,Car
VH005842,CID009787,KA77AB5162,Truck
VH005843,CID009788,KA64AB9795,Car
VH005844,CID009789,KA24AB7299,Bike
VH005845,CID009793,KA98AB4383,Bike
VH005846,CID009796,KA93AB4959,Truck
VH005847,CID009798,KA66AB9708,Bike
VH005848,CID009800,KA83AB4343,Car
VH005849,CID009802,KA27AB8468,Auto
VH005850,CID009804,KA01AB3604,Truck
VH005851,CID009805,KA81AB1543,Car
VH005852,CID009807,KA64AB1526,Bike
VH005853,CID009808,KA83AB9006,Bike
VH005854,CID009809,KA21AB6499,Car
VH005855,CID009810,KA03AB7018,Truck
VH005856,CID009811,KA40AB4291,Auto
VH005857,CID009814,KA12AB9855,Truck
VH005858,CID009815,KA98AB1265,Car
VH005859,CID009816,KA52AB3244,Auto
VH005860,CID009817,KA47AB5545,Auto
VH005861,CID009819,KA41AB2831,Car
VH005862,CID009821,KA32AB6176,Car
VH005863,CID009822,KA72AB3485,Truck
VH005864,CID009824,KA22AB9990,Bike
VH005865,CID009825,KA49AB9846,Auto
VH005866,CID009828,KA54AB9719,Car
VH005867,CID009830,KA77AB9762,Bike
VH005868,CID009831,KA55AB3352,Auto
VH005869,CID009833,KA70AB8093,Auto
VH005870,CID009834,KA15AB1865,Auto
VH005871,CID009836,KA77AB1338,Car
VH005872,CID009837,KA65AB3692,Bike
VH005873,CID009839,KA52AB6454,Car
VH005874,CID009840,KA94AB1223,Bike
VH005875,CID009842,KA68AB6810,Car
VH005876,CID009843,KA37AB9473,Truck
VH005877,CID009846,KA07AB1471,Bike
VH005878,CID009847,KA19AB3679,Auto
VH005879,CID009850,KA43AB4593,Auto
VH005880,CID009852,KA91AB6273,Car
VH005881,CID009853,KA24AB6856,Truck
VH005882,CID009856,KA11AB5560,Auto
VH005883,CID009859,KA35AB2469,Auto
VH005884,CID009860,KA23AB6142,Car
VH005885,CID009861,KA13AB3290,Truck
VH005886,CID009862,KA74AB9084,Bike
VH005887,CID009863,KA97AB2224,Truck
VH005888,CID009864,KA32AB2238,Truck
VH005889,CID009866,KA96AB1594,Truck
VH005890,CID009867,KA16AB5053,Auto
VH005891,CID009868,KA74AB2304,Bike
VH005892,CID009872,KA14AB4312,Bike
VH005893,CID009873,KA92AB7512,Truck
VH005894,CID009874,KA24AB3708,Bike
VH005895,CID009875,KA80AB3531,Car
VH005896,CID009876,KA57AB9635,Car
VH005897,CID009881,KA89AB6193,Bike
VH005898,CID009885,KA91AB8533,Auto
VH005899,CID009889,KA41AB2181,Auto
VH005900,CID009890,KA64AB7947,Bike
VH005901,CID009891,KA37AB6186,Truck
VH005902,CID009892,KA75AB6499,Car
VH005903,CID009893,KA46AB6452,Car
VH005904,CID009895,KA41AB6944,Bike
VH005905,CID009899,KA04AB9223,Car
VH005906,CID009900,KA15AB5265,Car
VH005907,CID009901,KA35AB9093,Auto
VH005908,CID009903,KA20AB5749,Bike
VH005909,CID009906,KA89AB6545,Truck
VH005910,CID009907,KA12AB4811,Car
VH005911,CID009908,KA81AB8341,Car
VH005912,CID009910,KA02AB2293,Car
VH005913,CID009912,KA07AB5447,Bike
VH005914,CID009913,KA34AB2158,Bike
VH005915,CID009914,KA31AB2221,Truck
VH005916,CID009916,KA02AB6490,Car
VH005917,CID009917,KA11AB8018,Car
VH005918,CID009919,KA77AB8908,Auto
VH005919,CID009920,KA63AB2649,Auto
VH005920,CID009921,KA68AB4516,Auto
VH005921,CID009924,KA11AB4436,Car
VH005922,CID009928,KA51AB8238,Car
VH005923,CID009929,KA97AB9428,Truck
VH005924,CID009930,KA08AB8559,Auto
VH005925,CID009931,KA23AB4016,Car
VH005926,CID009933,KA78AB1252,Car
VH005927,CID009934,KA57AB7431,Bike
VH005928,CID009935,KA86AB3285,Car
VH005929,CID009936,KA07AB6238,Bike
VH005930,CID009939,KA14AB5561,Car
VH005931,CID009945,KA34AB6985,Bike
VH005932,CID009946,KA12AB5950,Bike
VH005933,CID009947,KA67AB5421,Auto
VH005934,CID009949,KA31AB2371,Bike
VH005935,CID009951,KA03AB9517,Truck
VH005936,CID009952,KA05AB8504,Bike
VH005937,CID009954,KA29AB3377,Auto
VH005938,CID009955,KA62AB3673,Auto
VH005939,CID009957,KA73AB1359,Auto
VH005940,CID009958,KA44AB6627,Bike
VH005941,CID009959,KA79AB9699,Auto
VH005942,CID009960,KA85AB2549,Bike
VH005943,CID009962,KA80AB4738,Car
VH005944,CID009965,KA05AB1295,Auto
VH005945,CID009966,KA59AB8911,Bike
VH005946,CID009967,KA54AB3657,Auto
VH005947,CID009968,KA58AB4338,Car
VH005948,CID009969,KA82AB2027,Bike
VH005949,CID009970,KA49AB1843,Truck
VH005950,CID009972,KA72AB5168,Car
VH005951,CID009973,KA63AB7414,Truck
VH005952,CID009974,KA58AB2245,Auto
VH005953,CID009977,KA86AB5502,Truck
VH005954,CID009983,KA84AB9239,Auto
VH005955,CID009986,KA85AB8182,Car
VH005956,CID009989,KA37AB4455,Car
VH005957,CID009992,KA65AB4658,Auto
VH005958,CID009994,KA79AB7226,Auto
VH005959,CID009995,KA84AB5403,Truck
VH005960,CID009996,KA50AB9462,Bike
VH005961,CID009999,KA47AB6748,Bike
