victim_id,case_id,citizen_id,injury_level
VIC000001,CASE001277,CID003772,Serious
VIC000002,CASE000100,CID001411,Critical
VIC000003,CASE003189,CID004359,Serious
VIC000004,CASE005279,CID001705,Minor
VIC000005,CASE002670,CID004694,Minor
VIC000006,CASE003295,CID006155,Minor
VIC000007,CASE006854,CID003503,Serious
VIC000008,CASE007342,CID009643,Serious
VIC000009,CASE007117,CID009955,None
VIC000010,CASE001277,CID000345,None
VIC000011,CASE008217,CID007055,Critical
VIC000012,CASE009762,CID006294,Critical
VIC000013,CASE005746,CID001753,None
VIC000014,CASE001427,CID005626,Minor
VIC000015,CASE007195,CID008778,Critical
VIC000016,CASE005887,CID007003,Serious
VIC000017,CASE000959,CID003536,Critical
VIC000018,CASE009574,CID005830,Serious
VIC000019,CASE001023,CID007777,Critical
VIC000020,CASE008561,CID002983,None
VIC000021,CASE005507,CID001130,Minor
VIC000022,CASE008637,CID004411,Minor
VIC000023,CASE002500,CID004807,Critical
VIC000024,CASE004758,CID009581,None
VIC000025,CASE009960,CID001925,Critical
VIC000026,CASE002052,CID000791,Minor
VIC000027,CASE001251,CID006170,Critical
VIC000028,CASE001619,CID000574,Critical
VIC000029,CASE004105,CID008554,None
VIC000030,CASE008661,CID008227,Serious
VIC000031,CASE004023,CID008505,Serious
VIC000032,CASE003551,CID009866,None
VIC000033,CASE008251,CID005496,None
VIC000034,CASE008011,CID002667,None
VIC000035,CASE004130,CID001774,Critical
VIC000036,CASE006061,CID000631,None
VIC000037,CASE006544,CID006686,Critical
VIC000038,CASE004314,CID009921,Minor
VIC000039,CASE004679,CID004240,Critical
VIC000040,CASE000125,CID001629,Serious
VIC000041,CASE001258,CID004419,Serious
VIC000042,CASE000617,CID009047,Minor
VIC000043,CASE005226,CID007559,None
VIC000044,CASE005959,CID001002,None
VIC000045,CASE003539,CID006091,Minor
VIC000046,CASE002995,CID004366,None
VIC000047,CASE009756,CID007673,Serious
VIC000048,CASE005953,CID003652,None
VIC000049,CASE007458,CID005018,Critical
VIC000050,CASE007745,CID000521,Serious
VIC000051,CASE005233,CID002795,None
VIC000052,CASE005959,CID005354,Critical
VIC000053,CASE004227,CID001700,Critical
VIC000054,CASE004827,CID003140,None
VIC000055,CASE005243,CID007154,None
VIC000056,CASE009904,CID006572,Serious
VIC000057,CASE006137,CID000794,Minor
VIC000058,CASE008238,CID008480,Minor
VIC000059,CASE009735,CID001848,Minor
VIC000060,CASE002066,CID005387,None
VIC000061,CASE009531,CID000969,None
VIC000062,CASE002567,CID002847,Critical
VIC000063,CASE006769,CID007696,Serious
VIC000064,CASE002726,CID007097,Minor
VIC000065,CASE006052,CID004413,Critical
VIC000066,CASE004899,CID000159,Minor
VIC000067,CASE000667,CID008730,None
VIC000068,CASE002428,CID009717,Serious
VIC000069,CASE005736,CID003243,Serious
VIC000070,CASE009649,CID007962,Serious
VIC000071,CASE004609,CID005075,Serious
VIC000072,CASE005433,CID003703,Serious
VIC000073,CASE006743,CID003259,Critical
VIC000074,CASE002521,CID001456,Serious
VIC000075,CASE004543,CID007527,Minor
VIC000076,CASE000120,CID008512,Critical
VIC000077,CASE005861,CID004650,Critical
VIC000078,CASE004129,CID000111,None
VIC000079,CASE006487,CID009328,None
VIC000080,CASE008894,CID000396,Serious
VIC000081,CASE005380,CID008908,None
VIC000082,CASE002347,CID007375,Critical
VIC000083,CASE008484,CID001253,None
VIC000084,CASE005159,CID001462,Critical
VIC000085,CASE009305,CID004681,Serious
VIC000086,CASE000265,CID009226,Serious
VIC000087,CASE003986,CID004904,Serious
VIC000088,CASE008925,CID000281,Critical
VIC000089,CASE005800,CID002889,Serious
VIC000090,CASE006594,CID007516,None
VIC000091,CASE009808,CID009511,Minor
VIC000092,CASE002159,CID003379,Minor
VIC000093,CASE008130,CID005237,Critical
VIC000094,CASE006344,CID003888,None
VIC000095,CASE009152,CID000596,Critical
VIC000096,CASE004831,CID007813,Minor
VIC000097,CASE000250,CID008741,Serious
VIC000098,CASE005240,CID006243,None
VIC000099,CASE001778,CID000848,None
VIC000100,CASE007771,CID000637,None
VIC000101,CASE008409,CID001980,Minor
VIC000102,CASE005540,CID004574,Critical
VIC000103,CASE008178,CID008060,Serious
VIC000104,CASE005021,CID002119,None
VIC000105,CASE003553,CID001550,None
VIC000106,CASE001135,CID006730,Minor
VIC000107,CASE001797,CID004179,Minor
VIC000108,CASE009966,CID005217,Serious
VIC000109,CASE007055,CID003145,Critical
VIC000110,CASE000011,CID002951,Minor
VIC000111,CASE009090,CID009786,None
VIC000112,CASE005343,CID005670,Minor
VIC000113,CASE007524,CID007351,Serious
VIC000114,CASE006232,CID000848,None
VIC000115,CASE003530,CID003003,None
VIC000116,CASE009665,CID002680,Serious
VIC000117,CASE002123,CID001337,Critical
VIC000118,CASE003275,CID000702,Critical
VIC000119,CASE007598,CID008280,Minor
VIC000120,CASE000663,CID000786,Minor
VIC000121,CASE004797,CID003868,Critical
VIC000122,CASE008574,CID001332,Minor
VIC000123,CASE002185,CID001893,Critical
VIC000124,CASE007524,CID002079,None
VIC000125,CASE003562,CID001779,Minor
VIC000126,CASE009755,CID004233,Minor
VIC000127,CASE005954,CID006715,Serious
VIC000128,CASE008431,CID007623,Critical
VIC000129,CASE009967,CID001135,Critical
VIC000130,CASE005841,CID001214,Serious
VIC000131,CASE003957,CID001923,Critical
VIC000132,CASE008248,CID006646,Critical
VIC000133,CASE007032,CID009884,Minor
VIC000134,CASE003250,CID004938,Serious
VIC000135,CASE006451,CID009384,Serious
VIC000136,CASE005882,CID008578,None
VIC000137,CASE005683,CID000673,Minor
VIC000138,CASE007084,CID005501,Serious
VIC000139,CASE005066,CID006849,Serious
VIC000140,CASE008457,CID002935,None
VIC000141,CASE000444,CID003430,Minor
VIC000142,CASE009622,CID001651,None
VIC000143,CASE001448,CID007108,Critical
VIC000144,CASE002386,CID003201,Minor
VIC000145,CASE004158,CID009954,None
VIC000146,CASE008077,CID009193,Critical
VIC000147,CASE008286,CID000112,None
VIC000148,CASE004604,CID001945,Critical
VIC000149,CASE005712,CID004722,None
VIC000150,CASE009969,CID000396,None
VIC000151,CASE008328,CID008453,None
VIC000152,CASE007615,CID009962,Critical
VIC000153,CASE006054,CID002277,Minor
VIC000154,CASE004851,CID004732,Serious
VIC000155,CASE007999,CID004917,None
VIC000156,CASE001816,CID003989,Serious
VIC000157,CASE005174,CID001767,Minor
VIC000158,CASE008597,CID008449,Minor
VIC000159,CASE004298,CID005001,Minor
VIC000160,CASE006057,CID008349,Serious
VIC000161,CASE009172,CID002108,Critical
VIC000162,CASE000245,CID004943,Minor
VIC000163,CASE004924,CID008212,None
VIC000164,CASE007271,CID003637,Critical
VIC000165,CASE002987,CID001404,None
VIC000166,CASE002067,CID008956,Serious
VIC000167,CASE005419,CID004762,Serious
VIC000168,CASE002863,CID002326,None
VIC000169,CASE009645,CID005523,Minor
VIC000170,CASE008597,CID004834,Critical
VIC000171,CASE007877,CID001266,Minor
VIC000172,CASE003457,CID006992,Minor
VIC000173,CASE008051,CID000710,None
VIC000174,CASE003794,CID007878,Minor
VIC000175,CASE003089,CID007154,None
VIC000176,CASE004964,CID009173,Minor
VIC000177,CASE003520,CID009100,None
VIC000178,CASE003885,CID001784,Minor
VIC000179,CASE004793,CID007960,Critical
VIC000180,CASE001300,CID008749,Serious
VIC000181,CASE008039,CID005959,Minor
VIC000182,CASE005733,CID003741,Minor
VIC000183,CASE007633,CID004716,Critical
VIC000184,CASE003918,CID001211,None
VIC000185,CASE008188,CID009759,Serious
VIC000186,CASE008329,CID000532,None
VIC000187,CASE005801,CID002119,Serious
VIC000188,CASE002351,CID006525,Serious
VIC000189,CASE006446,CID007959,None
VIC000190,CASE006277,CID002449,Minor
VIC000191,CASE008796,CID001853,Serious
VIC000192,CASE001589,CID001399,None
VIC000193,CASE000730,CID007629,None
VIC000194,CASE006624,CID000996,Serious
VIC000195,CASE009720,CID005490,None
VIC000196,CASE006305,CID007179,Serious
VIC000197,CASE005204,CID007641,None
VIC000198,CASE007102,CID000644,None
VIC000199,CASE000940,CID004455,Critical
VIC000200,CASE007571,CID000025,Critical
VIC000201,CASE002146,CID005758,Critical
VIC000202,CASE007193,CID002758,Serious
VIC000203,CASE009431,CID005826,Critical
VIC000204,CASE001061,CID006110,Serious
VIC000205,CASE005239,CID007825,Critical
VIC000206,CASE006253,CID009987,Critical
VIC000207,CASE008061,CID002449,None
VIC000208,CASE003949,CID004959,None
VIC000209,CASE002925,CID008988,Minor
VIC000210,CASE003985,CID004894,Serious
VIC000211,CASE007722,CID009965,Critical
VIC000212,CASE000540,CID008383,Serious
VIC000213,CASE008193,CID003538,None
VIC000214,CASE006225,CID009384,Serious
VIC000215,CASE002975,CID003529,None
VIC000216,CASE000760,CID007054,None
VIC000217,CASE006300,CID007673,Serious
VIC000218,CASE000949,CID002525,Critical
VIC000219,CASE006548,CID001961,None
VIC000220,CASE000454,CID008617,Critical
VIC000221,CASE008275,CID008879,Critical
VIC000222,CASE007895,CID006959,Minor
VIC000223,CASE009414,CID007674,Critical
VIC000224,CASE007731,CID000488,Critical
VIC000225,CASE006990,CID000357,Serious
VIC000226,CASE004341,CID005746,None
VIC000227,CASE002856,CID009164,None
VIC000228,CASE006690,CID000822,None
VIC000229,CASE007830,CID006514,Critical
VIC000230,CASE000323,CID002497,Serious
VIC000231,CASE003632,CID004255,Serious
VIC000232,CASE005585,CID001872,Critical
VIC000233,CASE001738,CID002346,Serious
VIC000234,CASE007107,CID000987,Critical
VIC000235,CASE008611,CID003909,Serious
VIC000236,CASE006687,CID005174,Serious
VIC000237,CASE004573,CID000889,Serious
VIC000238,CASE001558,CID004342,None
VIC000239,CASE002436,CID008074,None
VIC000240,CASE004733,CID005101,None
VIC000241,CASE008752,CID000768,None
VIC000242,CASE003009,CID006868,None
VIC000243,CASE002724,CID000641,Serious
VIC000244,CASE006992,CID007747,None
VIC000245,CASE002830,CID006948,Critical
VIC000246,CASE008712,CID005275,Critical
VIC000247,CASE001369,CID005395,Serious
VIC000248,CASE004258,CID008387,None
VIC000249,CASE003326,CID002638,Minor
VIC000250,CASE001555,CID008631,Serious
VIC000251,CASE004614,CID006099,None
VIC000252,CASE007782,CID000017,Critical
VIC000253,CASE000826,CID007546,Critical
VIC000254,CASE004161,CID008297,None
VIC000255,CASE004597,CID001586,Serious
VIC000256,CASE009337,CID003905,Serious
VIC000257,CASE009546,CID000643,Critical
VIC000258,CASE006575,CID003839,Serious
VIC000259,CASE005455,CID005008,Minor
VIC000260,CASE009297,CID006304,Serious
VIC000261,CASE008317,CID005675,Serious
VIC000262,CASE000265,CID003145,None
VIC000263,CASE005409,CID006518,Critical
VIC000264,CASE000243,CID009352,Serious
VIC000265,CASE001828,CID002802,Serious
VIC000266,CASE005282,CID006100,None
VIC000267,CASE007320,CID008999,Critical
VIC000268,CASE000468,CID000571,None
VIC000269,CASE001194,CID001678,Critical
VIC000270,CASE009461,CID002564,Serious
VIC000271,CASE009517,CID006749,Minor
VIC000272,CASE003396,CID001266,None
VIC000273,CASE008126,CID004093,Critical
VIC000274,CASE005485,CID005736,Critical
VIC000275,CASE005469,CID007506,Serious
VIC000276,CASE005033,CID004349,Serious
VIC000277,CASE000317,CID007970,Minor
VIC000278,CASE002836,CID000211,Serious
VIC000279,CASE004333,CID006081,Minor
VIC000280,CASE007532,CID003698,Critical
VIC000281,CASE005676,CID003596,Serious
VIC000282,CASE003529,CID004629,Critical
VIC000283,CASE000889,CID002087,Critical
VIC000284,CASE004492,CID000041,None
VIC000285,CASE005219,CID001396,Minor
VIC000286,CASE001401,CID002968,None
VIC000287,CASE007065,CID002135,Critical
VIC000288,CASE007547,CID009193,Minor
VIC000289,CASE005657,CID008300,Minor
VIC000290,CASE003078,CID000283,None
VIC000291,CASE003583,CID000097,None
VIC000292,CASE003057,CID009567,Minor
VIC000293,CASE004032,CID002579,Minor
VIC000294,CASE000865,CID002999,Critical
VIC000295,CASE009703,CID005661,Minor
VIC000296,CASE000703,CID004921,None
VIC000297,CASE008543,CID002068,Critical
VIC000298,CASE001165,CID001720,Serious
VIC000299,CASE008003,CID002679,Critical
VIC000300,CASE003545,CID007111,None
VIC000301,CASE008661,CID002867,Serious
VIC000302,CASE005035,CID007103,Serious
VIC000303,CASE001036,CID009906,None
VIC000304,CASE007925,CID009457,Serious
VIC000305,CASE002868,CID002800,Serious
VIC000306,CASE005842,CID005520,None
VIC000307,CASE003614,CID002539,Critical
VIC000308,CASE002466,CID003953,Minor
VIC000309,CASE009141,CID001160,Minor
VIC000310,CASE002228,CID006820,Serious
VIC000311,CASE001781,CID009525,None
VIC000312,CASE008701,CID001669,Critical
VIC000313,CASE000136,CID000658,None
VIC000314,CASE004122,CID003078,Critical
VIC000315,CASE008437,CID004536,Serious
VIC000316,CASE007919,CID006306,Minor
VIC000317,CASE002463,CID007224,Critical
VIC000318,CASE005006,CID000117,None
VIC000319,CASE009205,CID007902,None
VIC000320,CASE005494,CID003724,Serious
VIC000321,CASE001459,CID001903,Critical
VIC000322,CASE005791,CID009218,Minor
VIC000323,CASE005376,CID007670,Minor
VIC000324,CASE000238,CID008388,None
VIC000325,CASE003124,CID007276,Serious
VIC000326,CASE009138,CID008664,None
VIC000327,CASE005329,CID005226,None
VIC000328,CASE003749,CID007982,Minor
VIC000329,CASE000641,CID005620,Minor
VIC000330,CASE004404,CID003718,None
VIC000331,CASE005743,CID006766,Serious
VIC000332,CASE005534,CID005230,Critical
VIC000333,CASE005533,CID010000,Minor
VIC000334,CASE008349,CID008346,Minor
VIC000335,CASE009681,CID007357,None
VIC000336,CASE003526,CID008693,Serious
VIC000337,CASE007108,CID008815,Serious
VIC000338,CASE003538,CID005531,None
VIC000339,CASE009872,CID003455,Critical
VIC000340,CASE009665,CID000852,Serious
VIC000341,CASE003458,CID000720,Serious
VIC000342,CASE005658,CID006361,Critical
VIC000343,CASE002507,CID009547,Serious
VIC000344,CASE008350,CID009705,Critical
VIC000345,CASE005334,CID001203,Minor
VIC000346,CASE006105,CID001254,Serious
VIC000347,CASE001570,CID007412,Minor
VIC000348,CASE007668,CID001257,Serious
VIC000349,CASE004254,CID004638,Critical
VIC000350,CASE002446,CID005499,Serious
VIC000351,CASE002986,CID002502,Critical
VIC000352,CASE003547,CID004900,Critical
VIC000353,CASE009220,CID005869,Minor
VIC000354,CASE005381,CID004031,None
VIC000355,CASE000242,CID008663,Serious
VIC000356,CASE002759,CID009041,Minor
VIC000357,CASE001775,CID000027,Critical
VIC000358,CASE008793,CID006023,Minor
VIC000359,CASE009197,CID002711,Minor
VIC000360,CASE000080,CID002926,None
VIC000361,CASE008694,CID002053,Minor
VIC000362,CASE001412,CID008391,Serious
VIC000363,CASE007715,CID008702,None
VIC000364,CASE000672,CID002211,None
VIC000365,CASE001823,CID002367,Serious
VIC000366,CASE006046,CID008463,Serious
VIC000367,CASE009622,CID000323,None
VIC000368,CASE000556,CID009164,Critical
VIC000369,CASE006437,CID005489,None
VIC000370,CASE007863,CID002203,Minor
VIC000371,CASE004122,CID005468,Critical
VIC000372,CASE005694,CID007962,None
VIC000373,CASE001959,CID002655,Minor
VIC000374,CASE004549,CID002248,None
VIC000375,CASE009440,CID007097,Serious
VIC000376,CASE005086,CID004683,Serious
VIC000377,CASE005831,CID005041,Minor
VIC000378,CASE007176,CID008720,Minor
VIC000379,CASE008152,CID000853,Serious
VIC000380,CASE006579,CID005464,Minor
VIC000381,CASE008048,CID009031,Minor
VIC000382,CASE006726,CID004217,None
VIC000383,CASE008631,CID008330,None
VIC000384,CASE005515,CID003212,None
VIC000385,CASE005027,CID008072,Serious
VIC000386,CASE000863,CID000609,Minor
VIC000387,CASE000407,CID002361,Serious
VIC000388,CASE000051,CID001876,Minor
VIC000389,CASE008196,CID000502,None
VIC000390,CASE004337,CID001140,Minor
VIC000391,CASE005257,CID002072,Serious
VIC000392,CASE007596,CID009402,Critical
VIC000393,CASE008706,CID009871,None
VIC000394,CASE001424,CID004631,None
VIC000395,CASE000726,CID004417,Minor
VIC000396,CASE003717,CID002301,Critical
VIC000397,CASE004295,CID000069,Minor
VIC000398,CASE008303,CID004986,Critical
VIC000399,CASE004520,CID008764,Minor
VIC000400,CASE009147,CID009556,Minor
VIC000401,CASE001490,CID007848,Minor
VIC000402,CASE008543,CID007939,Serious
VIC000403,CASE001354,CID006792,Serious
VIC000404,CASE006832,CID004173,Minor
VIC000405,CASE000536,CID008549,Minor
VIC000406,CASE001921,CID000858,None
VIC000407,CASE008865,CID009902,Serious
VIC000408,CASE000380,CID004455,None
VIC000409,CASE007676,CID006316,Minor
VIC000410,CASE004985,CID004940,None
VIC000411,CASE007998,CID004937,Serious
VIC000412,CASE001781,CID008157,None
VIC000413,CASE000796,CID000459,None
VIC000414,CASE002982,CID004699,Serious
VIC000415,CASE008882,CID005639,Serious
VIC000416,CASE000713,CID009030,Serious
VIC000417,CASE000802,CID002615,None
VIC000418,CASE000101,CID003900,None
VIC000419,CASE003065,CID003918,Critical
VIC000420,CASE006087,CID005521,Serious
VIC000421,CASE007606,CID007557,Minor
VIC000422,CASE005216,CID000149,Minor
VIC000423,CASE006275,CID005707,Serious
VIC000424,CASE001841,CID001776,None
VIC000425,CASE003429,CID002920,None
VIC000426,CASE002521,CID006110,None
VIC000427,CASE007644,CID000925,Minor
VIC000428,CASE007600,CID009721,Minor
VIC000429,CASE001031,CID003245,Serious
VIC000430,CASE000564,CID001639,Minor
VIC000431,CASE007149,CID006800,Minor
VIC000432,CASE001469,CID004072,None
VIC000433,CASE008448,CID000135,Serious
VIC000434,CASE007377,CID006578,Minor
VIC000435,CASE004460,CID008038,Serious
VIC000436,CASE007232,CID006057,Serious
VIC000437,CASE002343,CID002112,Minor
VIC000438,CASE006375,CID009419,Serious
VIC000439,CASE003344,CID007435,Serious
VIC000440,CASE002515,CID009954,Minor
VIC000441,CASE002375,CID005467,None
VIC000442,CASE003331,CID002209,Serious
VIC000443,CASE007292,CID005631,None
VIC000444,CASE009853,CID008550,Minor
VIC000445,CASE007310,CID004015,None
VIC000446,CASE000944,CID001331,None
VIC000447,CASE008508,CID004950,Serious
VIC000448,CASE008125,CID008006,Critical
VIC000449,CASE002721,CID004925,Critical
VIC000450,CASE004105,CID003580,Serious
VIC000451,CASE007016,CID009008,Critical
VIC000452,CASE004387,CID002534,None
VIC000453,CASE008983,CID008913,Critical
VIC000454,CASE003608,CID000676,Minor
VIC000455,CASE001168,CID002742,None
VIC000456,CASE000088,CID004654,Serious
VIC000457,CASE000464,CID009969,Critical
VIC000458,CASE006052,CID002321,Critical
VIC000459,CASE009994,CID007554,Serious
VIC000460,CASE000780,CID008919,Critical
VIC000461,CASE008579,CID001195,Minor
VIC000462,CASE006842,CID001782,Minor
VIC000463,CASE005420,CID004068,None
VIC000464,CASE005628,CID000669,None
VIC000465,CASE008015,CID005027,Critical
VIC000466,CASE001817,CID009519,Critical
VIC000467,CASE008348,CID008390,None
VIC000468,CASE009784,CID001584,Minor
VIC000469,CASE009914,CID001504,Minor
VIC000470,CASE009238,CID005245,Serious
VIC000471,CASE008936,CID006473,Minor
VIC000472,CASE007070,CID003183,Serious
VIC000473,CASE000654,CID008458,Critical
VIC000474,CASE004172,CID007378,Critical
VIC000475,CASE008394,CID006798,Minor
VIC000476,CASE000741,CID003216,Critical
VIC000477,CASE007518,CID001788,None
VIC000478,CASE000742,CID005351,None
VIC000479,CASE006449,CID009387,Serious
VIC000480,CASE004060,CID003679,Critical
VIC000481,CASE003307,CID007839,Minor
VIC000482,CASE006370,CID001522,Critical
VIC000483,CASE005460,CID000926,Minor
VIC000484,CASE005002,CID008083,None
VIC000485,CASE003052,CID005622,Serious
VIC000486,CASE009916,CID004018,Minor
VIC000487,CASE003141,CID009872,Critical
VIC000488,CASE003243,CID004561,Serious
VIC000489,CASE001505,CID009856,Serious
VIC000490,CASE003969,CID006357,Minor
VIC000491,CASE006436,CID000694,Minor
VIC000492,CASE005152,CID004223,Serious
VIC000493,CASE001176,CID005484,Minor
VIC000494,CASE001543,CID003049,Critical
VIC000495,CASE008479,CID003603,None
VIC000496,CASE001611,CID001114,None
VIC000497,CASE002182,CID008552,Serious
VIC000498,CASE002924,CID000169,Critical
VIC000499,CASE007405,CID001802,None
VIC000500,CASE002650,CID009658,Minor
VIC000501,CASE001227,CID003490,Serious
VIC000502,CASE002024,CID005702,None
VIC000503,CASE008905,CID008837,Minor
VIC000504,CASE000497,CID004438,Critical
VIC000505,CASE008618,CID002157,Minor
VIC000506,CASE007097,CID003564,Serious
VIC000507,CASE007671,CID002559,Serious
VIC000508,CASE009279,CID008263,Minor
VIC000509,CASE005535,CID008089,Serious
VIC000510,CASE004812,CID004508,Minor
VIC000511,CASE001082,CID009020,None
VIC000512,CASE005244,CID007953,Minor
VIC000513,CASE008367,CID008237,Minor
VIC000514,CASE009363,CID008705,None
VIC000515,CASE000942,CID006616,None
VIC000516,CASE005826,CID001941,Critical
VIC000517,CASE004884,CID003999,None
VIC000518,CASE000128,CID008046,Minor
VIC000519,CASE003643,CID006107,Serious
VIC000520,CASE000837,CID008404,Critical
VIC000521,CASE007004,CID004359,None
VIC000522,CASE001708,CID001807,Minor
VIC000523,CASE008753,CID004257,Minor
VIC000524,CASE006641,CID002350,Serious
VIC000525,CASE005330,CID002318,Critical
VIC000526,CASE002762,CID006158,Serious
VIC000527,CASE003755,CID006059,None
VIC000528,CASE002455,CID008099,Critical
VIC000529,CASE000871,CID003374,None
VIC000530,CASE002445,CID005669,Serious
VIC000531,CASE006050,CID006743,Critical
VIC000532,CASE004379,CID005671,Serious
VIC000533,CASE006788,CID003898,Serious
VIC000534,CASE008153,CID009583,None
VIC000535,CASE004130,CID006308,None
VIC000536,CASE003946,CID009109,None
VIC000537,CASE000340,CID004474,Minor
VIC000538,CASE003458,CID008719,Critical
VIC000539,CASE009207,CID004243,None
VIC000540,CASE004007,CID005476,Serious
VIC000541,CASE005661,CID009928,None
VIC000542,CASE000707,CID002259,Serious
VIC000543,CASE000133,CID001537,Critical
VIC000544,CASE008696,CID008455,Serious
VIC000545,CASE009475,CID002550,None
VIC000546,CASE002113,CID008500,Critical
VIC000547,CASE009070,CID004461,None
VIC000548,CASE009732,CID007632,Serious
VIC000549,CASE007810,CID002126,Minor
VIC000550,CASE005496,CID000974,Critical
VIC000551,CASE009914,CID002096,Minor
VIC000552,CASE003742,CID000511,None
VIC000553,CASE002686,CID005324,Critical
VIC000554,CASE001359,CID000797,Minor
VIC000555,CASE004168,CID002744,None
VIC000556,CASE000412,CID009636,None
VIC000557,CASE002190,CID002184,Serious
VIC000558,CASE007830,CID008846,Serious
VIC000559,CASE002069,CID004301,Minor
VIC000560,CASE001691,CID001550,None
VIC000561,CASE009551,CID007445,Critical
VIC000562,CASE000046,CID004730,None
VIC000563,CASE007843,CID009313,Critical
VIC000564,CASE005767,CID004505,None
VIC000565,CASE008931,CID001280,Minor
VIC000566,CASE000845,CID002302,Minor
VIC000567,CASE009114,CID004186,Minor
VIC000568,CASE005398,CID000441,Minor
VIC000569,CASE007822,CID005172,Critical
VIC000570,CASE006356,CID004336,Minor
VIC000571,CASE002043,CID005826,Minor
VIC000572,CASE001266,CID008348,Critical
VIC000573,CASE002313,CID005725,None
VIC000574,CASE004793,CID007662,Minor
VIC000575,CASE009111,CID008871,Serious
VIC000576,CASE009051,CID001102,None
VIC000577,CASE008575,CID005315,Serious
VIC000578,CASE009718,CID004954,Serious
VIC000579,CASE008882,CID006877,None
VIC000580,CASE004092,CID002212,Serious
VIC000581,CASE008186,CID005925,Critical
VIC000582,CASE000661,CID008094,Critical
VIC000583,CASE001396,CID005502,None
VIC000584,CASE006372,CID007105,Critical
VIC000585,CASE003526,CID000037,None
VIC000586,CASE002051,CID009588,Critical
VIC000587,CASE005931,CID002010,None
VIC000588,CASE000352,CID005371,Minor
VIC000589,CASE004342,CID002213,Critical
VIC000590,CASE001030,CID008313,Critical
VIC000591,CASE001557,CID004060,Critical
VIC000592,CASE002526,CID006640,Serious
VIC000593,CASE000758,CID006065,Minor
VIC000594,CASE007133,CID000148,Critical
VIC000595,CASE007775,CID002484,None
VIC000596,CASE007845,CID008649,None
VIC000597,CASE000298,CID006881,Serious
VIC000598,CASE009229,CID003077,None
VIC000599,CASE008300,CID007512,Minor
VIC000600,CASE008960,CID003251,None
VIC000601,CASE003298,CID004765,Minor
VIC000602,CASE009653,CID000223,Critical
VIC000603,CASE003889,CID004089,None
VIC000604,CASE005187,CID002941,None
VIC000605,CASE004560,CID005561,None
VIC000606,CASE007358,CID007601,Serious
VIC000607,CASE008111,CID003924,Serious
VIC000608,CASE002174,CID001942,Serious
VIC000609,CASE003703,CID004765,Critical
VIC000610,CASE008239,CID006621,Minor
VIC000611,CASE006287,CID001844,Critical
VIC000612,CASE006214,CID009399,None
VIC000613,CASE004147,CID001497,None
VIC000614,CASE005889,CID002949,None
VIC000615,CASE005109,CID000911,None
VIC000616,CASE009612,CID002754,Minor
VIC000617,CASE001544,CID003949,Critical
VIC000618,CASE003559,CID005738,Critical
VIC000619,CASE003157,CID005517,None
VIC000620,CASE006413,CID009311,Serious
VIC000621,CASE006484,CID007953,None
VIC000622,CASE004342,CID000517,Serious
VIC000623,CASE002000,CID005136,Serious
VIC000624,CASE005387,CID004986,Critical
VIC000625,CASE009559,CID000423,Critical
VIC000626,CASE006636,CID009572,Minor
VIC000627,CASE009952,CID009540,None
VIC000628,CASE008874,CID007983,None
VIC000629,CASE005866,CID004040,None
VIC000630,CASE000758,CID009488,Critical
VIC000631,CASE004147,CID006981,Critical
VIC000632,CASE009426,CID005453,Serious
VIC000633,CASE005762,CID002927,Serious
VIC000634,CASE005591,CID003012,Serious
VIC000635,CASE003270,CID004629,None
VIC000636,CASE000196,CID007912,Critical
VIC000637,CASE005714,CID009337,Serious
VIC000638,CASE005787,CID001224,None
VIC000639,CASE004828,CID008595,Serious
VIC000640,CASE000703,CID003750,Critical
VIC000641,CASE000097,CID000576,Critical
VIC000642,CASE009383,CID002527,Minor
VIC000643,CASE000347,CID005606,None
VIC000644,CASE006481,CID002426,Critical
VIC000645,CASE003850,CID001138,Critical
VIC000646,CASE008482,CID008593,Minor
VIC000647,CASE005624,CID007392,Critical
VIC000648,CASE008023,CID000047,Serious
VIC000649,CASE001499,CID005992,Minor
VIC000650,CASE008614,CID000487,Critical
VIC000651,CASE001745,CID007573,None
VIC000652,CASE008645,CID007104,Serious
VIC000653,CASE005783,CID002637,Serious
VIC000654,CASE007237,CID000989,Critical
VIC000655,CASE005285,CID006098,Critical
VIC000656,CASE005558,CID005703,Serious
VIC000657,CASE002928,CID005561,Serious
VIC000658,CASE004798,CID005470,None
VIC000659,CASE005435,CID008463,Critical
VIC000660,CASE008785,CID008851,None
VIC000661,CASE006569,CID002170,Minor
VIC000662,CASE007830,CID008213,Minor
VIC000663,CASE002977,CID001919,None
VIC000664,CASE002311,CID009937,Critical
VIC000665,CASE003534,CID000674,Minor
VIC000666,CASE002726,CID005993,Critical
VIC000667,CASE002500,CID001002,Minor
VIC000668,CASE007803,CID008414,Critical
VIC000669,CASE000974,CID005471,Minor
VIC000670,CASE001847,CID003386,Critical
VIC000671,CASE007088,CID001197,None
VIC000672,CASE001437,CID000855,Critical
VIC000673,CASE006344,CID005043,Serious
VIC000674,CASE006325,CID004814,Critical
VIC000675,CASE008863,CID009252,Minor
VIC000676,CASE003285,CID007076,Critical
VIC000677,CASE006954,CID000493,Minor
VIC000678,CASE009505,CID001386,Serious
VIC000679,CASE006976,CID000390,None
VIC000680,CASE006970,CID008772,None
VIC000681,CASE003845,CID001694,Minor
VIC000682,CASE004147,CID007817,None
VIC000683,CASE009049,CID004783,Minor
VIC000684,CASE005409,CID003945,Minor
VIC000685,CASE008788,CID005347,None
VIC000686,CASE004517,CID002968,None
VIC000687,CASE000211,CID005667,Serious
VIC000688,CASE003790,CID005295,Serious
VIC000689,CASE006116,CID004259,None
VIC000690,CASE009470,CID008220,Minor
VIC000691,CASE000359,CID003561,None
VIC000692,CASE003249,CID003644,Critical
VIC000693,CASE009387,CID000448,Minor
VIC000694,CASE008716,CID009819,Serious
VIC000695,CASE003787,CID001030,Serious
VIC000696,CASE003704,CID003296,Critical
VIC000697,CASE007390,CID005731,Critical
VIC000698,CASE008798,CID007528,Critical
VIC000699,CASE005916,CID001986,None
VIC000700,CASE002067,CID000385,Critical
VIC000701,CASE002389,CID006282,Critical
VIC000702,CASE004977,CID002537,Serious
VIC000703,CASE004278,CID003916,None
VIC000704,CASE005033,CID001711,Minor
VIC000705,CASE007671,CID005039,None
VIC000706,CASE006155,CID009991,Serious
VIC000707,CASE004868,CID007579,Minor
VIC000708,CASE007506,CID004023,Serious
VIC000709,CASE000835,CID001234,Minor
VIC000710,CASE002056,CID007867,Critical
VIC000711,CASE004631,CID007667,Critical
VIC000712,CASE001920,CID005836,Critical
VIC000713,CASE000812,CID002767,Serious
VIC000714,CASE009269,CID003754,Critical
VIC000715,CASE008929,CID008268,None
VIC000716,CASE004870,CID002288,Serious
VIC000717,CASE004096,CID004758,None
VIC000718,CASE002091,CID006714,None
VIC000719,CASE006882,CID000075,Minor
VIC000720,CASE007425,CID004569,None
VIC000721,CASE003548,CID005212,Serious
VIC000722,CASE001088,CID007761,None
VIC000723,CASE003650,CID009274,Critical
VIC000724,CASE000106,CID003406,Serious
VIC000725,CASE005116,CID003059,Minor
VIC000726,CASE005181,CID005641,Minor
VIC000727,CASE005398,CID008009,None
VIC000728,CASE004237,CID000246,None
VIC000729,CASE004058,CID008403,None
VIC000730,CASE009530,CID004609,None
VIC000731,CASE006888,CID002953,Serious
VIC000732,CASE007677,CID001984,None
VIC000733,CASE002434,CID007659,Minor
VIC000734,CASE008816,CID005564,Minor
VIC000735,CASE008292,CID002928,Critical
VIC000736,CASE008206,CID008620,None
VIC000737,CASE008532,CID008489,Serious
VIC000738,CASE003770,CID009060,Serious
VIC000739,CASE001739,CID007880,Critical
VIC000740,CASE009265,CID002132,None
VIC000741,CASE006001,CID000867,None
VIC000742,CASE001042,CID001816,Minor
VIC000743,CASE006248,CID002218,Minor
VIC000744,CASE009143,CID004513,Serious
VIC000745,CASE001385,CID009662,Serious
VIC000746,CASE009287,CID000040,Critical
VIC000747,CASE002617,CID002377,None
VIC000748,CASE004201,CID004219,Critical
VIC000749,CASE007230,CID006815,Critical
VIC000750,CASE006557,CID008854,Serious
VIC000751,CASE006711,CID007261,Critical
VIC000752,CASE005738,CID005585,Critical
VIC000753,CASE005791,CID007529,Minor
VIC000754,CASE000574,CID003922,Serious
VIC000755,CASE001242,CID009088,Serious
VIC000756,CASE001061,CID002963,None
VIC000757,CASE004932,CID006928,Minor
VIC000758,CASE002984,CID003673,Serious
VIC000759,CASE009625,CID000685,Critical
VIC000760,CASE002908,CID001563,Serious
VIC000761,CASE005794,CID001312,None
VIC000762,CASE007591,CID006880,Critical
VIC000763,CASE005528,CID000509,Serious
VIC000764,CASE008630,CID007896,Serious
VIC000765,CASE001006,CID001017,None
VIC000766,CASE000874,CID001332,Serious
VIC000767,CASE000753,CID001749,Minor
VIC000768,CASE009246,CID001567,Critical
VIC000769,CASE001943,CID004390,None
VIC000770,CASE001687,CID005113,Critical
VIC000771,CASE006615,CID001006,Minor
VIC000772,CASE008910,CID009622,Minor
VIC000773,CASE004029,CID000653,Serious
VIC000774,CASE005302,CID004035,Serious
VIC000775,CASE003594,CID003705,Critical
VIC000776,CASE009195,CID001980,Minor
VIC000777,CASE008086,CID000606,Minor
VIC000778,CASE002303,CID003787,Serious
VIC000779,CASE002984,CID000631,Serious
VIC000780,CASE007142,CID003515,Serious
VIC000781,CASE002858,CID001261,Minor
VIC000782,CASE008108,CID007526,Minor
VIC000783,CASE002984,CID000257,Serious
VIC000784,CASE006032,CID006969,Serious
VIC000785,CASE000234,CID001948,Minor
VIC000786,CASE002458,CID004937,None
VIC000787,CASE006610,CID003925,None
VIC000788,CASE007669,CID002338,Minor
VIC000789,CASE002288,CID004268,Minor
VIC000790,CASE000474,CID007405,None
VIC000791,CASE002421,CID001910,Critical
VIC000792,CASE008654,CID000293,Serious
VIC000793,CASE007626,CID007712,Minor
VIC000794,CASE001917,CID007479,Serious
VIC000795,CASE004397,CID009903,Serious
VIC000796,CASE000621,CID001528,None
VIC000797,CASE004686,CID008020,Serious
VIC000798,CASE008207,CID008443,Critical
VIC000799,CASE008538,CID006727,Minor
VIC000800,CASE000194,CID004105,Serious
VIC000801,CASE002524,CID005111,Minor
VIC000802,CASE008936,CID005196,Serious
VIC000803,CASE001381,CID007357,None
VIC000804,CASE005199,CID005122,Minor
VIC000805,CASE000722,CID002525,Serious
VIC000806,CASE004749,CID005402,Minor
VIC000807,CASE000671,CID003647,None
VIC000808,CASE002596,CID005039,Critical
VIC000809,CASE002178,CID005596,Minor
VIC000810,CASE001784,CID009822,Critical
VIC000811,CASE002132,CID000261,Minor
VIC000812,CASE006796,CID007995,Serious
VIC000813,CASE006506,CID006030,None
VIC000814,CASE007149,CID001548,None
VIC000815,CASE007504,CID006488,Serious
VIC000816,CASE007417,CID006766,Critical
VIC000817,CASE002469,CID009859,Serious
VIC000818,CASE006821,CID001963,Serious
VIC000819,CASE006436,CID003616,Serious
VIC000820,CASE003480,CID004224,None
VIC000821,CASE002679,CID002476,None
VIC000822,CASE001997,CID008423,Serious
VIC000823,CASE003971,CID006878,Serious
VIC000824,CASE007770,CID009312,Critical
VIC000825,CASE000529,CID009609,Minor
VIC000826,CASE001023,CID006817,Minor
VIC000827,CASE002449,CID000694,Minor
VIC000828,CASE009025,CID006219,Critical
VIC000829,CASE008107,CID001144,Serious
VIC000830,CASE003128,CID005185,Minor
VIC000831,CASE007679,CID004121,None
VIC000832,CASE001885,CID000556,Critical
VIC000833,CASE008444,CID006873,Serious
VIC000834,CASE004793,CID001844,Critical
VIC000835,CASE003167,CID003719,Critical
VIC000836,CASE006830,CID006013,Serious
VIC000837,CASE004009,CID007471,Serious
VIC000838,CASE002801,CID008374,Critical
VIC000839,CASE000909,CID009075,Minor
VIC000840,CASE005103,CID000091,Serious
VIC000841,CASE000077,CID007290,Serious
VIC000842,CASE004030,CID002423,Critical
VIC000843,CASE004571,CID007896,Minor
VIC000844,CASE001402,CID001501,Serious
VIC000845,CASE009790,CID004457,None
VIC000846,CASE005476,CID005859,None
VIC000847,CASE005233,CID000357,Serious
VIC000848,CASE009923,CID002284,Minor
VIC000849,CASE001989,CID002593,Minor
VIC000850,CASE002052,CID008939,Serious
VIC000851,CASE007555,CID004458,Minor
VIC000852,CASE008729,CID005879,Minor
VIC000853,CASE003429,CID001903,Critical
VIC000854,CASE006164,CID002880,None
VIC000855,CASE008097,CID006333,Minor
VIC000856,CASE004456,CID009956,Critical
VIC000857,CASE001126,CID003987,Serious
VIC000858,CASE005889,CID007030,None
VIC000859,CASE003901,CID009299,Serious
VIC000860,CASE001613,CID005408,Critical
VIC000861,CASE007596,CID007301,Minor
VIC000862,CASE008612,CID001920,Minor
VIC000863,CASE006516,CID009734,None
VIC000864,CASE003413,CID008883,Serious
VIC000865,CASE006150,CID003356,Serious
VIC000866,CASE007894,CID003755,None
VIC000867,CASE001659,CID005221,Serious
VIC000868,CASE009978,CID000667,Serious
VIC000869,CASE000757,CID008291,Minor
VIC000870,CASE001132,CID009435,None
VIC000871,CASE001816,CID000694,None
VIC000872,CASE006217,CID000809,Serious
VIC000873,CASE001624,CID009486,Serious
VIC000874,CASE000832,CID001665,Critical
VIC000875,CASE001110,CID000008,Minor
VIC000876,CASE001052,CID006084,Serious
VIC000877,CASE000945,CID009346,None
VIC000878,CASE006806,CID000023,Critical
VIC000879,CASE003067,CID007810,Critical
VIC000880,CASE002197,CID008822,None
VIC000881,CASE007085,CID004988,Critical
VIC000882,CASE003348,CID006603,Minor
VIC000883,CASE002227,CID002540,Minor
VIC000884,CASE002708,CID006859,Serious
VIC000885,CASE005129,CID001448,None
VIC000886,CASE008602,CID005304,None
VIC000887,CASE006370,CID003527,Critical
VIC000888,CASE007958,CID005398,Minor
VIC000889,CASE005021,CID009248,Serious
VIC000890,CASE002762,CID009657,None
VIC000891,CASE004988,CID006483,Serious
VIC000892,CASE005916,CID009707,Critical
VIC000893,CASE005141,CID007859,Serious
VIC000894,CASE004852,CID003932,Minor
VIC000895,CASE002164,CID007259,None
VIC000896,CASE005286,CID007927,Serious
VIC000897,CASE001887,CID005480,Critical
VIC000898,CASE004246,CID002027,Minor
VIC000899,CASE001555,CID008918,Critical
VIC000900,CASE003904,CID009760,None
VIC000901,CASE009892,CID009911,Minor
VIC000902,CASE003394,CID006537,Critical
VIC000903,CASE000883,CID002124,None
VIC000904,CASE002065,CID006308,None
VIC000905,CASE008616,CID000485,Critical
VIC000906,CASE009002,CID008120,None
VIC000907,CASE008941,CID001295,None
VIC000908,CASE005326,CID009337,Critical
VIC000909,CASE005043,CID009518,None
VIC000910,CASE006147,CID004246,Serious
VIC000911,CASE006126,CID004813,Critical
VIC000912,CASE007297,CID006055,Critical
VIC000913,CASE008901,CID001392,None
VIC000914,CASE004671,CID004061,Critical
VIC000915,CASE004031,CID009519,Critical
VIC000916,CASE007395,CID004624,None
VIC000917,CASE003380,CID009255,None
VIC000918,CASE009507,CID003089,Minor
VIC000919,CASE001881,CID009669,None
VIC000920,CASE006048,CID007512,Serious
VIC000921,CASE003237,CID000264,None
VIC000922,CASE007835,CID006647,None
VIC000923,CASE002055,CID008003,Serious
VIC000924,CASE005211,CID001596,Minor
VIC000925,CASE003317,CID001411,Minor
VIC000926,CASE006652,CID009795,Serious
VIC000927,CASE006773,CID003386,Serious
VIC000928,CASE006508,CID002048,Critical
VIC000929,CASE004911,CID004043,Serious
VIC000930,CASE002651,CID002520,Critical
VIC000931,CASE006819,CID005356,Critical
VIC000932,CASE009403,CID000824,Minor
VIC000933,CASE002893,CID008215,Serious
VIC000934,CASE005982,CID006626,Serious
VIC000935,CASE004502,CID006322,Serious
VIC000936,CASE002316,CID008781,None
VIC000937,CASE008713,CID004803,Critical
VIC000938,CASE008734,CID000351,Critical
VIC000939,CASE009754,CID008691,Critical
VIC000940,CASE001097,CID003599,Critical
VIC000941,CASE007617,CID005797,Critical
VIC000942,CASE005790,CID007262,Serious
VIC000943,CASE009133,CID000560,Critical
VIC000944,CASE003345,CID004250,None
VIC000945,CASE000822,CID001136,Critical
VIC000946,CASE008792,CID004585,Serious
VIC000947,CASE007772,CID004493,Minor
VIC000948,CASE000619,CID000654,Minor
VIC000949,CASE008652,CID005819,None
VIC000950,CASE005199,CID001426,Serious
VIC000951,CASE005566,CID008437,Minor
VIC000952,CASE002105,CID003347,None
VIC000953,CASE007676,CID000085,Serious
VIC000954,CASE005121,CID002936,Serious
VIC000955,CASE003082,CID004003,Minor
VIC000956,CASE003406,CID004805,Critical
VIC000957,CASE008111,CID002804,Serious
VIC000958,CASE007501,CID002124,None
VIC000959,CASE003269,CID009944,Critical
VIC000960,CASE005950,CID006173,Serious
VIC000961,CASE009332,CID002988,Serious
VIC000962,CASE009943,CID004071,Serious
VIC000963,CASE000094,CID004952,Serious
VIC000964,CASE004186,CID005709,Critical
VIC000965,CASE001214,CID007417,Critical
VIC000966,CASE007313,CID003394,Serious
VIC000967,CASE008818,CID003249,Serious
VIC000968,CASE007266,CID000925,Minor
VIC000969,CASE005297,CID003193,Minor
VIC000970,CASE009858,CID004746,Critical
VIC000971,CASE008995,CID008377,Critical
VIC000972,CASE009384,CID005783,Serious
VIC000973,CASE008094,CID004629,None
VIC000974,CASE009883,CID000018,Critical
VIC000975,CASE001378,CID009631,Serious
VIC000976,CASE003963,CID002936,None
VIC000977,CASE009486,CID001728,None
VIC000978,CASE000370,CID001548,Serious
VIC000979,CASE008543,CID000963,None
VIC000980,CASE004724,CID001176,Critical
VIC000981,CASE001076,CID009739,Critical
VIC000982,CASE001588,CID001083,Critical
VIC000983,CASE000124,CID005298,Minor
VIC000984,CASE007149,CID005205,Minor
VIC000985,CASE008433,CID003297,Critical
VIC000986,CASE009692,CID003620,Critical
VIC000987,CASE007038,CID003256,None
VIC000988,CASE009185,CID004720,Minor
VIC000989,CASE006629,CID002849,None
VIC000990,CASE001814,CID003840,None
VIC000991,CASE007203,CID007745,Serious
VIC000992,CASE005344,CID001431,None
VIC000993,CASE002723,CID005942,Critical
VIC000994,CASE003227,CID006154,None
VIC000995,CASE008627,CID001304,Critical
VIC000996,CASE007601,CID005997,Critical
VIC000997,CASE008720,CID002477,Minor
VIC000998,CASE005334,CID008186,Minor
VIC000999,CASE003546,CID003134,None
VIC001000,CASE001223,CID008092,Serious
VIC001001,CASE000694,CID002646,Serious
VIC001002,CASE009359,CID007009,Serious
VIC001003,CASE005327,CID003203,Serious
VIC001004,CASE000344,CID003762,Serious
VIC001005,CASE008409,CID001159,Critical
VIC001006,CASE008903,CID004862,Critical
VIC001007,CASE001226,CID003160,Minor
VIC001008,CASE002477,CID006944,None
VIC001009,CASE009950,CID006254,None
VIC001010,CASE000932,CID007212,None
VIC001011,CASE008457,CID004109,Critical
VIC001012,CASE002137,CID001430,Critical
VIC001013,CASE004452,CID001575,Minor
VIC001014,CASE007721,CID009854,Critical
VIC001015,CASE002527,CID001531,Critical
VIC001016,CASE001180,CID005020,Critical
VIC001017,CASE000259,CID001046,None
VIC001018,CASE008949,CID002219,Minor
VIC001019,CASE009080,CID007525,Critical
VIC001020,CASE000318,CID007746,Minor
VIC001021,CASE005364,CID001795,Critical
VIC001022,CASE006857,CID002302,Critical
VIC001023,CASE007595,CID008951,Serious
VIC001024,CASE009465,CID007864,None
VIC001025,CASE004803,CID007969,Critical
VIC001026,CASE003353,CID007912,Serious
VIC001027,CASE000460,CID000533,Minor
VIC001028,CASE006434,CID006013,Serious
VIC001029,CASE003819,CID002661,Serious
VIC001030,CASE003798,CID000088,Minor
VIC001031,CASE004897,CID003628,Serious
VIC001032,CASE003264,CID005048,None
VIC001033,CASE006308,CID007328,None
VIC001034,CASE005683,CID009654,Minor
VIC001035,CASE003099,CID006113,Minor
VIC001036,CASE008981,CID009522,Critical
VIC001037,CASE007954,CID005877,Critical
VIC001038,CASE007361,CID003621,None
VIC001039,CASE000220,CID009068,Minor
VIC001040,CASE004667,CID003257,Minor
VIC001041,CASE009025,CID003936,Minor
VIC001042,CASE008871,CID007553,Minor
VIC001043,CASE008427,CID002508,Critical
VIC001044,CASE007024,CID007070,Serious
VIC001045,CASE000925,CID002480,Serious
VIC001046,CASE007137,CID007121,Minor
VIC001047,CASE008487,CID004983,None
VIC001048,CASE001696,CID001816,None
VIC001049,CASE004024,CID007954,Minor
VIC001050,CASE008070,CID003491,Minor
VIC001051,CASE006187,CID002917,Critical
VIC001052,CASE007399,CID002946,None
VIC001053,CASE007707,CID003976,Serious
VIC001054,CASE003855,CID000594,Serious
VIC001055,CASE005358,CID007683,Minor
VIC001056,CASE008742,CID004253,Serious
VIC001057,CASE005270,CID009444,Minor
VIC001058,CASE001617,CID006234,Serious
VIC001059,CASE008158,CID002248,None
VIC001060,CASE008241,CID007361,None
VIC001061,CASE008473,CID005225,None
VIC001062,CASE005850,CID008053,Minor
VIC001063,CASE001874,CID009076,Minor
VIC001064,CASE007619,CID008880,Critical
VIC001065,CASE002625,CID006185,Critical
VIC001066,CASE002592,CID003915,None
VIC001067,CASE004611,CID007876,None
VIC001068,CASE000454,CID001297,Serious
VIC001069,CASE006576,CID008100,Critical
VIC001070,CASE000056,CID008105,Critical
VIC001071,CASE000536,CID008266,Critical
VIC001072,CASE009650,CID008069,Critical
VIC001073,CASE006704,CID003846,Serious
VIC001074,CASE006032,CID008125,None
VIC001075,CASE008352,CID001472,Minor
VIC001076,CASE008744,CID006164,Critical
VIC001077,CASE005830,CID001998,Minor
VIC001078,CASE005486,CID005455,Serious
VIC001079,CASE001674,CID001854,Minor
VIC001080,CASE002571,CID005350,Serious
VIC001081,CASE006501,CID006855,Minor
VIC001082,CASE003205,CID007867,None
VIC001083,CASE002412,CID005022,Critical
VIC001084,CASE003595,CID005076,Critical
VIC001085,CASE007615,CID002763,Minor
VIC001086,CASE005083,CID009163,Serious
VIC001087,CASE007758,CID002208,None
VIC001088,CASE002921,CID002762,None
VIC001089,CASE003863,CID001879,None
VIC001090,CASE006353,CID002367,None
VIC001091,CASE001049,CID005369,Minor
VIC001092,CASE009926,CID000982,Critical
VIC001093,CASE007072,CID003316,Serious
VIC001094,CASE009637,CID001813,Critical
VIC001095,CASE001941,CID006041,Critical
VIC001096,CASE004232,CID000554,Critical
VIC001097,CASE005830,CID009272,Critical
VIC001098,CASE008775,CID000280,Minor
VIC001099,CASE009056,CID001374,Minor
VIC001100,CASE003689,CID000302,Critical
VIC001101,CASE001865,CID005599,Serious
VIC001102,CASE008367,CID003394,Critical
VIC001103,CASE001413,CID009126,Critical
VIC001104,CASE008317,CID007641,None
VIC001105,CASE003847,CID000491,Serious
VIC001106,CASE002299,CID001413,Minor
VIC001107,CASE001907,CID009564,Minor
VIC001108,CASE001452,CID009159,Minor
VIC001109,CASE004985,CID004839,None
VIC001110,CASE001897,CID006309,Critical
VIC001111,CASE006218,CID008219,Minor
VIC001112,CASE002180,CID002368,Critical
VIC001113,CASE003336,CID008993,None
VIC001114,CASE006196,CID009494,Critical
VIC001115,CASE005587,CID005099,None
VIC001116,CASE006627,CID001131,Critical
VIC001117,CASE009494,CID000486,None
VIC001118,CASE001359,CID005565,None
VIC001119,CASE001129,CID005195,Serious
VIC001120,CASE002342,CID001837,None
VIC001121,CASE007081,CID002069,Minor
VIC001122,CASE004244,CID008368,Serious
VIC001123,CASE006877,CID007894,Critical
VIC001124,CASE000566,CID002337,Minor
VIC001125,CASE007517,CID000954,None
VIC001126,CASE006552,CID004209,Critical
VIC001127,CASE004813,CID003794,None
VIC001128,CASE009784,CID008786,Critical
VIC001129,CASE009703,CID006194,Critical
VIC001130,CASE008971,CID009891,Serious
VIC001131,CASE002969,CID008320,None
VIC001132,CASE009240,CID006552,Critical
VIC001133,CASE008858,CID001001,Critical
VIC001134,CASE000496,CID002025,Serious
VIC001135,CASE000761,CID006067,Serious
VIC001136,CASE008577,CID003693,Minor
VIC001137,CASE002174,CID000878,Critical
VIC001138,CASE009199,CID001619,Minor
VIC001139,CASE007805,CID000078,Serious
VIC001140,CASE008079,CID009312,Critical
VIC001141,CASE000574,CID007430,Minor
VIC001142,CASE007797,CID003044,Minor
VIC001143,CASE000397,CID000282,Minor
VIC001144,CASE006069,CID000448,None
VIC001145,CASE004080,CID008298,Serious
VIC001146,CASE004448,CID008969,None
VIC001147,CASE008767,CID007382,Critical
VIC001148,CASE004866,CID004074,Serious
VIC001149,CASE004361,CID008158,Serious
VIC001150,CASE002168,CID000582,Serious
VIC001151,CASE008680,CID005670,None
VIC001152,CASE004913,CID009051,Serious
VIC001153,CASE003486,CID006645,Minor
VIC001154,CASE001756,CID001990,Minor
VIC001155,CASE002381,CID006962,Minor
VIC001156,CASE005466,CID006832,Minor
VIC001157,CASE008998,CID000891,None
VIC001158,CASE002047,CID006809,Minor
VIC001159,CASE005890,CID008359,None
VIC001160,CASE006962,CID001712,Serious
VIC001161,CASE003060,CID009095,None
VIC001162,CASE000590,CID002321,Minor
VIC001163,CASE005961,CID005357,Minor
VIC001164,CASE007472,CID005276,Minor
VIC001165,CASE005968,CID002373,None
VIC001166,CASE000911,CID001566,Critical
VIC001167,CASE009044,CID003227,Minor
VIC001168,CASE001878,CID009462,Minor
VIC001169,CASE002319,CID003983,Minor
VIC001170,CASE005894,CID002485,Serious
VIC001171,CASE006545,CID002898,Serious
VIC001172,CASE000630,CID002554,Serious
VIC001173,CASE003316,CID004991,None
VIC001174,CASE005973,CID002532,None
VIC001175,CASE008623,CID001002,Minor
VIC001176,CASE002301,CID006865,Minor
VIC001177,CASE001616,CID006599,Minor
VIC001178,CASE005529,CID003604,Critical
VIC001179,CASE008979,CID006850,Minor
VIC001180,CASE002004,CID002075,None
VIC001181,CASE009797,CID003387,Critical
VIC001182,CASE004394,CID001488,Critical
VIC001183,CASE005589,CID009529,Critical
VIC001184,CASE009744,CID002624,Serious
VIC001185,CASE002449,CID006640,Serious
VIC001186,CASE006190,CID002081,Minor
VIC001187,CASE004394,CID000732,Critical
VIC001188,CASE000828,CID001316,None
VIC001189,CASE006859,CID007693,Critical
VIC001190,CASE000937,CID002809,Critical
VIC001191,CASE009363,CID003668,Serious
VIC001192,CASE009861,CID003283,None
VIC001193,CASE004038,CID001559,None
VIC001194,CASE005084,CID000605,Minor
VIC001195,CASE000639,CID001211,Serious
VIC001196,CASE000850,CID004304,Critical
VIC001197,CASE002670,CID008322,Serious
VIC001198,CASE007588,CID002986,None
VIC001199,CASE000852,CID006003,None
VIC001200,CASE003147,CID000252,Serious
VIC001201,CASE000275,CID007432,Serious
VIC001202,CASE008408,CID007245,None
VIC001203,CASE001967,CID000048,Critical
VIC001204,CASE006743,CID008176,Serious
VIC001205,CASE001370,CID000733,None
VIC001206,CASE004851,CID000699,Critical
VIC001207,CASE001302,CID004433,Serious
VIC001208,CASE002275,CID000365,None
VIC001209,CASE005252,CID009875,Serious
VIC001210,CASE006729,CID008050,Minor
VIC001211,CASE008075,CID006586,Serious
VIC001212,CASE007849,CID004026,Serious
VIC001213,CASE003255,CID004648,Critical
VIC001214,CASE007503,CID000171,Serious
VIC001215,CASE003296,CID005687,Critical
VIC001216,CASE005065,CID009832,Critical
VIC001217,CASE000512,CID000317,Minor
VIC001218,CASE004396,CID009024,Serious
VIC001219,CASE000390,CID006127,Minor
VIC001220,CASE000088,CID007466,Minor
VIC001221,CASE005493,CID006946,Critical
VIC001222,CASE006160,CID006925,Serious
VIC001223,CASE000755,CID006874,None
VIC001224,CASE004799,CID001096,Serious
VIC001225,CASE001394,CID002057,None
VIC001226,CASE006478,CID007275,Minor
VIC001227,CASE007445,CID004912,Minor
VIC001228,CASE000193,CID008495,None
VIC001229,CASE001569,CID001249,Minor
VIC001230,CASE002689,CID002626,Minor
VIC001231,CASE007836,CID003424,Serious
VIC001232,CASE009006,CID000751,Serious
VIC001233,CASE008811,CID007714,Critical
VIC001234,CASE003833,CID002156,Minor
VIC001235,CASE005326,CID002447,None
VIC001236,CASE006204,CID009600,Serious
VIC001237,CASE000326,CID004895,None
VIC001238,CASE001010,CID006436,Serious
VIC001239,CASE006302,CID007396,Minor
VIC001240,CASE005675,CID002190,Serious
VIC001241,CASE005125,CID000145,Critical
VIC001242,CASE000857,CID008772,Minor
VIC001243,CASE000604,CID008232,None
VIC001244,CASE009879,CID008365,None
VIC001245,CASE009795,CID006777,Minor
VIC001246,CASE008147,CID001262,Serious
VIC001247,CASE004691,CID006483,Minor
VIC001248,CASE004836,CID004215,Minor
VIC001249,CASE009832,CID003000,Minor
VIC001250,CASE008983,CID009416,Serious
VIC001251,CASE003952,CID006968,Serious
VIC001252,CASE000967,CID002464,None
VIC001253,CASE004719,CID005867,Serious
VIC001254,CASE008734,CID001434,None
VIC001255,CASE008025,CID007981,Minor
VIC001256,CASE007775,CID005753,Serious
VIC001257,CASE003227,CID005012,Serious
VIC001258,CASE007476,CID009474,None
VIC001259,CASE008845,CID002302,Serious
VIC001260,CASE007943,CID004527,Minor
VIC001261,CASE008669,CID003264,Critical
VIC001262,CASE001876,CID008653,Critical
VIC001263,CASE005296,CID003714,Serious
VIC001264,CASE000161,CID006452,Serious
VIC001265,CASE005178,CID006068,None
VIC001266,CASE001739,CID008690,None
VIC001267,CASE008881,CID005940,None
VIC001268,CASE003980,CID004092,None
VIC001269,CASE009884,CID003200,None
VIC001270,CASE009454,CID000564,Critical
VIC001271,CASE000599,CID005669,Serious
VIC001272,CASE009912,CID004682,Serious
VIC001273,CASE009129,CID009257,None
VIC001274,CASE000681,CID006270,Minor
VIC001275,CASE007475,CID008088,Minor
VIC001276,CASE003272,CID005181,Serious
VIC001277,CASE007896,CID002142,Critical
VIC001278,CASE003654,CID004527,Serious
VIC001279,CASE004488,CID006705,Minor
VIC001280,CASE009177,CID002816,Minor
VIC001281,CASE001919,CID008195,Serious
VIC001282,CASE003297,CID008943,Critical
VIC001283,CASE008693,CID009621,None
VIC001284,CASE007090,CID003610,Critical
VIC001285,CASE003726,CID002304,Critical
VIC001286,CASE008039,CID001676,Critical
VIC001287,CASE008698,CID009698,Serious
VIC001288,CASE005564,CID007843,Serious
VIC001289,CASE009694,CID002283,Serious
VIC001290,CASE000391,CID007186,Critical
VIC001291,CASE008120,CID005107,Serious
VIC001292,CASE001571,CID002483,None
VIC001293,CASE003998,CID003220,Serious
VIC001294,CASE004916,CID009829,Minor
VIC001295,CASE009992,CID006323,Serious
VIC001296,CASE001292,CID008307,None
VIC001297,CASE000673,CID000102,Minor
VIC001298,CASE002414,CID001237,Serious
VIC001299,CASE001485,CID007899,Minor
VIC001300,CASE004450,CID009825,None
VIC001301,CASE009804,CID006389,Minor
VIC001302,CASE006434,CID003393,Minor
VIC001303,CASE001016,CID008149,Serious
VIC001304,CASE006909,CID002658,Minor
VIC001305,CASE009807,CID005607,None
VIC001306,CASE004341,CID004068,Critical
VIC001307,CASE007117,CID008024,None
VIC001308,CASE005944,CID005052,None
VIC001309,CASE001271,CID005275,Critical
VIC001310,CASE005253,CID004071,Critical
VIC001311,CASE006461,CID000677,None
VIC001312,CASE008894,CID007463,Critical
VIC001313,CASE007311,CID005375,Serious
VIC001314,CASE003600,CID003722,None
VIC001315,CASE001536,CID004244,None
VIC001316,CASE008071,CID003467,None
VIC001317,CASE000941,CID005469,Critical
VIC001318,CASE009452,CID002610,Serious
VIC001319,CASE004427,CID004131,None
VIC001320,CASE000370,CID004793,Minor
VIC001321,CASE008760,CID004806,Minor
VIC001322,CASE006842,CID009334,None
VIC001323,CASE007647,CID000144,Critical
VIC001324,CASE002789,CID001330,None
VIC001325,CASE006977,CID005623,Critical
VIC001326,CASE009159,CID001612,Critical
VIC001327,CASE008308,CID001127,Critical
VIC001328,CASE001926,CID002588,Serious
VIC001329,CASE004683,CID006251,Minor
VIC001330,CASE007206,CID004611,Critical
VIC001331,CASE002075,CID009597,Serious
VIC001332,CASE002669,CID003018,Critical
VIC001333,CASE009709,CID008107,Minor
VIC001334,CASE002758,CID000396,None
VIC001335,CASE001192,CID006780,Serious
VIC001336,CASE007225,CID004499,Serious
VIC001337,CASE007828,CID003668,Critical
VIC001338,CASE008254,CID007727,Critical
VIC001339,CASE006165,CID006169,Minor
VIC001340,CASE004387,CID000404,Serious
VIC001341,CASE000114,CID008186,Serious
VIC001342,CASE006034,CID009789,None
VIC001343,CASE004141,CID008410,Critical
VIC001344,CASE000582,CID008111,Critical
VIC001345,CASE007789,CID003676,Minor
VIC001346,CASE000045,CID005143,Critical
VIC001347,CASE005472,CID003921,Serious
VIC001348,CASE001375,CID000854,None
VIC001349,CASE008419,CID005238,Serious
VIC001350,CASE000243,CID002906,Minor
VIC001351,CASE008852,CID002581,Serious
VIC001352,CASE007031,CID008348,Critical
VIC001353,CASE005374,CID002559,Minor
VIC001354,CASE001775,CID007491,Serious
VIC001355,CASE002648,CID002646,None
VIC001356,CASE007471,CID007673,Minor
VIC001357,CASE007768,CID007104,None
VIC001358,CASE006816,CID008610,Minor
VIC001359,CASE003720,CID000991,None
VIC001360,CASE007101,CID005394,Serious
VIC001361,CASE005777,CID001631,Serious
VIC001362,CASE002438,CID008742,Critical
VIC001363,CASE003654,CID004635,Critical
VIC001364,CASE004880,CID003944,None
VIC001365,CASE007725,CID008878,None
VIC001366,CASE004771,CID004107,Serious
VIC001367,CASE007426,CID006858,Critical
VIC001368,CASE008898,CID008839,Critical
VIC001369,CASE002360,CID007595,Serious
VIC001370,CASE008268,CID001436,Critical
VIC001371,CASE007948,CID003982,Critical
VIC001372,CASE003705,CID003335,None
VIC001373,CASE007146,CID003840,Serious
VIC001374,CASE007476,CID007161,Critical
VIC001375,CASE001019,CID004888,Critical
VIC001376,CASE009442,CID007853,Minor
VIC001377,CASE001509,CID008082,Critical
VIC001378,CASE000192,CID008078,Minor
VIC001379,CASE009108,CID008621,Minor
VIC001380,CASE005301,CID002878,Critical
VIC001381,CASE007853,CID000726,Minor
VIC001382,CASE003269,CID007515,Critical
VIC001383,CASE007065,CID001995,Serious
VIC001384,CASE009519,CID006765,Minor
VIC001385,CASE005755,CID008930,Minor
VIC001386,CASE007865,CID001032,Minor
VIC001387,CASE008864,CID004102,Minor
VIC001388,CASE001003,CID000258,Critical
VIC001389,CASE005241,CID007124,Serious
VIC001390,CASE006896,CID003975,Minor
VIC001391,CASE004239,CID008369,Serious
VIC001392,CASE005609,CID008120,Minor
VIC001393,CASE003815,CID007546,Critical
VIC001394,CASE001029,CID000540,Critical
VIC001395,CASE009367,CID004547,None
VIC001396,CASE002460,CID001419,Minor
VIC001397,CASE000858,CID000599,None
VIC001398,CASE008169,CID001921,Critical
VIC001399,CASE001967,CID001766,Critical
VIC001400,CASE008471,CID005732,Serious
VIC001401,CASE005030,CID008963,Minor
VIC001402,CASE001605,CID000117,Minor
VIC001403,CASE002575,CID008448,Critical
VIC001404,CASE003615,CID006504,None
VIC001405,CASE003959,CID004025,Serious
VIC001406,CASE004155,CID009601,Minor
VIC001407,CASE006402,CID008248,None
VIC001408,CASE003242,CID003123,Critical
VIC001409,CASE006354,CID001993,None
VIC001410,CASE001059,CID002912,None
VIC001411,CASE006381,CID005426,Serious
VIC001412,CASE007950,CID004372,Minor
VIC001413,CASE003051,CID000968,Critical
VIC001414,CASE002148,CID007261,Critical
VIC001415,CASE001063,CID002242,Critical
VIC001416,CASE000444,CID005875,Critical
VIC001417,CASE008664,CID006430,Serious
VIC001418,CASE006912,CID000007,None
VIC001419,CASE007902,CID003165,Critical
VIC001420,CASE002515,CID003257,Critical
VIC001421,CASE003991,CID006929,Minor
VIC001422,CASE005459,CID000901,Serious
VIC001423,CASE008909,CID002649,Serious
VIC001424,CASE005662,CID003502,Minor
VIC001425,CASE009026,CID008078,Critical
VIC001426,CASE009761,CID008183,Serious
VIC001427,CASE000613,CID002933,Minor
VIC001428,CASE006361,CID000453,None
VIC001429,CASE003261,CID003618,None
VIC001430,CASE009524,CID009443,None
VIC001431,CASE005982,CID002315,None
VIC001432,CASE007914,CID004578,Critical
VIC001433,CASE008548,CID002641,Minor
VIC001434,CASE006617,CID008191,None
VIC001435,CASE004463,CID006111,Serious
VIC001436,CASE003287,CID001380,Minor
VIC001437,CASE000714,CID002617,Minor
VIC001438,CASE003494,CID007017,None
VIC001439,CASE005239,CID005823,Minor
VIC001440,CASE008359,CID001016,None
VIC001441,CASE006024,CID000451,Serious
VIC001442,CASE000759,CID004698,Serious
VIC001443,CASE005574,CID009839,Critical
VIC001444,CASE007018,CID009668,None
VIC001445,CASE003016,CID003002,Serious
VIC001446,CASE002479,CID001990,None
VIC001447,CASE008464,CID005231,Serious
VIC001448,CASE004281,CID003074,None
VIC001449,CASE005601,CID009905,Serious
VIC001450,CASE006823,CID000215,Serious
VIC001451,CASE009244,CID008084,Critical
VIC001452,CASE000019,CID002588,Minor
VIC001453,CASE006026,CID006671,Serious
VIC001454,CASE001020,CID003381,Serious
VIC001455,CASE001016,CID004849,None
VIC001456,CASE007534,CID009255,Critical
VIC001457,CASE000227,CID002266,None
VIC001458,CASE002936,CID008176,Critical
VIC001459,CASE007930,CID003969,Critical
VIC001460,CASE007050,CID000813,Serious
VIC001461,CASE007599,CID002996,None
VIC001462,CASE004934,CID003185,Serious
VIC001463,CASE001604,CID007839,None
VIC001464,CASE004314,CID003680,None
VIC001465,CASE007519,CID003698,Minor
VIC001466,CASE004008,CID004225,Serious
VIC001467,CASE001022,CID009169,Critical
VIC001468,CASE007465,CID004915,Critical
VIC001469,CASE005329,CID006641,None
VIC001470,CASE005890,CID002238,Minor
VIC001471,CASE006325,CID008203,Serious
VIC001472,CASE004418,CID006491,Critical
VIC001473,CASE009909,CID007644,None
VIC001474,CASE003953,CID008849,Minor
VIC001475,CASE002813,CID007398,Critical
VIC001476,CASE009103,CID005834,Critical
VIC001477,CASE009326,CID006397,Minor
VIC001478,CASE006342,CID002721,Serious
VIC001479,CASE000550,CID006899,Minor
VIC001480,CASE006207,CID001602,None
VIC001481,CASE007689,CID003394,Serious
VIC001482,CASE009704,CID000896,Serious
VIC001483,CASE007726,CID007043,Serious
VIC001484,CASE003128,CID005061,Serious
VIC001485,CASE003254,CID006376,Critical
VIC001486,CASE000353,CID003619,Critical
VIC001487,CASE002189,CID002408,Minor
VIC001488,CASE008772,CID002604,Serious
VIC001489,CASE006992,CID001599,Minor
VIC001490,CASE005835,CID006104,Serious
VIC001491,CASE006592,CID005130,Minor
VIC001492,CASE001052,CID005020,Serious
VIC001493,CASE007048,CID005396,None
VIC001494,CASE007959,CID007379,Minor
VIC001495,CASE009566,CID005776,None
VIC001496,CASE007698,CID009242,Serious
VIC001497,CASE008403,CID003065,Minor
VIC001498,CASE003360,CID006168,None
VIC001499,CASE005010,CID007242,Serious
VIC001500,CASE000494,CID006567,None
VIC001501,CASE006361,CID003625,Critical
VIC001502,CASE004552,CID009886,Minor
VIC001503,CASE001667,CID006519,None
VIC001504,CASE002119,CID006301,None
VIC001505,CASE003643,CID009502,None
VIC001506,CASE003842,CID006616,Serious
VIC001507,CASE001276,CID007144,Serious
VIC001508,CASE009638,CID002675,Minor
VIC001509,CASE001682,CID008269,Minor
VIC001510,CASE004726,CID009232,Serious
VIC001511,CASE005197,CID002420,Minor
VIC001512,CASE000080,CID000241,None
VIC001513,CASE007192,CID005093,Minor
VIC001514,CASE002524,CID000706,None
VIC001515,CASE004835,CID006054,Serious
VIC001516,CASE008247,CID009500,Serious
VIC001517,CASE000934,CID009040,Minor
VIC001518,CASE009793,CID002310,Serious
VIC001519,CASE002572,CID008574,Critical
VIC001520,CASE006238,CID000894,Minor
VIC001521,CASE007800,CID001157,Serious
VIC001522,CASE006463,CID005341,None
VIC001523,CASE006231,CID002338,Minor
VIC001524,CASE006393,CID001472,None
VIC001525,CASE005005,CID005759,Minor
VIC001526,CASE001762,CID001063,Serious
VIC001527,CASE007770,CID006021,Critical
VIC001528,CASE001297,CID001733,Minor
VIC001529,CASE000104,CID006144,Serious
VIC001530,CASE005672,CID001113,Serious
VIC001531,CASE007533,CID002329,Minor
VIC001532,CASE006432,CID004131,Minor
VIC001533,CASE001842,CID009487,Minor
VIC001534,CASE003835,CID005297,Serious
VIC001535,CASE002484,CID003790,Minor
VIC001536,CASE006559,CID008358,Minor
VIC001537,CASE001770,CID008281,Serious
VIC001538,CASE001196,CID009204,None
VIC001539,CASE004089,CID000837,Critical
VIC001540,CASE009103,CID001837,Critical
VIC001541,CASE004507,CID002878,Minor
VIC001542,CASE001177,CID003817,None
VIC001543,CASE006362,CID008053,Critical
VIC001544,CASE004303,CID002091,Minor
VIC001545,CASE009748,CID005296,None
VIC001546,CASE004263,CID004243,Critical
VIC001547,CASE009940,CID000353,None
VIC001548,CASE000606,CID001886,Minor
VIC001549,CASE006396,CID003030,None
VIC001550,CASE001310,CID002529,Serious
VIC001551,CASE008360,CID000582,Minor
VIC001552,CASE001398,CID008319,Serious
VIC001553,CASE005044,CID005035,None
VIC001554,CASE004693,CID004038,Minor
VIC001555,CASE001129,CID004345,Critical
VIC001556,CASE009423,CID008834,Critical
VIC001557,CASE001185,CID009247,Minor
VIC001558,CASE002140,CID006869,Minor
VIC001559,CASE005366,CID003821,None
VIC001560,CASE005571,CID007419,Critical
VIC001561,CASE006698,CID008720,Critical
VIC001562,CASE005171,CID001819,Serious
VIC001563,CASE005802,CID006163,Serious
VIC001564,CASE001887,CID004050,Critical
VIC001565,CASE004823,CID003255,Serious
VIC001566,CASE009101,CID005542,Serious
VIC001567,CASE006960,CID005517,Minor
VIC001568,CASE009722,CID008755,None
VIC001569,CASE004059,CID005319,Critical
VIC001570,CASE000211,CID008077,None
VIC001571,CASE000982,CID008203,Critical
VIC001572,CASE005253,CID003159,Minor
VIC001573,CASE003593,CID008091,Minor
VIC001574,CASE009745,CID003883,Critical
VIC001575,CASE007089,CID001528,Minor
VIC001576,CASE000573,CID002872,Serious
VIC001577,CASE002301,CID007606,Minor
VIC001578,CASE004333,CID000780,None
VIC001579,CASE001695,CID001107,None
VIC001580,CASE005815,CID005330,None
VIC001581,CASE009605,CID002307,Critical
VIC001582,CASE004565,CID008331,None
VIC001583,CASE003287,CID007518,Serious
VIC001584,CASE003099,CID007646,None
VIC001585,CASE000686,CID007354,Critical
VIC001586,CASE001863,CID004918,Serious
VIC001587,CASE004646,CID003939,Serious
VIC001588,CASE009960,CID001319,None
VIC001589,CASE008548,CID005253,Serious
VIC001590,CASE007905,CID000074,Serious
VIC001591,CASE008615,CID001937,None
VIC001592,CASE006055,CID002788,Critical
VIC001593,CASE004380,CID002682,Serious
VIC001594,CASE003535,CID000023,Minor
VIC001595,CASE004475,CID007237,Serious
VIC001596,CASE007039,CID000605,Critical
VIC001597,CASE002687,CID001744,None
VIC001598,CASE004622,CID006123,None
VIC001599,CASE006055,CID005986,Serious
VIC001600,CASE003715,CID004349,Critical
VIC001601,CASE004712,CID009595,Serious
VIC001602,CASE007566,CID007919,Critical
VIC001603,CASE007217,CID001582,Serious
VIC001604,CASE005820,CID000802,None
VIC001605,CASE005658,CID001817,Serious
VIC001606,CASE005694,CID003462,None
VIC001607,CASE006275,CID003979,Minor
VIC001608,CASE008605,CID002302,Critical
VIC001609,CASE009354,CID009492,Serious
VIC001610,CASE008637,CID000546,Serious
VIC001611,CASE005489,CID000705,Serious
VIC001612,CASE005678,CID007398,Minor
VIC001613,CASE009886,CID002111,Minor
VIC001614,CASE002980,CID001759,Critical
VIC001615,CASE000175,CID003212,None
VIC001616,CASE008739,CID008260,Minor
VIC001617,CASE009285,CID005599,Serious
VIC001618,CASE004739,CID000343,None
VIC001619,CASE002020,CID001408,None
VIC001620,CASE003053,CID005458,None
VIC001621,CASE003907,CID006158,None
VIC001622,CASE000434,CID004067,Minor
VIC001623,CASE000773,CID007312,Minor
VIC001624,CASE001354,CID005301,Serious
VIC001625,CASE009889,CID007510,None
VIC001626,CASE009332,CID005590,Serious
VIC001627,CASE005433,CID008046,Serious
VIC001628,CASE009363,CID005057,Critical
VIC001629,CASE000294,CID007121,None
VIC001630,CASE009761,CID009390,Critical
VIC001631,CASE005532,CID004914,Critical
VIC001632,CASE003584,CID002024,Serious
VIC001633,CASE006838,CID005098,Minor
VIC001634,CASE006795,CID003225,Minor
VIC001635,CASE009422,CID000327,Serious
VIC001636,CASE006878,CID008882,Serious
VIC001637,CASE003261,CID001337,Minor
VIC001638,CASE004454,CID008127,Minor
VIC001639,CASE007353,CID004211,Minor
VIC001640,CASE007079,CID007381,Critical
VIC001641,CASE000159,CID003668,Critical
VIC001642,CASE003250,CID001666,Serious
VIC001643,CASE001545,CID007483,None
VIC001644,CASE007039,CID000145,Serious
VIC001645,CASE002216,CID000404,Minor
VIC001646,CASE002289,CID008996,Serious
VIC001647,CASE007463,CID000509,Minor
VIC001648,CASE003537,CID008935,Serious
VIC001649,CASE005577,CID005589,None
VIC001650,CASE000171,CID005946,Serious
VIC001651,CASE000633,CID001726,Minor
VIC001652,CASE003146,CID002207,None
VIC001653,CASE002211,CID001284,Minor
VIC001654,CASE007552,CID005483,Minor
VIC001655,CASE009076,CID002894,Serious
VIC001656,CASE001307,CID007360,Critical
VIC001657,CASE004478,CID000417,Critical
VIC001658,CASE005535,CID002521,None
VIC001659,CASE008194,CID003956,Critical
VIC001660,CASE003208,CID007985,None
VIC001661,CASE007578,CID000613,None
VIC001662,CASE003677,CID008424,Critical
VIC001663,CASE009448,CID000158,Minor
VIC001664,CASE004629,CID006666,Serious
VIC001665,CASE008358,CID008792,Serious
VIC001666,CASE004438,CID003287,Critical
VIC001667,CASE008741,CID003083,Minor
VIC001668,CASE001060,CID008251,None
VIC001669,CASE006626,CID009026,Minor
VIC001670,CASE004755,CID001671,None
VIC001671,CASE005674,CID002571,None
VIC001672,CASE000073,CID005439,Serious
VIC001673,CASE001931,CID006416,None
VIC001674,CASE007913,CID009447,None
VIC001675,CASE000485,CID005776,Minor
VIC001676,CASE007195,CID003454,Serious
VIC001677,CASE004853,CID003930,None
VIC001678,CASE008333,CID007821,Critical
VIC001679,CASE005573,CID001504,Minor
VIC001680,CASE007922,CID006603,Critical
VIC001681,CASE007278,CID004020,None
VIC001682,CASE003777,CID003688,Serious
VIC001683,CASE000627,CID000884,Critical
VIC001684,CASE006711,CID005760,Serious
VIC001685,CASE002283,CID004858,Serious
VIC001686,CASE006023,CID000873,Serious
VIC001687,CASE000200,CID003338,None
VIC001688,CASE005818,CID000141,Minor
VIC001689,CASE003820,CID008791,Critical
VIC001690,CASE001560,CID000108,Critical
VIC001691,CASE001331,CID007673,Critical
VIC001692,CASE000372,CID006417,Serious
VIC001693,CASE004786,CID003479,None
VIC001694,CASE003137,CID008059,None
VIC001695,CASE008352,CID003510,None
VIC001696,CASE007712,CID008254,None
VIC001697,CASE009656,CID006473,Minor
VIC001698,CASE006386,CID007076,Minor
VIC001699,CASE004538,CID002876,Critical
VIC001700,CASE009383,CID009309,None
VIC001701,CASE006653,CID001012,Critical
VIC001702,CASE002819,CID007054,Minor
VIC001703,CASE000732,CID000462,None
VIC001704,CASE005431,CID001109,Minor
VIC001705,CASE002329,CID000767,Critical
VIC001706,CASE000460,CID006568,Critical
VIC001707,CASE000315,CID009676,Minor
VIC001708,CASE002028,CID007856,None
VIC001709,CASE000016,CID007442,Critical
VIC001710,CASE005321,CID001434,Critical
VIC001711,CASE000821,CID008420,Minor
VIC001712,CASE002754,CID003759,Minor
VIC001713,CASE001137,CID001992,Critical
VIC001714,CASE009258,CID001856,Serious
VIC001715,CASE007924,CID002039,Serious
VIC001716,CASE006197,CID009565,Minor
VIC001717,CASE002952,CID000043,None
VIC001718,CASE004765,CID002809,None
VIC001719,CASE006478,CID007657,Critical
VIC001720,CASE004813,CID002925,Critical
VIC001721,CASE005240,CID007099,None
VIC001722,CASE001932,CID001281,Serious
VIC001723,CASE001940,CID005222,None
VIC001724,CASE006149,CID002945,None
VIC001725,CASE008375,CID002654,Critical
VIC001726,CASE007502,CID009829,None
VIC001727,CASE003040,CID009013,Critical
VIC001728,CASE003212,CID002869,Serious
VIC001729,CASE005470,CID005078,Critical
VIC001730,CASE001269,CID003860,Serious
VIC001731,CASE005984,CID005876,Serious
VIC001732,CASE001854,CID000644,Minor
VIC001733,CASE003075,CID003266,Critical
VIC001734,CASE005901,CID009484,Critical
VIC001735,CASE004893,CID001351,None
VIC001736,CASE005893,CID003078,None
VIC001737,CASE003137,CID009397,None
VIC001738,CASE005503,CID007120,Serious
VIC001739,CASE003931,CID006754,Serious
VIC001740,CASE006143,CID004858,Critical
VIC001741,CASE007992,CID001410,Critical
VIC001742,CASE007116,CID001421,Serious
VIC001743,CASE001312,CID006814,Critical
VIC001744,CASE006586,CID005122,Serious
VIC001745,CASE005193,CID002198,Minor
VIC001746,CASE007654,CID009015,Serious
VIC001747,CASE002690,CID004547,Serious
VIC001748,CASE003306,CID004659,Critical
VIC001749,CASE001877,CID009467,Serious
VIC001750,CASE001991,CID006757,None
VIC001751,CASE001655,CID004252,Minor
VIC001752,CASE001452,CID001499,Serious
VIC001753,CASE007407,CID003538,None
VIC001754,CASE000223,CID009221,Critical
VIC001755,CASE008197,CID008834,Minor
VIC001756,CASE002594,CID008542,Critical
VIC001757,CASE008799,CID001273,Critical
VIC001758,CASE006031,CID006022,None
VIC001759,CASE005679,CID003031,None
VIC001760,CASE007783,CID001387,Serious
VIC001761,CASE001357,CID007937,None
VIC001762,CASE005510,CID001597,Minor
VIC001763,CASE009274,CID000946,Serious
VIC001764,CASE001749,CID008569,Minor
VIC001765,CASE003197,CID009252,Serious
VIC001766,CASE004621,CID008111,Critical
VIC001767,CASE001471,CID003562,Critical
VIC001768,CASE002753,CID009359,Critical
VIC001769,CASE006982,CID005618,Critical
VIC001770,CASE003371,CID000546,None
VIC001771,CASE007872,CID000459,Minor
VIC001772,CASE001019,CID006959,Minor
VIC001773,CASE006068,CID004931,Critical
VIC001774,CASE002381,CID006306,None
VIC001775,CASE005300,CID005539,Critical
VIC001776,CASE006369,CID002932,Serious
VIC001777,CASE007954,CID000686,Critical
VIC001778,CASE000111,CID004398,Serious
VIC001779,CASE006446,CID007530,Minor
VIC001780,CASE004257,CID007078,Critical
VIC001781,CASE001720,CID003540,Critical
VIC001782,CASE008208,CID009714,Critical
VIC001783,CASE005839,CID006829,None
VIC001784,CASE000063,CID002921,Serious
VIC001785,CASE005224,CID005018,Critical
VIC001786,CASE002096,CID002383,None
VIC001787,CASE009556,CID007202,Critical
VIC001788,CASE002365,CID008877,Critical
VIC001789,CASE001350,CID000784,Minor
VIC001790,CASE000428,CID004582,Minor
VIC001791,CASE008343,CID009885,None
VIC001792,CASE008037,CID002234,Serious
VIC001793,CASE008659,CID005523,Serious
VIC001794,CASE006075,CID002434,Critical
VIC001795,CASE005671,CID008065,Minor
VIC001796,CASE001037,CID009647,Critical
VIC001797,CASE001042,CID001856,Minor
VIC001798,CASE008829,CID006990,Serious
VIC001799,CASE003745,CID006766,Minor
VIC001800,CASE003367,CID004773,Critical
VIC001801,CASE007745,CID009271,Critical
VIC001802,CASE006203,CID002258,Serious
VIC001803,CASE000535,CID003937,None
VIC001804,CASE004048,CID004202,Minor
VIC001805,CASE008426,CID005780,Serious
VIC001806,CASE002016,CID006280,None
VIC001807,CASE000274,CID004895,Minor
VIC001808,CASE006759,CID006588,Minor
VIC001809,CASE007663,CID002248,Critical
VIC001810,CASE008700,CID001612,Minor
VIC001811,CASE008111,CID009940,Serious
VIC001812,CASE008298,CID006833,Critical
VIC001813,CASE002852,CID004727,Critical
VIC001814,CASE003954,CID004373,Minor
VIC001815,CASE003897,CID007424,Minor
VIC001816,CASE005542,CID000063,None
VIC001817,CASE006840,CID007482,None
VIC001818,CASE006484,CID000468,Minor
VIC001819,CASE006836,CID002537,Serious
VIC001820,CASE006809,CID002997,None
VIC001821,CASE003081,CID004810,Critical
VIC001822,CASE005775,CID009230,None
VIC001823,CASE001991,CID004158,None
VIC001824,CASE003277,CID003711,Minor
VIC001825,CASE000844,CID003631,Minor
VIC001826,CASE002647,CID001863,None
VIC001827,CASE000487,CID004144,Critical
VIC001828,CASE005172,CID000684,Critical
VIC001829,CASE001774,CID005239,None
VIC001830,CASE004357,CID001459,None
VIC001831,CASE001652,CID006554,None
VIC001832,CASE004964,CID009215,Serious
VIC001833,CASE007241,CID007582,Critical
VIC001834,CASE007429,CID003192,Critical
VIC001835,CASE002999,CID004160,Serious
VIC001836,CASE002613,CID004146,None
VIC001837,CASE009879,CID001244,None
VIC001838,CASE003069,CID005635,Minor
VIC001839,CASE000781,CID008915,None
VIC001840,CASE007299,CID002756,Critical
VIC001841,CASE005620,CID006719,Serious
VIC001842,CASE005905,CID000945,Minor
VIC001843,CASE001316,CID004557,Minor
VIC001844,CASE003716,CID003238,Minor
VIC001845,CASE008084,CID009789,Serious
VIC001846,CASE007750,CID004530,Serious
VIC001847,CASE005639,CID007885,None
VIC001848,CASE002086,CID004037,None
VIC001849,CASE005107,CID005911,Serious
VIC001850,CASE001175,CID002600,None
VIC001851,CASE001858,CID004578,None
VIC001852,CASE007562,CID001088,None
VIC001853,CASE005244,CID002827,Serious
VIC001854,CASE007626,CID005585,Minor
VIC001855,CASE001212,CID001239,None
VIC001856,CASE001407,CID002098,Minor
VIC001857,CASE002997,CID001689,None
VIC001858,CASE009246,CID008164,Critical
VIC001859,CASE006897,CID008872,Minor
VIC001860,CASE004578,CID006414,None
VIC001861,CASE004914,CID005580,Serious
VIC001862,CASE008529,CID006869,None
VIC001863,CASE005541,CID002410,None
VIC001864,CASE001299,CID002055,None
VIC001865,CASE001657,CID008877,Minor
VIC001866,CASE006556,CID005996,Serious
VIC001867,CASE006100,CID009783,Minor
VIC001868,CASE008298,CID004745,Serious
VIC001869,CASE005608,CID001653,Minor
VIC001870,CASE004571,CID005898,None
VIC001871,CASE007082,CID008903,Minor
VIC001872,CASE002089,CID001914,Minor
VIC001873,CASE002888,CID002787,Minor
VIC001874,CASE006409,CID004217,None
VIC001875,CASE005580,CID001942,None
VIC001876,CASE004662,CID005608,Serious
VIC001877,CASE003352,CID008392,Serious
VIC001878,CASE003628,CID002503,Minor
VIC001879,CASE003322,CID000925,Critical
VIC001880,CASE004783,CID004452,None
VIC001881,CASE004512,CID005314,Serious
VIC001882,CASE007763,CID006163,Minor
VIC001883,CASE003474,CID009694,Critical
VIC001884,CASE005790,CID002672,Critical
VIC001885,CASE000585,CID002530,Serious
VIC001886,CASE003814,CID005110,None
VIC001887,CASE009973,CID000718,Serious
VIC001888,CASE006095,CID008201,None
VIC001889,CASE005433,CID000180,None
VIC001890,CASE007198,CID001831,None
VIC001891,CASE000473,CID009953,None
VIC001892,CASE001321,CID009725,Minor
VIC001893,CASE006753,CID007491,Critical
VIC001894,CASE003712,CID001983,Serious
VIC001895,CASE002982,CID008584,Critical
VIC001896,CASE006628,CID000256,Serious
VIC001897,CASE004510,CID006597,Serious
VIC001898,CASE009286,CID004124,Critical
VIC001899,CASE006267,CID003789,None
VIC001900,CASE003642,CID008348,None
VIC001901,CASE000482,CID006202,None
VIC001902,CASE004394,CID000884,None
VIC001903,CASE002896,CID006335,Minor
VIC001904,CASE005707,CID006999,Serious
VIC001905,CASE001780,CID005682,Critical
VIC001906,CASE007032,CID006566,Critical
VIC001907,CASE006103,CID001264,Critical
VIC001908,CASE003970,CID002345,None
VIC001909,CASE002839,CID007025,Serious
VIC001910,CASE005718,CID005216,Minor
VIC001911,CASE000815,CID008261,None
VIC001912,CASE000350,CID008171,Serious
VIC001913,CASE005363,CID008786,None
VIC001914,CASE004936,CID004963,Minor
VIC001915,CASE009644,CID007623,None
VIC001916,CASE000634,CID009229,Critical
VIC001917,CASE001006,CID003472,Critical
VIC001918,CASE006208,CID008359,None
VIC001919,CASE004770,CID006421,Serious
VIC001920,CASE002974,CID000957,Critical
VIC001921,CASE003210,CID003567,Serious
VIC001922,CASE000838,CID005219,None
VIC001923,CASE004432,CID008874,Minor
VIC001924,CASE005101,CID007897,Critical
VIC001925,CASE008633,CID003450,Critical
VIC001926,CASE003714,CID000238,None
VIC001927,CASE002722,CID008580,Serious
VIC001928,CASE009217,CID008591,None
VIC001929,CASE002721,CID008380,Critical
VIC001930,CASE009600,CID003051,Serious
VIC001931,CASE000507,CID000858,Serious
VIC001932,CASE006766,CID001120,Serious
VIC001933,CASE007801,CID003183,Minor
VIC001934,CASE001689,CID003910,Critical
VIC001935,CASE003729,CID007819,Serious
VIC001936,CASE005522,CID004945,Serious
VIC001937,CASE000523,CID006247,None
VIC001938,CASE009834,CID008117,Critical
VIC001939,CASE004207,CID000972,Critical
VIC001940,CASE005289,CID000569,None
VIC001941,CASE000682,CID005828,Serious
VIC001942,CASE008141,CID001536,None
VIC001943,CASE004217,CID008977,Critical
VIC001944,CASE005420,CID009691,None
VIC001945,CASE002951,CID003973,None
VIC001946,CASE003269,CID007290,Minor
VIC001947,CASE003260,CID001334,Critical
VIC001948,CASE000374,CID005224,Critical
VIC001949,CASE009517,CID001674,Minor
VIC001950,CASE006717,CID001346,Serious
VIC001951,CASE004372,CID001145,Serious
VIC001952,CASE004883,CID008771,Minor
VIC001953,CASE008756,CID007534,None
VIC001954,CASE001054,CID009450,Serious
VIC001955,CASE003901,CID008128,Critical
VIC001956,CASE000765,CID005774,Critical
VIC001957,CASE002458,CID005867,None
VIC001958,CASE009750,CID003146,Critical
VIC001959,CASE004800,CID001897,None
VIC001960,CASE001478,CID003103,None
VIC001961,CASE002874,CID002054,Serious
VIC001962,CASE001587,CID001405,Critical
VIC001963,CASE000612,CID003975,Critical
VIC001964,CASE001220,CID006760,None
VIC001965,CASE006588,CID003778,Critical
VIC001966,CASE009520,CID003075,Serious
VIC001967,CASE001394,CID000102,Serious
VIC001968,CASE007291,CID007584,Critical
VIC001969,CASE005579,CID007331,Serious
VIC001970,CASE004697,CID006288,None
VIC001971,CASE001059,CID002821,None
VIC001972,CASE004355,CID001174,Minor
VIC001973,CASE005585,CID001919,Serious
VIC001974,CASE009100,CID000389,None
VIC001975,CASE003413,CID007750,Critical
VIC001976,CASE002285,CID006426,Serious
VIC001977,CASE004559,CID007389,None
VIC001978,CASE001143,CID003719,Minor
VIC001979,CASE002496,CID003452,Critical
VIC001980,CASE001657,CID001422,Serious
VIC001981,CASE006194,CID000960,Minor
VIC001982,CASE008382,CID004747,Critical
VIC001983,CASE009240,CID007645,None
VIC001984,CASE003119,CID001769,None
VIC001985,CASE001374,CID008605,Serious
VIC001986,CASE008827,CID009777,Minor
VIC001987,CASE003237,CID004654,Minor
VIC001988,CASE003486,CID002961,Minor
VIC001989,CASE004509,CID003234,None
VIC001990,CASE002700,CID008286,Serious
VIC001991,CASE006073,CID004535,None
VIC001992,CASE001644,CID002776,None
VIC001993,CASE007793,CID006521,Critical
VIC001994,CASE003634,CID002273,Minor
VIC001995,CASE000250,CID007369,None
VIC001996,CASE003894,CID008825,Critical
VIC001997,CASE000900,CID005707,Minor
VIC001998,CASE003113,CID001500,Critical
VIC001999,CASE003116,CID006996,Critical
VIC002000,CASE004422,CID007542,Minor
VIC002001,CASE004801,CID000120,Serious
VIC002002,CASE003991,CID001902,Serious
VIC002003,CASE004822,CID004080,None
VIC002004,CASE003075,CID006970,Critical
VIC002005,CASE008785,CID003435,None
VIC002006,CASE001016,CID003763,None
VIC002007,CASE004432,CID002536,None
VIC002008,CASE005891,CID004343,Critical
VIC002009,CASE006266,CID002520,Critical
VIC002010,CASE004338,CID003623,Critical
VIC002011,CASE000929,CID002178,Serious
VIC002012,CASE006746,CID005494,None
VIC002013,CASE009996,CID001472,Critical
VIC002014,CASE001121,CID007985,Critical
VIC002015,CASE000486,CID006869,Serious
VIC002016,CASE003370,CID004918,Critical
VIC002017,CASE002576,CID005178,Serious
VIC002018,CASE007253,CID000138,Minor
VIC002019,CASE007412,CID003934,Critical
VIC002020,CASE005433,CID005010,None
VIC002021,CASE006202,CID007719,None
VIC002022,CASE003402,CID009161,Critical
VIC002023,CASE001911,CID001683,Critical
VIC002024,CASE005579,CID004958,Minor
VIC002025,CASE008512,CID005892,Serious
VIC002026,CASE006675,CID008708,Serious
VIC002027,CASE003780,CID009564,Minor
VIC002028,CASE000177,CID006594,Critical
VIC002029,CASE001880,CID000665,Critical
VIC002030,CASE003169,CID003191,Serious
VIC002031,CASE005206,CID009123,None
VIC002032,CASE003953,CID001472,Serious
VIC002033,CASE009498,CID004848,Serious
VIC002034,CASE006671,CID001722,None
VIC002035,CASE003912,CID007970,Serious
VIC002036,CASE005255,CID008002,Minor
VIC002037,CASE008551,CID002995,None
VIC002038,CASE005149,CID005004,None
VIC002039,CASE006859,CID005255,Critical
VIC002040,CASE004339,CID000649,Minor
VIC002041,CASE005149,CID008303,Serious
VIC002042,CASE008791,CID001473,None
VIC002043,CASE007153,CID004947,Critical
VIC002044,CASE001797,CID007409,Serious
VIC002045,CASE009998,CID003122,Serious
VIC002046,CASE006870,CID004108,None
VIC002047,CASE003671,CID002445,None
VIC002048,CASE003002,CID008494,None
VIC002049,CASE008309,CID001455,Critical
VIC002050,CASE003313,CID009315,None
VIC002051,CASE003060,CID007970,Serious
VIC002052,CASE009661,CID001936,Serious
VIC002053,CASE004429,CID005445,Minor
VIC002054,CASE009716,CID001914,Critical
VIC002055,CASE004774,CID000406,Serious
VIC002056,CASE008772,CID000598,Serious
VIC002057,CASE007849,CID006324,Minor
VIC002058,CASE008574,CID009769,Minor
VIC002059,CASE004805,CID006212,Serious
VIC002060,CASE008214,CID007573,None
VIC002061,CASE001659,CID000684,Minor
VIC002062,CASE008346,CID003149,Serious
VIC002063,CASE002773,CID000826,Critical
VIC002064,CASE007185,CID006491,Critical
VIC002065,CASE000361,CID001306,Minor
VIC002066,CASE004670,CID007136,Minor
VIC002067,CASE007380,CID006714,Critical
VIC002068,CASE001884,CID008214,Critical
VIC002069,CASE007169,CID006819,None
VIC002070,CASE009575,CID006368,Minor
VIC002071,CASE004440,CID002933,None
VIC002072,CASE002322,CID000310,Serious
VIC002073,CASE002597,CID008371,Minor
VIC002074,CASE003599,CID003011,Serious
VIC002075,CASE002078,CID007154,Minor
VIC002076,CASE004722,CID003710,None
VIC002077,CASE004360,CID001429,None
VIC002078,CASE009861,CID009932,Minor
VIC002079,CASE007638,CID005333,Minor
VIC002080,CASE005764,CID002966,Critical
VIC002081,CASE007809,CID002309,None
VIC002082,CASE005832,CID006942,Critical
VIC002083,CASE004684,CID004192,Minor
VIC002084,CASE005026,CID003142,Critical
VIC002085,CASE008479,CID000863,None
VIC002086,CASE008943,CID007609,None
VIC002087,CASE006173,CID001807,Minor
VIC002088,CASE000732,CID007726,None
VIC002089,CASE005605,CID008620,Serious
VIC002090,CASE009779,CID003170,Serious
VIC002091,CASE005673,CID002136,Serious
VIC002092,CASE003588,CID005325,Minor
VIC002093,CASE004098,CID008595,Critical
VIC002094,CASE007541,CID009660,Serious
VIC002095,CASE000967,CID008445,None
VIC002096,CASE000525,CID000011,Minor
VIC002097,CASE005396,CID000110,Serious
VIC002098,CASE006412,CID009539,Minor
VIC002099,CASE006552,CID002760,None
VIC002100,CASE008111,CID008856,Critical
VIC002101,CASE004669,CID001361,None
VIC002102,CASE005237,CID008421,Critical
VIC002103,CASE002471,CID003925,Minor
VIC002104,CASE006724,CID007562,Minor
VIC002105,CASE002661,CID004454,Critical
VIC002106,CASE008523,CID004124,Minor
VIC002107,CASE002340,CID007363,Serious
VIC002108,CASE006943,CID001705,None
VIC002109,CASE007636,CID004139,Critical
VIC002110,CASE000029,CID000024,Serious
VIC002111,CASE002928,CID006185,Serious
VIC002112,CASE003628,CID003411,None
VIC002113,CASE003086,CID004453,Serious
VIC002114,CASE004371,CID006407,Minor
VIC002115,CASE001563,CID006332,Minor
VIC002116,CASE003098,CID005843,Minor
VIC002117,CASE007381,CID008903,None
VIC002118,CASE004691,CID003423,Critical
VIC002119,CASE006968,CID007699,Critical
VIC002120,CASE005228,CID008862,None
VIC002121,CASE001655,CID001160,None
VIC002122,CASE001161,CID002186,Serious
VIC002123,CASE007432,CID003219,Serious
VIC002124,CASE008378,CID007444,Serious
VIC002125,CASE002848,CID008543,Minor
VIC002126,CASE006343,CID005265,None
VIC002127,CASE009361,CID005651,Critical
VIC002128,CASE009846,CID001478,Serious
VIC002129,CASE004172,CID004008,Critical
VIC002130,CASE001902,CID004340,Critical
VIC002131,CASE004432,CID006154,Serious
VIC002132,CASE005884,CID000545,Minor
VIC002133,CASE000677,CID007264,Minor
VIC002134,CASE006841,CID005014,Minor
VIC002135,CASE000836,CID004870,Critical
VIC002136,CASE007710,CID003761,Minor
VIC002137,CASE008209,CID000571,Serious
VIC002138,CASE006433,CID004250,None
VIC002139,CASE001110,CID005080,Minor
VIC002140,CASE004843,CID000074,None
VIC002141,CASE002704,CID006465,Serious
VIC002142,CASE002719,CID009741,Critical
VIC002143,CASE006429,CID004225,Minor
VIC002144,CASE009497,CID000122,Serious
VIC002145,CASE002014,CID000741,None
VIC002146,CASE002875,CID002839,Critical
VIC002147,CASE003900,CID002457,None
VIC002148,CASE006215,CID008568,Serious
VIC002149,CASE005597,CID001355,Critical
VIC002150,CASE002040,CID003109,Serious
VIC002151,CASE006911,CID009981,Minor
VIC002152,CASE009551,CID000553,None
VIC002153,CASE000877,CID007879,Serious
VIC002154,CASE007017,CID009529,Serious
VIC002155,CASE007745,CID006065,Serious
VIC002156,CASE005170,CID009560,Minor
VIC002157,CASE006664,CID005160,Critical
VIC002158,CASE006734,CID000199,None
VIC002159,CASE009702,CID001158,Critical
VIC002160,CASE002103,CID001031,Critical
VIC002161,CASE004084,CID008970,Minor
VIC002162,CASE007561,CID000177,Serious
VIC002163,CASE006658,CID003365,Critical
VIC002164,CASE008852,CID009798,Critical
VIC002165,CASE007803,CID009139,Minor
VIC002166,CASE005332,CID005721,Minor
VIC002167,CASE001718,CID000280,Critical
VIC002168,CASE004762,CID007768,Serious
VIC002169,CASE006246,CID000706,Serious
VIC002170,CASE006191,CID000627,Serious
VIC002171,CASE001387,CID008564,None
VIC002172,CASE002847,CID004780,Minor
VIC002173,CASE003405,CID007180,Serious
VIC002174,CASE004348,CID006664,None
VIC002175,CASE005891,CID008515,Minor
VIC002176,CASE005865,CID003798,Critical
VIC002177,CASE005068,CID009543,Serious
VIC002178,CASE006314,CID001421,Critical
VIC002179,CASE006601,CID006445,Serious
VIC002180,CASE003151,CID005557,Minor
VIC002181,CASE002152,CID004929,Serious
VIC002182,CASE006250,CID000642,None
VIC002183,CASE001911,CID007981,Minor
VIC002184,CASE008435,CID006047,None
VIC002185,CASE002727,CID007250,Critical
VIC002186,CASE006477,CID007553,Critical
VIC002187,CASE006258,CID003986,Critical
VIC002188,CASE000439,CID008017,Serious
VIC002189,CASE002843,CID007960,Serious
VIC002190,CASE007017,CID005299,Serious
VIC002191,CASE008461,CID004283,Minor
VIC002192,CASE006128,CID009525,Serious
VIC002193,CASE000003,CID006348,Critical
VIC002194,CASE001647,CID003506,Minor
VIC002195,CASE003870,CID007175,Serious
VIC002196,CASE003699,CID008202,None
VIC002197,CASE004186,CID006502,Critical
VIC002198,CASE002067,CID002226,Minor
VIC002199,CASE004194,CID004533,Serious
VIC002200,CASE008108,CID003911,Minor
VIC002201,CASE004008,CID009043,Serious
VIC002202,CASE002536,CID006201,None
VIC002203,CASE006796,CID004787,Serious
VIC002204,CASE002988,CID006120,Critical
VIC002205,CASE006536,CID004232,Serious
VIC002206,CASE001239,CID002075,Serious
VIC002207,CASE001488,CID009008,None
VIC002208,CASE008968,CID006130,Minor
VIC002209,CASE009948,CID001341,Minor
VIC002210,CASE004258,CID003355,None
VIC002211,CASE000786,CID004358,None
VIC002212,CASE006646,CID006572,None
VIC002213,CASE003918,CID001484,None
VIC002214,CASE000571,CID007839,None
VIC002215,CASE008671,CID005155,Serious
VIC002216,CASE005917,CID004929,Serious
VIC002217,CASE004913,CID008817,Critical
VIC002218,CASE002191,CID000760,Critical
VIC002219,CASE007144,CID002240,Minor
VIC002220,CASE002660,CID003693,None
VIC002221,CASE003042,CID002734,Minor
VIC002222,CASE007216,CID005170,Minor
VIC002223,CASE002254,CID008926,None
VIC002224,CASE001045,CID006611,Minor
VIC002225,CASE005774,CID000790,None
VIC002226,CASE008764,CID004937,Minor
VIC002227,CASE006195,CID003397,None
VIC002228,CASE000233,CID006604,Minor
VIC002229,CASE000671,CID004772,None
VIC002230,CASE004956,CID008808,Critical
VIC002231,CASE001957,CID001025,Serious
VIC002232,CASE005723,CID002911,None
VIC002233,CASE007304,CID003746,Minor
VIC002234,CASE009623,CID005211,Serious
VIC002235,CASE006985,CID001277,Serious
VIC002236,CASE001414,CID007034,Minor
VIC002237,CASE007156,CID002701,Critical
VIC002238,CASE000121,CID007068,None
VIC002239,CASE002781,CID002227,Critical
VIC002240,CASE000495,CID000252,None
VIC002241,CASE004649,CID002549,Serious
VIC002242,CASE001561,CID000663,Serious
VIC002243,CASE005381,CID007390,None
VIC002244,CASE003971,CID006730,Minor
VIC002245,CASE002880,CID008432,None
VIC002246,CASE000335,CID005898,Minor
VIC002247,CASE006812,CID005952,Minor
VIC002248,CASE009238,CID000377,Serious
VIC002249,CASE002650,CID002158,Minor
VIC002250,CASE008347,CID008595,Minor
VIC002251,CASE000155,CID009158,Critical
VIC002252,CASE005941,CID005388,Critical
VIC002253,CASE005699,CID005371,Serious
VIC002254,CASE000363,CID002010,Serious
VIC002255,CASE001748,CID006189,Minor
VIC002256,CASE003701,CID005099,Serious
VIC002257,CASE009218,CID004753,Minor
VIC002258,CASE003787,CID007964,Serious
VIC002259,CASE005062,CID008019,Critical
VIC002260,CASE004998,CID003042,Critical
VIC002261,CASE000071,CID003668,None
VIC002262,CASE004242,CID009098,Serious
VIC002263,CASE006348,CID006432,Minor
VIC002264,CASE005189,CID007741,Minor
VIC002265,CASE004236,CID002145,Critical
VIC002266,CASE009127,CID006421,Serious
VIC002267,CASE001597,CID009473,Serious
VIC002268,CASE002417,CID003121,Minor
VIC002269,CASE004134,CID007282,Critical
VIC002270,CASE001053,CID007768,Minor
VIC002271,CASE008244,CID008124,None
VIC002272,CASE008026,CID003731,Serious
VIC002273,CASE008525,CID001894,Critical
VIC002274,CASE006237,CID009335,Critical
VIC002275,CASE007966,CID005969,Critical
VIC002276,CASE004935,CID009021,Minor
VIC002277,CASE008589,CID005756,None
VIC002278,CASE006881,CID001032,Critical
VIC002279,CASE009685,CID005430,Critical
VIC002280,CASE008414,CID008093,None
VIC002281,CASE004740,CID003869,Minor
VIC002282,CASE001739,CID009850,Critical
VIC002283,CASE001698,CID008816,Minor
VIC002284,CASE007666,CID001397,None
VIC002285,CASE004845,CID009758,None
VIC002286,CASE005142,CID003263,None
VIC002287,CASE002049,CID006636,None
VIC002288,CASE007825,CID005604,Critical
VIC002289,CASE001837,CID006422,Critical
VIC002290,CASE001583,CID005565,Minor
VIC002291,CASE004652,CID006143,Minor
VIC002292,CASE000887,CID008205,None
VIC002293,CASE007317,CID002291,Minor
VIC002294,CASE007683,CID006408,Minor
VIC002295,CASE000776,CID002514,Serious
VIC002296,CASE001469,CID004894,Serious
VIC002297,CASE009932,CID002350,None
VIC002298,CASE008603,CID002764,None
VIC002299,CASE001606,CID000131,Minor
VIC002300,CASE000214,CID007213,Critical
VIC002301,CASE004518,CID009416,Serious
VIC002302,CASE007499,CID004888,Serious
VIC002303,CASE001701,CID005396,Minor
VIC002304,CASE005497,CID007185,Minor
VIC002305,CASE004367,CID001401,Serious
VIC002306,CASE002536,CID006121,Serious
VIC002307,CASE007391,CID008668,None
VIC002308,CASE000569,CID001892,Minor
VIC002309,CASE009332,CID009778,Critical
VIC002310,CASE000598,CID006874,Critical
VIC002311,CASE003441,CID009061,None
VIC002312,CASE003850,CID002890,None
VIC002313,CASE008971,CID003130,Critical
VIC002314,CASE008420,CID005017,None
VIC002315,CASE008388,CID008463,None
VIC002316,CASE005789,CID007210,Serious
VIC002317,CASE002168,CID006873,Critical
VIC002318,CASE000246,CID000568,Minor
VIC002319,CASE008284,CID000824,None
VIC002320,CASE002538,CID009483,Serious
VIC002321,CASE006420,CID004651,Serious
VIC002322,CASE001321,CID000009,Critical
VIC002323,CASE000814,CID009064,Serious
VIC002324,CASE003688,CID009346,Critical
VIC002325,CASE005770,CID008427,None
VIC002326,CASE000214,CID001401,None
VIC002327,CASE004322,CID004913,Minor
VIC002328,CASE000266,CID007162,Serious
VIC002329,CASE004393,CID006862,Critical
VIC002330,CASE005751,CID008284,Critical
VIC002331,CASE004566,CID005222,Serious
VIC002332,CASE003338,CID001757,Critical
VIC002333,CASE009470,CID009942,None
VIC002334,CASE006534,CID001607,Critical
VIC002335,CASE002424,CID001451,Critical
VIC002336,CASE005782,CID004496,Critical
VIC002337,CASE005137,CID009850,Minor
VIC002338,CASE002152,CID003599,Critical
VIC002339,CASE003179,CID000904,Critical
VIC002340,CASE003590,CID002568,None
VIC002341,CASE009593,CID009431,Minor
VIC002342,CASE003710,CID003690,Serious
VIC002343,CASE009227,CID009315,Minor
VIC002344,CASE000863,CID005105,Critical
VIC002345,CASE003508,CID008921,Serious
VIC002346,CASE007460,CID001052,Serious
VIC002347,CASE003451,CID007470,Serious
VIC002348,CASE009054,CID008076,Serious
VIC002349,CASE005244,CID004856,Serious
VIC002350,CASE006733,CID007313,Serious
VIC002351,CASE005735,CID005650,Critical
VIC002352,CASE005564,CID003265,Critical
VIC002353,CASE001609,CID003624,Serious
VIC002354,CASE009368,CID007128,Serious
VIC002355,CASE006044,CID002586,Critical
VIC002356,CASE008970,CID000439,None
VIC002357,CASE007083,CID008259,Critical
VIC002358,CASE004726,CID004696,Critical
VIC002359,CASE003248,CID008340,None
VIC002360,CASE006909,CID000208,Serious
VIC002361,CASE008030,CID008118,Serious
VIC002362,CASE000601,CID002093,None
VIC002363,CASE004426,CID007459,Critical
VIC002364,CASE006785,CID003730,None
VIC002365,CASE005475,CID000994,Minor
VIC002366,CASE000380,CID006037,Critical
VIC002367,CASE000645,CID002058,Minor
VIC002368,CASE009612,CID001153,Critical
VIC002369,CASE000507,CID004576,Minor
VIC002370,CASE000824,CID008263,Critical
VIC002371,CASE001548,CID004337,Critical
VIC002372,CASE002749,CID003637,None
VIC002373,CASE007160,CID008865,Critical
VIC002374,CASE002550,CID000809,Serious
VIC002375,CASE006654,CID001033,None
VIC002376,CASE004654,CID007848,Serious
VIC002377,CASE001851,CID000868,Serious
VIC002378,CASE003281,CID002320,None
VIC002379,CASE009016,CID009519,Minor
VIC002380,CASE005492,CID006521,Minor
VIC002381,CASE001537,CID000566,None
VIC002382,CASE008363,CID000267,Serious
VIC002383,CASE005326,CID005668,Serious
VIC002384,CASE001820,CID009101,Minor
VIC002385,CASE000900,CID003059,Serious
VIC002386,CASE001812,CID006970,Minor
VIC002387,CASE004553,CID009022,Serious
VIC002388,CASE001712,CID002308,None
VIC002389,CASE000732,CID003075,Critical
VIC002390,CASE004613,CID001747,Serious
VIC002391,CASE009754,CID000756,Serious
VIC002392,CASE005909,CID001027,None
VIC002393,CASE000965,CID004722,None
VIC002394,CASE005782,CID001565,Critical
VIC002395,CASE000772,CID003138,Serious
VIC002396,CASE008817,CID004713,Serious
VIC002397,CASE004181,CID001430,Minor
VIC002398,CASE006749,CID008904,None
VIC002399,CASE000557,CID002968,Minor
VIC002400,CASE008201,CID006990,None
VIC002401,CASE008022,CID008540,Minor
VIC002402,CASE002926,CID001757,None
VIC002403,CASE009062,CID009326,Serious
VIC002404,CASE006712,CID003051,Critical
VIC002405,CASE008555,CID004400,Serious
VIC002406,CASE009651,CID000288,Serious
VIC002407,CASE008880,CID006821,None
VIC002408,CASE008201,CID004173,None
VIC002409,CASE008365,CID001629,None
VIC002410,CASE000115,CID006835,Critical
VIC002411,CASE001613,CID002049,None
VIC002412,CASE001887,CID001913,None
VIC002413,CASE008411,CID005149,Critical
VIC002414,CASE004067,CID002213,Minor
VIC002415,CASE000995,CID007750,None
VIC002416,CASE000310,CID002624,None
VIC002417,CASE001890,CID007094,None
VIC002418,CASE000138,CID002157,None
VIC002419,CASE005206,CID006401,None
VIC002420,CASE002846,CID004135,Serious
VIC002421,CASE004302,CID000234,Minor
VIC002422,CASE003731,CID002122,Critical
VIC002423,CASE004836,CID001617,Serious
VIC002424,CASE004722,CID002717,None
VIC002425,CASE006538,CID007798,Critical
VIC002426,CASE005976,CID009505,None
VIC002427,CASE007496,CID006713,Critical
VIC002428,CASE005989,CID004818,Critical
VIC002429,CASE001258,CID000550,Serious
VIC002430,CASE000326,CID008420,Critical
VIC002431,CASE009083,CID000451,None
VIC002432,CASE008186,CID005674,Minor
VIC002433,CASE007191,CID003472,Critical
VIC002434,CASE008426,CID007821,Critical
VIC002435,CASE007586,CID004800,Minor
VIC002436,CASE000841,CID003406,Minor
VIC002437,CASE002228,CID002589,Serious
VIC002438,CASE007205,CID000547,Critical
VIC002439,CASE001228,CID005555,Minor
VIC002440,CASE002350,CID008542,Minor
VIC002441,CASE008556,CID002670,Critical
VIC002442,CASE009353,CID002071,Serious
VIC002443,CASE005357,CID000569,Serious
VIC002444,CASE005530,CID003038,Critical
VIC002445,CASE008673,CID000426,Minor
VIC002446,CASE004976,CID004388,Critical
VIC002447,CASE006490,CID008529,None
VIC002448,CASE008048,CID003441,None
VIC002449,CASE007977,CID006900,Critical
VIC002450,CASE003956,CID001499,None
VIC002451,CASE004698,CID003832,Critical
VIC002452,CASE001189,CID009133,Serious
VIC002453,CASE000898,CID007052,Minor
VIC002454,CASE005308,CID000730,Minor
VIC002455,CASE000970,CID007444,Serious
VIC002456,CASE008663,CID004453,Critical
VIC002457,CASE005517,CID006637,Minor
VIC002458,CASE006287,CID008211,None
VIC002459,CASE004712,CID008124,Serious
VIC002460,CASE004504,CID009438,Critical
VIC002461,CASE004571,CID006998,None
VIC002462,CASE005293,CID007561,None
VIC002463,CASE009434,CID006630,None
VIC002464,CASE001040,CID007633,Minor
VIC002465,CASE001915,CID000816,Critical
VIC002466,CASE001141,CID002476,Critical
VIC002467,CASE001550,CID004445,None
VIC002468,CASE002594,CID002972,Serious
VIC002469,CASE001703,CID008786,None
VIC002470,CASE004590,CID001493,Critical
VIC002471,CASE004546,CID008047,Minor
VIC002472,CASE005307,CID006089,Serious
VIC002473,CASE008057,CID002339,None
VIC002474,CASE007103,CID000820,Serious
VIC002475,CASE003506,CID006639,None
VIC002476,CASE005112,CID009915,Minor
VIC002477,CASE002792,CID001067,Serious
VIC002478,CASE000178,CID009997,Critical
VIC002479,CASE003716,CID004481,None
VIC002480,CASE006748,CID005716,Critical
VIC002481,CASE002882,CID008515,Minor
VIC002482,CASE005869,CID000352,Serious
VIC002483,CASE004095,CID008324,None
VIC002484,CASE008087,CID009126,Critical
VIC002485,CASE004161,CID009540,None
VIC002486,CASE007791,CID001050,Serious
VIC002487,CASE002388,CID002134,None
VIC002488,CASE004761,CID002541,Critical
VIC002489,CASE006282,CID003888,Serious
VIC002490,CASE000060,CID006395,Critical
VIC002491,CASE002982,CID008085,Critical
VIC002492,CASE002073,CID006444,Critical
VIC002493,CASE000244,CID004016,Critical
VIC002494,CASE009075,CID008530,Minor
VIC002495,CASE007944,CID005522,Critical
VIC002496,CASE006226,CID007042,None
VIC002497,CASE008651,CID005435,Critical
VIC002498,CASE007339,CID007904,Critical
VIC002499,CASE000141,CID009058,Critical
VIC002500,CASE004781,CID008387,Minor
VIC002501,CASE004656,CID002573,Minor
VIC002502,CASE008389,CID002838,Minor
VIC002503,CASE005865,CID004122,Minor
VIC002504,CASE002119,CID003844,Critical
VIC002505,CASE002944,CID004226,Critical
VIC002506,CASE009451,CID009036,Minor
VIC002507,CASE007518,CID000212,Minor
VIC002508,CASE007551,CID007071,Serious
VIC002509,CASE005206,CID003065,Minor
VIC002510,CASE008277,CID009811,Serious
VIC002511,CASE002899,CID002818,None
VIC002512,CASE004430,CID007960,Critical
VIC002513,CASE002006,CID006325,Serious
VIC002514,CASE003373,CID008287,Serious
VIC002515,CASE005460,CID000043,None
VIC002516,CASE001303,CID006001,None
VIC002517,CASE003663,CID000867,Serious
VIC002518,CASE004584,CID000952,Critical
VIC002519,CASE007377,CID000945,Minor
VIC002520,CASE000077,CID004098,None
VIC002521,CASE006562,CID007973,Critical
VIC002522,CASE007561,CID007964,Critical
VIC002523,CASE003974,CID007237,Minor
VIC002524,CASE004204,CID005981,Minor
VIC002525,CASE005566,CID000467,Critical
VIC002526,CASE006890,CID003884,Critical
VIC002527,CASE003057,CID005598,Serious
VIC002528,CASE001109,CID005362,Critical
VIC002529,CASE009632,CID001757,Serious
VIC002530,CASE003090,CID004499,None
VIC002531,CASE003552,CID007347,Critical
VIC002532,CASE002546,CID007471,Serious
VIC002533,CASE001936,CID007575,Serious
VIC002534,CASE000471,CID008073,Serious
VIC002535,CASE004760,CID000955,Critical
VIC002536,CASE004035,CID005822,None
VIC002537,CASE009578,CID001676,Minor
VIC002538,CASE003174,CID004215,Critical
VIC002539,CASE006136,CID006791,Critical
VIC002540,CASE004405,CID002664,None
VIC002541,CASE001224,CID004916,Critical
VIC002542,CASE003100,CID001585,Critical
VIC002543,CASE006376,CID001783,Serious
VIC002544,CASE008707,CID008471,Minor
VIC002545,CASE000071,CID003680,None
VIC002546,CASE007034,CID006317,Critical
VIC002547,CASE004603,CID006261,Minor
VIC002548,CASE008046,CID007704,Minor
VIC002549,CASE002793,CID001979,Minor
VIC002550,CASE002007,CID002613,Critical
VIC002551,CASE008391,CID008599,None
VIC002552,CASE008516,CID005957,None
VIC002553,CASE002814,CID006509,Serious
VIC002554,CASE006386,CID007142,Critical
VIC002555,CASE000698,CID006228,Critical
VIC002556,CASE009085,CID004265,Serious
VIC002557,CASE007003,CID004395,Minor
VIC002558,CASE000317,CID005598,Minor
VIC002559,CASE009340,CID008826,Serious
VIC002560,CASE002882,CID006484,Serious
VIC002561,CASE003740,CID009601,Serious
VIC002562,CASE001532,CID004247,Minor
VIC002563,CASE005335,CID003240,None
VIC002564,CASE007003,CID001185,Serious
VIC002565,CASE003594,CID009516,Minor
VIC002566,CASE006175,CID000042,Serious
VIC002567,CASE002266,CID004264,Serious
VIC002568,CASE001867,CID000381,Critical
VIC002569,CASE004418,CID005973,None
VIC002570,CASE002568,CID005659,Critical
VIC002571,CASE007554,CID004547,None
VIC002572,CASE004684,CID006113,Minor
VIC002573,CASE007146,CID000135,None
VIC002574,CASE001541,CID004844,Minor
VIC002575,CASE000629,CID002780,Critical
VIC002576,CASE001169,CID004554,Serious
VIC002577,CASE002221,CID008189,None
VIC002578,CASE001883,CID007145,None
VIC002579,CASE002816,CID004398,Critical
VIC002580,CASE009560,CID001462,Critical
VIC002581,CASE006174,CID006774,Serious
VIC002582,CASE004211,CID000973,Serious
VIC002583,CASE000866,CID003834,Critical
VIC002584,CASE004902,CID002886,Minor
VIC002585,CASE009737,CID004925,Serious
VIC002586,CASE008050,CID003159,Serious
VIC002587,CASE009541,CID005673,Minor
VIC002588,CASE001230,CID006555,None
VIC002589,CASE009513,CID004367,None
VIC002590,CASE007129,CID005076,None
VIC002591,CASE007803,CID005208,None
VIC002592,CASE009418,CID002280,Critical
VIC002593,CASE002233,CID003290,Serious
VIC002594,CASE002778,CID000136,Critical
VIC002595,CASE002014,CID006643,Critical
VIC002596,CASE001391,CID006023,None
VIC002597,CASE006753,CID002890,None
VIC002598,CASE002460,CID009833,Minor
VIC002599,CASE004497,CID001438,None
VIC002600,CASE008013,CID002749,Minor
VIC002601,CASE004758,CID008892,Minor
VIC002602,CASE001942,CID007568,Critical
VIC002603,CASE005456,CID001189,Critical
VIC002604,CASE007031,CID008945,None
VIC002605,CASE003294,CID005939,Serious
VIC002606,CASE009074,CID006778,Serious
VIC002607,CASE006615,CID001340,Minor
VIC002608,CASE007678,CID007578,Serious
VIC002609,CASE004075,CID005680,Minor
VIC002610,CASE002235,CID007485,None
VIC002611,CASE000370,CID004118,Minor
VIC002612,CASE004130,CID002415,Minor
VIC002613,CASE004362,CID009408,Serious
VIC002614,CASE001429,CID009967,Critical
VIC002615,CASE001046,CID005373,None
VIC002616,CASE007476,CID004757,None
VIC002617,CASE003332,CID002948,Serious
VIC002618,CASE009411,CID001213,None
VIC002619,CASE001870,CID006683,Minor
VIC002620,CASE007320,CID002596,None
VIC002621,CASE003513,CID009209,Critical
VIC002622,CASE002709,CID007334,Serious
VIC002623,CASE003820,CID007481,None
VIC002624,CASE001774,CID009263,Serious
VIC002625,CASE004608,CID008146,Critical
VIC002626,CASE002703,CID006148,None
VIC002627,CASE002125,CID003882,Serious
VIC002628,CASE006097,CID007361,None
VIC002629,CASE001232,CID007653,None
VIC002630,CASE004495,CID003835,Serious
VIC002631,CASE009486,CID009793,Minor
VIC002632,CASE008610,CID003404,None
VIC002633,CASE000027,CID001119,Critical
VIC002634,CASE004114,CID000100,None
VIC002635,CASE004623,CID001257,Critical
VIC002636,CASE005636,CID005434,None
VIC002637,CASE000275,CID000834,Serious
VIC002638,CASE003499,CID009143,None
VIC002639,CASE008265,CID009779,Critical
VIC002640,CASE003897,CID008890,None
VIC002641,CASE003930,CID008573,None
VIC002642,CASE009621,CID009857,None
VIC002643,CASE008941,CID000979,None
VIC002644,CASE003503,CID007820,Critical
VIC002645,CASE005915,CID002011,None
VIC002646,CASE003871,CID008786,Minor
VIC002647,CASE003061,CID005206,None
VIC002648,CASE008056,CID004112,Serious
VIC002649,CASE004900,CID000132,Serious
VIC002650,CASE002286,CID008146,None
VIC002651,CASE000714,CID005949,Critical
VIC002652,CASE005584,CID003361,None
VIC002653,CASE003072,CID004991,None
VIC002654,CASE001341,CID004399,Serious
VIC002655,CASE001022,CID003922,Minor
VIC002656,CASE006738,CID007852,Critical
VIC002657,CASE009253,CID005595,Serious
VIC002658,CASE004118,CID004070,Critical
VIC002659,CASE001020,CID001611,Critical
VIC002660,CASE009997,CID005423,None
VIC002661,CASE006204,CID004913,Critical
VIC002662,CASE002753,CID007570,Critical
VIC002663,CASE001881,CID006175,None
VIC002664,CASE009598,CID005096,Serious
VIC002665,CASE000082,CID009867,None
VIC002666,CASE004089,CID004166,Critical
VIC002667,CASE001844,CID001315,Serious
VIC002668,CASE001169,CID001689,Serious
VIC002669,CASE001063,CID006094,Critical
VIC002670,CASE006003,CID004028,None
VIC002671,CASE004871,CID009113,None
VIC002672,CASE007121,CID008785,None
VIC002673,CASE005575,CID009039,Minor
VIC002674,CASE008589,CID004437,Serious
VIC002675,CASE000986,CID008568,Critical
VIC002676,CASE001674,CID004453,None
VIC002677,CASE000182,CID003405,Critical
VIC002678,CASE008529,CID009881,Serious
VIC002679,CASE009918,CID003653,Serious
VIC002680,CASE009916,CID001182,Minor
VIC002681,CASE000403,CID008190,Minor
VIC002682,CASE003630,CID008749,Critical
VIC002683,CASE007126,CID000048,Serious
VIC002684,CASE007068,CID009448,None
VIC002685,CASE004194,CID003837,None
VIC002686,CASE006027,CID004056,None
VIC002687,CASE003590,CID008081,Minor
VIC002688,CASE001321,CID004280,Critical
VIC002689,CASE008502,CID005622,None
VIC002690,CASE008540,CID004175,Critical
VIC002691,CASE004855,CID009205,Minor
VIC002692,CASE001867,CID002024,None
VIC002693,CASE008830,CID007433,Serious
VIC002694,CASE006074,CID006189,Critical
VIC002695,CASE009903,CID009368,Critical
VIC002696,CASE000441,CID005718,Serious
VIC002697,CASE007239,CID009522,None
VIC002698,CASE000071,CID002390,Critical
VIC002699,CASE002262,CID007395,Critical
VIC002700,CASE000592,CID003340,None
VIC002701,CASE003801,CID001138,Serious
VIC002702,CASE007530,CID003440,Minor
VIC002703,CASE003053,CID004522,Minor
VIC002704,CASE008514,CID006259,None
VIC002705,CASE001002,CID008083,Minor
VIC002706,CASE002889,CID004763,Serious
VIC002707,CASE003409,CID009200,Critical
VIC002708,CASE006324,CID003804,Minor
VIC002709,CASE006693,CID001784,Minor
VIC002710,CASE004503,CID003341,Serious
VIC002711,CASE007222,CID001899,Serious
VIC002712,CASE002713,CID006142,Serious
VIC002713,CASE006827,CID004034,Serious
VIC002714,CASE001850,CID003299,None
VIC002715,CASE008374,CID009010,Critical
VIC002716,CASE005610,CID003689,Critical
VIC002717,CASE007676,CID005734,Serious
VIC002718,CASE008790,CID001731,Serious
VIC002719,CASE007976,CID009824,Serious
VIC002720,CASE007964,CID006439,None
VIC002721,CASE002137,CID007985,Minor
VIC002722,CASE003665,CID005529,Serious
VIC002723,CASE006740,CID008070,Minor
VIC002724,CASE008682,CID003198,None
VIC002725,CASE008005,CID005455,None
VIC002726,CASE002528,CID001610,Serious
VIC002727,CASE007402,CID004253,Critical
VIC002728,CASE004805,CID007783,Serious
VIC002729,CASE004946,CID008638,Serious
VIC002730,CASE005698,CID004734,Critical
VIC002731,CASE007471,CID003202,Serious
VIC002732,CASE008598,CID001122,Minor
VIC002733,CASE008011,CID008420,Serious
VIC002734,CASE004523,CID007284,None
VIC002735,CASE008492,CID006501,None
VIC002736,CASE006190,CID008588,Serious
VIC002737,CASE004481,CID005771,None
VIC002738,CASE008582,CID006257,Critical
VIC002739,CASE003700,CID009492,Serious
VIC002740,CASE009886,CID004731,Serious
VIC002741,CASE007166,CID004840,Serious
VIC002742,CASE007210,CID004167,None
VIC002743,CASE004598,CID003839,Critical
VIC002744,CASE009755,CID003233,Serious
VIC002745,CASE002846,CID008078,None
VIC002746,CASE001660,CID008788,None
VIC002747,CASE006866,CID007524,None
VIC002748,CASE005428,CID004431,Critical
VIC002749,CASE000081,CID008491,None
VIC002750,CASE001815,CID004311,Minor
VIC002751,CASE003428,CID001762,None
VIC002752,CASE004490,CID003050,None
VIC002753,CASE007109,CID006510,Minor
VIC002754,CASE003875,CID002010,Minor
VIC002755,CASE004728,CID002351,Minor
VIC002756,CASE007062,CID009571,Critical
VIC002757,CASE002827,CID007496,Minor
VIC002758,CASE003599,CID005123,None
VIC002759,CASE005758,CID000383,Critical
VIC002760,CASE005473,CID009120,Serious
VIC002761,CASE005947,CID000142,Critical
VIC002762,CASE003106,CID002218,Serious
VIC002763,CASE000658,CID006929,Critical
VIC002764,CASE005228,CID001156,None
VIC002765,CASE003637,CID005472,None
VIC002766,CASE003657,CID000890,None
VIC002767,CASE007515,CID007608,Minor
VIC002768,CASE009877,CID003426,Minor
VIC002769,CASE009367,CID002590,Serious
VIC002770,CASE009157,CID005024,Serious
VIC002771,CASE006745,CID004219,Minor
VIC002772,CASE002394,CID005307,Minor
VIC002773,CASE008474,CID004592,Serious
VIC002774,CASE001853,CID004638,Minor
VIC002775,CASE005009,CID001370,Critical
VIC002776,CASE001853,CID002084,Minor
VIC002777,CASE007988,CID009395,Critical
VIC002778,CASE006973,CID009861,None
VIC002779,CASE006725,CID003853,Critical
VIC002780,CASE001176,CID002705,Minor
VIC002781,CASE002122,CID008400,None
VIC002782,CASE002814,CID007943,None
VIC002783,CASE001836,CID003658,Serious
VIC002784,CASE004031,CID004770,None
VIC002785,CASE008605,CID003884,Serious
VIC002786,CASE004017,CID007774,None
VIC002787,CASE009989,CID000424,Minor
VIC002788,CASE001476,CID006143,None
VIC002789,CASE005531,CID006733,Serious
VIC002790,CASE001065,CID004566,Serious
VIC002791,CASE005347,CID006673,Minor
VIC002792,CASE008189,CID003402,Critical
VIC002793,CASE002412,CID002186,Critical
VIC002794,CASE004855,CID001047,Serious
VIC002795,CASE009750,CID008701,Critical
VIC002796,CASE009739,CID008178,Minor
VIC002797,CASE004241,CID001425,Serious
VIC002798,CASE003698,CID004223,Minor
VIC002799,CASE006861,CID001327,Minor
VIC002800,CASE001971,CID006216,None
VIC002801,CASE007528,CID009643,Serious
VIC002802,CASE009913,CID002555,None
VIC002803,CASE001665,CID007217,Minor
VIC002804,CASE003695,CID002889,Serious
VIC002805,CASE004303,CID008001,Serious
VIC002806,CASE001227,CID005024,Serious
VIC002807,CASE007962,CID007859,Serious
VIC002808,CASE005977,CID003365,Minor
VIC002809,CASE005100,CID005798,None
VIC002810,CASE007536,CID001215,None
VIC002811,CASE005294,CID003117,Critical
VIC002812,CASE001510,CID004862,Critical
VIC002813,CASE005590,CID000964,None
VIC002814,CASE003377,CID004166,None
VIC002815,CASE007212,CID003981,Critical
VIC002816,CASE006365,CID003612,None
VIC002817,CASE007890,CID002567,Critical
VIC002818,CASE004625,CID002360,Serious
VIC002819,CASE009589,CID005029,Serious
VIC002820,CASE007368,CID000179,Critical
VIC002821,CASE008365,CID003970,Critical
VIC002822,CASE002450,CID008746,None
VIC002823,CASE003081,CID003540,Minor
VIC002824,CASE009982,CID000065,None
VIC002825,CASE002122,CID007409,Critical
VIC002826,CASE004629,CID000252,Minor
VIC002827,CASE009041,CID004008,None
VIC002828,CASE002646,CID007721,Serious
VIC002829,CASE002769,CID009261,None
VIC002830,CASE003230,CID008577,None
VIC002831,CASE007320,CID001965,Minor
VIC002832,CASE004036,CID005923,Serious
VIC002833,CASE004825,CID000398,Critical
VIC002834,CASE000313,CID006420,None
VIC002835,CASE000898,CID005614,None
VIC002836,CASE004131,CID007125,Serious
VIC002837,CASE002000,CID000471,None
VIC002838,CASE003207,CID005326,Critical
VIC002839,CASE004018,CID005166,None
VIC002840,CASE001336,CID003738,Critical
VIC002841,CASE003568,CID003606,Minor
VIC002842,CASE007677,CID003090,Critical
VIC002843,CASE002714,CID001761,Minor
VIC002844,CASE001503,CID007700,Minor
VIC002845,CASE007513,CID004462,Minor
VIC002846,CASE004151,CID007624,Minor
VIC002847,CASE007782,CID004944,Critical
VIC002848,CASE002953,CID007150,Serious
VIC002849,CASE007425,CID006978,Minor
VIC002850,CASE001684,CID007533,Serious
VIC002851,CASE008497,CID005681,None
VIC002852,CASE007732,CID008944,None
VIC002853,CASE009121,CID004761,Minor
VIC002854,CASE008333,CID004052,Critical
VIC002855,CASE000923,CID000977,Minor
VIC002856,CASE000307,CID006038,None
VIC002857,CASE007493,CID002388,Critical
VIC002858,CASE000496,CID009709,Minor
VIC002859,CASE008195,CID009855,Minor
VIC002860,CASE004061,CID001833,Serious
VIC002861,CASE004207,CID001095,Serious
VIC002862,CASE004753,CID006117,None
VIC002863,CASE009094,CID007143,Minor
VIC002864,CASE005099,CID001607,Minor
VIC002865,CASE004932,CID001350,Critical
VIC002866,CASE005551,CID003407,Minor
VIC002867,CASE004721,CID008403,None
VIC002868,CASE006715,CID004591,Serious
VIC002869,CASE004798,CID007562,None
VIC002870,CASE004707,CID003632,Critical
VIC002871,CASE002242,CID004514,Minor
VIC002872,CASE003045,CID003306,None
VIC002873,CASE001388,CID008685,None
VIC002874,CASE003269,CID005979,None
VIC002875,CASE000500,CID004364,None
VIC002876,CASE005433,CID002876,Critical
VIC002877,CASE007789,CID004318,Minor
VIC002878,CASE007795,CID004735,Minor
VIC002879,CASE003869,CID008962,Minor
VIC002880,CASE001708,CID003837,Critical
VIC002881,CASE004097,CID007014,Critical
VIC002882,CASE007193,CID003636,Minor
VIC002883,CASE005822,CID006607,Serious
VIC002884,CASE005357,CID009056,None
VIC002885,CASE009979,CID003483,Critical
VIC002886,CASE005606,CID007809,Critical
VIC002887,CASE004520,CID002689,None
VIC002888,CASE007596,CID002564,Critical
VIC002889,CASE004331,CID005850,Critical
VIC002890,CASE006196,CID007990,Serious
VIC002891,CASE001362,CID005707,Serious
VIC002892,CASE002268,CID008179,Critical
VIC002893,CASE002644,CID008383,None
VIC002894,CASE006301,CID007403,None
VIC002895,CASE000473,CID007454,Serious
VIC002896,CASE005528,CID001871,None
VIC002897,CASE007031,CID002181,Minor
VIC002898,CASE000136,CID008837,Serious
VIC002899,CASE009898,CID000451,None
VIC002900,CASE004476,CID001933,None
VIC002901,CASE009202,CID002651,None
VIC002902,CASE003625,CID009954,None
VIC002903,CASE000109,CID005926,Minor
VIC002904,CASE000131,CID002824,None
VIC002905,CASE009756,CID002536,Critical
VIC002906,CASE004858,CID001569,Critical
VIC002907,CASE001089,CID007969,None
VIC002908,CASE003678,CID003819,None
VIC002909,CASE002294,CID009830,Minor
VIC002910,CASE001642,CID002512,Critical
VIC002911,CASE006442,CID001458,None
VIC002912,CASE001706,CID003638,Serious
VIC002913,CASE005448,CID004906,Serious
VIC002914,CASE005742,CID001300,Critical
VIC002915,CASE002851,CID004954,Serious
VIC002916,CASE005939,CID007537,Critical
VIC002917,CASE008504,CID004020,Minor
VIC002918,CASE001332,CID000634,None
VIC002919,CASE008985,CID002274,None
VIC002920,CASE006118,CID004477,Serious
VIC002921,CASE009981,CID004184,Serious
VIC002922,CASE003387,CID005257,Minor
VIC002923,CASE008915,CID000872,Serious
VIC002924,CASE006989,CID004167,None
VIC002925,CASE001634,CID004862,Critical
VIC002926,CASE007519,CID005489,None
VIC002927,CASE005635,CID009301,Serious
VIC002928,CASE007387,CID005045,Minor
VIC002929,CASE000518,CID001206,Critical
VIC002930,CASE004214,CID002122,Serious
VIC002931,CASE001817,CID009919,None
VIC002932,CASE000930,CID009150,Serious
VIC002933,CASE009584,CID007623,Serious
VIC002934,CASE005542,CID007558,None
VIC002935,CASE007458,CID002324,Critical
VIC002936,CASE009817,CID001484,Minor
VIC002937,CASE001198,CID003906,Serious
VIC002938,CASE009314,CID005646,None
VIC002939,CASE003509,CID005346,None
VIC002940,CASE008577,CID008397,Serious
VIC002941,CASE009306,CID003369,Critical
VIC002942,CASE006143,CID002812,None
VIC002943,CASE004339,CID001961,None
VIC002944,CASE009048,CID001448,Serious
VIC002945,CASE004729,CID002913,None
VIC002946,CASE002158,CID003849,Minor
VIC002947,CASE003168,CID006473,Critical
VIC002948,CASE000850,CID007809,Critical
VIC002949,CASE005562,CID007054,Minor
VIC002950,CASE003848,CID002215,None
VIC002951,CASE005638,CID002228,Critical
VIC002952,CASE003670,CID009850,None
VIC002953,CASE009336,CID009984,Minor
VIC002954,CASE002801,CID004953,None
VIC002955,CASE001782,CID005863,Minor
VIC002956,CASE003777,CID000701,Critical
VIC002957,CASE000340,CID006741,Serious
VIC002958,CASE005489,CID006815,Serious
VIC002959,CASE008389,CID002309,Critical
VIC002960,CASE004762,CID000115,Serious
VIC002961,CASE005619,CID001991,Critical
VIC002962,CASE003451,CID005294,Serious
VIC002963,CASE003240,CID000726,Critical
VIC002964,CASE009242,CID003102,Serious
VIC002965,CASE005904,CID009957,Serious
VIC002966,CASE004454,CID007675,Minor
VIC002967,CASE000503,CID005201,None
VIC002968,CASE001477,CID000804,None
VIC002969,CASE006172,CID000251,Minor
VIC002970,CASE008946,CID008438,None
VIC002971,CASE000803,CID001112,Serious
VIC002972,CASE003655,CID005207,None
VIC002973,CASE006783,CID007097,Critical
VIC002974,CASE004802,CID006936,Minor
VIC002975,CASE009427,CID001553,Serious
VIC002976,CASE006252,CID004401,Minor
VIC002977,CASE004969,CID004407,None
VIC002978,CASE003522,CID001881,Minor
VIC002979,CASE009095,CID000647,Critical
VIC002980,CASE008079,CID007880,None
VIC002981,CASE000441,CID005458,Minor
VIC002982,CASE005144,CID003888,Minor
VIC002983,CASE005498,CID008971,Minor
VIC002984,CASE007584,CID004323,Minor
VIC002985,CASE000514,CID001066,None
VIC002986,CASE008925,CID006052,Minor
VIC002987,CASE001578,CID009841,Serious
VIC002988,CASE000591,CID009426,Serious
VIC002989,CASE007004,CID002788,Serious
VIC002990,CASE005007,CID005505,Critical
VIC002991,CASE004316,CID000568,Critical
VIC002992,CASE008931,CID005500,Minor
VIC002993,CASE008565,CID000766,Minor
VIC002994,CASE005512,CID003467,None
VIC002995,CASE000149,CID001661,None
VIC002996,CASE000424,CID008516,Minor
VIC002997,CASE000308,CID006797,Minor
VIC002998,CASE001270,CID005536,Minor
VIC002999,CASE003604,CID007457,Critical
VIC003000,CASE002145,CID007657,Minor
VIC003001,CASE003918,CID004272,Critical
VIC003002,CASE002260,CID003326,Critical
VIC003003,CASE003019,CID002619,None
VIC003004,CASE003711,CID002307,Minor
VIC003005,CASE000364,CID004359,Serious
VIC003006,CASE007016,CID004677,Serious
VIC003007,CASE009632,CID004538,Serious
VIC003008,CASE000843,CID007867,Serious
VIC003009,CASE000563,CID004267,Critical
VIC003010,CASE005965,CID007267,None
VIC003011,CASE003434,CID001410,Critical
VIC003012,CASE003360,CID007356,None
VIC003013,CASE009246,CID007507,Serious
VIC003014,CASE006481,CID008997,Serious
VIC003015,CASE005219,CID008814,Minor
VIC003016,CASE001862,CID009829,Critical
VIC003017,CASE003979,CID005945,Critical
VIC003018,CASE002389,CID005244,Minor
VIC003019,CASE003285,CID002244,None
VIC003020,CASE003152,CID007873,Serious
VIC003021,CASE003803,CID005193,Minor
VIC003022,CASE004570,CID003546,Critical
VIC003023,CASE007716,CID000484,Critical
VIC003024,CASE001397,CID006445,Critical
VIC003025,CASE003997,CID000914,Minor
VIC003026,CASE004234,CID006134,None
VIC003027,CASE001943,CID001678,None
VIC003028,CASE008147,CID009812,Minor
VIC003029,CASE008388,CID001448,Minor
VIC003030,CASE006157,CID000002,Minor
VIC003031,CASE009441,CID008717,None
VIC003032,CASE000932,CID008865,Minor
VIC003033,CASE004587,CID004132,Serious
VIC003034,CASE002359,CID009643,Critical
VIC003035,CASE004131,CID003702,Minor
VIC003036,CASE006869,CID003176,Minor
VIC003037,CASE000844,CID001553,Minor
VIC003038,CASE009115,CID007135,Serious
VIC003039,CASE002722,CID001889,Minor
VIC003040,CASE005324,CID000990,Critical
VIC003041,CASE000986,CID003051,None
VIC003042,CASE006919,CID005557,None
VIC003043,CASE003111,CID000746,Minor
VIC003044,CASE009823,CID003709,Minor
VIC003045,CASE007071,CID000341,Serious
VIC003046,CASE007607,CID004857,None
VIC003047,CASE004284,CID006812,Minor
VIC003048,CASE001423,CID001091,None
VIC003049,CASE001679,CID001580,None
VIC003050,CASE005682,CID007901,Minor
VIC003051,CASE001048,CID004518,None
VIC003052,CASE008830,CID000746,None
VIC003053,CASE007009,CID003103,Critical
VIC003054,CASE000840,CID006913,Minor
VIC003055,CASE000667,CID002468,Critical
VIC003056,CASE003024,CID009659,Minor
VIC003057,CASE001704,CID003752,Critical
VIC003058,CASE007580,CID009118,Serious
VIC003059,CASE001632,CID008326,Critical
VIC003060,CASE004826,CID008720,None
VIC003061,CASE007985,CID007287,Minor
VIC003062,CASE008920,CID007614,None
VIC003063,CASE001639,CID008060,None
VIC003064,CASE009832,CID007788,Minor
VIC003065,CASE004904,CID006468,None
VIC003066,CASE004716,CID005617,Minor
VIC003067,CASE007257,CID004730,Serious
VIC003068,CASE001278,CID005951,Minor
VIC003069,CASE004326,CID002232,Critical
VIC003070,CASE002251,CID007592,None
VIC003071,CASE008045,CID002642,Critical
VIC003072,CASE004035,CID001903,None
VIC003073,CASE004824,CID002683,None
VIC003074,CASE006593,CID009393,Minor
VIC003075,CASE006595,CID001482,None
VIC003076,CASE009528,CID006583,None
VIC003077,CASE002596,CID000527,Serious
VIC003078,CASE000287,CID006307,None
VIC003079,CASE003389,CID008923,None
VIC003080,CASE009835,CID000963,None
VIC003081,CASE000967,CID003898,Serious
VIC003082,CASE006257,CID008936,Critical
VIC003083,CASE005168,CID003742,Minor
VIC003084,CASE006139,CID002684,Critical
VIC003085,CASE008341,CID009795,Critical
VIC003086,CASE000041,CID006523,None
VIC003087,CASE006583,CID000961,Critical
VIC003088,CASE001366,CID002522,None
VIC003089,CASE009406,CID009551,None
VIC003090,CASE003832,CID008606,Minor
VIC003091,CASE003908,CID004483,Serious
VIC003092,CASE007761,CID005817,None
VIC003093,CASE000834,CID004831,Serious
VIC003094,CASE007753,CID006268,Minor
VIC003095,CASE000949,CID006138,None
VIC003096,CASE004754,CID005440,Serious
VIC003097,CASE007064,CID004471,None
VIC003098,CASE000150,CID004077,Critical
VIC003099,CASE002582,CID007725,Critical
VIC003100,CASE004459,CID006396,Critical
VIC003101,CASE001495,CID004311,None
VIC003102,CASE003990,CID008126,Serious
VIC003103,CASE004022,CID000980,Minor
VIC003104,CASE008649,CID005552,None
VIC003105,CASE003917,CID007937,None
VIC003106,CASE006619,CID005843,Serious
VIC003107,CASE003866,CID007633,None
VIC003108,CASE009771,CID004627,Minor
VIC003109,CASE003131,CID008698,Serious
VIC003110,CASE001911,CID006689,Critical
VIC003111,CASE000602,CID000602,Serious
VIC003112,CASE009364,CID003690,Minor
VIC003113,CASE004926,CID001971,Critical
VIC003114,CASE001472,CID007273,None
VIC003115,CASE009932,CID006305,Critical
VIC003116,CASE008255,CID008217,Minor
VIC003117,CASE003466,CID004068,Critical
VIC003118,CASE008676,CID001174,None
VIC003119,CASE003514,CID009035,Serious
VIC003120,CASE006324,CID008668,Minor
VIC003121,CASE008642,CID005307,None
VIC003122,CASE007488,CID003478,Critical
VIC003123,CASE005992,CID004845,Critical
VIC003124,CASE007545,CID001842,Critical
VIC003125,CASE006778,CID000252,Critical
VIC003126,CASE009583,CID006068,None
VIC003127,CASE006204,CID004811,Serious
VIC003128,CASE004655,CID002304,Minor
VIC003129,CASE001280,CID007691,Critical
VIC003130,CASE003018,CID004484,Critical
VIC003131,CASE002921,CID004237,None
VIC003132,CASE004391,CID009621,Serious
VIC003133,CASE009413,CID003654,Serious
VIC003134,CASE005698,CID004783,Serious
VIC003135,CASE009528,CID002733,Serious
VIC003136,CASE002176,CID007387,None
VIC003137,CASE008344,CID008635,Critical
VIC003138,CASE005392,CID009871,Critical
VIC003139,CASE009659,CID001372,Minor
VIC003140,CASE007553,CID001291,Serious
VIC003141,CASE002150,CID006048,Critical
VIC003142,CASE006185,CID008919,Serious
VIC003143,CASE006366,CID000869,Minor
VIC003144,CASE009191,CID006761,Minor
VIC003145,CASE007876,CID008479,None
VIC003146,CASE001251,CID002506,None
VIC003147,CASE005435,CID006816,Critical
VIC003148,CASE004003,CID006787,Critical
VIC003149,CASE000176,CID008707,Serious
VIC003150,CASE006146,CID007823,Critical
VIC003151,CASE006010,CID007536,Minor
VIC003152,CASE006570,CID003071,Minor
VIC003153,CASE009819,CID009402,Minor
VIC003154,CASE007514,CID000150,Serious
VIC003155,CASE006327,CID000765,None
VIC003156,CASE000998,CID003192,Minor
VIC003157,CASE000309,CID007327,Minor
VIC003158,CASE002833,CID000163,Critical
VIC003159,CASE009848,CID001766,None
VIC003160,CASE000294,CID008222,Minor
VIC003161,CASE005449,CID004418,Serious
VIC003162,CASE007666,CID005325,Serious
VIC003163,CASE000031,CID004456,Critical
VIC003164,CASE007020,CID006739,Critical
VIC003165,CASE006388,CID006075,Critical
VIC003166,CASE009897,CID001637,Critical
VIC003167,CASE005744,CID002293,Serious
VIC003168,CASE003239,CID007820,Serious
VIC003169,CASE006767,CID005242,Critical
VIC003170,CASE006291,CID008851,Minor
VIC003171,CASE003843,CID001161,Minor
VIC003172,CASE001063,CID007055,Serious
VIC003173,CASE009984,CID001918,Minor
VIC003174,CASE005463,CID000961,Minor
VIC003175,CASE000495,CID009592,Minor
VIC003176,CASE003399,CID007442,Critical
VIC003177,CASE001699,CID001392,Critical
VIC003178,CASE006266,CID005414,Serious
VIC003179,CASE000663,CID003793,None
VIC003180,CASE008251,CID003828,Critical
VIC003181,CASE007817,CID008599,Serious
VIC003182,CASE001141,CID005993,Critical
VIC003183,CASE003767,CID003730,Critical
VIC003184,CASE004912,CID008392,Minor
VIC003185,CASE005191,CID007722,None
VIC003186,CASE006708,CID001643,None
VIC003187,CASE002745,CID000519,Serious
VIC003188,CASE006938,CID000619,Minor
VIC003189,CASE006662,CID003779,Serious
VIC003190,CASE002815,CID003963,Minor
VIC003191,CASE007262,CID006671,Minor
VIC003192,CASE001479,CID007148,None
VIC003193,CASE008941,CID009194,None
VIC003194,CASE003808,CID000125,Minor
VIC003195,CASE000194,CID007852,None
VIC003196,CASE007256,CID008235,Serious
VIC003197,CASE000020,CID007460,Serious
VIC003198,CASE005425,CID005432,None
VIC003199,CASE002917,CID002822,Critical
VIC003200,CASE003684,CID007069,Minor
VIC003201,CASE008225,CID004971,Minor
VIC003202,CASE008570,CID007489,Minor
VIC003203,CASE000293,CID003304,None
VIC003204,CASE007071,CID002926,Critical
VIC003205,CASE001439,CID003150,Minor
VIC003206,CASE001864,CID009128,Critical
VIC003207,CASE007315,CID008400,Minor
VIC003208,CASE004784,CID000084,Minor
VIC003209,CASE005852,CID006005,None
VIC003210,CASE003431,CID006943,Serious
VIC003211,CASE004040,CID003216,Critical
VIC003212,CASE004458,CID000912,Minor
VIC003213,CASE003225,CID007887,Minor
VIC003214,CASE002247,CID002582,Critical
VIC003215,CASE008792,CID005644,Critical
VIC003216,CASE000200,CID008166,Critical
VIC003217,CASE003989,CID009558,None
VIC003218,CASE001417,CID002190,Critical
VIC003219,CASE005616,CID008496,None
VIC003220,CASE004496,CID005118,None
VIC003221,CASE007500,CID005484,Minor
VIC003222,CASE007219,CID002658,None
VIC003223,CASE003146,CID009198,None
VIC003224,CASE005176,CID002160,Critical
VIC003225,CASE006505,CID003748,Critical
VIC003226,CASE004207,CID001601,Serious
VIC003227,CASE000361,CID006180,None
VIC003228,CASE005922,CID004347,None
VIC003229,CASE009566,CID009850,Minor
VIC003230,CASE006656,CID002038,Serious
VIC003231,CASE001622,CID005357,Minor
VIC003232,CASE004213,CID006897,None
VIC003233,CASE004710,CID008110,Critical
VIC003234,CASE003189,CID008744,None
VIC003235,CASE004535,CID001446,Critical
VIC003236,CASE007209,CID003153,Serious
VIC003237,CASE008110,CID005968,None
VIC003238,CASE003547,CID004115,Serious
VIC003239,CASE009491,CID009461,Serious
VIC003240,CASE003877,CID009055,None
VIC003241,CASE005364,CID006872,Critical
VIC003242,CASE006481,CID004966,Minor
VIC003243,CASE006733,CID005508,Critical
VIC003244,CASE001586,CID003299,Critical
VIC003245,CASE004317,CID004998,Minor
VIC003246,CASE009695,CID006617,Critical
VIC003247,CASE001209,CID002537,Critical
VIC003248,CASE003597,CID002145,None
VIC003249,CASE007111,CID002648,Minor
VIC003250,CASE009425,CID003966,None
VIC003251,CASE005210,CID004505,Serious
VIC003252,CASE000749,CID007466,None
VIC003253,CASE006930,CID002856,Critical
VIC003254,CASE004474,CID002437,None
VIC003255,CASE003700,CID001087,None
VIC003256,CASE009132,CID000629,Serious
VIC003257,CASE003561,CID008598,None
VIC003258,CASE007516,CID007717,Serious
VIC003259,CASE003022,CID000336,Critical
VIC003260,CASE000142,CID007199,Critical
VIC003261,CASE008336,CID009500,None
VIC003262,CASE005150,CID008946,None
VIC003263,CASE005373,CID001138,Critical
VIC003264,CASE004419,CID007230,None
VIC003265,CASE002570,CID007078,Critical
VIC003266,CASE002814,CID005422,Serious
VIC003267,CASE006450,CID001540,Serious
VIC003268,CASE002949,CID007797,Serious
VIC003269,CASE006716,CID000537,Serious
VIC003270,CASE003839,CID001432,Serious
VIC003271,CASE009133,CID006625,Serious
VIC003272,CASE002938,CID008468,None
VIC003273,CASE001481,CID004690,Minor
VIC003274,CASE008944,CID007973,Serious
VIC003275,CASE009478,CID003675,Serious
VIC003276,CASE005143,CID005376,Minor
VIC003277,CASE002558,CID008432,Serious
VIC003278,CASE006533,CID003003,None
VIC003279,CASE008083,CID004383,Serious
VIC003280,CASE009676,CID006244,Minor
VIC003281,CASE003036,CID002072,Critical
VIC003282,CASE000321,CID003841,Serious
VIC003283,CASE006972,CID002189,Critical
VIC003284,CASE003361,CID002089,None
VIC003285,CASE002739,CID006891,None
VIC003286,CASE008540,CID007521,Critical
VIC003287,CASE009762,CID005472,Serious
VIC003288,CASE003848,CID005119,None
VIC003289,CASE002519,CID001264,Critical
VIC003290,CASE007058,CID003152,Minor
VIC003291,CASE000913,CID002839,Minor
VIC003292,CASE003799,CID000993,Critical
VIC003293,CASE005370,CID005595,Minor
VIC003294,CASE002840,CID006936,Critical
VIC003295,CASE003657,CID009543,None
VIC003296,CASE008971,CID008086,Serious
VIC003297,CASE000577,CID002722,Minor
VIC003298,CASE007188,CID007217,Critical
VIC003299,CASE000482,CID007301,Critical
VIC003300,CASE004479,CID003663,Serious
VIC003301,CASE005221,CID004136,Critical
VIC003302,CASE003560,CID004643,Serious
VIC003303,CASE005332,CID004632,Critical
VIC003304,CASE008378,CID002727,Minor
VIC003305,CASE003811,CID007494,None
VIC003306,CASE006777,CID002542,Serious
VIC003307,CASE009955,CID006174,Minor
VIC003308,CASE002451,CID002368,Minor
VIC003309,CASE006023,CID002166,None
VIC003310,CASE007962,CID002876,None
VIC003311,CASE001213,CID005346,Critical
VIC003312,CASE005749,CID008160,Minor
VIC003313,CASE005452,CID002566,Critical
VIC003314,CASE003889,CID003058,Serious
VIC003315,CASE003305,CID009431,Critical
VIC003316,CASE001746,CID006872,None
VIC003317,CASE000197,CID005779,Minor
VIC003318,CASE007954,CID002519,Minor
VIC003319,CASE008797,CID004470,Minor
VIC003320,CASE001536,CID001894,None
VIC003321,CASE003048,CID001063,Minor
VIC003322,CASE000038,CID001247,Serious
VIC003323,CASE009297,CID009824,Minor
VIC003324,CASE008295,CID004029,Critical
VIC003325,CASE009827,CID001466,None
VIC003326,CASE005738,CID000192,Serious
VIC003327,CASE008757,CID009252,None
VIC003328,CASE007208,CID008255,Minor
VIC003329,CASE003079,CID001099,Minor
VIC003330,CASE000114,CID000846,Minor
VIC003331,CASE001791,CID006946,None
VIC003332,CASE008676,CID007342,Critical
VIC003333,CASE000149,CID000681,None
VIC003334,CASE000389,CID004840,Critical
VIC003335,CASE006870,CID005397,Serious
VIC003336,CASE008509,CID000578,None
VIC003337,CASE006109,CID007338,Serious
VIC003338,CASE007631,CID003657,Serious
VIC003339,CASE000328,CID001095,Serious
VIC003340,CASE005661,CID000027,Minor
VIC003341,CASE004318,CID008830,Critical
VIC003342,CASE000884,CID008752,Serious
VIC003343,CASE001772,CID003076,Critical
VIC003344,CASE001423,CID006868,None
VIC003345,CASE008577,CID004540,None
VIC003346,CASE000892,CID002407,Serious
VIC003347,CASE005222,CID001641,Serious
VIC003348,CASE001465,CID005739,None
VIC003349,CASE006002,CID001128,Minor
VIC003350,CASE001190,CID003672,Serious
VIC003351,CASE002545,CID005203,Critical
VIC003352,CASE000821,CID003968,Critical
VIC003353,CASE007709,CID007317,Critical
VIC003354,CASE005361,CID004193,Minor
VIC003355,CASE004598,CID005911,Minor
VIC003356,CASE001982,CID000339,Minor
VIC003357,CASE005669,CID006787,None
VIC003358,CASE008839,CID002349,Minor
VIC003359,CASE006838,CID004066,Minor
VIC003360,CASE001697,CID000401,Serious
VIC003361,CASE007439,CID004931,None
VIC003362,CASE002934,CID005164,Minor
VIC003363,CASE005036,CID009713,None
VIC003364,CASE003039,CID005467,Minor
VIC003365,CASE000813,CID000584,None
VIC003366,CASE008460,CID009955,Serious
VIC003367,CASE002752,CID000800,Serious
VIC003368,CASE001613,CID000655,Serious
VIC003369,CASE007727,CID002180,Critical
VIC003370,CASE002557,CID007230,Serious
VIC003371,CASE007774,CID003469,Minor
VIC003372,CASE003379,CID006272,Critical
VIC003373,CASE003761,CID001090,Serious
VIC003374,CASE004494,CID003446,Critical
VIC003375,CASE001992,CID002830,Critical
VIC003376,CASE007646,CID004262,Serious
VIC003377,CASE002763,CID004571,Critical
VIC003378,CASE000343,CID005724,None
VIC003379,CASE008217,CID008922,None
VIC003380,CASE002574,CID007290,Critical
VIC003381,CASE005244,CID007170,None
VIC003382,CASE001098,CID003226,None
VIC003383,CASE000980,CID007365,Serious
VIC003384,CASE007306,CID005729,None
VIC003385,CASE002583,CID006873,Minor
VIC003386,CASE008092,CID007663,Minor
VIC003387,CASE009121,CID002874,None
VIC003388,CASE003204,CID009164,Minor
VIC003389,CASE006820,CID001328,Minor
VIC003390,CASE004785,CID009692,Serious
VIC003391,CASE006194,CID007758,Critical
VIC003392,CASE008046,CID001765,Critical
VIC003393,CASE004498,CID008934,Minor
VIC003394,CASE008366,CID005945,None
VIC003395,CASE007255,CID003738,Critical
VIC003396,CASE006402,CID002404,Minor
VIC003397,CASE005363,CID003392,None
VIC003398,CASE005454,CID003796,None
VIC003399,CASE007477,CID003645,Minor
VIC003400,CASE002646,CID001764,Serious
VIC003401,CASE001818,CID005460,Critical
VIC003402,CASE005525,CID002702,Serious
VIC003403,CASE006974,CID000340,Serious
VIC003404,CASE001926,CID005482,Minor
VIC003405,CASE000896,CID004980,Minor
VIC003406,CASE006558,CID004214,Serious
VIC003407,CASE001284,CID001305,Minor
VIC003408,CASE007289,CID003909,None
VIC003409,CASE000057,CID005469,Critical
VIC003410,CASE008362,CID008037,Critical
VIC003411,CASE008567,CID006541,Critical
VIC003412,CASE003271,CID003697,None
VIC003413,CASE009937,CID000766,Minor
VIC003414,CASE005826,CID006310,Critical
VIC003415,CASE005758,CID007376,None
VIC003416,CASE005369,CID000540,Minor
VIC003417,CASE002275,CID003047,Minor
VIC003418,CASE006025,CID008273,Serious
VIC003419,CASE008646,CID000757,Minor
VIC003420,CASE007795,CID009517,Minor
VIC003421,CASE009946,CID008749,Minor
VIC003422,CASE002496,CID003990,None
VIC003423,CASE001531,CID003978,None
VIC003424,CASE000101,CID005367,Minor
VIC003425,CASE001586,CID001548,Critical
VIC003426,CASE004256,CID003011,Critical
VIC003427,CASE005273,CID009970,Serious
VIC003428,CASE001965,CID003032,Minor
VIC003429,CASE009859,CID007692,Minor
VIC003430,CASE005735,CID003994,None
VIC003431,CASE002963,CID007380,None
VIC003432,CASE001583,CID006748,Serious
VIC003433,CASE001237,CID000852,None
VIC003434,CASE002923,CID008470,Serious
VIC003435,CASE004946,CID006020,Minor
VIC003436,CASE000140,CID000346,Critical
VIC003437,CASE004278,CID000053,Serious
VIC003438,CASE001974,CID000325,Critical
VIC003439,CASE004663,CID003867,Minor
VIC003440,CASE002399,CID003506,Critical
VIC003441,CASE006434,CID004649,None
VIC003442,CASE000580,CID004615,Serious
VIC003443,CASE003383,CID009956,Serious
VIC003444,CASE003089,CID006548,Minor
VIC003445,CASE005351,CID000376,None
VIC003446,CASE008037,CID009130,Critical
VIC003447,CASE001742,CID005651,Critical
VIC003448,CASE003916,CID008920,Critical
VIC003449,CASE008275,CID004437,None
VIC003450,CASE007236,CID002171,Critical
VIC003451,CASE006717,CID009144,Critical
VIC003452,CASE005688,CID002346,Serious
VIC003453,CASE001309,CID009900,Serious
VIC003454,CASE008033,CID007211,Serious
VIC003455,CASE006214,CID002368,Critical
VIC003456,CASE003580,CID006389,None
VIC003457,CASE001637,CID001541,Critical
VIC003458,CASE001692,CID005311,Serious
VIC003459,CASE003207,CID004167,Serious
VIC003460,CASE005293,CID007224,Serious
VIC003461,CASE002891,CID005614,Serious
VIC003462,CASE003101,CID008643,Serious
VIC003463,CASE001260,CID000086,None
VIC003464,CASE005576,CID006578,Serious
VIC003465,CASE007319,CID006868,Serious
VIC003466,CASE006747,CID005150,Minor
VIC003467,CASE005580,CID002147,Minor
VIC003468,CASE000958,CID000303,Minor
VIC003469,CASE002558,CID008257,Minor
VIC003470,CASE003450,CID009552,Serious
VIC003471,CASE003545,CID007493,None
VIC003472,CASE007676,CID009561,Serious
VIC003473,CASE003685,CID005309,Critical
VIC003474,CASE003658,CID007069,None
VIC003475,CASE009395,CID007919,Minor
VIC003476,CASE007153,CID003558,Serious
VIC003477,CASE004377,CID005088,Serious
VIC003478,CASE003684,CID005575,None
VIC003479,CASE008349,CID004785,Serious
VIC003480,CASE003652,CID005256,Minor
VIC003481,CASE000272,CID005881,Critical
VIC003482,CASE008189,CID009767,Critical
VIC003483,CASE001053,CID008731,Serious
VIC003484,CASE009123,CID007211,None
VIC003485,CASE007595,CID005838,Serious
VIC003486,CASE004305,CID002869,None
VIC003487,CASE006202,CID001447,None
VIC003488,CASE007449,CID008206,Critical
VIC003489,CASE005571,CID004838,Critical
VIC003490,CASE006952,CID003327,Critical
VIC003491,CASE001792,CID009264,None
VIC003492,CASE001719,CID005923,None
VIC003493,CASE009403,CID003664,None
VIC003494,CASE003479,CID001778,Serious
VIC003495,CASE002727,CID004818,Critical
VIC003496,CASE005543,CID006153,Minor
VIC003497,CASE003408,CID009156,Serious
VIC003498,CASE009204,CID004878,None
VIC003499,CASE008904,CID000121,None
VIC003500,CASE004535,CID007422,Serious
VIC003501,CASE005979,CID003323,None
VIC003502,CASE009094,CID000849,Critical
VIC003503,CASE000668,CID003770,Serious
VIC003504,CASE009385,CID000039,Critical
VIC003505,CASE000599,CID009859,Minor
VIC003506,CASE005015,CID001258,None
VIC003507,CASE007545,CID002295,Critical
VIC003508,CASE000186,CID005960,Critical
VIC003509,CASE005829,CID009564,Minor
VIC003510,CASE007762,CID008388,Minor
VIC003511,CASE008716,CID000275,None
VIC003512,CASE004968,CID005369,Serious
VIC003513,CASE008693,CID000830,Critical
VIC003514,CASE007339,CID005507,Serious
VIC003515,CASE002906,CID008752,Minor
VIC003516,CASE006661,CID005203,Minor
VIC003517,CASE002059,CID003034,None
VIC003518,CASE001238,CID002142,None
VIC003519,CASE004395,CID000345,None
VIC003520,CASE008341,CID004550,Critical
VIC003521,CASE005083,CID004861,Critical
VIC003522,CASE000511,CID001134,Minor
VIC003523,CASE002492,CID005196,Minor
VIC003524,CASE001101,CID006569,None
VIC003525,CASE005761,CID003197,Critical
VIC003526,CASE004697,CID003103,Minor
VIC003527,CASE006793,CID007522,Critical
VIC003528,CASE009018,CID007078,Critical
VIC003529,CASE006951,CID007472,None
VIC003530,CASE003209,CID003511,Minor
VIC003531,CASE000540,CID000478,Serious
VIC003532,CASE001215,CID004452,None
VIC003533,CASE005797,CID005373,Critical
VIC003534,CASE001754,CID007361,None
VIC003535,CASE000469,CID007034,Minor
VIC003536,CASE008380,CID003001,Minor
VIC003537,CASE005112,CID003238,None
VIC003538,CASE008178,CID003800,None
VIC003539,CASE007735,CID002278,Minor
VIC003540,CASE007806,CID001324,Serious
VIC003541,CASE006054,CID005832,Serious
VIC003542,CASE008315,CID001987,Serious
VIC003543,CASE008619,CID008124,Serious
VIC003544,CASE005713,CID009324,None
VIC003545,CASE009135,CID007687,None
VIC003546,CASE003567,CID006295,Minor
VIC003547,CASE008096,CID009421,Minor
VIC003548,CASE000268,CID009804,None
VIC003549,CASE005374,CID003752,Serious
VIC003550,CASE007356,CID009000,Critical
VIC003551,CASE004731,CID001318,Critical
VIC003552,CASE002983,CID008487,Serious
VIC003553,CASE007080,CID008147,Critical
VIC003554,CASE002685,CID003278,Minor
VIC003555,CASE001377,CID005088,Critical
VIC003556,CASE009003,CID007635,Critical
VIC003557,CASE009370,CID007573,Critical
VIC003558,CASE001220,CID002098,Serious
VIC003559,CASE009900,CID007847,None
VIC003560,CASE005567,CID000875,Serious
VIC003561,CASE004946,CID008349,Minor
VIC003562,CASE005640,CID008022,None
VIC003563,CASE005238,CID002866,Minor
VIC003564,CASE006855,CID004921,Critical
VIC003565,CASE009893,CID002038,None
VIC003566,CASE008866,CID005046,Critical
VIC003567,CASE002925,CID004762,None
VIC003568,CASE008497,CID008564,None
VIC003569,CASE002920,CID003898,Minor
VIC003570,CASE000135,CID005652,None
VIC003571,CASE008101,CID003114,Serious
VIC003572,CASE009611,CID008720,Critical
VIC003573,CASE005255,CID009360,Serious
VIC003574,CASE002330,CID002269,None
VIC003575,CASE004446,CID000080,Minor
VIC003576,CASE005414,CID001822,Minor
VIC003577,CASE005150,CID003671,Critical
VIC003578,CASE000905,CID004644,Critical
VIC003579,CASE004862,CID006389,Minor
VIC003580,CASE007882,CID001140,None
VIC003581,CASE004557,CID009404,Minor
VIC003582,CASE006278,CID007450,None
VIC003583,CASE004458,CID009598,Minor
VIC003584,CASE005372,CID009351,Serious
VIC003585,CASE004373,CID009742,Serious
VIC003586,CASE007045,CID004844,Serious
VIC003587,CASE000810,CID005159,Serious
VIC003588,CASE006429,CID002985,Serious
VIC003589,CASE000279,CID009273,Serious
VIC003590,CASE007879,CID000299,None
VIC003591,CASE009809,CID004056,None
VIC003592,CASE006016,CID008008,None
VIC003593,CASE009771,CID000663,Serious
VIC003594,CASE006182,CID001687,Minor
VIC003595,CASE000770,CID000344,Minor
VIC003596,CASE007923,CID007538,Minor
VIC003597,CASE001101,CID006284,Serious
VIC003598,CASE008860,CID001054,Critical
VIC003599,CASE000711,CID001843,None
VIC003600,CASE006037,CID005096,Critical
VIC003601,CASE001601,CID000766,Serious
VIC003602,CASE009652,CID005165,Serious
VIC003603,CASE007580,CID002429,Minor
VIC003604,CASE006206,CID000242,Serious
VIC003605,CASE007752,CID007522,Minor
VIC003606,CASE004791,CID004275,None
VIC003607,CASE007955,CID009734,Serious
VIC003608,CASE003697,CID006117,Serious
VIC003609,CASE009177,CID007158,Critical
VIC003610,CASE004182,CID002536,None
VIC003611,CASE008723,CID001164,Critical
VIC003612,CASE001809,CID004370,Critical
VIC003613,CASE003350,CID005415,Critical
VIC003614,CASE000274,CID003921,Critical
VIC003615,CASE009490,CID001783,Critical
VIC003616,CASE007316,CID005637,Serious
VIC003617,CASE004791,CID001565,Minor
VIC003618,CASE008152,CID005134,Minor
VIC003619,CASE005664,CID001137,Critical
VIC003620,CASE006852,CID006156,Critical
VIC003621,CASE000866,CID008304,None
VIC003622,CASE009963,CID000861,None
VIC003623,CASE003500,CID006497,Critical
VIC003624,CASE001462,CID001004,Serious
VIC003625,CASE005680,CID004013,Serious
VIC003626,CASE009486,CID009970,Serious
VIC003627,CASE005118,CID006613,Critical
VIC003628,CASE003778,CID001412,Minor
VIC003629,CASE008802,CID005316,Minor
VIC003630,CASE004697,CID001687,Serious
VIC003631,CASE000591,CID003310,Critical
VIC003632,CASE004845,CID006009,None
VIC003633,CASE002381,CID004945,Serious
VIC003634,CASE008247,CID007843,None
VIC003635,CASE009705,CID005408,None
VIC003636,CASE006750,CID008430,Serious
VIC003637,CASE009671,CID003017,Serious
VIC003638,CASE001342,CID002516,Serious
VIC003639,CASE005116,CID001544,Minor
VIC003640,CASE004414,CID004408,None
VIC003641,CASE007813,CID001378,Serious
VIC003642,CASE005420,CID005619,Serious
VIC003643,CASE002190,CID007114,Critical
VIC003644,CASE006019,CID006006,Serious
VIC003645,CASE006992,CID005906,Serious
VIC003646,CASE001341,CID002866,Minor
VIC003647,CASE006194,CID008418,Minor
VIC003648,CASE003951,CID001893,Serious
VIC003649,CASE003599,CID006298,Critical
VIC003650,CASE006167,CID004537,None
VIC003651,CASE006261,CID009312,Critical
VIC003652,CASE001818,CID007589,Critical
VIC003653,CASE000252,CID001665,Serious
VIC003654,CASE009999,CID007840,Minor
VIC003655,CASE008016,CID007408,None
VIC003656,CASE005058,CID006348,None
VIC003657,CASE002823,CID006510,None
VIC003658,CASE008971,CID003156,Critical
VIC003659,CASE003919,CID003377,Serious
VIC003660,CASE002037,CID008743,Serious
VIC003661,CASE000800,CID002972,Minor
VIC003662,CASE005141,CID000292,None
VIC003663,CASE006242,CID000805,Critical
VIC003664,CASE002494,CID007805,Serious
VIC003665,CASE003286,CID007308,Minor
VIC003666,CASE003810,CID008021,Critical
VIC003667,CASE009871,CID001362,Minor
VIC003668,CASE002724,CID006019,Minor
VIC003669,CASE002787,CID004941,Serious
VIC003670,CASE005942,CID006618,Minor
VIC003671,CASE009358,CID005771,Minor
VIC003672,CASE008292,CID006236,None
VIC003673,CASE005801,CID007801,Serious
VIC003674,CASE008876,CID000822,Serious
VIC003675,CASE000596,CID001671,None
VIC003676,CASE003386,CID001768,None
VIC003677,CASE009955,CID006585,Critical
VIC003678,CASE000466,CID003657,Critical
VIC003679,CASE001752,CID009825,None
VIC003680,CASE001967,CID009196,Serious
VIC003681,CASE000777,CID006049,None
VIC003682,CASE007901,CID004782,Minor
VIC003683,CASE002535,CID000484,None
VIC003684,CASE000103,CID009565,None
VIC003685,CASE005110,CID002127,Critical
VIC003686,CASE001566,CID008837,Serious
VIC003687,CASE008878,CID003567,Serious
VIC003688,CASE005883,CID008512,Minor
VIC003689,CASE009442,CID000875,Critical
VIC003690,CASE000825,CID008750,Minor
VIC003691,CASE001568,CID006704,Minor
VIC003692,CASE001857,CID009595,Minor
VIC003693,CASE002516,CID005276,Minor
VIC003694,CASE000236,CID004404,Critical
VIC003695,CASE006483,CID006694,Minor
VIC003696,CASE003617,CID008129,Serious
VIC003697,CASE004417,CID000657,Serious
VIC003698,CASE004813,CID009837,None
VIC003699,CASE006591,CID001947,Critical
VIC003700,CASE004903,CID005552,Critical
VIC003701,CASE008972,CID006485,Critical
VIC003702,CASE005472,CID009424,Serious
VIC003703,CASE008066,CID003993,None
VIC003704,CASE008632,CID001542,Critical
VIC003705,CASE002186,CID004379,Critical
VIC003706,CASE001065,CID003660,Serious
VIC003707,CASE007821,CID002010,Critical
VIC003708,CASE002293,CID008321,Serious
VIC003709,CASE002084,CID004218,Critical
VIC003710,CASE005259,CID000524,Critical
VIC003711,CASE001364,CID002907,Minor
VIC003712,CASE007220,CID004093,Critical
VIC003713,CASE004427,CID003151,Serious
VIC003714,CASE000707,CID006027,None
VIC003715,CASE001461,CID004002,Minor
VIC003716,CASE007254,CID006159,Serious
VIC003717,CASE001996,CID006013,Minor
VIC003718,CASE004310,CID002366,Critical
VIC003719,CASE004750,CID009587,None
VIC003720,CASE001597,CID006060,Serious
VIC003721,CASE001532,CID008628,Critical
VIC003722,CASE000501,CID000227,Serious
VIC003723,CASE006477,CID004453,None
VIC003724,CASE006774,CID008503,None
VIC003725,CASE001079,CID004031,Serious
VIC003726,CASE002729,CID002647,Critical
VIC003727,CASE000260,CID006998,Serious
VIC003728,CASE003508,CID001210,None
VIC003729,CASE002876,CID002058,Critical
VIC003730,CASE000904,CID009391,Minor
VIC003731,CASE007073,CID008484,Minor
VIC003732,CASE008433,CID002216,Serious
VIC003733,CASE006111,CID009899,Minor
VIC003734,CASE008139,CID009117,Minor
VIC003735,CASE007635,CID005517,Serious
VIC003736,CASE007271,CID004711,None
VIC003737,CASE008871,CID000280,None
VIC003738,CASE000577,CID002227,Critical
VIC003739,CASE004471,CID007924,Minor
VIC003740,CASE009691,CID000304,Serious
VIC003741,CASE006939,CID001413,None
VIC003742,CASE002725,CID006224,Critical
VIC003743,CASE003856,CID005845,Minor
VIC003744,CASE004044,CID008486,Serious
VIC003745,CASE008627,CID008198,Critical
VIC003746,CASE008852,CID006367,Critical
VIC003747,CASE006766,CID000930,Minor
VIC003748,CASE005210,CID006390,None
VIC003749,CASE002694,CID008266,None
VIC003750,CASE008830,CID000103,None
VIC003751,CASE008798,CID001449,Serious
VIC003752,CASE005325,CID002359,None
VIC003753,CASE002217,CID006489,Minor
VIC003754,CASE009760,CID008858,Serious
VIC003755,CASE002974,CID008822,Serious
VIC003756,CASE000815,CID008516,Critical
VIC003757,CASE004481,CID004478,Critical
VIC003758,CASE008846,CID008458,Critical
VIC003759,CASE003032,CID008199,Critical
VIC003760,CASE003139,CID006365,Serious
VIC003761,CASE003995,CID009186,Critical
VIC003762,CASE001147,CID004488,Minor
VIC003763,CASE007161,CID000621,Serious
VIC003764,CASE004266,CID008306,Minor
VIC003765,CASE007208,CID004126,Serious
VIC003766,CASE000348,CID002807,Critical
VIC003767,CASE000397,CID006971,Minor
VIC003768,CASE004815,CID002308,Critical
VIC003769,CASE008089,CID003931,Critical
VIC003770,CASE005911,CID001115,Critical
VIC003771,CASE003705,CID000130,Critical
VIC003772,CASE005329,CID007976,Serious
VIC003773,CASE001688,CID004961,None
VIC003774,CASE005097,CID003163,Critical
VIC003775,CASE002631,CID005602,Serious
VIC003776,CASE000650,CID001351,Minor
VIC003777,CASE005108,CID003758,Minor
VIC003778,CASE000914,CID003000,Minor
VIC003779,CASE000594,CID002180,Serious
VIC003780,CASE004741,CID005630,Minor
VIC003781,CASE009994,CID006769,None
VIC003782,CASE006356,CID007009,None
VIC003783,CASE003460,CID008499,None
VIC003784,CASE004013,CID003766,Minor
VIC003785,CASE003596,CID001010,Minor
VIC003786,CASE008562,CID005163,Minor
VIC003787,CASE000613,CID003075,Serious
VIC003788,CASE009807,CID005752,Serious
VIC003789,CASE000872,CID005701,Minor
VIC003790,CASE007060,CID000763,Critical
VIC003791,CASE005196,CID004991,Critical
VIC003792,CASE005412,CID008763,Minor
VIC003793,CASE009449,CID006834,Serious
VIC003794,CASE001037,CID005237,Critical
VIC003795,CASE007300,CID001052,Critical
VIC003796,CASE006318,CID008850,None
VIC003797,CASE001000,CID008942,Critical
VIC003798,CASE008836,CID007536,Minor
VIC003799,CASE005033,CID008946,Serious
VIC003800,CASE003471,CID003865,Critical
VIC003801,CASE007477,CID003090,None
VIC003802,CASE009419,CID005861,Critical
VIC003803,CASE000244,CID003442,Critical
VIC003804,CASE005379,CID000358,Serious
VIC003805,CASE001942,CID006589,Critical
VIC003806,CASE005657,CID005673,None
VIC003807,CASE009603,CID004848,None
VIC003808,CASE007796,CID009142,Serious
VIC003809,CASE007244,CID003960,Critical
VIC003810,CASE004780,CID002086,Critical
VIC003811,CASE003283,CID007415,Critical
VIC003812,CASE006617,CID002411,None
VIC003813,CASE000664,CID004906,Critical
VIC003814,CASE009375,CID007466,None
VIC003815,CASE006400,CID002044,None
VIC003816,CASE009509,CID007433,Critical
VIC003817,CASE001952,CID006594,None
VIC003818,CASE002725,CID007412,Critical
VIC003819,CASE006066,CID003528,None
VIC003820,CASE002246,CID002912,Serious
VIC003821,CASE000254,CID007007,Minor
VIC003822,CASE002326,CID005390,Serious
VIC003823,CASE000217,CID006063,Minor
VIC003824,CASE006321,CID000249,Serious
VIC003825,CASE008690,CID001827,Serious
VIC003826,CASE005277,CID002746,Critical
VIC003827,CASE005961,CID009689,Serious
VIC003828,CASE006702,CID001246,Minor
VIC003829,CASE004518,CID007154,Critical
VIC003830,CASE005111,CID006180,None
VIC003831,CASE009714,CID008186,Critical
VIC003832,CASE009751,CID007891,Serious
VIC003833,CASE001679,CID007301,Minor
VIC003834,CASE009785,CID004363,Serious
VIC003835,CASE007281,CID005612,None
VIC003836,CASE000864,CID008022,Serious
VIC003837,CASE007892,CID004886,Minor
VIC003838,CASE006969,CID006446,Critical
VIC003839,CASE007108,CID004034,Critical
VIC003840,CASE007512,CID003363,Minor
VIC003841,CASE006874,CID007719,Minor
VIC003842,CASE006035,CID003055,Critical
VIC003843,CASE002030,CID009697,Minor
VIC003844,CASE000463,CID001474,Serious
VIC003845,CASE006273,CID008176,Critical
VIC003846,CASE008773,CID002951,None
VIC003847,CASE004124,CID003877,Minor
VIC003848,CASE007218,CID007639,None
VIC003849,CASE003442,CID000576,None
VIC003850,CASE008219,CID002790,Minor
VIC003851,CASE008253,CID001622,Serious
VIC003852,CASE003636,CID007030,None
VIC003853,CASE001486,CID009324,Minor
VIC003854,CASE003066,CID002376,Serious
VIC003855,CASE005365,CID001958,None
VIC003856,CASE006359,CID009283,Serious
VIC003857,CASE009567,CID005007,Serious
VIC003858,CASE004610,CID008134,Critical
VIC003859,CASE008086,CID002309,Serious
VIC003860,CASE000681,CID002638,None
VIC003861,CASE008502,CID005755,Critical
VIC003862,CASE006082,CID000856,Serious
VIC003863,CASE003593,CID008452,None
VIC003864,CASE005909,CID009592,Serious
VIC003865,CASE006911,CID008373,None
VIC003866,CASE008938,CID000488,Serious
VIC003867,CASE000801,CID005265,Critical
VIC003868,CASE000275,CID002945,Minor
VIC003869,CASE007133,CID000393,None
VIC003870,CASE005322,CID003169,Critical
VIC003871,CASE003316,CID000872,Serious
VIC003872,CASE003090,CID005130,Critical
VIC003873,CASE003312,CID002736,None
VIC003874,CASE002362,CID004955,None
VIC003875,CASE007133,CID000716,Serious
VIC003876,CASE002666,CID009109,Serious
VIC003877,CASE009716,CID000588,Critical
VIC003878,CASE009465,CID001924,Critical
VIC003879,CASE001215,CID004890,Serious
VIC003880,CASE009057,CID006444,Serious
VIC003881,CASE001380,CID009666,None
VIC003882,CASE009367,CID003396,Serious
VIC003883,CASE006516,CID009661,None
VIC003884,CASE003374,CID000026,Minor
VIC003885,CASE008496,CID003157,Minor
VIC003886,CASE008613,CID004172,Critical
VIC003887,CASE009152,CID008773,Serious
VIC003888,CASE004671,CID001379,None
VIC003889,CASE008657,CID002910,Serious
VIC003890,CASE003059,CID000161,Serious
VIC003891,CASE005480,CID006482,Critical
VIC003892,CASE004235,CID005880,Critical
VIC003893,CASE006942,CID003371,Minor
VIC003894,CASE006586,CID009131,None
VIC003895,CASE008289,CID007032,Serious
VIC003896,CASE000522,CID006800,None
VIC003897,CASE005280,CID004474,Serious
VIC003898,CASE000284,CID009084,Serious
VIC003899,CASE006078,CID002970,Serious
VIC003900,CASE006039,CID009501,Critical
VIC003901,CASE004136,CID005601,Critical
VIC003902,CASE000668,CID009853,Minor
VIC003903,CASE002164,CID006215,Critical
VIC003904,CASE001849,CID002875,Critical
VIC003905,CASE001310,CID005271,Serious
VIC003906,CASE004347,CID004774,Minor
VIC003907,CASE003069,CID007403,Minor
VIC003908,CASE004303,CID002372,Minor
VIC003909,CASE003464,CID005596,Serious
VIC003910,CASE000594,CID008167,Serious
VIC003911,CASE005923,CID001475,Critical
VIC003912,CASE004583,CID005203,Minor
VIC003913,CASE006136,CID002272,Serious
VIC003914,CASE008712,CID001189,Minor
VIC003915,CASE008732,CID006559,None
VIC003916,CASE003636,CID009097,None
VIC003917,CASE002111,CID001128,None
VIC003918,CASE006080,CID001078,Critical
VIC003919,CASE000499,CID003525,None
VIC003920,CASE002567,CID009360,Minor
VIC003921,CASE004472,CID006388,None
VIC003922,CASE007971,CID003163,Critical
VIC003923,CASE000499,CID000281,Critical
VIC003924,CASE002920,CID006068,Serious
VIC003925,CASE007049,CID003704,Serious
VIC003926,CASE007329,CID001561,Critical
VIC003927,CASE000893,CID007445,Serious
VIC003928,CASE001838,CID002255,None
VIC003929,CASE007418,CID003914,Serious
VIC003930,CASE008676,CID007818,None
VIC003931,CASE008471,CID006934,Critical
VIC003932,CASE005555,CID005926,Serious
VIC003933,CASE001063,CID005703,None
VIC003934,CASE000667,CID001929,Critical
VIC003935,CASE008297,CID009521,Serious
VIC003936,CASE000002,CID004409,Critical
VIC003937,CASE004682,CID001662,Minor
VIC003938,CASE004461,CID009578,Critical
VIC003939,CASE003263,CID004322,Serious
VIC003940,CASE001541,CID007745,Minor
VIC003941,CASE006367,CID000241,Minor
VIC003942,CASE006748,CID007854,Critical
VIC003943,CASE007710,CID000224,Critical
VIC003944,CASE004036,CID003655,Serious
VIC003945,CASE002582,CID009337,Critical
VIC003946,CASE003980,CID003727,Critical
VIC003947,CASE005394,CID007159,None
VIC003948,CASE006994,CID005146,Minor
VIC003949,CASE004466,CID005719,Critical
VIC003950,CASE008279,CID008567,Critical
VIC003951,CASE007275,CID004953,Minor
VIC003952,CASE006507,CID001263,Minor
VIC003953,CASE001025,CID007297,Minor
VIC003954,CASE002450,CID007410,Minor
VIC003955,CASE004457,CID003384,Critical
VIC003956,CASE002656,CID001339,Serious
VIC003957,CASE000470,CID002911,Critical
VIC003958,CASE000321,CID001651,None
VIC003959,CASE004716,CID007491,Serious
VIC003960,CASE002187,CID001794,Serious
VIC003961,CASE008466,CID001431,None
VIC003962,CASE001046,CID008200,Serious
VIC003963,CASE006873,CID008189,Critical
VIC003964,CASE003721,CID009850,Critical
VIC003965,CASE004145,CID004398,None
VIC003966,CASE001770,CID004984,Minor
VIC003967,CASE002258,CID003285,Critical
VIC003968,CASE008793,CID005587,Serious
VIC003969,CASE000848,CID005013,None
VIC003970,CASE001038,CID000408,None
VIC003971,CASE008079,CID006817,Critical
VIC003972,CASE000647,CID005283,Serious
VIC003973,CASE007536,CID002748,Critical
VIC003974,CASE007881,CID004614,Critical
VIC003975,CASE009463,CID007142,Critical
VIC003976,CASE003394,CID006326,Critical
VIC003977,CASE000380,CID001915,Serious
VIC003978,CASE005955,CID001854,Minor
VIC003979,CASE009362,CID005460,None
VIC003980,CASE006025,CID009789,Serious
VIC003981,CASE008259,CID003184,Critical
VIC003982,CASE000967,CID000048,None
VIC003983,CASE003936,CID001147,Serious
VIC003984,CASE001363,CID004348,Minor
VIC003985,CASE009936,CID000270,Serious
VIC003986,CASE003687,CID008009,Critical
VIC003987,CASE008384,CID007854,Critical
VIC003988,CASE004178,CID008324,None
VIC003989,CASE001671,CID001915,Serious
VIC003990,CASE009870,CID009524,Minor
VIC003991,CASE008326,CID002194,Critical
VIC003992,CASE008509,CID004154,Minor
VIC003993,CASE003621,CID005636,None
VIC003994,CASE000483,CID009381,Serious
VIC003995,CASE007512,CID000808,None
VIC003996,CASE009555,CID008307,Critical
VIC003997,CASE001815,CID009049,None
VIC003998,CASE002634,CID003586,Critical
VIC003999,CASE007010,CID006991,Serious
VIC004000,CASE000335,CID006282,None
VIC004001,CASE004596,CID003612,Minor
VIC004002,CASE008031,CID007873,Critical
VIC004003,CASE008310,CID007307,Critical
VIC004004,CASE005738,CID009367,Minor
VIC004005,CASE004425,CID000298,None
VIC004006,CASE009910,CID003776,Critical
VIC004007,CASE003709,CID005406,None
VIC004008,CASE008763,CID006999,Minor
VIC004009,CASE001714,CID009256,Critical
VIC004010,CASE002213,CID007675,None
VIC004011,CASE006039,CID008409,Serious
VIC004012,CASE006459,CID002521,Critical
VIC004013,CASE004772,CID000488,None
VIC004014,CASE001357,CID000133,Critical
VIC004015,CASE002846,CID006391,Critical
VIC004016,CASE006055,CID002104,Serious
VIC004017,CASE006594,CID009190,Minor
VIC004018,CASE006897,CID008568,Minor
VIC004019,CASE002283,CID001286,Minor
VIC004020,CASE005150,CID009732,None
VIC004021,CASE000209,CID006248,Minor
VIC004022,CASE006909,CID003164,Critical
VIC004023,CASE006933,CID004028,Serious
VIC004024,CASE000227,CID005168,Serious
VIC004025,CASE009678,CID001072,Serious
VIC004026,CASE001515,CID008193,Serious
VIC004027,CASE000731,CID009195,Serious
VIC004028,CASE009989,CID007085,Minor
VIC004029,CASE003184,CID006831,Serious
VIC004030,CASE009007,CID007007,Serious
VIC004031,CASE008341,CID007494,Serious
VIC004032,CASE005882,CID002817,Minor
VIC004033,CASE003407,CID008047,Critical
VIC004034,CASE006829,CID007516,Critical
VIC004035,CASE009314,CID005743,None
VIC004036,CASE005522,CID008440,Critical
VIC004037,CASE007137,CID005104,None
VIC004038,CASE008056,CID000292,None
VIC004039,CASE002046,CID003117,Minor
VIC004040,CASE002732,CID006852,None
VIC004041,CASE003157,CID009062,Critical
VIC004042,CASE005376,CID007973,Minor
VIC004043,CASE004169,CID001201,Serious
VIC004044,CASE007680,CID007243,Serious
VIC004045,CASE002179,CID002810,None
VIC004046,CASE003350,CID001590,Minor
VIC004047,CASE001940,CID001106,Critical
VIC004048,CASE005901,CID002138,Minor
VIC004049,CASE006156,CID006055,Critical
VIC004050,CASE007947,CID006274,Serious
VIC004051,CASE000042,CID002202,None
VIC004052,CASE006798,CID006992,Serious
VIC004053,CASE002146,CID009537,Serious
VIC004054,CASE001132,CID002227,Minor
VIC004055,CASE002417,CID007106,Minor
VIC004056,CASE000451,CID008812,Serious
VIC004057,CASE004120,CID006571,Minor
VIC004058,CASE001267,CID001666,None
VIC004059,CASE000177,CID007667,Critical
VIC004060,CASE006643,CID004804,Minor
VIC004061,CASE008148,CID000003,Minor
VIC004062,CASE003198,CID008836,Critical
VIC004063,CASE003111,CID003043,Critical
VIC004064,CASE004863,CID009762,Serious
VIC004065,CASE001226,CID006559,Serious
VIC004066,CASE001877,CID006614,Serious
VIC004067,CASE009858,CID000833,Critical
VIC004068,CASE007453,CID000662,Minor
VIC004069,CASE003926,CID002382,Critical
VIC004070,CASE006840,CID005735,Serious
VIC004071,CASE003951,CID002311,Critical
VIC004072,CASE000452,CID001187,Critical
VIC004073,CASE005423,CID007416,Minor
VIC004074,CASE004866,CID000001,Minor
VIC004075,CASE005527,CID006838,Serious
VIC004076,CASE003894,CID000971,Serious
VIC004077,CASE001218,CID002963,Minor
VIC004078,CASE008454,CID000527,Critical
VIC004079,CASE000138,CID001597,Minor
VIC004080,CASE005832,CID009899,Serious
VIC004081,CASE003613,CID005400,None
VIC004082,CASE004973,CID000140,None
VIC004083,CASE006872,CID002019,Serious
VIC004084,CASE008146,CID000745,None
VIC004085,CASE009697,CID009962,Critical
VIC004086,CASE005632,CID001421,Minor
VIC004087,CASE008498,CID007971,None
VIC004088,CASE005299,CID003228,Minor
VIC004089,CASE005174,CID005766,None
VIC004090,CASE004333,CID001453,Serious
VIC004091,CASE002367,CID008164,Critical
VIC004092,CASE008168,CID002283,Minor
VIC004093,CASE007043,CID007906,Minor
VIC004094,CASE002530,CID005549,Serious
VIC004095,CASE001419,CID006874,Serious
VIC004096,CASE005080,CID009986,Critical
VIC004097,CASE007878,CID004716,Critical
VIC004098,CASE003446,CID000928,Minor
VIC004099,CASE009049,CID003368,Critical
VIC004100,CASE007658,CID007602,Serious
VIC004101,CASE003014,CID001415,Serious
VIC004102,CASE000594,CID002025,Minor
VIC004103,CASE000303,CID000349,Serious
VIC004104,CASE003519,CID004905,Critical
VIC004105,CASE001308,CID003933,Critical
VIC004106,CASE008219,CID008482,None
VIC004107,CASE002774,CID006232,None
VIC004108,CASE001537,CID002446,None
VIC004109,CASE005265,CID006171,Serious
VIC004110,CASE006257,CID009861,Minor
VIC004111,CASE003447,CID001952,Minor
VIC004112,CASE005703,CID005907,Serious
VIC004113,CASE005139,CID009771,Critical
VIC004114,CASE005473,CID005011,Serious
VIC004115,CASE008481,CID007105,Serious
VIC004116,CASE007535,CID003454,Critical
VIC004117,CASE007348,CID008983,Critical
VIC004118,CASE009018,CID003376,None
VIC004119,CASE004249,CID001808,Critical
VIC004120,CASE007045,CID000019,Minor
VIC004121,CASE004326,CID002182,Critical
VIC004122,CASE001463,CID008445,Critical
VIC004123,CASE004881,CID000782,None
VIC004124,CASE000674,CID006492,Serious
VIC004125,CASE001698,CID007693,None
VIC004126,CASE004645,CID001394,Critical
VIC004127,CASE001950,CID004454,Minor
VIC004128,CASE000113,CID003364,None
VIC004129,CASE005047,CID008235,Critical
VIC004130,CASE005345,CID005777,Critical
VIC004131,CASE009921,CID006693,Critical
VIC004132,CASE003277,CID008026,None
VIC004133,CASE006640,CID007910,Serious
VIC004134,CASE002967,CID000913,None
VIC004135,CASE004962,CID003163,Minor
VIC004136,CASE001454,CID002152,Minor
VIC004137,CASE001641,CID003737,Critical
VIC004138,CASE000379,CID005495,None
VIC004139,CASE008772,CID002666,None
VIC004140,CASE007656,CID004909,Minor
VIC004141,CASE009978,CID005681,None
VIC004142,CASE001885,CID000118,Critical
VIC004143,CASE007470,CID003296,None
VIC004144,CASE009078,CID006361,Critical
VIC004145,CASE005465,CID005042,Critical
VIC004146,CASE002043,CID001856,None
VIC004147,CASE005147,CID001465,Minor
VIC004148,CASE006305,CID009904,Minor
VIC004149,CASE009867,CID006975,None
VIC004150,CASE007112,CID005723,None
VIC004151,CASE009905,CID008231,Critical
VIC004152,CASE003863,CID006288,None
VIC004153,CASE006287,CID003917,Serious
VIC004154,CASE007991,CID001349,Serious
VIC004155,CASE000589,CID000567,None
VIC004156,CASE006679,CID002680,Serious
VIC004157,CASE003238,CID001095,None
VIC004158,CASE001500,CID004585,None
VIC004159,CASE000256,CID002567,Critical
VIC004160,CASE004986,CID002244,None
VIC004161,CASE004863,CID009691,None
VIC004162,CASE001505,CID002890,Serious
VIC004163,CASE003796,CID009670,Minor
VIC004164,CASE006382,CID004205,Critical
VIC004165,CASE007851,CID000698,Critical
VIC004166,CASE000042,CID003763,Serious
VIC004167,CASE001199,CID004262,Serious
VIC004168,CASE008723,CID007469,Minor
VIC004169,CASE009784,CID001615,Serious
VIC004170,CASE002537,CID002339,Critical
VIC004171,CASE001068,CID003027,None
VIC004172,CASE007936,CID001181,Minor
VIC004173,CASE001279,CID000050,Critical
VIC004174,CASE008124,CID007696,Serious
VIC004175,CASE005005,CID009783,Serious
VIC004176,CASE005096,CID001172,None
VIC004177,CASE007656,CID006507,Serious
VIC004178,CASE001462,CID008873,Serious
VIC004179,CASE001393,CID002074,Minor
VIC004180,CASE009498,CID007232,Minor
VIC004181,CASE004443,CID007256,None
VIC004182,CASE000480,CID009659,Serious
VIC004183,CASE007472,CID001994,Serious
VIC004184,CASE001804,CID009490,Serious
VIC004185,CASE007450,CID007300,Serious
VIC004186,CASE001964,CID009623,Minor
VIC004187,CASE002386,CID006265,Serious
VIC004188,CASE007421,CID001398,None
VIC004189,CASE005906,CID002319,None
VIC004190,CASE004966,CID003496,Critical
VIC004191,CASE001094,CID000126,Critical
VIC004192,CASE007063,CID005814,Minor
VIC004193,CASE001586,CID005809,Critical
VIC004194,CASE001385,CID006176,None
VIC004195,CASE009231,CID004949,Critical
VIC004196,CASE002522,CID009932,None
VIC004197,CASE002068,CID007700,Serious
VIC004198,CASE006569,CID006648,Serious
VIC004199,CASE006877,CID004725,Serious
VIC004200,CASE009481,CID000382,Minor
VIC004201,CASE003694,CID007757,Critical
VIC004202,CASE000840,CID007071,Critical
VIC004203,CASE004892,CID007179,Serious
VIC004204,CASE005443,CID006343,Minor
VIC004205,CASE005159,CID003861,Minor
VIC004206,CASE005608,CID002184,Critical
VIC004207,CASE005906,CID006570,Minor
VIC004208,CASE009774,CID007689,None
VIC004209,CASE005158,CID002759,None
VIC004210,CASE006749,CID001885,Serious
VIC004211,CASE004150,CID003798,Minor
VIC004212,CASE006298,CID004127,Minor
VIC004213,CASE008994,CID008784,Serious
VIC004214,CASE007828,CID004080,Serious
VIC004215,CASE002796,CID009804,Minor
VIC004216,CASE000669,CID005981,Serious
VIC004217,CASE003944,CID004880,Serious
VIC004218,CASE005869,CID008906,Serious
VIC004219,CASE006528,CID009565,None
VIC004220,CASE009341,CID008454,Minor
VIC004221,CASE009127,CID004936,Critical
VIC004222,CASE004032,CID009298,Serious
VIC004223,CASE005516,CID009670,Minor
VIC004224,CASE007942,CID009554,Critical
VIC004225,CASE002215,CID002271,Critical
VIC004226,CASE005120,CID009945,Critical
VIC004227,CASE008219,CID006419,Minor
VIC004228,CASE002277,CID006995,None
VIC004229,CASE000723,CID003383,Serious
VIC004230,CASE000081,CID002531,None
VIC004231,CASE004623,CID002662,Critical
VIC004232,CASE008386,CID001556,None
VIC004233,CASE008478,CID009323,Minor
VIC004234,CASE006112,CID009732,Serious
VIC004235,CASE000465,CID008043,Serious
VIC004236,CASE009813,CID006632,Critical
VIC004237,CASE009329,CID006598,Minor
VIC004238,CASE005131,CID009697,Serious
VIC004239,CASE003789,CID004535,None
VIC004240,CASE003907,CID000467,Serious
VIC004241,CASE004224,CID000981,None
VIC004242,CASE001054,CID007997,Critical
VIC004243,CASE008575,CID002683,Critical
VIC004244,CASE007381,CID001042,Critical
VIC004245,CASE003355,CID003775,Serious
VIC004246,CASE000585,CID004691,Serious
VIC004247,CASE000038,CID005879,None
VIC004248,CASE002173,CID004464,Critical
VIC004249,CASE003057,CID008866,Minor
VIC004250,CASE003933,CID005330,None
VIC004251,CASE003213,CID007900,Serious
VIC004252,CASE002758,CID009118,None
VIC004253,CASE006809,CID002840,None
VIC004254,CASE007287,CID003601,Serious
VIC004255,CASE000839,CID001166,Critical
VIC004256,CASE004903,CID007764,Critical
VIC004257,CASE006034,CID003797,Critical
VIC004258,CASE007996,CID003749,None
VIC004259,CASE009665,CID000830,Serious
VIC004260,CASE006908,CID002403,Minor
VIC004261,CASE009023,CID003393,Critical
VIC004262,CASE001287,CID003799,Minor
VIC004263,CASE008673,CID004889,Serious
VIC004264,CASE009717,CID006994,None
VIC004265,CASE009120,CID001001,None
VIC004266,CASE005414,CID007487,Minor
VIC004267,CASE005824,CID002926,Critical
VIC004268,CASE006653,CID006299,Critical
VIC004269,CASE009147,CID009347,Serious
VIC004270,CASE003042,CID001401,Serious
VIC004271,CASE003443,CID007884,None
VIC004272,CASE003496,CID002886,Critical
VIC004273,CASE006420,CID003677,None
VIC004274,CASE003143,CID001779,None
VIC004275,CASE003448,CID006395,None
VIC004276,CASE005377,CID008610,Minor
VIC004277,CASE005580,CID005508,Critical
VIC004278,CASE007277,CID000858,Minor
VIC004279,CASE007112,CID006763,Serious
VIC004280,CASE003025,CID003132,Serious
VIC004281,CASE006613,CID007972,Serious
VIC004282,CASE007567,CID005288,Serious
VIC004283,CASE009083,CID008965,None
VIC004284,CASE005835,CID003754,Critical
VIC004285,CASE005056,CID003804,None
VIC004286,CASE001847,CID004216,Serious
VIC004287,CASE002341,CID005779,None
VIC004288,CASE006899,CID000517,Serious
VIC004289,CASE001931,CID005086,None
VIC004290,CASE005049,CID000839,None
VIC004291,CASE000266,CID001766,Critical
VIC004292,CASE008307,CID008965,None
VIC004293,CASE009860,CID003014,Serious
VIC004294,CASE003940,CID002145,Minor
VIC004295,CASE007156,CID007613,None
VIC004296,CASE001532,CID008634,Serious
VIC004297,CASE002338,CID000210,Critical
VIC004298,CASE004759,CID003587,None
VIC004299,CASE004896,CID004404,Serious
VIC004300,CASE000454,CID006732,None
VIC004301,CASE008515,CID009768,Critical
VIC004302,CASE007644,CID001539,None
VIC004303,CASE004309,CID007163,Minor
VIC004304,CASE004595,CID003439,None
VIC004305,CASE002583,CID004730,None
VIC004306,CASE008054,CID003379,Critical
VIC004307,CASE007705,CID009809,Serious
VIC004308,CASE009484,CID001522,Minor
VIC004309,CASE001341,CID000408,Serious
VIC004310,CASE001143,CID008828,None
VIC004311,CASE000950,CID004353,Minor
VIC004312,CASE009042,CID006046,None
VIC004313,CASE003105,CID005245,Minor
VIC004314,CASE009341,CID005959,Minor
VIC004315,CASE002359,CID008143,None
VIC004316,CASE002689,CID005441,Serious
VIC004317,CASE002456,CID000785,Serious
VIC004318,CASE002943,CID005742,Critical
VIC004319,CASE003554,CID007596,Critical
VIC004320,CASE002465,CID002420,Serious
VIC004321,CASE002262,CID002734,Minor
VIC004322,CASE001793,CID009084,None
VIC004323,CASE000223,CID006481,Minor
VIC004324,CASE004726,CID003334,Minor
VIC004325,CASE001598,CID004261,None
VIC004326,CASE000449,CID006785,Critical
VIC004327,CASE004691,CID009697,Critical
VIC004328,CASE003434,CID001329,Minor
VIC004329,CASE005868,CID002449,Minor
VIC004330,CASE001485,CID004451,Serious
VIC004331,CASE003710,CID005191,Serious
VIC004332,CASE005474,CID002332,Minor
VIC004333,CASE004083,CID006916,Serious
VIC004334,CASE004758,CID006263,Minor
VIC004335,CASE002949,CID006573,None
VIC004336,CASE004050,CID006178,Critical
VIC004337,CASE004614,CID006953,Serious
VIC004338,CASE000738,CID009590,Serious
VIC004339,CASE003572,CID003592,Serious
VIC004340,CASE009078,CID001739,None
VIC004341,CASE008753,CID000896,Serious
VIC004342,CASE006074,CID005092,Minor
VIC004343,CASE003653,CID002284,Critical
VIC004344,CASE002154,CID007852,Serious
VIC004345,CASE004196,CID005364,None
VIC004346,CASE002907,CID006724,None
VIC004347,CASE006126,CID007423,Serious
VIC004348,CASE007269,CID004216,None
VIC004349,CASE005454,CID005424,Minor
VIC004350,CASE003350,CID002325,Serious
VIC004351,CASE007289,CID005606,Critical
VIC004352,CASE006201,CID007240,Critical
VIC004353,CASE002153,CID001994,Critical
VIC004354,CASE008113,CID000239,Serious
VIC004355,CASE000028,CID007605,None
VIC004356,CASE007371,CID009079,Critical
VIC004357,CASE001383,CID007318,Critical
VIC004358,CASE000735,CID001426,Minor
VIC004359,CASE009320,CID007751,Critical
VIC004360,CASE000959,CID003562,Serious
VIC004361,CASE001029,CID004795,Serious
VIC004362,CASE005258,CID007604,Serious
VIC004363,CASE001653,CID006115,Critical
VIC004364,CASE007497,CID009008,Critical
VIC004365,CASE002210,CID001596,Critical
VIC004366,CASE006862,CID005282,Serious
VIC004367,CASE008935,CID005963,None
VIC004368,CASE006518,CID007229,Critical
VIC004369,CASE004499,CID006939,Minor
VIC004370,CASE008055,CID003863,Minor
VIC004371,CASE002377,CID000830,Serious
VIC004372,CASE002235,CID007350,None
VIC004373,CASE003916,CID001119,Minor
VIC004374,CASE003786,CID001388,Serious
VIC004375,CASE006531,CID009623,Critical
VIC004376,CASE001725,CID009737,Minor
VIC004377,CASE003930,CID009590,Critical
VIC004378,CASE006786,CID002355,Critical
VIC004379,CASE009243,CID009086,Critical
VIC004380,CASE007532,CID001296,Critical
VIC004381,CASE004060,CID004196,Minor
VIC004382,CASE003863,CID000427,None
VIC004383,CASE000409,CID001682,Minor
VIC004384,CASE004936,CID004194,Critical
VIC004385,CASE009704,CID008569,Minor
VIC004386,CASE001572,CID001186,Serious
VIC004387,CASE003936,CID005983,Critical
VIC004388,CASE007081,CID007513,Serious
VIC004389,CASE008625,CID003646,Serious
VIC004390,CASE002118,CID009618,None
VIC004391,CASE000925,CID001018,None
VIC004392,CASE002928,CID009106,Minor
VIC004393,CASE002360,CID006554,Critical
VIC004394,CASE007447,CID004716,Serious
VIC004395,CASE005306,CID003799,Critical
VIC004396,CASE003220,CID009181,None
VIC004397,CASE004720,CID004647,None
VIC004398,CASE006400,CID001025,Minor
VIC004399,CASE002967,CID007606,None
VIC004400,CASE001948,CID004459,None
VIC004401,CASE007574,CID005970,Minor
VIC004402,CASE007174,CID003366,None
VIC004403,CASE008770,CID005956,Critical
VIC004404,CASE003409,CID005320,Serious
VIC004405,CASE002668,CID001979,Minor
VIC004406,CASE000004,CID002213,None
VIC004407,CASE000401,CID008264,Serious
VIC004408,CASE005441,CID007526,None
VIC004409,CASE007109,CID003148,Minor
VIC004410,CASE008767,CID006603,Critical
VIC004411,CASE002847,CID001322,Critical
VIC004412,CASE000406,CID005465,None
VIC004413,CASE005633,CID002119,Minor
VIC004414,CASE009342,CID002732,None
VIC004415,CASE008714,CID009500,Minor
VIC004416,CASE001696,CID009643,Serious
VIC004417,CASE002970,CID006283,None
VIC004418,CASE003305,CID000482,Critical
VIC004419,CASE003875,CID001211,Serious
VIC004420,CASE000001,CID009081,None
VIC004421,CASE000817,CID009963,Critical
VIC004422,CASE001175,CID003976,None
VIC004423,CASE002361,CID008718,None
VIC004424,CASE006104,CID008854,Serious
VIC004425,CASE002723,CID002641,None
VIC004426,CASE003368,CID004345,Critical
VIC004427,CASE003622,CID000459,Critical
VIC004428,CASE003732,CID003023,Minor
VIC004429,CASE007261,CID006051,None
VIC004430,CASE004478,CID006330,Minor
VIC004431,CASE001527,CID006948,Serious
VIC004432,CASE009136,CID009929,Minor
VIC004433,CASE000118,CID001589,Minor
VIC004434,CASE007944,CID007602,Critical
VIC004435,CASE004963,CID002244,Critical
VIC004436,CASE008655,CID001472,Critical
VIC004437,CASE009102,CID002999,None
VIC004438,CASE006801,CID001372,Critical
VIC004439,CASE009802,CID006947,Minor
VIC004440,CASE003618,CID007953,None
VIC004441,CASE002143,CID000301,None
VIC004442,CASE005618,CID008659,Minor
VIC004443,CASE001849,CID007955,None
VIC004444,CASE004063,CID000118,Minor
VIC004445,CASE003958,CID001786,Minor
VIC004446,CASE001735,CID002863,None
VIC004447,CASE007448,CID009668,Minor
VIC004448,CASE003613,CID001302,Minor
VIC004449,CASE004908,CID005845,Critical
VIC004450,CASE009119,CID004133,None
VIC004451,CASE004854,CID006261,None
VIC004452,CASE004158,CID000795,Critical
VIC004453,CASE007692,CID006761,Critical
VIC004454,CASE009250,CID005841,Serious
VIC004455,CASE000484,CID006042,Critical
VIC004456,CASE008146,CID004732,None
VIC004457,CASE005638,CID008316,Critical
VIC004458,CASE007083,CID005794,Serious
VIC004459,CASE006407,CID007178,Critical
VIC004460,CASE005997,CID001911,None
VIC004461,CASE008556,CID003703,Critical
VIC004462,CASE009745,CID000943,Critical
VIC004463,CASE004189,CID009999,Critical
VIC004464,CASE009984,CID002317,Minor
VIC004465,CASE003017,CID006667,Serious
VIC004466,CASE000608,CID004953,None
VIC004467,CASE007942,CID000064,None
VIC004468,CASE002569,CID002808,Minor
VIC004469,CASE003574,CID002090,None
VIC004470,CASE003912,CID007625,Critical
VIC004471,CASE006306,CID002644,None
VIC004472,CASE000649,CID006686,Critical
VIC004473,CASE001109,CID001313,Critical
VIC004474,CASE004531,CID003075,None
VIC004475,CASE007584,CID008574,Serious
VIC004476,CASE001117,CID006014,None
VIC004477,CASE005696,CID006567,Critical
VIC004478,CASE004930,CID003056,Critical
VIC004479,CASE005568,CID006720,Minor
VIC004480,CASE000590,CID001139,Serious
VIC004481,CASE009760,CID008264,Critical
VIC004482,CASE009649,CID008033,None
VIC004483,CASE002908,CID000593,Minor
VIC004484,CASE006081,CID002736,Serious
VIC004485,CASE002808,CID008647,Serious
VIC004486,CASE005834,CID006628,Critical
VIC004487,CASE000682,CID000279,None
VIC004488,CASE002270,CID009358,Minor
VIC004489,CASE008900,CID003717,Minor
VIC004490,CASE005308,CID001713,Critical
VIC004491,CASE001748,CID004155,Serious
VIC004492,CASE003643,CID000874,Minor
VIC004493,CASE008121,CID004375,Serious
VIC004494,CASE000344,CID008805,Critical
VIC004495,CASE003872,CID000229,Serious
VIC004496,CASE004129,CID008251,None
VIC004497,CASE008453,CID006236,Minor
VIC004498,CASE007180,CID000337,Critical
VIC004499,CASE005359,CID008581,Minor
VIC004500,CASE001388,CID007943,Critical
VIC004501,CASE009106,CID008074,Minor
VIC004502,CASE005526,CID002660,Critical
VIC004503,CASE003905,CID000166,Minor
VIC004504,CASE004276,CID006996,None
VIC004505,CASE008232,CID005785,Serious
VIC004506,CASE005423,CID007769,Minor
VIC004507,CASE006073,CID008732,Critical
VIC004508,CASE001939,CID003499,Critical
VIC004509,CASE006804,CID003597,Serious
VIC004510,CASE006536,CID006636,Minor
VIC004511,CASE009713,CID007487,Critical
VIC004512,CASE000516,CID007735,Critical
VIC004513,CASE007803,CID005218,Serious
VIC004514,CASE004025,CID000195,None
VIC004515,CASE003764,CID002666,Critical
VIC004516,CASE000913,CID002449,Serious
VIC004517,CASE006726,CID001014,Serious
VIC004518,CASE005938,CID001825,Minor
VIC004519,CASE007532,CID008655,None
VIC004520,CASE003780,CID001906,None
VIC004521,CASE006510,CID009919,None
VIC004522,CASE007931,CID004406,Serious
VIC004523,CASE005366,CID008876,Critical
VIC004524,CASE002625,CID004104,Serious
VIC004525,CASE008555,CID008838,Critical
VIC004526,CASE005686,CID005698,Serious
VIC004527,CASE001768,CID008891,Critical
VIC004528,CASE003576,CID003279,Minor
VIC004529,CASE000983,CID001706,Critical
VIC004530,CASE003683,CID002007,None
VIC004531,CASE003019,CID002092,Serious
VIC004532,CASE001638,CID000788,Serious
VIC004533,CASE003799,CID009722,Minor
VIC004534,CASE004357,CID004242,None
VIC004535,CASE002536,CID000496,None
VIC004536,CASE000919,CID004761,None
VIC004537,CASE009468,CID009113,Critical
VIC004538,CASE008869,CID002241,None
VIC004539,CASE000182,CID001144,Critical
VIC004540,CASE005749,CID006650,Serious
VIC004541,CASE006215,CID001344,Minor
VIC004542,CASE007893,CID004428,Critical
VIC004543,CASE004326,CID008114,Serious
VIC004544,CASE008424,CID001012,None
VIC004545,CASE006663,CID000129,Critical
VIC004546,CASE004092,CID004022,Critical
VIC004547,CASE003986,CID008950,Serious
VIC004548,CASE002807,CID000738,Critical
VIC004549,CASE003764,CID007715,Minor
VIC004550,CASE003644,CID004196,Serious
VIC004551,CASE000338,CID005645,None
VIC004552,CASE003739,CID007461,Serious
VIC004553,CASE007090,CID006378,None
VIC004554,CASE006619,CID007606,None
VIC004555,CASE008095,CID004388,Critical
VIC004556,CASE009136,CID000310,Serious
VIC004557,CASE009408,CID001514,Serious
VIC004558,CASE007208,CID002761,Serious
VIC004559,CASE009483,CID000167,Critical
VIC004560,CASE009484,CID007818,Critical
VIC004561,CASE000574,CID008323,Critical
VIC004562,CASE007859,CID009376,Minor
VIC004563,CASE004301,CID002340,Serious
VIC004564,CASE005292,CID004989,Critical
VIC004565,CASE000510,CID003750,Serious
VIC004566,CASE009091,CID005133,Critical
VIC004567,CASE007726,CID007742,Critical
VIC004568,CASE001757,CID009026,Minor
VIC004569,CASE006819,CID001890,None
VIC004570,CASE007115,CID000447,Critical
VIC004571,CASE003932,CID000437,Minor
VIC004572,CASE004481,CID002653,Serious
VIC004573,CASE000882,CID003829,Serious
VIC004574,CASE008247,CID009056,Minor
VIC004575,CASE003333,CID002667,None
VIC004576,CASE000866,CID005581,Serious
VIC004577,CASE005439,CID005522,Minor
VIC004578,CASE007224,CID007785,Serious
VIC004579,CASE004860,CID003588,Minor
VIC004580,CASE005644,CID001447,Minor
VIC004581,CASE006841,CID001201,Minor
VIC004582,CASE004746,CID007249,None
VIC004583,CASE006626,CID007287,Critical
VIC004584,CASE007043,CID007603,None
VIC004585,CASE000193,CID007808,Minor
VIC004586,CASE002297,CID002489,Serious
VIC004587,CASE007637,CID000866,Minor
VIC004588,CASE007521,CID006838,Serious
VIC004589,CASE002104,CID008874,Minor
VIC004590,CASE008481,CID001254,Critical
VIC004591,CASE002580,CID009044,Serious
VIC004592,CASE006540,CID005070,Serious
VIC004593,CASE009083,CID009700,Minor
VIC004594,CASE001762,CID008990,Minor
VIC004595,CASE002268,CID005988,Minor
VIC004596,CASE007603,CID001315,Minor
VIC004597,CASE001517,CID009710,Serious
VIC004598,CASE008390,CID004178,Serious
VIC004599,CASE001822,CID002475,Critical
VIC004600,CASE004922,CID005438,Serious
VIC004601,CASE004418,CID002006,Minor
VIC004602,CASE004792,CID001598,Serious
VIC004603,CASE002328,CID009725,None
VIC004604,CASE008090,CID004585,None
VIC004605,CASE007427,CID007112,Serious
VIC004606,CASE002862,CID005314,Minor
VIC004607,CASE008490,CID000386,Minor
VIC004608,CASE003482,CID004211,Serious
VIC004609,CASE001489,CID000600,Minor
VIC004610,CASE004907,CID007076,Minor
VIC004611,CASE008614,CID004265,None
VIC004612,CASE008676,CID002823,Critical
VIC004613,CASE000743,CID009273,Serious
VIC004614,CASE008782,CID004722,None
VIC004615,CASE005912,CID005130,Serious
VIC004616,CASE005129,CID007558,None
VIC004617,CASE007900,CID007575,None
VIC004618,CASE005809,CID007466,None
VIC004619,CASE008650,CID008669,Critical
VIC004620,CASE006096,CID007539,None
VIC004621,CASE007572,CID001499,Minor
VIC004622,CASE008492,CID000893,None
VIC004623,CASE000091,CID007189,Critical
VIC004624,CASE006002,CID003034,Minor
VIC004625,CASE006744,CID001870,Minor
VIC004626,CASE004979,CID007715,Critical
VIC004627,CASE003059,CID007407,Serious
VIC004628,CASE001127,CID008318,Critical
VIC004629,CASE007948,CID005055,Minor
VIC004630,CASE008957,CID001848,Minor
VIC004631,CASE009387,CID009153,Minor
VIC004632,CASE000280,CID001803,Minor
VIC004633,CASE008431,CID005164,Minor
VIC004634,CASE000020,CID007861,None
VIC004635,CASE005919,CID004086,Critical
VIC004636,CASE007479,CID001243,Serious
VIC004637,CASE006539,CID000312,Serious
VIC004638,CASE006124,CID009368,Serious
VIC004639,CASE005873,CID007687,Critical
VIC004640,CASE004026,CID000510,None
VIC004641,CASE007523,CID007322,Serious
VIC004642,CASE001171,CID002962,Serious
VIC004643,CASE007325,CID008854,Critical
VIC004644,CASE007521,CID001484,Serious
VIC004645,CASE005073,CID008347,Critical
VIC004646,CASE001529,CID007393,Serious
VIC004647,CASE009202,CID002496,None
VIC004648,CASE005291,CID005696,Minor
VIC004649,CASE009271,CID005758,None
VIC004650,CASE007099,CID003780,Minor
VIC004651,CASE005582,CID009599,None
VIC004652,CASE004768,CID004876,Critical
VIC004653,CASE000835,CID007317,Serious
VIC004654,CASE003138,CID009683,Minor
VIC004655,CASE009089,CID009290,Minor
VIC004656,CASE002239,CID007977,None
VIC004657,CASE009637,CID007263,None
VIC004658,CASE002758,CID005818,Serious
VIC004659,CASE000511,CID005975,Minor
VIC004660,CASE003891,CID009665,Critical
VIC004661,CASE007450,CID007940,None
VIC004662,CASE009731,CID004770,None
VIC004663,CASE001965,CID004109,None
VIC004664,CASE001382,CID000084,Critical
VIC004665,CASE006725,CID000517,Critical
VIC004666,CASE001782,CID002324,Critical
VIC004667,CASE005571,CID002889,Minor
VIC004668,CASE001577,CID003730,None
VIC004669,CASE001394,CID001619,Critical
VIC004670,CASE000050,CID006831,Critical
VIC004671,CASE004587,CID000200,Serious
VIC004672,CASE009526,CID007842,Critical
VIC004673,CASE007828,CID002920,Serious
VIC004674,CASE008401,CID006371,None
VIC004675,CASE002866,CID001251,Serious
VIC004676,CASE008725,CID009728,Serious
VIC004677,CASE003281,CID003444,Serious
VIC004678,CASE009973,CID008945,None
VIC004679,CASE009198,CID003837,Critical
VIC004680,CASE003297,CID002836,Minor
VIC004681,CASE004005,CID007559,Critical
VIC004682,CASE009277,CID002183,Serious
VIC004683,CASE002612,CID000979,Minor
VIC004684,CASE000605,CID002406,None
VIC004685,CASE002375,CID002434,None
VIC004686,CASE000763,CID007874,None
VIC004687,CASE006635,CID004319,None
VIC004688,CASE006903,CID001663,Critical
VIC004689,CASE008837,CID003413,Minor
VIC004690,CASE008675,CID006786,Minor
VIC004691,CASE000475,CID003794,Serious
VIC004692,CASE008013,CID007100,Minor
VIC004693,CASE008189,CID004370,Minor
VIC004694,CASE001678,CID002822,None
VIC004695,CASE009791,CID002608,None
VIC004696,CASE004838,CID004661,Critical
VIC004697,CASE005736,CID007466,Critical
VIC004698,CASE001392,CID006760,Critical
VIC004699,CASE000610,CID009046,None
VIC004700,CASE006322,CID009517,Critical
VIC004701,CASE007851,CID004035,Critical
VIC004702,CASE006741,CID006031,Critical
VIC004703,CASE000865,CID001114,None
VIC004704,CASE003826,CID003910,Critical
VIC004705,CASE001467,CID003864,Critical
VIC004706,CASE006356,CID005199,Minor
VIC004707,CASE005999,CID002856,Minor
VIC004708,CASE006154,CID006200,None
VIC004709,CASE008627,CID005755,Serious
VIC004710,CASE005983,CID007370,None
VIC004711,CASE002002,CID004799,Serious
VIC004712,CASE004267,CID003473,None
VIC004713,CASE006627,CID004456,Critical
VIC004714,CASE001498,CID004410,Serious
VIC004715,CASE009206,CID007524,Serious
VIC004716,CASE004168,CID001242,Critical
VIC004717,CASE002917,CID004627,Minor
VIC004718,CASE000830,CID000829,None
VIC004719,CASE000448,CID008117,Minor
VIC004720,CASE004503,CID004239,Serious
VIC004721,CASE006055,CID003576,None
VIC004722,CASE005628,CID009345,Critical
VIC004723,CASE006879,CID002310,Serious
VIC004724,CASE004150,CID007517,Critical
VIC004725,CASE009317,CID004170,Serious
VIC004726,CASE007859,CID002968,Serious
VIC004727,CASE002420,CID007172,Minor
VIC004728,CASE002700,CID008418,None
VIC004729,CASE008156,CID000471,Minor
VIC004730,CASE002799,CID000519,Minor
VIC004731,CASE001961,CID007079,None
VIC004732,CASE005304,CID000717,Serious
VIC004733,CASE006358,CID009175,Minor
VIC004734,CASE002195,CID009574,Serious
VIC004735,CASE007195,CID002093,Critical
VIC004736,CASE003743,CID008103,Minor
VIC004737,CASE007932,CID007399,Serious
VIC004738,CASE003879,CID005852,None
VIC004739,CASE000417,CID004303,Serious
VIC004740,CASE005181,CID009842,Serious
VIC004741,CASE000995,CID002450,Critical
VIC004742,CASE000001,CID001418,None
VIC004743,CASE004069,CID006314,Critical
VIC004744,CASE003263,CID002129,Minor
VIC004745,CASE006160,CID000866,Critical
VIC004746,CASE000045,CID002807,Serious
VIC004747,CASE002436,CID000997,Minor
VIC004748,CASE004240,CID009223,Critical
VIC004749,CASE008210,CID002107,Critical
VIC004750,CASE002150,CID004994,Critical
VIC004751,CASE000116,CID003790,Minor
VIC004752,CASE004263,CID007126,Minor
VIC004753,CASE007689,CID002692,None
VIC004754,CASE003339,CID009510,Serious
VIC004755,CASE003633,CID006491,Critical
VIC004756,CASE002651,CID008140,Minor
VIC004757,CASE002232,CID009339,None
VIC004758,CASE000634,CID009911,Serious
VIC004759,CASE005256,CID001781,Minor
VIC004760,CASE002991,CID000204,None
VIC004761,CASE009606,CID008049,Minor
VIC004762,CASE001565,CID007223,None
VIC004763,CASE007628,CID001912,None
VIC004764,CASE006101,CID002656,None
VIC004765,CASE007579,CID004245,Minor
VIC004766,CASE002612,CID000724,None
VIC004767,CASE007740,CID004084,Minor
VIC004768,CASE001863,CID001890,None
VIC004769,CASE002474,CID007794,Critical
VIC004770,CASE005061,CID006217,Minor
VIC004771,CASE007474,CID002617,Critical
VIC004772,CASE000484,CID005084,Serious
VIC004773,CASE006069,CID003229,Serious
VIC004774,CASE009101,CID006764,Critical
VIC004775,CASE000513,CID007601,None
VIC004776,CASE008603,CID009719,None
VIC004777,CASE006275,CID004404,None
VIC004778,CASE004659,CID005426,Minor
VIC004779,CASE004619,CID009318,Minor
VIC004780,CASE009732,CID004143,Minor
VIC004781,CASE008047,CID007845,None
VIC004782,CASE000238,CID004978,None
VIC004783,CASE008255,CID003258,Minor
VIC004784,CASE006368,CID003722,Minor
VIC004785,CASE005805,CID007139,Minor
VIC004786,CASE001452,CID002661,Serious
VIC004787,CASE005560,CID008781,Minor
VIC004788,CASE003140,CID006690,None
VIC004789,CASE008184,CID007666,Critical
VIC004790,CASE008628,CID004863,Critical
VIC004791,CASE006073,CID004820,None
VIC004792,CASE008828,CID009799,Critical
VIC004793,CASE009180,CID009989,None
VIC004794,CASE009821,CID007381,Minor
VIC004795,CASE003266,CID008990,Serious
VIC004796,CASE001944,CID005604,Serious
VIC004797,CASE003018,CID003095,None
VIC004798,CASE002792,CID001644,None
VIC004799,CASE005762,CID002653,None
VIC004800,CASE006363,CID002570,None
VIC004801,CASE000841,CID005622,Serious
VIC004802,CASE004830,CID008736,Critical
VIC004803,CASE003525,CID001713,Critical
VIC004804,CASE001955,CID004332,None
VIC004805,CASE007001,CID006602,Minor
VIC004806,CASE006446,CID006639,Critical
VIC004807,CASE008036,CID005785,Serious
VIC004808,CASE004481,CID002439,None
VIC004809,CASE006237,CID000841,Critical
VIC004810,CASE009381,CID006865,Serious
VIC004811,CASE006743,CID009355,Serious
VIC004812,CASE006872,CID003242,Critical
VIC004813,CASE003215,CID006915,Minor
VIC004814,CASE004791,CID005111,Critical
VIC004815,CASE009108,CID004341,Serious
VIC004816,CASE005338,CID006853,Minor
VIC004817,CASE008993,CID000706,Critical
VIC004818,CASE005067,CID008532,Critical
VIC004819,CASE007976,CID004185,Critical
VIC004820,CASE007608,CID001260,Minor
VIC004821,CASE007864,CID001930,Serious
VIC004822,CASE007998,CID003411,None
VIC004823,CASE001299,CID003317,Critical
VIC004824,CASE005739,CID008617,None
VIC004825,CASE003893,CID009941,Minor
VIC004826,CASE004937,CID007563,Critical
VIC004827,CASE004881,CID005629,Critical
VIC004828,CASE003133,CID001667,Critical
VIC004829,CASE008293,CID006021,Critical
VIC004830,CASE007798,CID000190,Serious
VIC004831,CASE002036,CID009715,None
VIC004832,CASE009546,CID002593,Serious
VIC004833,CASE005681,CID002745,Critical
VIC004834,CASE007671,CID007930,Minor
VIC004835,CASE004991,CID007518,Serious
VIC004836,CASE002828,CID003193,Minor
VIC004837,CASE009098,CID009118,Critical
VIC004838,CASE006614,CID008854,Serious
VIC004839,CASE007116,CID004796,Critical
VIC004840,CASE004813,CID005577,Minor
VIC004841,CASE007807,CID007063,Minor
VIC004842,CASE003952,CID002915,Critical
VIC004843,CASE004199,CID009331,Minor
VIC004844,CASE004850,CID005045,Serious
VIC004845,CASE003573,CID002252,None
VIC004846,CASE003548,CID000937,Serious
VIC004847,CASE009383,CID008501,Serious
VIC004848,CASE001967,CID005145,None
VIC004849,CASE003639,CID004871,None
VIC004850,CASE007759,CID008830,None
VIC004851,CASE004308,CID009187,Serious
VIC004852,CASE006467,CID006817,Minor
VIC004853,CASE009107,CID000534,Serious
VIC004854,CASE005330,CID004233,Critical
VIC004855,CASE002078,CID008825,None
VIC004856,CASE003779,CID000428,Critical
VIC004857,CASE006479,CID001213,Serious
VIC004858,CASE005055,CID009229,Serious
VIC004859,CASE009695,CID007288,Serious
VIC004860,CASE003539,CID004599,None
VIC004861,CASE005702,CID002211,Minor
VIC004862,CASE006968,CID000365,Minor
VIC004863,CASE004740,CID006463,None
VIC004864,CASE005473,CID005669,Serious
VIC004865,CASE003671,CID008901,Serious
VIC004866,CASE005053,CID006380,None
VIC004867,CASE000037,CID009064,Critical
VIC004868,CASE001494,CID008590,Critical
VIC004869,CASE002472,CID003309,None
VIC004870,CASE008890,CID007510,None
VIC004871,CASE007502,CID000866,Minor
VIC004872,CASE007216,CID005968,Critical
VIC004873,CASE001785,CID004593,Serious
VIC004874,CASE005547,CID007079,Critical
VIC004875,CASE000690,CID000727,Serious
VIC004876,CASE002215,CID009204,None
VIC004877,CASE007325,CID008197,Serious
VIC004878,CASE004733,CID002872,Serious
VIC004879,CASE008826,CID002893,Minor
VIC004880,CASE002522,CID001985,Minor
VIC004881,CASE008914,CID006583,Serious
VIC004882,CASE004478,CID009482,None
VIC004883,CASE008790,CID008705,Serious
VIC004884,CASE007386,CID006748,None
VIC004885,CASE008792,CID003471,Minor
VIC004886,CASE006754,CID008620,None
VIC004887,CASE003330,CID009926,Serious
VIC004888,CASE009706,CID000830,Critical
VIC004889,CASE000242,CID005867,Minor
VIC004890,CASE009696,CID002957,Critical
VIC004891,CASE000569,CID007226,Minor
VIC004892,CASE006470,CID000789,Critical
VIC004893,CASE001919,CID001749,Minor
VIC004894,CASE008875,CID000158,Serious
VIC004895,CASE000852,CID002050,None
VIC004896,CASE002900,CID005922,Minor
VIC004897,CASE002873,CID009041,None
VIC004898,CASE004529,CID000201,Serious
VIC004899,CASE006621,CID007149,Critical
VIC004900,CASE009502,CID005349,Critical
VIC004901,CASE004322,CID008751,None
VIC004902,CASE008436,CID008482,Critical
VIC004903,CASE004537,CID004253,Serious
VIC004904,CASE001554,CID000902,None
VIC004905,CASE004416,CID009358,Critical
VIC004906,CASE004181,CID000781,Serious
VIC004907,CASE006921,CID005354,None
VIC004908,CASE003304,CID001200,Serious
VIC004909,CASE006432,CID000593,None
VIC004910,CASE001989,CID003796,Serious
VIC004911,CASE001955,CID009918,Critical
VIC004912,CASE009510,CID001240,None
VIC004913,CASE004448,CID005938,None
VIC004914,CASE003203,CID009415,Serious
VIC004915,CASE008004,CID008349,Minor
VIC004916,CASE009216,CID008747,Critical
VIC004917,CASE006715,CID000004,Critical
VIC004918,CASE002970,CID008829,None
VIC004919,CASE007326,CID002927,None
VIC004920,CASE005008,CID001096,Critical
VIC004921,CASE001187,CID008648,None
VIC004922,CASE007760,CID007284,Minor
VIC004923,CASE006396,CID003688,Serious
VIC004924,CASE000256,CID000091,Minor
VIC004925,CASE000197,CID005916,Minor
VIC004926,CASE003053,CID002288,Serious
VIC004927,CASE007620,CID008477,Minor
VIC004928,CASE007415,CID008630,None
VIC004929,CASE004227,CID006616,Serious
VIC004930,CASE006184,CID006553,None
VIC004931,CASE005457,CID005715,None
VIC004932,CASE006203,CID005860,None
VIC004933,CASE001840,CID003930,Minor
VIC004934,CASE003135,CID004282,Critical
VIC004935,CASE007991,CID006106,Critical
VIC004936,CASE007538,CID009297,Serious
VIC004937,CASE000435,CID007392,Critical
VIC004938,CASE008215,CID007560,Serious
VIC004939,CASE005346,CID005703,None
VIC004940,CASE007347,CID001230,Minor
VIC004941,CASE001468,CID009894,Serious
VIC004942,CASE001405,CID008932,Minor
VIC004943,CASE001589,CID008796,Serious
VIC004944,CASE000182,CID006341,Serious
VIC004945,CASE004739,CID004354,Minor
VIC004946,CASE005469,CID005611,Serious
VIC004947,CASE005140,CID005898,Minor
VIC004948,CASE003164,CID007495,Serious
VIC004949,CASE009181,CID004378,None
VIC004950,CASE003540,CID003430,Serious
VIC004951,CASE007859,CID001283,Minor
VIC004952,CASE003401,CID005181,Minor
VIC004953,CASE005094,CID007838,Minor
VIC004954,CASE006016,CID002309,Critical
VIC004955,CASE007261,CID003776,Critical
VIC004956,CASE008262,CID003975,None
VIC004957,CASE009589,CID003630,Critical
VIC004958,CASE008734,CID002530,None
VIC004959,CASE001010,CID008484,Minor
VIC004960,CASE008255,CID001169,Serious
VIC004961,CASE006343,CID003771,Minor
VIC004962,CASE008132,CID005470,Minor
VIC004963,CASE001670,CID002338,Minor
VIC004964,CASE008414,CID004332,None
VIC004965,CASE001269,CID008868,None
VIC004966,CASE008055,CID009550,None
VIC004967,CASE007333,CID000008,Critical
VIC004968,CASE008179,CID009060,Critical
VIC004969,CASE002357,CID005131,Critical
VIC004970,CASE002501,CID003026,Serious
VIC004971,CASE003342,CID007646,Serious
VIC004972,CASE000322,CID007944,Serious
VIC004973,CASE004615,CID005157,None
VIC004974,CASE007018,CID000551,Minor
VIC004975,CASE009138,CID004205,Minor
VIC004976,CASE007164,CID008998,Critical
VIC004977,CASE003767,CID009084,Minor
VIC004978,CASE007910,CID007582,None
VIC004979,CASE000769,CID004345,None
VIC004980,CASE008775,CID004099,Minor
VIC004981,CASE008815,CID004276,Critical
VIC004982,CASE005434,CID005224,Minor
VIC004983,CASE009772,CID000395,Serious
VIC004984,CASE008902,CID007008,Minor
VIC004985,CASE004010,CID006602,Critical
VIC004986,CASE001125,CID000902,Serious
VIC004987,CASE007729,CID006529,None
VIC004988,CASE009824,CID001330,Critical
VIC004989,CASE001571,CID003134,None
VIC004990,CASE000830,CID005595,None
VIC004991,CASE008229,CID007563,Serious
VIC004992,CASE008979,CID006645,Serious
VIC004993,CASE000454,CID001250,Serious
VIC004994,CASE001397,CID008935,Serious
VIC004995,CASE009041,CID003300,Minor
VIC004996,CASE008067,CID006544,Minor
VIC004997,CASE004515,CID001212,Serious
VIC004998,CASE005350,CID002043,Critical
VIC004999,CASE004209,CID003013,None
VIC005000,CASE007523,CID001056,Serious
VIC005001,CASE006364,CID005637,Serious
VIC005002,CASE004700,CID005128,Serious
VIC005003,CASE000742,CID002654,Serious
VIC005004,CASE008114,CID009892,None
VIC005005,CASE001034,CID007716,Critical
VIC005006,CASE009801,CID004006,Critical
VIC005007,CASE007589,CID007918,Minor
VIC005008,CASE007248,CID007281,Critical
VIC005009,CASE001330,CID001544,None
VIC005010,CASE008761,CID007838,Minor
VIC005011,CASE001708,CID001302,Critical
VIC005012,CASE009408,CID005691,None
VIC005013,CASE002559,CID001275,Minor
VIC005014,CASE009523,CID000606,None
VIC005015,CASE006616,CID004024,None
VIC005016,CASE000556,CID000765,Serious
VIC005017,CASE007777,CID008649,Serious
VIC005018,CASE006354,CID003336,Minor
VIC005019,CASE009930,CID003552,Minor
VIC005020,CASE008829,CID008408,None
VIC005021,CASE002032,CID002464,Critical
VIC005022,CASE005846,CID005028,Minor
VIC005023,CASE007650,CID001768,Minor
VIC005024,CASE002699,CID004973,Critical
VIC005025,CASE004534,CID004743,Critical
VIC005026,CASE001185,CID003056,Minor
VIC005027,CASE008037,CID008514,Critical
VIC005028,CASE007290,CID006902,None
VIC005029,CASE005124,CID000249,Serious
VIC005030,CASE007928,CID002587,Serious
VIC005031,CASE004637,CID002629,Serious
VIC005032,CASE006669,CID009981,Serious
VIC005033,CASE009258,CID006634,Critical
VIC005034,CASE001682,CID000538,Critical
VIC005035,CASE005030,CID009743,None
VIC005036,CASE007489,CID008796,Critical
VIC005037,CASE007133,CID007719,Critical
VIC005038,CASE009722,CID005055,Minor
VIC005039,CASE009003,CID007925,Serious
VIC005040,CASE000909,CID005036,Minor
VIC005041,CASE001903,CID006909,Critical
VIC005042,CASE002173,CID006133,Critical
VIC005043,CASE005007,CID004423,Minor
VIC005044,CASE008781,CID005574,Critical
VIC005045,CASE009322,CID009661,None
VIC005046,CASE006122,CID009449,Serious
VIC005047,CASE005962,CID001343,Minor
VIC005048,CASE009520,CID001393,None
VIC005049,CASE008708,CID000791,None
VIC005050,CASE004144,CID006300,None
VIC005051,CASE006432,CID004005,Critical
VIC005052,CASE004976,CID003821,Critical
VIC005053,CASE009421,CID008684,None
VIC005054,CASE004517,CID008019,Critical
VIC005055,CASE000070,CID003741,Serious
VIC005056,CASE003123,CID004432,None
VIC005057,CASE001102,CID007728,Critical
VIC005058,CASE004761,CID006594,Minor
VIC005059,CASE005388,CID000713,Critical
VIC005060,CASE003387,CID005176,Serious
VIC005061,CASE000398,CID008424,Minor
VIC005062,CASE008767,CID004218,Serious
VIC005063,CASE008609,CID001358,None
VIC005064,CASE009306,CID007998,Serious
VIC005065,CASE007961,CID005250,None
VIC005066,CASE005778,CID005984,Critical
VIC005067,CASE000770,CID007778,Critical
VIC005068,CASE004914,CID000356,None
VIC005069,CASE007092,CID004628,Minor
VIC005070,CASE002494,CID006502,None
VIC005071,CASE002317,CID001538,Serious
VIC005072,CASE002073,CID009936,Critical
VIC005073,CASE002937,CID002921,Minor
VIC005074,CASE002181,CID002004,None
VIC005075,CASE009918,CID009670,Serious
VIC005076,CASE008831,CID000088,None
VIC005077,CASE004379,CID008794,Critical
VIC005078,CASE000740,CID005837,Minor
VIC005079,CASE007219,CID005436,Serious
VIC005080,CASE009536,CID005176,Minor
VIC005081,CASE008550,CID001844,Critical
VIC005082,CASE000262,CID009230,Minor
VIC005083,CASE008367,CID002585,Critical
VIC005084,CASE009680,CID006684,None
VIC005085,CASE003100,CID002101,Serious
VIC005086,CASE006408,CID000633,None
VIC005087,CASE007133,CID006041,Serious
VIC005088,CASE003714,CID001668,Critical
VIC005089,CASE009253,CID005038,Critical
VIC005090,CASE003096,CID009551,Minor
VIC005091,CASE007997,CID007354,Critical
VIC005092,CASE009264,CID000554,Critical
VIC005093,CASE000256,CID009052,Critical
VIC005094,CASE005636,CID005594,None
VIC005095,CASE001117,CID009460,Serious
VIC005096,CASE007508,CID001322,Critical
VIC005097,CASE002689,CID003489,Minor
VIC005098,CASE006977,CID008825,None
VIC005099,CASE009924,CID003267,Serious
VIC005100,CASE007772,CID007479,Minor
VIC005101,CASE009662,CID009154,Serious
VIC005102,CASE008457,CID003550,None
VIC005103,CASE000100,CID003767,Serious
VIC005104,CASE008982,CID006977,Minor
VIC005105,CASE007597,CID004865,None
VIC005106,CASE002571,CID003866,Critical
VIC005107,CASE004113,CID005276,Minor
VIC005108,CASE001687,CID006267,Serious
VIC005109,CASE005593,CID007324,None
VIC005110,CASE009097,CID004195,None
VIC005111,CASE008757,CID003526,None
VIC005112,CASE002499,CID001807,Serious
VIC005113,CASE006565,CID008435,None
VIC005114,CASE000237,CID008236,None
VIC005115,CASE002265,CID000958,Serious
VIC005116,CASE001585,CID001230,Serious
VIC005117,CASE007888,CID002144,None
VIC005118,CASE002194,CID000463,Minor
VIC005119,CASE004138,CID009410,None
VIC005120,CASE001772,CID009768,None
VIC005121,CASE009100,CID002872,Minor
VIC005122,CASE009698,CID004726,Serious
VIC005123,CASE005269,CID004970,None
VIC005124,CASE007149,CID002568,Serious
VIC005125,CASE002715,CID008953,Serious
VIC005126,CASE000989,CID000990,Critical
VIC005127,CASE001149,CID000225,None
VIC005128,CASE003496,CID003817,Critical
VIC005129,CASE006155,CID009397,None
VIC005130,CASE007660,CID004631,None
VIC005131,CASE009037,CID008813,None
VIC005132,CASE002432,CID004197,Minor
VIC005133,CASE007406,CID009524,Minor
VIC005134,CASE003625,CID006506,Minor
VIC005135,CASE007573,CID005986,None
VIC005136,CASE002615,CID004966,Minor
VIC005137,CASE007536,CID002530,Minor
VIC005138,CASE009524,CID006125,Minor
VIC005139,CASE004240,CID005549,Critical
VIC005140,CASE002956,CID008840,Serious
VIC005141,CASE007160,CID009115,None
VIC005142,CASE002314,CID002846,Serious
VIC005143,CASE001313,CID007876,Serious
VIC005144,CASE005873,CID004088,Serious
VIC005145,CASE009222,CID008414,Serious
VIC005146,CASE005231,CID000402,None
VIC005147,CASE003597,CID000676,None
VIC005148,CASE004002,CID006732,Minor
VIC005149,CASE007896,CID002113,None
VIC005150,CASE002297,CID004606,None
VIC005151,CASE007199,CID009887,None
VIC005152,CASE001157,CID002745,Serious
VIC005153,CASE002630,CID000484,Serious
VIC005154,CASE000757,CID000616,None
VIC005155,CASE006429,CID008294,Serious
VIC005156,CASE005187,CID006372,Critical
VIC005157,CASE003084,CID005408,Serious
VIC005158,CASE004925,CID004231,Minor
VIC005159,CASE005691,CID002240,Minor
VIC005160,CASE004185,CID007535,Serious
VIC005161,CASE001216,CID006896,Critical
VIC005162,CASE003200,CID007353,Minor
VIC005163,CASE001261,CID004051,None
VIC005164,CASE002149,CID007878,None
VIC005165,CASE003211,CID006017,None
VIC005166,CASE009488,CID006557,Minor
VIC005167,CASE009738,CID009359,Minor
VIC005168,CASE000392,CID002162,Critical
VIC005169,CASE004137,CID004848,Serious
VIC005170,CASE004346,CID001554,None
VIC005171,CASE001760,CID003829,Minor
VIC005172,CASE000310,CID006915,None
VIC005173,CASE003645,CID009431,Minor
VIC005174,CASE003534,CID006285,Critical
VIC005175,CASE003325,CID002477,Minor
VIC005176,CASE001214,CID001956,None
VIC005177,CASE001884,CID006215,None
VIC005178,CASE000487,CID008562,Critical
VIC005179,CASE006219,CID002478,Serious
VIC005180,CASE009407,CID000356,Minor
VIC005181,CASE005322,CID004572,None
VIC005182,CASE002805,CID008298,Critical
VIC005183,CASE008898,CID005140,Serious
VIC005184,CASE000972,CID009427,Minor
VIC005185,CASE005298,CID007910,Critical
VIC005186,CASE001249,CID001771,Serious
VIC005187,CASE001368,CID009424,Minor
VIC005188,CASE003756,CID000550,Serious
VIC005189,CASE005627,CID000061,Serious
VIC005190,CASE003135,CID008228,None
VIC005191,CASE000645,CID000992,None
VIC005192,CASE001707,CID008629,Serious
VIC005193,CASE008675,CID004839,Critical
VIC005194,CASE008586,CID008955,Minor
VIC005195,CASE001491,CID004091,Serious
VIC005196,CASE002079,CID009222,Minor
VIC005197,CASE008742,CID008607,None
VIC005198,CASE006569,CID001188,None
VIC005199,CASE002716,CID007892,None
VIC005200,CASE003618,CID007728,None
VIC005201,CASE003617,CID000248,Minor
VIC005202,CASE001605,CID002332,Minor
VIC005203,CASE006939,CID005736,Minor
VIC005204,CASE001855,CID007734,Critical
VIC005205,CASE001080,CID001334,Minor
VIC005206,CASE002158,CID006812,None
VIC005207,CASE006084,CID004641,Serious
VIC005208,CASE007551,CID009952,Serious
VIC005209,CASE007678,CID004335,None
VIC005210,CASE003255,CID001419,Serious
VIC005211,CASE000896,CID007208,Serious
VIC005212,CASE005679,CID003496,Serious
VIC005213,CASE000366,CID009047,Serious
VIC005214,CASE008344,CID004041,None
VIC005215,CASE001816,CID003938,Minor
VIC005216,CASE005607,CID001522,Serious
VIC005217,CASE007860,CID000071,None
VIC005218,CASE002603,CID006032,Minor
VIC005219,CASE007267,CID009970,Serious
VIC005220,CASE008294,CID004957,None
VIC005221,CASE001520,CID009242,Serious
VIC005222,CASE006620,CID004727,Critical
VIC005223,CASE006640,CID006028,Serious
VIC005224,CASE006647,CID001351,None
VIC005225,CASE005590,CID009424,Critical
VIC005226,CASE009735,CID000725,None
VIC005227,CASE005000,CID009201,Serious
VIC005228,CASE007401,CID009524,Minor
VIC005229,CASE003774,CID009440,Serious
VIC005230,CASE004564,CID008540,Minor
VIC005231,CASE009580,CID001280,Serious
VIC005232,CASE001758,CID000058,Minor
VIC005233,CASE002752,CID004026,Critical
VIC005234,CASE003029,CID001304,Minor
VIC005235,CASE005237,CID002742,None
VIC005236,CASE004451,CID008999,Serious
VIC005237,CASE001523,CID007927,Critical
VIC005238,CASE003892,CID009987,None
VIC005239,CASE002595,CID003040,Serious
VIC005240,CASE007173,CID007020,Minor
VIC005241,CASE007784,CID001396,Critical
VIC005242,CASE008673,CID006544,None
VIC005243,CASE000582,CID006622,Critical
VIC005244,CASE009387,CID001443,None
VIC005245,CASE003108,CID003775,Critical
VIC005246,CASE009015,CID007994,Minor
VIC005247,CASE005138,CID001626,Critical
VIC005248,CASE006960,CID005081,Serious
VIC005249,CASE006677,CID007451,Serious
VIC005250,CASE001664,CID002276,Minor
VIC005251,CASE000617,CID006466,Minor
VIC005252,CASE006473,CID005528,None
VIC005253,CASE000329,CID002576,Critical
VIC005254,CASE008264,CID002162,Critical
VIC005255,CASE003228,CID000827,None
VIC005256,CASE008470,CID003902,Critical
VIC005257,CASE008069,CID006890,Minor
VIC005258,CASE009670,CID003948,None
VIC005259,CASE002434,CID002491,None
VIC005260,CASE000470,CID008809,None
VIC005261,CASE007256,CID007798,Critical
VIC005262,CASE008817,CID001113,None
VIC005263,CASE004970,CID003666,None
VIC005264,CASE007582,CID009237,Minor
VIC005265,CASE004803,CID007517,Serious
VIC005266,CASE005777,CID005286,None
VIC005267,CASE002855,CID009983,Critical
VIC005268,CASE007921,CID000344,Critical
VIC005269,CASE008355,CID009820,None
VIC005270,CASE006098,CID003218,Serious
VIC005271,CASE008183,CID002179,None
VIC005272,CASE007245,CID007615,None
VIC005273,CASE007389,CID005314,None
VIC005274,CASE004448,CID000942,None
VIC005275,CASE007890,CID005865,Serious
VIC005276,CASE006471,CID003583,Minor
VIC005277,CASE008064,CID002031,None
VIC005278,CASE006427,CID008484,None
VIC005279,CASE004215,CID008406,Serious
VIC005280,CASE003085,CID007582,Serious
VIC005281,CASE001452,CID005431,None
VIC005282,CASE003255,CID004813,None
VIC005283,CASE009596,CID002277,Minor
VIC005284,CASE001293,CID004871,Serious
VIC005285,CASE003592,CID008816,Minor
VIC005286,CASE007606,CID007095,Critical
VIC005287,CASE002550,CID006705,Serious
VIC005288,CASE002550,CID006119,Serious
VIC005289,CASE004907,CID002830,None
VIC005290,CASE008063,CID002186,Critical
VIC005291,CASE001800,CID006940,None
VIC005292,CASE004528,CID008624,Critical
VIC005293,CASE003032,CID005584,Critical
VIC005294,CASE009173,CID000094,Minor
VIC005295,CASE009509,CID003955,Serious
VIC005296,CASE006599,CID004930,None
VIC005297,CASE005463,CID004105,Serious
VIC005298,CASE006136,CID002371,Serious
VIC005299,CASE005189,CID008935,Minor
VIC005300,CASE008672,CID009407,None
VIC005301,CASE006963,CID000405,None
VIC005302,CASE004148,CID002336,None
VIC005303,CASE002573,CID004351,Serious
VIC005304,CASE002193,CID005214,None
VIC005305,CASE008536,CID003086,None
VIC005306,CASE006745,CID002425,Minor
VIC005307,CASE008411,CID007940,Serious
VIC005308,CASE007322,CID005679,None
VIC005309,CASE006246,CID009036,None
VIC005310,CASE001162,CID002071,None
VIC005311,CASE004156,CID006198,Critical
VIC005312,CASE008704,CID004303,Critical
VIC005313,CASE008911,CID000963,Critical
VIC005314,CASE004899,CID003644,Minor
VIC005315,CASE002431,CID000952,None
VIC005316,CASE009135,CID000550,Serious
VIC005317,CASE006491,CID004899,Critical
VIC005318,CASE003922,CID002486,None
VIC005319,CASE005194,CID005505,Serious
VIC005320,CASE006257,CID007138,None
VIC005321,CASE006681,CID004502,Critical
VIC005322,CASE006375,CID002150,None
VIC005323,CASE004303,CID001783,None
VIC005324,CASE003909,CID003832,Minor
VIC005325,CASE004840,CID002500,None
VIC005326,CASE000460,CID004358,Minor
VIC005327,CASE001304,CID004976,None
VIC005328,CASE004961,CID001805,Critical
VIC005329,CASE002872,CID000429,Critical
VIC005330,CASE007244,CID008069,Minor
VIC005331,CASE005975,CID003169,Critical
VIC005332,CASE007312,CID001251,Critical
VIC005333,CASE008058,CID001189,Critical
VIC005334,CASE007893,CID004647,Minor
VIC005335,CASE009746,CID008539,None
VIC005336,CASE004498,CID001285,None
VIC005337,CASE006062,CID005055,Critical
VIC005338,CASE002693,CID006864,Minor
VIC005339,CASE001463,CID009602,None
VIC005340,CASE006191,CID004281,None
VIC005341,CASE005166,CID008539,Minor
VIC005342,CASE006588,CID008852,None
VIC005343,CASE001902,CID007292,None
VIC005344,CASE005768,CID009467,Serious
VIC005345,CASE008118,CID007978,Minor
VIC005346,CASE000762,CID003123,Minor
VIC005347,CASE008095,CID001032,None
VIC005348,CASE000190,CID001541,None
VIC005349,CASE005219,CID004067,Minor
VIC005350,CASE009492,CID008385,None
VIC005351,CASE001089,CID003757,None
VIC005352,CASE005883,CID000463,Minor
VIC005353,CASE009387,CID000376,None
VIC005354,CASE006097,CID000407,Critical
VIC005355,CASE003528,CID007717,Minor
VIC005356,CASE003842,CID005251,None
VIC005357,CASE007762,CID000841,Minor
VIC005358,CASE002785,CID009396,None
VIC005359,CASE005168,CID005509,None
VIC005360,CASE008641,CID009413,Serious
VIC005361,CASE001052,CID001897,Serious
VIC005362,CASE001141,CID009763,Critical
VIC005363,CASE006884,CID003245,Critical
VIC005364,CASE008217,CID009339,None
VIC005365,CASE001616,CID002117,Serious
VIC005366,CASE001528,CID008195,None
VIC005367,CASE009703,CID003036,Serious
VIC005368,CASE006508,CID001564,Critical
VIC005369,CASE001610,CID008642,Minor
VIC005370,CASE006962,CID007653,None
VIC005371,CASE003094,CID004151,None
VIC005372,CASE005929,CID009452,Minor
VIC005373,CASE000725,CID005500,Critical
VIC005374,CASE002902,CID001614,None
VIC005375,CASE009701,CID008888,Serious
VIC005376,CASE008911,CID006263,None
VIC005377,CASE003416,CID004611,Critical
VIC005378,CASE003394,CID008444,None
VIC005379,CASE006796,CID001048,Serious
VIC005380,CASE001834,CID009298,None
VIC005381,CASE005417,CID000742,Minor
VIC005382,CASE003787,CID006285,Serious
VIC005383,CASE009703,CID002140,Minor
VIC005384,CASE004897,CID007913,Minor
VIC005385,CASE004378,CID007678,None
VIC005386,CASE004968,CID007008,Minor
VIC005387,CASE000975,CID007746,Critical
VIC005388,CASE007880,CID004396,Serious
VIC005389,CASE007551,CID008196,Critical
VIC005390,CASE006853,CID009782,Serious
VIC005391,CASE009950,CID007164,Serious
VIC005392,CASE006387,CID009345,Critical
VIC005393,CASE007916,CID001426,Minor
VIC005394,CASE001298,CID005013,Critical
VIC005395,CASE001413,CID003183,Serious
VIC005396,CASE007887,CID007079,Minor
VIC005397,CASE008921,CID004682,Serious
VIC005398,CASE009564,CID000819,Serious
VIC005399,CASE002640,CID000011,Serious
VIC005400,CASE004307,CID001265,None
VIC005401,CASE007209,CID001945,Serious
VIC005402,CASE004314,CID008254,Serious
VIC005403,CASE001992,CID005476,Serious
VIC005404,CASE008573,CID009254,Minor
VIC005405,CASE002588,CID004709,Minor
VIC005406,CASE001723,CID009941,Minor
VIC005407,CASE004463,CID005125,None
VIC005408,CASE001800,CID006235,None
VIC005409,CASE001476,CID008993,Minor
VIC005410,CASE009896,CID001459,Minor
VIC005411,CASE003895,CID006909,Minor
VIC005412,CASE001042,CID003147,None
VIC005413,CASE004203,CID004034,Critical
VIC005414,CASE000293,CID003654,None
VIC005415,CASE001036,CID000876,None
VIC005416,CASE008878,CID007407,None
VIC005417,CASE002924,CID005635,Minor
VIC005418,CASE006161,CID008218,Critical
VIC005419,CASE001872,CID008933,Critical
VIC005420,CASE007578,CID001289,Minor
VIC005421,CASE007528,CID005745,Minor
VIC005422,CASE008178,CID000856,Serious
VIC005423,CASE009036,CID006995,Critical
VIC005424,CASE000583,CID004352,Critical
VIC005425,CASE001023,CID004835,Serious
VIC005426,CASE008393,CID008214,Critical
VIC005427,CASE002802,CID001430,Serious
VIC005428,CASE002432,CID003300,Serious
VIC005429,CASE009140,CID008525,Serious
VIC005430,CASE004722,CID000175,Critical
VIC005431,CASE009250,CID004378,Critical
VIC005432,CASE007944,CID003082,Minor
VIC005433,CASE004052,CID000533,Minor
VIC005434,CASE003324,CID004637,Minor
VIC005435,CASE007079,CID000131,Minor
VIC005436,CASE007053,CID006822,Minor
VIC005437,CASE000729,CID009536,Serious
VIC005438,CASE009018,CID007967,Critical
VIC005439,CASE009386,CID009414,Critical
VIC005440,CASE006251,CID004771,Critical
VIC005441,CASE006094,CID002168,Critical
VIC005442,CASE003570,CID009906,None
VIC005443,CASE009326,CID004115,Minor
VIC005444,CASE000482,CID007818,Serious
VIC005445,CASE007908,CID004501,Minor
VIC005446,CASE000661,CID008042,Serious
VIC005447,CASE004868,CID004722,Serious
VIC005448,CASE001781,CID009732,Serious
VIC005449,CASE003974,CID002422,Serious
VIC005450,CASE002899,CID008892,Minor
VIC005451,CASE007548,CID009889,Critical
VIC005452,CASE007164,CID009318,Critical
VIC005453,CASE000869,CID003591,Serious
VIC005454,CASE008512,CID003112,Minor
VIC005455,CASE008025,CID003557,None
VIC005456,CASE006586,CID005419,None
VIC005457,CASE002692,CID009345,None
VIC005458,CASE002572,CID005424,Serious
VIC005459,CASE009736,CID000849,Critical
VIC005460,CASE000779,CID001547,Serious
VIC005461,CASE008726,CID004273,Minor
VIC005462,CASE009735,CID005420,None
VIC005463,CASE006137,CID003977,Minor
VIC005464,CASE002858,CID006301,Critical
VIC005465,CASE007207,CID005617,Serious
VIC005466,CASE001583,CID003146,Critical
VIC005467,CASE004615,CID004167,Serious
VIC005468,CASE008135,CID007403,Critical
VIC005469,CASE004671,CID008568,Minor
VIC005470,CASE005868,CID009591,Critical
VIC005471,CASE006246,CID005998,Critical
VIC005472,CASE006510,CID000816,Critical
VIC005473,CASE002488,CID005964,Critical
VIC005474,CASE008769,CID005812,Minor
VIC005475,CASE005761,CID002635,Minor
VIC005476,CASE008425,CID009780,Serious
VIC005477,CASE001690,CID004848,Serious
VIC005478,CASE002061,CID004739,None
VIC005479,CASE001728,CID003319,Critical
VIC005480,CASE002198,CID008949,None
VIC005481,CASE002951,CID001793,Serious
VIC005482,CASE000059,CID005011,None
VIC005483,CASE005930,CID009817,Critical
VIC005484,CASE005566,CID004924,None
VIC005485,CASE008001,CID000256,Serious
VIC005486,CASE006167,CID002193,Serious
VIC005487,CASE007918,CID006801,Serious
VIC005488,CASE003746,CID005372,Minor
VIC005489,CASE007099,CID008532,Serious
VIC005490,CASE009186,CID007864,Critical
VIC005491,CASE009271,CID005471,Serious
VIC005492,CASE009757,CID006791,Critical
VIC005493,CASE006911,CID007523,None
VIC005494,CASE004357,CID002790,Critical
VIC005495,CASE001892,CID004867,Critical
VIC005496,CASE007499,CID004503,Critical
VIC005497,CASE009806,CID006976,Minor
VIC005498,CASE009548,CID004956,Serious
VIC005499,CASE003018,CID003767,None
VIC005500,CASE004728,CID002306,Minor
VIC005501,CASE002239,CID002276,Serious
VIC005502,CASE005366,CID001787,None
VIC005503,CASE005740,CID009358,Critical
VIC005504,CASE007128,CID003968,Serious
VIC005505,CASE000156,CID000154,Serious
VIC005506,CASE004542,CID002847,Minor
VIC005507,CASE003490,CID007684,Minor
VIC005508,CASE001354,CID009720,None
VIC005509,CASE002837,CID005468,Serious
VIC005510,CASE004983,CID008821,Minor
VIC005511,CASE003500,CID001920,None
VIC005512,CASE007864,CID007709,Critical
VIC005513,CASE003346,CID006564,Minor
VIC005514,CASE000099,CID003565,Critical
VIC005515,CASE004632,CID002315,Critical
VIC005516,CASE009371,CID004044,Serious
VIC005517,CASE000182,CID003335,Critical
VIC005518,CASE009257,CID005363,Serious
VIC005519,CASE005581,CID004088,Minor
VIC005520,CASE002678,CID001225,Critical
VIC005521,CASE003397,CID009557,Critical
VIC005522,CASE007561,CID004087,Serious
VIC005523,CASE005809,CID001131,Serious
VIC005524,CASE007629,CID001951,Serious
VIC005525,CASE000720,CID001971,Minor
VIC005526,CASE006649,CID008336,Minor
VIC005527,CASE000446,CID007419,Serious
VIC005528,CASE000990,CID007984,Serious
VIC005529,CASE007939,CID000350,Minor
VIC005530,CASE001171,CID005976,Critical
VIC005531,CASE002912,CID003575,None
VIC005532,CASE008974,CID009085,None
VIC005533,CASE001027,CID002386,None
VIC005534,CASE009465,CID004583,None
VIC005535,CASE006987,CID005737,None
VIC005536,CASE003703,CID009567,Minor
VIC005537,CASE002213,CID001365,Serious
VIC005538,CASE008784,CID004161,Critical
VIC005539,CASE004073,CID003541,None
VIC005540,CASE002408,CID002568,Minor
VIC005541,CASE007755,CID008763,Serious
VIC005542,CASE004986,CID005522,None
VIC005543,CASE002434,CID008023,Serious
VIC005544,CASE005061,CID004919,None
VIC005545,CASE007165,CID009276,Critical
VIC005546,CASE004636,CID008300,None
VIC005547,CASE004051,CID000003,Critical
VIC005548,CASE009348,CID004506,Minor
VIC005549,CASE009918,CID001295,Serious
VIC005550,CASE005405,CID002272,Minor
VIC005551,CASE002713,CID000021,Critical
VIC005552,CASE002597,CID005580,Critical
VIC005553,CASE000529,CID004195,Minor
VIC005554,CASE008489,CID005144,Minor
VIC005555,CASE007965,CID008523,None
VIC005556,CASE005004,CID007957,Minor
VIC005557,CASE007982,CID003384,Minor
VIC005558,CASE004705,CID000311,Critical
VIC005559,CASE005932,CID001757,None
VIC005560,CASE004575,CID006490,Serious
VIC005561,CASE001977,CID005702,None
VIC005562,CASE009726,CID004279,None
VIC005563,CASE004459,CID006658,Serious
VIC005564,CASE009169,CID008454,None
VIC005565,CASE009372,CID002883,None
VIC005566,CASE003935,CID007863,Critical
VIC005567,CASE004719,CID002090,Serious
VIC005568,CASE002403,CID009204,Minor
VIC005569,CASE004802,CID007305,Serious
VIC005570,CASE001345,CID002719,None
VIC005571,CASE006909,CID007917,Serious
VIC005572,CASE006314,CID007964,None
VIC005573,CASE005339,CID003784,Serious
VIC005574,CASE005915,CID003970,Serious
VIC005575,CASE003755,CID000553,Minor
VIC005576,CASE004308,CID002939,Minor
VIC005577,CASE001135,CID004018,Critical
VIC005578,CASE008426,CID001736,Serious
VIC005579,CASE005141,CID004115,Minor
VIC005580,CASE007837,CID001690,Minor
VIC005581,CASE000460,CID006937,Minor
VIC005582,CASE009575,CID005404,Serious
VIC005583,CASE002396,CID003089,Serious
VIC005584,CASE000293,CID007618,None
VIC005585,CASE006276,CID005678,Serious
VIC005586,CASE000387,CID000408,Serious
VIC005587,CASE005824,CID002889,Serious
VIC005588,CASE008926,CID002098,Critical
VIC005589,CASE008363,CID007935,Minor
VIC005590,CASE009192,CID002280,Minor
VIC005591,CASE000033,CID002505,Minor
VIC005592,CASE009598,CID004071,Minor
VIC005593,CASE002860,CID002500,Minor
VIC005594,CASE007665,CID000869,Critical
VIC005595,CASE008904,CID004468,Minor
VIC005596,CASE006300,CID005839,Minor
VIC005597,CASE008234,CID005900,Serious
VIC005598,CASE000638,CID001501,Critical
VIC005599,CASE009026,CID003080,Minor
VIC005600,CASE005156,CID001500,Minor
VIC005601,CASE001363,CID005721,Critical
VIC005602,CASE000444,CID001291,Critical
VIC005603,CASE004758,CID001208,None
VIC005604,CASE000806,CID000444,Critical
VIC005605,CASE005377,CID002752,None
VIC005606,CASE002807,CID003816,Serious
VIC005607,CASE005186,CID001413,Critical
VIC005608,CASE000360,CID009837,Critical
VIC005609,CASE002193,CID001928,None
VIC005610,CASE007687,CID006684,None
VIC005611,CASE002751,CID000504,None
VIC005612,CASE004994,CID005982,Critical
VIC005613,CASE006593,CID002130,Minor
VIC005614,CASE004740,CID008490,Serious
VIC005615,CASE000021,CID009261,None
VIC005616,CASE007841,CID006786,Minor
VIC005617,CASE005553,CID009403,Serious
VIC005618,CASE001942,CID001939,Serious
VIC005619,CASE008039,CID002598,Critical
VIC005620,CASE002632,CID001621,None
VIC005621,CASE005347,CID003285,None
VIC005622,CASE005858,CID004100,None
VIC005623,CASE005044,CID006211,Serious
VIC005624,CASE007344,CID003811,Minor
VIC005625,CASE001890,CID006211,Critical
VIC005626,CASE003153,CID003476,Critical
VIC005627,CASE003804,CID005599,Critical
VIC005628,CASE007557,CID001727,Critical
VIC005629,CASE000006,CID004712,Minor
VIC005630,CASE001405,CID000222,Minor
VIC005631,CASE005418,CID008818,Serious
VIC005632,CASE006301,CID002447,Critical
VIC005633,CASE008905,CID007518,Minor
VIC005634,CASE002561,CID007537,Critical
VIC005635,CASE009808,CID003391,None
VIC005636,CASE003086,CID006529,Serious
VIC005637,CASE003053,CID007017,Minor
VIC005638,CASE008938,CID004022,None
VIC005639,CASE003261,CID009729,Critical
VIC005640,CASE005064,CID009433,Minor
VIC005641,CASE008111,CID001528,Critical
VIC005642,CASE004631,CID005496,Serious
VIC005643,CASE006438,CID009877,Critical
VIC005644,CASE003158,CID002542,Serious
VIC005645,CASE003731,CID004999,Critical
VIC005646,CASE001932,CID002686,Minor
VIC005647,CASE008037,CID003100,Minor
VIC005648,CASE003261,CID000760,Minor
VIC005649,CASE004395,CID007956,Minor
VIC005650,CASE006395,CID002815,Serious
VIC005651,CASE000908,CID002739,Critical
VIC005652,CASE001412,CID007566,Minor
VIC005653,CASE005066,CID005154,Minor
VIC005654,CASE004112,CID005071,Minor
VIC005655,CASE007880,CID008256,Minor
VIC005656,CASE003040,CID007742,None
VIC005657,CASE007681,CID002764,None
VIC005658,CASE001865,CID007068,Critical
VIC005659,CASE009972,CID003579,Serious
VIC005660,CASE001934,CID006684,Critical
VIC005661,CASE003906,CID003796,None
VIC005662,CASE001572,CID007913,Serious
VIC005663,CASE008925,CID006883,Minor
VIC005664,CASE008209,CID005752,Critical
VIC005665,CASE000192,CID003707,Serious
VIC005666,CASE009246,CID003212,Critical
VIC005667,CASE005106,CID000834,None
VIC005668,CASE000703,CID005396,Critical
VIC005669,CASE003479,CID000694,Critical
VIC005670,CASE004007,CID003247,Critical
VIC005671,CASE000053,CID003321,None
VIC005672,CASE003719,CID003582,Critical
VIC005673,CASE009179,CID006353,Critical
VIC005674,CASE007172,CID007366,None
VIC005675,CASE005769,CID009142,Serious
VIC005676,CASE009130,CID000425,Minor
VIC005677,CASE007133,CID001130,None
VIC005678,CASE008522,CID001150,Critical
VIC005679,CASE007273,CID002015,Serious
VIC005680,CASE005119,CID004164,Minor
VIC005681,CASE006713,CID002838,Critical
VIC005682,CASE004684,CID005546,Critical
VIC005683,CASE001465,CID006972,Critical
VIC005684,CASE008735,CID007676,None
VIC005685,CASE006897,CID002717,Critical
VIC005686,CASE002913,CID003287,None
VIC005687,CASE005574,CID002268,Minor
VIC005688,CASE000993,CID002704,Minor
VIC005689,CASE006102,CID005056,Minor
VIC005690,CASE003058,CID007102,Minor
VIC005691,CASE004158,CID004408,Serious
VIC005692,CASE002277,CID009348,Minor
VIC005693,CASE004577,CID000615,Minor
VIC005694,CASE002191,CID002186,Critical
VIC005695,CASE009870,CID002310,Serious
VIC005696,CASE008038,CID005430,Serious
VIC005697,CASE009162,CID007867,None
VIC005698,CASE005259,CID009221,None
VIC005699,CASE005560,CID002873,Critical
VIC005700,CASE007053,CID004451,Serious
VIC005701,CASE008775,CID005742,None
VIC005702,CASE003461,CID000290,Minor
VIC005703,CASE008937,CID002675,Serious
VIC005704,CASE003172,CID008916,Minor
VIC005705,CASE008178,CID003426,Critical
VIC005706,CASE006565,CID008001,Critical
VIC005707,CASE001005,CID001517,Minor
VIC005708,CASE004401,CID005803,None
VIC005709,CASE007802,CID008917,None
VIC005710,CASE003584,CID004509,Serious
VIC005711,CASE000481,CID008030,None
VIC005712,CASE003309,CID005573,None
VIC005713,CASE003515,CID007001,None
VIC005714,CASE009508,CID004918,Critical
VIC005715,CASE007775,CID000871,None
VIC005716,CASE002684,CID001218,None
VIC005717,CASE008779,CID005728,Minor
VIC005718,CASE008269,CID000570,Critical
VIC005719,CASE003215,CID003143,Critical
VIC005720,CASE006396,CID007046,Serious
VIC005721,CASE003564,CID005268,Minor
VIC005722,CASE009569,CID004675,Serious
VIC005723,CASE005622,CID004238,Serious
VIC005724,CASE007392,CID007518,None
VIC005725,CASE009193,CID005140,None
VIC005726,CASE001568,CID002571,None
VIC005727,CASE005398,CID008942,Critical
VIC005728,CASE004222,CID004183,Critical
VIC005729,CASE003701,CID000431,None
VIC005730,CASE000675,CID003911,Minor
VIC005731,CASE001476,CID000139,None
VIC005732,CASE007651,CID005381,Minor
VIC005733,CASE007412,CID009649,Critical
VIC005734,CASE006334,CID001021,Critical
VIC005735,CASE002057,CID006781,Critical
VIC005736,CASE001132,CID000336,Critical
VIC005737,CASE009152,CID008168,Serious
VIC005738,CASE006544,CID002783,Critical
VIC005739,CASE008240,CID004745,Critical
VIC005740,CASE004829,CID004060,None
VIC005741,CASE009781,CID007746,Serious
VIC005742,CASE004500,CID002443,Serious
VIC005743,CASE008073,CID000959,Critical
VIC005744,CASE006727,CID009161,None
VIC005745,CASE002741,CID000031,Minor
VIC005746,CASE004251,CID009227,Critical
VIC005747,CASE007045,CID008533,None
VIC005748,CASE000686,CID004807,None
VIC005749,CASE000666,CID005533,Serious
VIC005750,CASE007657,CID002208,Minor
VIC005751,CASE007220,CID007936,None
VIC005752,CASE002141,CID003529,Serious
VIC005753,CASE007323,CID008680,Critical
VIC005754,CASE008587,CID003324,Serious
VIC005755,CASE005037,CID000413,Critical
VIC005756,CASE003749,CID001887,None
VIC005757,CASE003207,CID008681,None
VIC005758,CASE000409,CID007380,Minor
VIC005759,CASE003489,CID006169,None
VIC005760,CASE007701,CID005577,None
VIC005761,CASE009997,CID003229,Minor
VIC005762,CASE000444,CID006638,None
VIC005763,CASE008021,CID004379,Minor
VIC005764,CASE004554,CID008831,None
VIC005765,CASE004434,CID000314,None
VIC005766,CASE003955,CID007184,Serious
VIC005767,CASE005491,CID008028,Minor
VIC005768,CASE007094,CID001857,Minor
VIC005769,CASE000428,CID006977,Minor
VIC005770,CASE001249,CID001299,Critical
VIC005771,CASE000767,CID009709,Minor
VIC005772,CASE002395,CID007564,Serious
VIC005773,CASE008057,CID008474,None
VIC005774,CASE002333,CID001859,Critical
VIC005775,CASE000937,CID001696,Critical
VIC005776,CASE001669,CID002744,Minor
VIC005777,CASE000896,CID008998,Critical
VIC005778,CASE004114,CID008797,Serious
VIC005779,CASE001323,CID001711,Minor
VIC005780,CASE009381,CID005001,Minor
VIC005781,CASE001825,CID005914,Serious
VIC005782,CASE001166,CID007950,None
VIC005783,CASE008568,CID007868,Critical
VIC005784,CASE007164,CID009341,Serious
VIC005785,CASE003594,CID003949,None
VIC005786,CASE006171,CID008512,None
VIC005787,CASE001095,CID000098,None
VIC005788,CASE008822,CID000485,None
VIC005789,CASE008586,CID000652,Minor
VIC005790,CASE003941,CID000352,Critical
VIC005791,CASE006632,CID003498,Critical
VIC005792,CASE008379,CID008620,Serious
VIC005793,CASE004086,CID002604,None
VIC005794,CASE002349,CID000378,None
VIC005795,CASE003016,CID003462,Critical
VIC005796,CASE001347,CID006709,None
VIC005797,CASE004350,CID007696,Critical
VIC005798,CASE000309,CID005304,Serious
VIC005799,CASE006175,CID005650,None
VIC005800,CASE000419,CID004626,Serious
VIC005801,CASE001041,CID001559,None
VIC005802,CASE007689,CID000571,Serious
VIC005803,CASE008055,CID004042,Critical
VIC005804,CASE004839,CID001749,Minor
VIC005805,CASE002435,CID008451,None
VIC005806,CASE003731,CID009313,None
VIC005807,CASE006875,CID004996,Serious
VIC005808,CASE009804,CID007829,None
VIC005809,CASE002010,CID003078,Minor
VIC005810,CASE003903,CID001677,Serious
VIC005811,CASE000872,CID004074,Serious
VIC005812,CASE004584,CID006161,None
VIC005813,CASE001052,CID007472,None
VIC005814,CASE009350,CID003639,None
VIC005815,CASE000229,CID007065,None
VIC005816,CASE001857,CID005196,None
VIC005817,CASE008055,CID004736,None
VIC005818,CASE000291,CID009232,None
VIC005819,CASE004709,CID002171,None
VIC005820,CASE002868,CID006508,Serious
VIC005821,CASE002410,CID003922,Minor
VIC005822,CASE004099,CID006908,Minor
VIC005823,CASE004312,CID006847,Critical
VIC005824,CASE009621,CID000276,Minor
VIC005825,CASE001198,CID007348,Critical
VIC005826,CASE004920,CID003243,None
VIC005827,CASE007037,CID008548,Minor
VIC005828,CASE008372,CID001563,Minor
VIC005829,CASE008380,CID009920,Minor
VIC005830,CASE008544,CID000164,Critical
VIC005831,CASE007512,CID007129,Critical
VIC005832,CASE006427,CID004260,None
VIC005833,CASE008403,CID002625,Critical
VIC005834,CASE008676,CID007828,None
VIC005835,CASE009723,CID003442,Serious
VIC005836,CASE005870,CID000694,Critical
VIC005837,CASE003977,CID001269,Minor
VIC005838,CASE004482,CID003624,None
VIC005839,CASE001076,CID000696,None
VIC005840,CASE001831,CID009391,Serious
VIC005841,CASE007597,CID003880,Serious
VIC005842,CASE007557,CID002176,Critical
VIC005843,CASE002388,CID006864,Critical
VIC005844,CASE008476,CID004397,Critical
VIC005845,CASE009991,CID008756,None
VIC005846,CASE007844,CID004240,None
VIC005847,CASE003519,CID007814,Minor
VIC005848,CASE002486,CID009785,Critical
VIC005849,CASE004691,CID001528,Critical
VIC005850,CASE000889,CID003393,Critical
VIC005851,CASE001795,CID006198,Minor
VIC005852,CASE009241,CID000687,None
VIC005853,CASE003522,CID004919,Serious
VIC005854,CASE000253,CID007133,Minor
VIC005855,CASE005067,CID001550,Minor
VIC005856,CASE008400,CID003171,None
VIC005857,CASE004305,CID000388,None
VIC005858,CASE005805,CID000502,None
VIC005859,CASE000114,CID008168,Minor
VIC005860,CASE002140,CID007814,Serious
VIC005861,CASE002619,CID002302,None
VIC005862,CASE007938,CID004263,Minor
VIC005863,CASE006158,CID000659,Critical
VIC005864,CASE005609,CID009271,None
VIC005865,CASE007205,CID001983,Minor
VIC005866,CASE005522,CID009362,Critical
VIC005867,CASE004177,CID003967,Critical
VIC005868,CASE008539,CID009019,Serious
VIC005869,CASE001811,CID009378,None
VIC005870,CASE001809,CID003175,Minor
VIC005871,CASE000297,CID005290,Serious
VIC005872,CASE006285,CID009957,None
VIC005873,CASE001076,CID002157,Serious
VIC005874,CASE003052,CID000111,Critical
VIC005875,CASE002679,CID004019,Critical
VIC005876,CASE006090,CID000582,None
VIC005877,CASE005879,CID009560,Minor
VIC005878,CASE005943,CID009864,None
VIC005879,CASE007778,CID002431,Minor
VIC005880,CASE007161,CID003959,Serious
VIC005881,CASE004531,CID005513,None
VIC005882,CASE004195,CID008527,None
VIC005883,CASE004075,CID001338,Minor
VIC005884,CASE003817,CID008161,Serious
VIC005885,CASE000103,CID000499,None
VIC005886,CASE002375,CID002304,Serious
VIC005887,CASE006967,CID007297,Critical
VIC005888,CASE000848,CID000768,Critical
VIC005889,CASE007633,CID007356,Minor
VIC005890,CASE009740,CID005539,Minor
VIC005891,CASE002169,CID005227,None
VIC005892,CASE007335,CID001710,None
VIC005893,CASE008483,CID003581,Critical
VIC005894,CASE004330,CID003851,Serious
VIC005895,CASE004596,CID005546,None
VIC005896,CASE004397,CID008197,Minor
VIC005897,CASE003487,CID003722,Minor
VIC005898,CASE002002,CID001963,Critical
VIC005899,CASE003977,CID004253,Minor
VIC005900,CASE004617,CID000860,Critical
VIC005901,CASE006232,CID008998,None
VIC005902,CASE000242,CID006789,Serious
VIC005903,CASE009361,CID005989,None
VIC005904,CASE001381,CID001083,Serious
VIC005905,CASE006747,CID003085,Serious
VIC005906,CASE001616,CID006170,None
VIC005907,CASE001398,CID000413,Serious
VIC005908,CASE004386,CID000915,Critical
VIC005909,CASE000089,CID000185,Serious
VIC005910,CASE002020,CID006687,None
VIC005911,CASE000083,CID000986,Critical
VIC005912,CASE007597,CID000025,None
VIC005913,CASE001203,CID005251,Serious
VIC005914,CASE006346,CID004368,None
VIC005915,CASE009245,CID005444,None
VIC005916,CASE000874,CID000800,Minor
VIC005917,CASE007359,CID000918,Serious
VIC005918,CASE003248,CID004564,Serious
VIC005919,CASE001764,CID003312,Serious
VIC005920,CASE000028,CID000650,None
VIC005921,CASE000019,CID000777,Critical
VIC005922,CASE004739,CID002788,None
VIC005923,CASE003844,CID009886,Critical
VIC005924,CASE004127,CID008352,Serious
VIC005925,CASE004336,CID007491,Serious
VIC005926,CASE002080,CID008330,Minor
VIC005927,CASE004193,CID006113,Minor
VIC005928,CASE006976,CID004435,Minor
VIC005929,CASE005466,CID006253,Critical
VIC005930,CASE004114,CID005053,Serious
VIC005931,CASE009359,CID002666,Minor
VIC005932,CASE006455,CID008205,Critical
VIC005933,CASE006013,CID000564,None
VIC005934,CASE007738,CID009580,Critical
VIC005935,CASE002845,CID008798,Serious
VIC005936,CASE006112,CID001453,None
VIC005937,CASE004256,CID008456,Critical
VIC005938,CASE008570,CID009447,Critical
VIC005939,CASE006976,CID009630,Serious
VIC005940,CASE008976,CID001732,Minor
VIC005941,CASE009164,CID001134,None
VIC005942,CASE008899,CID005103,Serious
VIC005943,CASE000636,CID003916,Minor
VIC005944,CASE005106,CID004218,None
VIC005945,CASE006402,CID006117,Serious
VIC005946,CASE007939,CID009396,Minor
VIC005947,CASE001208,CID001937,Minor
VIC005948,CASE003773,CID000990,Critical
VIC005949,CASE001455,CID000513,Serious
VIC005950,CASE008825,CID000693,Minor
VIC005951,CASE001907,CID007879,None
VIC005952,CASE003422,CID000834,Minor
VIC005953,CASE001297,CID007290,Serious
VIC005954,CASE000367,CID004355,Critical
VIC005955,CASE006718,CID003695,None
VIC005956,CASE009977,CID002764,Minor
VIC005957,CASE005484,CID003506,Critical
VIC005958,CASE004407,CID008174,Critical
VIC005959,CASE007417,CID009737,None
VIC005960,CASE003342,CID000991,Critical
VIC005961,CASE000914,CID008214,None
VIC005962,CASE001178,CID009847,Serious
VIC005963,CASE007855,CID002946,Serious
VIC005964,CASE001338,CID005575,None
VIC005965,CASE007128,CID002994,Serious
VIC005966,CASE007430,CID000745,None
VIC005967,CASE000820,CID001767,Serious
VIC005968,CASE000407,CID004362,Minor
VIC005969,CASE001540,CID001683,Serious
VIC005970,CASE005747,CID004987,Serious
VIC005971,CASE002539,CID009920,Serious
VIC005972,CASE008486,CID007610,Minor
VIC005973,CASE002034,CID006982,Minor
VIC005974,CASE007979,CID002035,Minor
VIC005975,CASE003956,CID009502,Serious
VIC005976,CASE005913,CID007819,Critical
VIC005977,CASE006494,CID004980,Serious
VIC005978,CASE005558,CID009343,Critical
VIC005979,CASE003880,CID005981,Critical
VIC005980,CASE003360,CID002516,Minor
VIC005981,CASE009939,CID001085,Critical
VIC005982,CASE000923,CID009399,Minor
VIC005983,CASE009668,CID008290,Serious
VIC005984,CASE006304,CID009729,Minor
VIC005985,CASE002335,CID007666,Minor
VIC005986,CASE006102,CID002592,Serious
VIC005987,CASE000270,CID007914,Critical
VIC005988,CASE004781,CID002115,None
VIC005989,CASE008773,CID008242,None
VIC005990,CASE009111,CID005619,Critical
VIC005991,CASE006218,CID008917,None
VIC005992,CASE002338,CID004023,None
VIC005993,CASE001906,CID004577,Serious
VIC005994,CASE006429,CID006997,None
VIC005995,CASE005825,CID002929,Minor
VIC005996,CASE005636,CID001808,Critical
VIC005997,CASE002368,CID007470,Serious
VIC005998,CASE002511,CID002628,None
VIC005999,CASE001805,CID000548,None
VIC006000,CASE000902,CID008601,Serious
VIC006001,CASE003204,CID002835,Serious
VIC006002,CASE006226,CID003974,Minor
VIC006003,CASE003080,CID005011,Serious
VIC006004,CASE006789,CID003074,None
VIC006005,CASE009931,CID006141,Critical
VIC006006,CASE009102,CID005749,None
VIC006007,CASE003153,CID000169,None
VIC006008,CASE001986,CID008565,Serious
VIC006009,CASE006942,CID001394,Serious
VIC006010,CASE003967,CID002446,None
VIC006011,CASE009339,CID003261,Serious
VIC006012,CASE006136,CID007305,Minor
VIC006013,CASE006310,CID007525,Minor
VIC006014,CASE008324,CID002113,Minor
VIC006015,CASE004074,CID004076,Serious
VIC006016,CASE003661,CID004743,None
VIC006017,CASE001979,CID005381,Minor
VIC006018,CASE007297,CID008394,None
VIC006019,CASE009651,CID001951,Serious
VIC006020,CASE001042,CID000569,Minor
VIC006021,CASE009888,CID006738,Critical
VIC006022,CASE007795,CID004465,Critical
VIC006023,CASE003443,CID006581,Critical
VIC006024,CASE000438,CID009025,Serious
VIC006025,CASE000519,CID007075,Critical
VIC006026,CASE002127,CID002447,Serious
VIC006027,CASE007347,CID007845,Serious
VIC006028,CASE002494,CID008029,Serious
VIC006029,CASE000253,CID008248,None
VIC006030,CASE009901,CID005742,Minor
VIC006031,CASE008830,CID005862,None
VIC006032,CASE003720,CID009843,Serious
VIC006033,CASE001190,CID007754,Critical
VIC006034,CASE007741,CID003390,None
VIC006035,CASE005909,CID006238,None
VIC006036,CASE003178,CID003709,Serious
VIC006037,CASE009761,CID006431,None
VIC006038,CASE008171,CID005855,Minor
VIC006039,CASE008749,CID007200,None
VIC006040,CASE004123,CID001126,Critical
VIC006041,CASE004269,CID004685,None
VIC006042,CASE001902,CID001689,Critical
VIC006043,CASE003728,CID005792,Minor
VIC006044,CASE000912,CID005071,Serious
VIC006045,CASE003095,CID003261,Critical
VIC006046,CASE002942,CID005144,Minor
VIC006047,CASE002227,CID004051,Minor
VIC006048,CASE006757,CID002905,Minor
VIC006049,CASE009282,CID007339,None
VIC006050,CASE006382,CID008221,None
VIC006051,CASE003141,CID007443,Critical
VIC006052,CASE004087,CID006375,Serious
VIC006053,CASE009129,CID008628,None
VIC006054,CASE004357,CID009930,Minor
VIC006055,CASE002030,CID007881,Serious
VIC006056,CASE004472,CID005954,Serious
VIC006057,CASE008694,CID006600,Critical
VIC006058,CASE008113,CID006064,Serious
VIC006059,CASE004008,CID008577,Serious
VIC006060,CASE007832,CID008204,Serious
VIC006061,CASE008150,CID007002,Critical
VIC006062,CASE005371,CID003933,Serious
VIC006063,CASE000349,CID003850,Serious
VIC006064,CASE005865,CID004897,Critical
VIC006065,CASE003004,CID003549,Serious
VIC006066,CASE002455,CID008545,Minor
VIC006067,CASE002906,CID004722,Critical
VIC006068,CASE009162,CID002414,Critical
VIC006069,CASE007944,CID007737,Minor
VIC006070,CASE008158,CID003598,None
VIC006071,CASE002655,CID008431,None
VIC006072,CASE002832,CID004593,Minor
VIC006073,CASE002783,CID009431,Serious
VIC006074,CASE008937,CID008944,None
VIC006075,CASE008586,CID004517,None
VIC006076,CASE006910,CID000701,Minor
VIC006077,CASE009667,CID002833,Minor
VIC006078,CASE008198,CID009875,Critical
VIC006079,CASE009363,CID006411,Minor
VIC006080,CASE003190,CID006094,Serious
VIC006081,CASE004976,CID005578,Serious
VIC006082,CASE008020,CID003928,Critical
VIC006083,CASE005928,CID002052,None
VIC006084,CASE008927,CID000472,Critical
VIC006085,CASE009202,CID002920,None
VIC006086,CASE005306,CID002253,None
VIC006087,CASE003775,CID002085,Serious
VIC006088,CASE006804,CID007193,None
VIC006089,CASE007330,CID004737,Serious
VIC006090,CASE002494,CID003956,Serious
VIC006091,CASE004694,CID005853,Minor
VIC006092,CASE000819,CID008544,Minor
VIC006093,CASE007896,CID008439,None
VIC006094,CASE002630,CID009816,None
VIC006095,CASE000283,CID000653,None
VIC006096,CASE006116,CID002318,Serious
VIC006097,CASE007653,CID004339,None
VIC006098,CASE007197,CID006323,Minor
VIC006099,CASE008252,CID002491,Serious
VIC006100,CASE005289,CID003043,Serious
VIC006101,CASE007657,CID004494,Critical
VIC006102,CASE006488,CID001566,Serious
VIC006103,CASE001044,CID002272,Minor
VIC006104,CASE006953,CID005438,Minor
VIC006105,CASE007742,CID001826,Minor
VIC006106,CASE006295,CID004284,Serious
VIC006107,CASE009804,CID002054,Critical
VIC006108,CASE005739,CID003077,Minor
VIC006109,CASE002457,CID000338,Critical
VIC006110,CASE002787,CID003704,Minor
VIC006111,CASE003633,CID007429,Minor
VIC006112,CASE008748,CID008442,None
VIC006113,CASE008471,CID007982,None
VIC006114,CASE007416,CID000503,Minor
VIC006115,CASE003970,CID002530,None
VIC006116,CASE008922,CID005456,Critical
VIC006117,CASE007769,CID006680,None
VIC006118,CASE008065,CID009633,Minor
VIC006119,CASE006857,CID009619,Critical
VIC006120,CASE009221,CID004293,Serious
VIC006121,CASE003291,CID005975,Serious
VIC006122,CASE006341,CID004739,Minor
VIC006123,CASE008629,CID008655,Critical
VIC006124,CASE002440,CID005834,Serious
VIC006125,CASE002205,CID001608,Serious
VIC006126,CASE000646,CID001258,None
VIC006127,CASE005421,CID001030,Minor
VIC006128,CASE006384,CID009780,None
VIC006129,CASE005903,CID009161,Serious
VIC006130,CASE005944,CID003919,None
VIC006131,CASE006684,CID003258,None
VIC006132,CASE009906,CID000710,None
VIC006133,CASE004264,CID004301,None
VIC006134,CASE001754,CID005669,Minor
VIC006135,CASE007084,CID003678,Critical
VIC006136,CASE006938,CID008017,Serious
VIC006137,CASE007174,CID000193,Critical
VIC006138,CASE000069,CID009845,Minor
VIC006139,CASE008073,CID001658,Critical
VIC006140,CASE002268,CID002682,None
VIC006141,CASE008064,CID008716,Minor
VIC006142,CASE006131,CID000958,Minor
VIC006143,CASE009398,CID004532,Serious
VIC006144,CASE001922,CID000577,Critical
VIC006145,CASE004428,CID006149,Minor
VIC006146,CASE005365,CID008662,Critical
VIC006147,CASE006695,CID008643,Serious
VIC006148,CASE002846,CID009758,None
VIC006149,CASE004285,CID007931,None
VIC006150,CASE008910,CID002011,None
VIC006151,CASE000298,CID004899,Critical
VIC006152,CASE006479,CID009073,None
VIC006153,CASE009777,CID005572,Minor
VIC006154,CASE004913,CID001574,None
VIC006155,CASE000406,CID000967,Serious
VIC006156,CASE003346,CID000221,Minor
VIC006157,CASE003789,CID004304,Minor
VIC006158,CASE003816,CID006729,None
VIC006159,CASE000648,CID002043,Minor
VIC006160,CASE003195,CID001199,None
VIC006161,CASE008299,CID006106,None
VIC006162,CASE001634,CID003384,None
VIC006163,CASE000773,CID002145,Serious
VIC006164,CASE005250,CID001533,Serious
VIC006165,CASE001134,CID004413,Serious
VIC006166,CASE009814,CID006484,Serious
VIC006167,CASE009195,CID005734,Serious
VIC006168,CASE007557,CID003732,None
VIC006169,CASE008713,CID007739,Critical
VIC006170,CASE001220,CID006251,None
VIC006171,CASE006648,CID000613,Minor
VIC006172,CASE005903,CID002789,Minor
VIC006173,CASE001342,CID005434,Serious
VIC006174,CASE001741,CID006534,None
VIC006175,CASE007035,CID001246,Critical
VIC006176,CASE003280,CID004728,Minor
VIC006177,CASE007627,CID006625,None
VIC006178,CASE006579,CID009892,Critical
VIC006179,CASE001172,CID000349,None
VIC006180,CASE002696,CID002968,None
VIC006181,CASE002819,CID001202,None
VIC006182,CASE004537,CID002725,Minor
VIC006183,CASE008505,CID007254,Critical
VIC006184,CASE002109,CID004698,None
VIC006185,CASE001428,CID009181,Serious
VIC006186,CASE004259,CID002321,Critical
VIC006187,CASE000604,CID000835,None
VIC006188,CASE006237,CID000491,None
VIC006189,CASE009018,CID004697,None
VIC006190,CASE007132,CID009930,Critical
VIC006191,CASE006904,CID002943,Minor
VIC006192,CASE000309,CID000180,Serious
VIC006193,CASE001621,CID001266,Serious
VIC006194,CASE003014,CID004753,Minor
VIC006195,CASE007789,CID003903,Minor
VIC006196,CASE000054,CID002509,Critical
VIC006197,CASE002780,CID000749,None
VIC006198,CASE002507,CID009351,Minor
VIC006199,CASE009946,CID007095,Serious
VIC006200,CASE004399,CID009984,Serious
VIC006201,CASE001798,CID008566,Serious
VIC006202,CASE002726,CID006861,None
VIC006203,CASE001094,CID008310,Serious
VIC006204,CASE004483,CID005689,Serious
VIC006205,CASE006615,CID007528,Critical
VIC006206,CASE003773,CID001049,None
VIC006207,CASE008755,CID004485,Critical
VIC006208,CASE005721,CID007757,Minor
VIC006209,CASE002894,CID004693,None
VIC006210,CASE002907,CID008950,None
VIC006211,CASE007613,CID008773,Critical
VIC006212,CASE003048,CID004796,Serious
VIC006213,CASE002808,CID003242,Critical
VIC006214,CASE002409,CID009829,Critical
VIC006215,CASE008148,CID001973,Minor
VIC006216,CASE004325,CID001452,Minor
VIC006217,CASE004326,CID007709,Serious
VIC006218,CASE003392,CID006722,Minor
VIC006219,CASE004580,CID007215,Minor
VIC006220,CASE004136,CID006506,Critical
VIC006221,CASE004939,CID000538,None
VIC006222,CASE002510,CID004128,Critical
VIC006223,CASE008859,CID000386,Minor
VIC006224,CASE009784,CID006976,Minor
VIC006225,CASE008909,CID006638,Serious
VIC006226,CASE000136,CID007295,Minor
VIC006227,CASE002911,CID006791,None
VIC006228,CASE004908,CID006481,Critical
VIC006229,CASE008468,CID003120,Critical
VIC006230,CASE006871,CID008305,Critical
VIC006231,CASE006575,CID004303,Critical
VIC006232,CASE002415,CID004582,Critical
VIC006233,CASE007889,CID000632,Critical
VIC006234,CASE009927,CID000686,Serious
VIC006235,CASE001227,CID008382,None
VIC006236,CASE001550,CID001565,Serious
VIC006237,CASE006785,CID007285,Critical
VIC006238,CASE008469,CID008186,None
VIC006239,CASE004467,CID008266,Minor
VIC006240,CASE006953,CID000266,Critical
VIC006241,CASE004087,CID000585,Serious
VIC006242,CASE004198,CID004039,Critical
VIC006243,CASE007334,CID002420,Minor
VIC006244,CASE006940,CID007564,None
VIC006245,CASE008836,CID005565,Critical
VIC006246,CASE001201,CID005914,None
VIC006247,CASE000090,CID008799,Serious
VIC006248,CASE004936,CID008079,Minor
VIC006249,CASE003133,CID009809,Minor
VIC006250,CASE007078,CID007149,Critical
VIC006251,CASE007332,CID004490,Minor
VIC006252,CASE005876,CID003164,Critical
VIC006253,CASE001571,CID000456,Critical
VIC006254,CASE003246,CID008176,Critical
VIC006255,CASE007803,CID008085,Serious
VIC006256,CASE008341,CID003873,None
VIC006257,CASE004491,CID003667,Serious
VIC006258,CASE009694,CID007344,Serious
VIC006259,CASE002490,CID001090,Minor
VIC006260,CASE006550,CID005807,Serious
VIC006261,CASE000932,CID000756,Serious
VIC006262,CASE005717,CID006349,Minor
VIC006263,CASE005330,CID002689,Serious
VIC006264,CASE008452,CID004558,Minor
VIC006265,CASE006084,CID006816,Critical
VIC006266,CASE006371,CID003315,Critical
VIC006267,CASE002148,CID008344,Minor
VIC006268,CASE001851,CID002011,Critical
VIC006269,CASE002049,CID006582,Minor
VIC006270,CASE002216,CID001134,Critical
VIC006271,CASE004884,CID003576,None
VIC006272,CASE004018,CID001602,Serious
VIC006273,CASE002400,CID006761,Critical
VIC006274,CASE007353,CID000934,Serious
VIC006275,CASE005017,CID006152,None
VIC006276,CASE003076,CID009181,Minor
VIC006277,CASE007736,CID008104,None
VIC006278,CASE007611,CID001707,Critical
VIC006279,CASE004378,CID001549,None
VIC006280,CASE004484,CID002234,Minor
VIC006281,CASE008273,CID007780,None
VIC006282,CASE002785,CID009683,Minor
VIC006283,CASE004152,CID005130,None
VIC006284,CASE003201,CID008078,Serious
VIC006285,CASE001887,CID004765,Critical
VIC006286,CASE008516,CID007711,Serious
VIC006287,CASE003784,CID007852,Serious
VIC006288,CASE006712,CID003247,None
VIC006289,CASE007364,CID007792,Minor
VIC006290,CASE001758,CID001911,Serious
VIC006291,CASE009154,CID002853,Critical
VIC006292,CASE005725,CID009096,Critical
VIC006293,CASE002753,CID006980,Critical
VIC006294,CASE000789,CID006713,None
VIC006295,CASE007664,CID007102,Serious
VIC006296,CASE003389,CID000437,Minor
VIC006297,CASE005160,CID003374,None
VIC006298,CASE005802,CID004999,Critical
VIC006299,CASE007785,CID007696,None
VIC006300,CASE002000,CID008722,Serious
VIC006301,CASE003440,CID006441,Minor
VIC006302,CASE002586,CID008546,Critical
VIC006303,CASE009789,CID007115,Minor
VIC006304,CASE003295,CID001908,Critical
VIC006305,CASE005998,CID004878,Serious
VIC006306,CASE007035,CID000787,Serious
VIC006307,CASE007751,CID002313,None
VIC006308,CASE005124,CID000488,Minor
VIC006309,CASE008021,CID006986,Critical
VIC006310,CASE002417,CID007484,None
VIC006311,CASE005840,CID000058,Minor
VIC006312,CASE007608,CID001369,Critical
VIC006313,CASE000545,CID002710,Minor
VIC006314,CASE001499,CID004474,None
VIC006315,CASE006810,CID001229,Minor
VIC006316,CASE004677,CID006125,Serious
VIC006317,CASE007380,CID006531,Critical
VIC006318,CASE004673,CID002456,Minor
VIC006319,CASE007124,CID001188,Critical
VIC006320,CASE005908,CID008494,Serious
VIC006321,CASE001013,CID009731,Serious
VIC006322,CASE007511,CID006180,Minor
VIC006323,CASE005269,CID000478,None
VIC006324,CASE004730,CID001931,Minor
VIC006325,CASE006038,CID003966,Minor
VIC006326,CASE005110,CID008587,Serious
VIC006327,CASE001961,CID001469,Minor
VIC006328,CASE004398,CID001943,Serious
VIC006329,CASE004517,CID001754,None
VIC006330,CASE001090,CID002409,Minor
VIC006331,CASE005331,CID000651,Critical
VIC006332,CASE009995,CID000604,Minor
VIC006333,CASE008997,CID003764,None
VIC006334,CASE004068,CID005593,None
VIC006335,CASE000422,CID009244,Serious
VIC006336,CASE004310,CID003029,Serious
VIC006337,CASE004690,CID002982,Minor
VIC006338,CASE009512,CID005954,None
VIC006339,CASE004237,CID005134,Critical
VIC006340,CASE005479,CID002525,Critical
VIC006341,CASE003963,CID001526,Minor
VIC006342,CASE009016,CID000247,Minor
VIC006343,CASE000977,CID001301,Minor
VIC006344,CASE009508,CID002190,Serious
VIC006345,CASE000557,CID004628,None
VIC006346,CASE005419,CID001730,Minor
VIC006347,CASE003401,CID002416,Critical
VIC006348,CASE005813,CID001496,None
VIC006349,CASE003386,CID001334,Critical
VIC006350,CASE007913,CID009939,Critical
VIC006351,CASE007739,CID004343,Critical
VIC006352,CASE009518,CID005910,Minor
VIC006353,CASE006008,CID009502,None
VIC006354,CASE002729,CID006195,None
VIC006355,CASE009422,CID008426,None
VIC006356,CASE008604,CID000066,Serious
VIC006357,CASE000353,CID005142,Minor
VIC006358,CASE003829,CID009970,Critical
VIC006359,CASE005349,CID003584,Critical
VIC006360,CASE008151,CID008918,Minor
VIC006361,CASE005801,CID001914,None
VIC006362,CASE007817,CID006152,None
VIC006363,CASE000730,CID007260,Critical
VIC006364,CASE007573,CID003042,Minor
VIC006365,CASE001818,CID004433,Critical
VIC006366,CASE004908,CID005697,None
VIC006367,CASE009871,CID000444,Minor
VIC006368,CASE009565,CID004249,None
VIC006369,CASE001253,CID000941,Critical
VIC006370,CASE004546,CID000078,Critical
VIC006371,CASE009461,CID003796,Minor
VIC006372,CASE001235,CID008201,Serious
VIC006373,CASE002356,CID006236,Critical
VIC006374,CASE008730,CID007233,Serious
VIC006375,CASE002268,CID002738,Minor
VIC006376,CASE000111,CID008883,Minor
VIC006377,CASE009507,CID003172,Critical
VIC006378,CASE007249,CID002872,Critical
VIC006379,CASE009329,CID009712,None
VIC006380,CASE008415,CID008082,Serious
VIC006381,CASE008937,CID008704,Critical
VIC006382,CASE001952,CID006083,Serious
VIC006383,CASE006199,CID005584,None
VIC006384,CASE005652,CID002188,Minor
VIC006385,CASE003303,CID002293,Critical
VIC006386,CASE006894,CID005233,Critical
VIC006387,CASE009610,CID004541,Serious
VIC006388,CASE006497,CID001130,Critical
VIC006389,CASE001482,CID008636,Minor
VIC006390,CASE005153,CID004474,Minor
VIC006391,CASE006359,CID005528,Serious
VIC006392,CASE009257,CID001697,Serious
VIC006393,CASE007287,CID003617,Critical
VIC006394,CASE008508,CID002220,Minor
VIC006395,CASE008442,CID000533,Serious
VIC006396,CASE002332,CID004815,Serious
VIC006397,CASE006437,CID005819,None
VIC006398,CASE007931,CID002359,Minor
VIC006399,CASE005652,CID008027,Critical
VIC006400,CASE008518,CID001034,Minor
VIC006401,CASE002902,CID002045,None
VIC006402,CASE005171,CID003003,Serious
VIC006403,CASE005929,CID008351,None
VIC006404,CASE008918,CID009879,Serious
VIC006405,CASE005866,CID000961,Critical
VIC006406,CASE002962,CID000951,None
VIC006407,CASE003018,CID002556,Critical
VIC006408,CASE003376,CID002691,Minor
VIC006409,CASE001980,CID006434,Serious
VIC006410,CASE008116,CID005259,Minor
VIC006411,CASE005315,CID008552,Minor
VIC006412,CASE006420,CID002076,None
VIC006413,CASE006584,CID001888,None
VIC006414,CASE006097,CID007135,Minor
VIC006415,CASE005315,CID003326,None
VIC006416,CASE005502,CID006462,Minor
VIC006417,CASE003168,CID002219,Minor
VIC006418,CASE009645,CID004572,Serious
VIC006419,CASE004470,CID002295,Critical
VIC006420,CASE000378,CID005316,Minor
VIC006421,CASE004675,CID004147,Minor
VIC006422,CASE005818,CID002592,Serious
VIC006423,CASE008874,CID003634,Minor
VIC006424,CASE009484,CID009133,Serious
VIC006425,CASE008538,CID006052,Minor
VIC006426,CASE002134,CID006680,None
VIC006427,CASE001874,CID008237,Minor
VIC006428,CASE006580,CID008162,Critical
VIC006429,CASE009217,CID007786,Minor
VIC006430,CASE002615,CID004306,Serious
VIC006431,CASE009671,CID009042,None
VIC006432,CASE007720,CID008733,Critical
VIC006433,CASE007717,CID008902,Minor
VIC006434,CASE005623,CID003160,Minor
VIC006435,CASE004022,CID005801,None
VIC006436,CASE004680,CID008624,Minor
VIC006437,CASE004612,CID007928,Critical
VIC006438,CASE006484,CID002756,Critical
VIC006439,CASE004394,CID006321,Serious
VIC006440,CASE009515,CID004157,Minor
VIC006441,CASE008962,CID007947,None
VIC006442,CASE000400,CID001348,None
VIC006443,CASE000486,CID002765,Critical
VIC006444,CASE002508,CID000399,Minor
VIC006445,CASE002338,CID006166,None
VIC006446,CASE004513,CID005929,Serious
VIC006447,CASE004132,CID009964,Critical
VIC006448,CASE005196,CID005085,Serious
VIC006449,CASE006427,CID006801,Critical
VIC006450,CASE003134,CID009139,None
VIC006451,CASE000305,CID002150,None
VIC006452,CASE003537,CID008706,Serious
VIC006453,CASE004835,CID007728,Minor
VIC006454,CASE001805,CID002125,None
VIC006455,CASE009014,CID003805,Minor
VIC006456,CASE001304,CID008764,Critical
VIC006457,CASE001235,CID008078,Minor
VIC006458,CASE006952,CID005458,Minor
VIC006459,CASE009036,CID002477,None
VIC006460,CASE002001,CID001425,Minor
VIC006461,CASE002925,CID004717,Minor
VIC006462,CASE009771,CID009717,Serious
VIC006463,CASE007142,CID000238,None
VIC006464,CASE003534,CID000801,None
VIC006465,CASE005014,CID005191,Minor
VIC006466,CASE006066,CID003354,Critical
VIC006467,CASE002993,CID003399,None
VIC006468,CASE004735,CID000746,None
VIC006469,CASE000098,CID003083,Serious
VIC006470,CASE000383,CID003242,Minor
VIC006471,CASE006331,CID002255,Serious
VIC006472,CASE005460,CID009371,Serious
VIC006473,CASE006405,CID002427,Minor
VIC006474,CASE005389,CID000630,Minor
VIC006475,CASE000324,CID008764,Minor
VIC006476,CASE003452,CID002802,None
VIC006477,CASE002207,CID004297,Minor
VIC006478,CASE006317,CID007546,Serious
VIC006479,CASE004626,CID004491,Critical
VIC006480,CASE002945,CID004249,Critical
VIC006481,CASE000904,CID009341,None
VIC006482,CASE003864,CID001616,None
VIC006483,CASE007999,CID008491,Minor
VIC006484,CASE000065,CID001685,Serious
VIC006485,CASE000081,CID008050,Minor
VIC006486,CASE008718,CID003491,None
VIC006487,CASE000080,CID004730,Minor
VIC006488,CASE006869,CID002417,Minor
VIC006489,CASE005733,CID001864,None
VIC006490,CASE007829,CID002679,Serious
VIC006491,CASE003817,CID001116,Serious
VIC006492,CASE001583,CID004947,Critical
VIC006493,CASE003968,CID002002,Critical
VIC006494,CASE005253,CID002530,Minor
VIC006495,CASE003201,CID008449,None
VIC006496,CASE005242,CID006584,Minor
VIC006497,CASE003230,CID008473,Serious
VIC006498,CASE004083,CID000861,Critical
VIC006499,CASE002463,CID001555,Minor
VIC006500,CASE000786,CID009161,None
VIC006501,CASE007383,CID001076,Minor
VIC006502,CASE005902,CID008803,Serious
VIC006503,CASE002340,CID004956,None
VIC006504,CASE009992,CID003210,Critical
VIC006505,CASE008139,CID009889,Serious
VIC006506,CASE007098,CID006000,None
VIC006507,CASE009504,CID003241,Serious
VIC006508,CASE007872,CID007890,Minor
VIC006509,CASE002535,CID005584,Minor
VIC006510,CASE007416,CID002657,Minor
VIC006511,CASE004655,CID009389,Critical
VIC006512,CASE004329,CID005500,None
VIC006513,CASE000094,CID003779,Serious
VIC006514,CASE002745,CID006405,Serious
VIC006515,CASE001824,CID008300,None
VIC006516,CASE000724,CID003218,Minor
VIC006517,CASE006435,CID005701,Minor
VIC006518,CASE004281,CID000675,None
VIC006519,CASE002101,CID000637,Critical
VIC006520,CASE003289,CID004692,Serious
VIC006521,CASE006043,CID001107,None
VIC006522,CASE008714,CID009828,Serious
VIC006523,CASE007822,CID008988,Critical
VIC006524,CASE005573,CID001754,Minor
VIC006525,CASE002786,CID009034,Critical
VIC006526,CASE002005,CID009029,Serious
VIC006527,CASE008374,CID002029,Serious
VIC006528,CASE009523,CID001365,Critical
VIC006529,CASE001154,CID001988,Minor
VIC006530,CASE002659,CID009900,None
VIC006531,CASE001512,CID007479,None
VIC006532,CASE006035,CID001306,Critical
VIC006533,CASE007272,CID007875,Serious
VIC006534,CASE005467,CID001525,Minor
VIC006535,CASE006777,CID005560,Minor
VIC006536,CASE003352,CID005943,Serious
VIC006537,CASE007167,CID003502,Minor
VIC006538,CASE006587,CID004793,None
VIC006539,CASE003236,CID001887,Serious
VIC006540,CASE006976,CID002026,Serious
VIC006541,CASE006596,CID006711,Minor
VIC006542,CASE008245,CID002010,Minor
VIC006543,CASE002885,CID002535,Serious
VIC006544,CASE008824,CID002521,Critical
VIC006545,CASE000672,CID004055,Critical
VIC006546,CASE007140,CID008205,Serious
VIC006547,CASE006970,CID008545,Minor
VIC006548,CASE009020,CID009555,Minor
VIC006549,CASE005513,CID000357,Critical
VIC006550,CASE006755,CID008036,Critical
VIC006551,CASE008602,CID005957,Critical
VIC006552,CASE007631,CID007238,Serious
VIC006553,CASE005131,CID007756,Minor
VIC006554,CASE006138,CID001113,Minor
VIC006555,CASE006122,CID002744,None
VIC006556,CASE004989,CID003097,Critical
VIC006557,CASE008859,CID005170,Critical
VIC006558,CASE001044,CID003172,None
VIC006559,CASE007302,CID003746,Serious
VIC006560,CASE009010,CID003554,Serious
VIC006561,CASE007825,CID002253,None
VIC006562,CASE005624,CID006283,Serious
VIC006563,CASE008243,CID009634,Minor
VIC006564,CASE006886,CID004821,Serious
VIC006565,CASE003645,CID009620,Serious
VIC006566,CASE006410,CID000401,None
VIC006567,CASE006352,CID002464,Minor
VIC006568,CASE007506,CID000586,Serious
VIC006569,CASE004589,CID003405,Minor
VIC006570,CASE005534,CID006602,Critical
VIC006571,CASE007635,CID006045,Critical
VIC006572,CASE006525,CID000102,None
VIC006573,CASE007023,CID008273,None
VIC006574,CASE006649,CID005405,Serious
VIC006575,CASE001758,CID000266,Critical
VIC006576,CASE003577,CID002284,None
VIC006577,CASE003417,CID001343,Serious
VIC006578,CASE009511,CID005530,Minor
VIC006579,CASE006471,CID005721,Serious
VIC006580,CASE008523,CID004067,None
VIC006581,CASE003544,CID003545,None
VIC006582,CASE007777,CID003170,Critical
VIC006583,CASE002463,CID000842,Minor
VIC006584,CASE009159,CID003288,Critical
VIC006585,CASE005930,CID003847,Serious
VIC006586,CASE005532,CID002044,Serious
VIC006587,CASE008795,CID001779,None
VIC006588,CASE006164,CID007401,Minor
VIC006589,CASE004573,CID008894,Serious
VIC006590,CASE006335,CID000234,Serious
VIC006591,CASE007505,CID001781,Minor
VIC006592,CASE002585,CID007289,Critical
VIC006593,CASE005932,CID009626,Minor
VIC006594,CASE004768,CID003618,Critical
VIC006595,CASE002171,CID003661,Critical
VIC006596,CASE009448,CID006893,Serious
VIC006597,CASE004151,CID004851,Minor
VIC006598,CASE002877,CID006291,Serious
VIC006599,CASE000288,CID000993,None
VIC006600,CASE004975,CID003377,Minor
VIC006601,CASE003335,CID004677,Minor
VIC006602,CASE004715,CID003060,Serious
VIC006603,CASE006256,CID001354,Critical
VIC006604,CASE000626,CID000126,None
VIC006605,CASE001135,CID006730,Minor
VIC006606,CASE000114,CID006015,Serious
VIC006607,CASE008708,CID003661,Minor
VIC006608,CASE005085,CID001447,Critical
VIC006609,CASE001766,CID006663,Minor
VIC006610,CASE003420,CID002542,Critical
VIC006611,CASE003238,CID009767,Critical
VIC006612,CASE007355,CID003065,Serious
VIC006613,CASE008917,CID003990,None
VIC006614,CASE009988,CID009575,Minor
VIC006615,CASE001097,CID007927,None
VIC006616,CASE000922,CID009486,Serious
VIC006617,CASE007089,CID003654,Serious
VIC006618,CASE006592,CID000245,Serious
VIC006619,CASE002780,CID005064,Serious
VIC006620,CASE006100,CID004263,None
VIC006621,CASE001588,CID001150,Minor
VIC006622,CASE004799,CID006513,Serious
VIC006623,CASE008490,CID009948,Critical
VIC006624,CASE004417,CID001458,Serious
VIC006625,CASE003986,CID007014,Serious
VIC006626,CASE009771,CID005095,Serious
VIC006627,CASE000620,CID001618,None
VIC006628,CASE007750,CID009836,Critical
VIC006629,CASE000386,CID009290,Critical
VIC006630,CASE009243,CID003078,Critical
VIC006631,CASE007792,CID003668,Serious
VIC006632,CASE008898,CID009750,Minor
VIC006633,CASE003769,CID001379,None
VIC006634,CASE005671,CID008017,Serious
VIC006635,CASE000669,CID007913,None
VIC006636,CASE008356,CID003700,Critical
VIC006637,CASE005464,CID008248,Critical
VIC006638,CASE002600,CID003248,Serious
VIC006639,CASE004410,CID009729,Minor
VIC006640,CASE005258,CID005989,Critical
VIC006641,CASE007647,CID004957,None
VIC006642,CASE003397,CID004955,Critical
VIC006643,CASE001638,CID008015,Serious
VIC006644,CASE007706,CID001793,Critical
VIC006645,CASE005768,CID007851,Serious
VIC006646,CASE007934,CID008564,Serious
VIC006647,CASE006097,CID004944,Minor
VIC006648,CASE007475,CID001598,Minor
VIC006649,CASE008850,CID001268,Minor
VIC006650,CASE005354,CID008426,Serious
VIC006651,CASE009702,CID008784,Serious
VIC006652,CASE004502,CID001021,None
VIC006653,CASE005592,CID001209,Critical
VIC006654,CASE003312,CID002085,Critical
VIC006655,CASE001731,CID000266,Critical
VIC006656,CASE000345,CID008621,Serious
VIC006657,CASE004783,CID006415,None
VIC006658,CASE000027,CID004556,None
VIC006659,CASE000005,CID009378,Serious
VIC006660,CASE006222,CID008727,Critical
VIC006661,CASE008284,CID006520,Serious
VIC006662,CASE003611,CID006747,Critical
VIC006663,CASE008292,CID008975,None
VIC006664,CASE007597,CID008413,Critical
VIC006665,CASE005345,CID007507,Minor
VIC006666,CASE008569,CID003494,Serious
VIC006667,CASE004952,CID002067,Minor
VIC006668,CASE003458,CID009057,Minor
VIC006669,CASE003232,CID005094,Serious
VIC006670,CASE001311,CID000738,Minor
VIC006671,CASE004878,CID008902,None
VIC006672,CASE003951,CID003846,Minor
VIC006673,CASE004746,CID006651,Critical
VIC006674,CASE007084,CID002806,Serious
VIC006675,CASE005240,CID000076,Critical
VIC006676,CASE000408,CID007456,Serious
VIC006677,CASE005916,CID009635,Critical
VIC006678,CASE001548,CID002092,Serious
VIC006679,CASE000226,CID000302,Critical
VIC006680,CASE007727,CID002756,None
VIC006681,CASE007396,CID001284,Critical
VIC006682,CASE002510,CID004578,None
VIC006683,CASE006748,CID009875,Minor
VIC006684,CASE006879,CID009810,Serious
VIC006685,CASE005973,CID001877,Minor
VIC006686,CASE000478,CID001998,None
VIC006687,CASE000761,CID008654,Minor
VIC006688,CASE009527,CID000681,None
VIC006689,CASE007859,CID008176,None
VIC006690,CASE004641,CID004402,Minor
VIC006691,CASE009399,CID004371,Serious
VIC006692,CASE008432,CID006400,Serious
VIC006693,CASE000124,CID008763,None
VIC006694,CASE006331,CID000591,Minor
VIC006695,CASE006674,CID002745,None
VIC006696,CASE004968,CID008087,Minor
VIC006697,CASE008094,CID003214,Minor
VIC006698,CASE004115,CID006700,None
VIC006699,CASE007247,CID005220,Critical
VIC006700,CASE007118,CID009493,Minor
VIC006701,CASE000932,CID008533,None
VIC006702,CASE004360,CID004145,Serious
VIC006703,CASE005231,CID004344,Minor
VIC006704,CASE007091,CID009186,Serious
VIC006705,CASE004886,CID008397,Serious
VIC006706,CASE010000,CID004808,None
VIC006707,CASE001326,CID007190,None
VIC006708,CASE008797,CID003440,Minor
VIC006709,CASE009017,CID006565,Critical
VIC006710,CASE001152,CID007693,Critical
VIC006711,CASE009809,CID007198,None
VIC006712,CASE004502,CID005024,None
VIC006713,CASE000686,CID006651,None
VIC006714,CASE005495,CID000484,Minor
VIC006715,CASE006664,CID008814,None
VIC006716,CASE009366,CID000254,Critical
VIC006717,CASE003625,CID001933,Serious
VIC006718,CASE009505,CID007021,None
VIC006719,CASE001573,CID000559,Serious
VIC006720,CASE006297,CID008068,Serious
VIC006721,CASE002937,CID002068,Serious
VIC006722,CASE004650,CID001391,Critical
VIC006723,CASE009707,CID008024,Minor
VIC006724,CASE005117,CID001732,Minor
VIC006725,CASE005601,CID004230,None
VIC006726,CASE008666,CID004580,Critical
VIC006727,CASE006490,CID002693,Serious
VIC006728,CASE002554,CID008250,None
VIC006729,CASE005957,CID006169,Serious
VIC006730,CASE001928,CID006801,Minor
VIC006731,CASE003782,CID000066,Minor
VIC006732,CASE007258,CID002120,Serious
VIC006733,CASE008773,CID003880,None
VIC006734,CASE006501,CID009477,None
VIC006735,CASE009826,CID003290,Serious
VIC006736,CASE006764,CID009551,Critical
VIC006737,CASE004676,CID000998,None
VIC006738,CASE004812,CID000554,None
VIC006739,CASE003775,CID000476,None
VIC006740,CASE001032,CID008453,Minor
VIC006741,CASE007373,CID000994,Serious
VIC006742,CASE002262,CID007087,Critical
VIC006743,CASE004721,CID008215,Serious
VIC006744,CASE000352,CID005512,None
VIC006745,CASE008322,CID004793,Critical
VIC006746,CASE006989,CID006190,Critical
VIC006747,CASE008582,CID009419,Critical
VIC006748,CASE004926,CID002112,Critical
VIC006749,CASE009275,CID009049,Minor
VIC006750,CASE006881,CID006863,Minor
VIC006751,CASE001606,CID003884,None
VIC006752,CASE003407,CID002124,None
VIC006753,CASE000220,CID002299,Minor
VIC006754,CASE008619,CID006467,None
VIC006755,CASE008608,CID005183,Serious
VIC006756,CASE000848,CID006625,Critical
VIC006757,CASE004958,CID007273,None
VIC006758,CASE009046,CID008611,None
VIC006759,CASE003046,CID007769,None
VIC006760,CASE003419,CID007525,Critical
VIC006761,CASE004043,CID001487,Critical
VIC006762,CASE000642,CID006567,Minor
VIC006763,CASE003679,CID008943,Minor
VIC006764,CASE004077,CID000408,Serious
VIC006765,CASE005526,CID009090,None
VIC006766,CASE002623,CID001100,Critical
VIC006767,CASE002808,CID002587,Minor
VIC006768,CASE001522,CID001450,Serious
VIC006769,CASE007800,CID004678,Serious
VIC006770,CASE009496,CID000870,Critical
VIC006771,CASE001191,CID001698,Critical
VIC006772,CASE007958,CID003103,None
VIC006773,CASE002974,CID007577,Minor
VIC006774,CASE004216,CID005797,Minor
VIC006775,CASE000638,CID006711,Critical
VIC006776,CASE004951,CID003012,Critical
VIC006777,CASE008100,CID008343,Serious
VIC006778,CASE000948,CID008267,Critical
VIC006779,CASE000810,CID004111,None
VIC006780,CASE001461,CID004959,Critical
VIC006781,CASE005326,CID006698,Serious
VIC006782,CASE009611,CID000122,Serious
VIC006783,CASE008151,CID005564,Critical
VIC006784,CASE001263,CID000283,Critical
VIC006785,CASE001659,CID006100,Serious
VIC006786,CASE006378,CID003465,Serious
VIC006787,CASE009278,CID009541,None
VIC006788,CASE000740,CID005459,None
VIC006789,CASE005772,CID007002,Critical
VIC006790,CASE007630,CID009170,Serious
VIC006791,CASE000374,CID001455,None
VIC006792,CASE002641,CID003016,None
VIC006793,CASE006458,CID004389,Critical
VIC006794,CASE006517,CID007237,Critical
VIC006795,CASE002449,CID008870,Minor
VIC006796,CASE003724,CID002010,Minor
VIC006797,CASE006667,CID006091,None
VIC006798,CASE005059,CID002635,Critical
VIC006799,CASE005212,CID004755,Critical
VIC006800,CASE001516,CID001776,Critical
VIC006801,CASE008782,CID008982,Critical
VIC006802,CASE009334,CID001530,Critical
VIC006803,CASE001850,CID009445,Serious
VIC006804,CASE009607,CID006149,Serious
VIC006805,CASE009124,CID001255,Critical
VIC006806,CASE001474,CID007608,Minor
VIC006807,CASE000780,CID009055,Minor
VIC006808,CASE003231,CID009791,Serious
VIC006809,CASE004353,CID007088,Minor
VIC006810,CASE004443,CID009191,Critical
VIC006811,CASE008874,CID002482,Minor
VIC006812,CASE003092,CID001907,Serious
VIC006813,CASE004526,CID001897,Critical
VIC006814,CASE005179,CID005261,Critical
VIC006815,CASE001961,CID000951,Minor
VIC006816,CASE009369,CID002491,Serious
VIC006817,CASE004847,CID009051,Serious
VIC006818,CASE009547,CID009229,None
VIC006819,CASE004945,CID007866,Minor
VIC006820,CASE001683,CID008443,Serious
VIC006821,CASE009254,CID002445,None
VIC006822,CASE006764,CID008367,None
VIC006823,CASE006227,CID003110,Serious
VIC006824,CASE005376,CID008395,Critical
VIC006825,CASE006541,CID007767,Serious
VIC006826,CASE006729,CID007334,None
VIC006827,CASE009857,CID003966,None
VIC006828,CASE009271,CID004863,None
VIC006829,CASE008440,CID007147,Critical
VIC006830,CASE004052,CID000469,Serious
VIC006831,CASE007881,CID001220,Minor
VIC006832,CASE008740,CID008296,Serious
VIC006833,CASE003163,CID006484,Serious
VIC006834,CASE002743,CID004849,None
VIC006835,CASE009944,CID006008,None
VIC006836,CASE002791,CID001715,None
VIC006837,CASE003180,CID005413,None
VIC006838,CASE002731,CID003966,Serious
VIC006839,CASE008636,CID009360,None
VIC006840,CASE003543,CID005924,None
VIC006841,CASE005510,CID008533,Minor
VIC006842,CASE000167,CID004596,Serious
VIC006843,CASE002456,CID001850,Serious
VIC006844,CASE006168,CID008029,None
VIC006845,CASE006015,CID007633,Minor
VIC006846,CASE005151,CID004362,Minor
VIC006847,CASE002598,CID008522,Minor
VIC006848,CASE006277,CID000394,Minor
VIC006849,CASE002769,CID007324,Critical
VIC006850,CASE006484,CID003578,Serious
VIC006851,CASE004569,CID000185,Critical
VIC006852,CASE008886,CID000547,Serious
VIC006853,CASE004651,CID004071,Minor
VIC006854,CASE005382,CID005648,Minor
VIC006855,CASE004666,CID008768,None
VIC006856,CASE002624,CID006098,Critical
VIC006857,CASE003157,CID002732,Critical
VIC006858,CASE003022,CID000595,Serious
VIC006859,CASE002926,CID009857,Minor
VIC006860,CASE008753,CID003328,Critical
VIC006861,CASE005187,CID002856,Critical
VIC006862,CASE004977,CID000729,Critical
VIC006863,CASE000455,CID002483,Minor
VIC006864,CASE004542,CID003736,Minor
VIC006865,CASE000247,CID005534,Minor
VIC006866,CASE004508,CID000826,None
VIC006867,CASE002225,CID000533,Minor
VIC006868,CASE008002,CID001631,None
VIC006869,CASE001870,CID000487,Serious
VIC006870,CASE009967,CID005468,None
VIC006871,CASE008628,CID007248,None
VIC006872,CASE005461,CID008765,Minor
VIC006873,CASE004967,CID001824,Minor
VIC006874,CASE009454,CID001207,Minor
VIC006875,CASE008639,CID001209,Serious
VIC006876,CASE004999,CID000741,Serious
VIC006877,CASE003355,CID006550,Serious
VIC006878,CASE009791,CID008200,Minor
VIC006879,CASE003220,CID006354,Minor
VIC006880,CASE007926,CID004931,Minor
VIC006881,CASE006660,CID006616,Critical
VIC006882,CASE007261,CID001831,None
VIC006883,CASE009844,CID001463,Minor
VIC006884,CASE006606,CID009732,None
VIC006885,CASE007908,CID000075,Serious
VIC006886,CASE007334,CID004741,Serious
VIC006887,CASE002581,CID008685,Minor
VIC006888,CASE002266,CID005120,Critical
VIC006889,CASE006355,CID006120,None
VIC006890,CASE007666,CID008564,Critical
VIC006891,CASE009610,CID009139,Critical
VIC006892,CASE007175,CID008471,Minor
VIC006893,CASE001977,CID009225,None
VIC006894,CASE007779,CID004492,None
VIC006895,CASE005348,CID007101,Serious
VIC006896,CASE000245,CID009788,None
VIC006897,CASE001067,CID007488,Critical
VIC006898,CASE009131,CID005276,None
VIC006899,CASE000051,CID009847,Minor
VIC006900,CASE003281,CID003075,Critical
VIC006901,CASE006482,CID004816,Serious
VIC006902,CASE003279,CID007598,None
VIC006903,CASE001958,CID006406,None
VIC006904,CASE005834,CID003362,None
VIC006905,CASE006245,CID003671,Serious
VIC006906,CASE003340,CID006128,Serious
VIC006907,CASE001579,CID005040,None
VIC006908,CASE002200,CID008621,None
VIC006909,CASE007192,CID004090,None
VIC006910,CASE003618,CID008550,Critical
VIC006911,CASE001780,CID000401,Critical
VIC006912,CASE002520,CID000837,Serious
VIC006913,CASE004125,CID006227,Critical
VIC006914,CASE006688,CID009941,Serious
VIC006915,CASE006788,CID002301,Serious
VIC006916,CASE008170,CID000624,Serious
VIC006917,CASE000810,CID004402,Critical
VIC006918,CASE008157,CID000992,Serious
VIC006919,CASE001660,CID001593,Minor
VIC006920,CASE008755,CID006143,Serious
VIC006921,CASE000963,CID000867,Serious
VIC006922,CASE007986,CID000329,Serious
VIC006923,CASE007387,CID004182,None
VIC006924,CASE008614,CID005763,Minor
VIC006925,CASE004216,CID009982,Critical
VIC006926,CASE008355,CID008543,Critical
VIC006927,CASE008561,CID000776,Minor
VIC006928,CASE002674,CID000730,None
VIC006929,CASE000018,CID005287,Serious
VIC006930,CASE001756,CID006412,Critical
VIC006931,CASE008595,CID005894,None
VIC006932,CASE003157,CID005858,Minor
VIC006933,CASE008221,CID001867,Serious
VIC006934,CASE000529,CID004033,Serious
VIC006935,CASE002560,CID009959,Critical
VIC006936,CASE005388,CID007296,Serious
VIC006937,CASE003350,CID007820,Serious
VIC006938,CASE005869,CID000039,Serious
VIC006939,CASE009454,CID005962,Serious
VIC006940,CASE004515,CID004584,Minor
VIC006941,CASE003747,CID003410,Serious
VIC006942,CASE000320,CID004140,Serious
VIC006943,CASE007330,CID007756,Critical
VIC006944,CASE008828,CID005265,Serious
VIC006945,CASE008631,CID007002,Critical
VIC006946,CASE005730,CID009384,Critical
VIC006947,CASE005718,CID000298,Serious
VIC006948,CASE003311,CID007127,Minor
VIC006949,CASE004981,CID001576,None
VIC006950,CASE008350,CID008556,Minor
VIC006951,CASE002517,CID009004,Critical
VIC006952,CASE000714,CID003975,Serious
VIC006953,CASE001583,CID005919,None
VIC006954,CASE004885,CID008441,Critical
VIC006955,CASE001429,CID006741,Minor
VIC006956,CASE001346,CID005005,Critical
VIC006957,CASE005914,CID004954,Critical
VIC006958,CASE007408,CID005067,Critical
VIC006959,CASE007990,CID005125,Critical
VIC006960,CASE005405,CID002498,Serious
VIC006961,CASE001177,CID007768,Serious
VIC006962,CASE007980,CID006347,None
VIC006963,CASE000294,CID006022,Minor
VIC006964,CASE008691,CID004186,Minor
VIC006965,CASE006834,CID009573,Serious
VIC006966,CASE004428,CID008147,Critical
VIC006967,CASE008425,CID002273,Minor
VIC006968,CASE008060,CID002477,Minor
VIC006969,CASE005528,CID000630,Critical
VIC006970,CASE001696,CID000086,Minor
VIC006971,CASE005052,CID004321,None
VIC006972,CASE000255,CID000645,Critical
VIC006973,CASE000600,CID004296,Critical
VIC006974,CASE000400,CID002348,Critical
VIC006975,CASE005372,CID002415,Critical
VIC006976,CASE007771,CID005636,Critical
VIC006977,CASE004518,CID001223,None
VIC006978,CASE009499,CID000475,Minor
VIC006979,CASE000091,CID007830,None
VIC006980,CASE001227,CID005456,Minor
VIC006981,CASE004988,CID006602,Critical
VIC006982,CASE008236,CID000649,Critical
VIC006983,CASE000683,CID008354,Serious
VIC006984,CASE000825,CID001510,Serious
VIC006985,CASE002031,CID003405,Minor
VIC006986,CASE007863,CID007699,Minor
VIC006987,CASE002714,CID007634,Critical
VIC006988,CASE002637,CID006284,Minor
VIC006989,CASE000548,CID007641,Serious
VIC006990,CASE009443,CID000775,Serious
VIC006991,CASE004667,CID007170,Critical
VIC006992,CASE005732,CID009757,Minor
VIC006993,CASE009018,CID001923,Critical
VIC006994,CASE007701,CID001066,None
VIC006995,CASE000437,CID007854,Serious
VIC006996,CASE004240,CID000021,Minor
VIC006997,CASE000973,CID005240,Critical
VIC006998,CASE002110,CID003962,Serious
VIC006999,CASE006930,CID008335,Minor
VIC007000,CASE006652,CID005882,Minor
VIC007001,CASE007336,CID001205,None
VIC007002,CASE005987,CID008961,Serious
VIC007003,CASE001336,CID001617,Minor
VIC007004,CASE008087,CID008948,Minor
VIC007005,CASE003565,CID007108,Critical
VIC007006,CASE000618,CID006748,Critical
VIC007007,CASE006047,CID004010,Minor
VIC007008,CASE001044,CID002132,Critical
VIC007009,CASE006708,CID009546,None
VIC007010,CASE004124,CID005722,Critical
VIC007011,CASE008491,CID001308,Minor
VIC007012,CASE009438,CID004972,None
VIC007013,CASE003071,CID008956,Serious
VIC007014,CASE007344,CID008093,Critical
VIC007015,CASE002771,CID000814,Minor
VIC007016,CASE004401,CID005422,Critical
VIC007017,CASE002754,CID001179,None
VIC007018,CASE005469,CID008771,Serious
VIC007019,CASE001313,CID007322,None
VIC007020,CASE002476,CID007420,None
VIC007021,CASE001819,CID001600,None
VIC007022,CASE008817,CID008699,None
VIC007023,CASE006045,CID000568,Critical
VIC007024,CASE005939,CID001302,Minor
VIC007025,CASE009120,CID002497,Critical
VIC007026,CASE007147,CID000376,None
VIC007027,CASE004426,CID007400,Minor
VIC007028,CASE009529,CID009681,Minor
VIC007029,CASE009536,CID008077,Minor
VIC007030,CASE002735,CID004622,Serious
VIC007031,CASE008961,CID008901,Minor
VIC007032,CASE006307,CID005698,Serious
VIC007033,CASE004611,CID005970,None
VIC007034,CASE007097,CID007902,Critical
VIC007035,CASE007172,CID007711,Minor
VIC007036,CASE004653,CID001874,Critical
VIC007037,CASE007940,CID007915,None
VIC007038,CASE007809,CID004596,None
VIC007039,CASE003226,CID001638,None
VIC007040,CASE005817,CID004802,Serious
VIC007041,CASE002062,CID009593,Serious
VIC007042,CASE001156,CID009148,Minor
VIC007043,CASE006767,CID007342,Minor
VIC007044,CASE001986,CID006171,Serious
VIC007045,CASE000126,CID004130,Serious
VIC007046,CASE002042,CID003777,Critical
VIC007047,CASE008412,CID008839,Critical
VIC007048,CASE005170,CID002045,None
VIC007049,CASE002681,CID002926,Serious
VIC007050,CASE008153,CID008055,Critical
VIC007051,CASE008700,CID002693,Serious
VIC007052,CASE004285,CID001332,Serious
VIC007053,CASE007670,CID007530,Critical
VIC007054,CASE002492,CID008900,Serious
VIC007055,CASE007307,CID007677,Minor
VIC007056,CASE009140,CID002057,Critical
VIC007057,CASE000816,CID001344,None
VIC007058,CASE002663,CID004531,Serious
VIC007059,CASE009599,CID007429,Critical
VIC007060,CASE009491,CID005913,Serious
VIC007061,CASE000294,CID003115,Serious
VIC007062,CASE002655,CID003134,None
VIC007063,CASE001150,CID008180,Critical
VIC007064,CASE004686,CID008218,Serious
VIC007065,CASE004159,CID009772,None
VIC007066,CASE002881,CID004804,Serious
VIC007067,CASE002868,CID005748,None
VIC007068,CASE001690,CID001318,None
VIC007069,CASE000427,CID008896,None
VIC007070,CASE004684,CID004305,Minor
VIC007071,CASE000558,CID002397,Serious
VIC007072,CASE006579,CID009934,None
VIC007073,CASE004784,CID006156,Serious
VIC007074,CASE009633,CID001438,Minor
VIC007075,CASE009630,CID000357,None
VIC007076,CASE004669,CID007736,Critical
VIC007077,CASE002551,CID006846,Critical
VIC007078,CASE004897,CID008076,Serious
VIC007079,CASE008654,CID006463,None
VIC007080,CASE003146,CID000675,None
VIC007081,CASE002353,CID006359,Serious
VIC007082,CASE001217,CID009511,Critical
VIC007083,CASE004248,CID007256,Serious
VIC007084,CASE008189,CID000827,Minor
VIC007085,CASE006751,CID007672,None
VIC007086,CASE006346,CID005570,Serious
VIC007087,CASE002482,CID003215,None
VIC007088,CASE008077,CID006981,None
VIC007089,CASE003275,CID003335,Minor
VIC007090,CASE000651,CID009337,Minor
VIC007091,CASE004443,CID005307,Serious
VIC007092,CASE005938,CID000391,Critical
VIC007093,CASE003323,CID009432,Critical
VIC007094,CASE006369,CID001452,Minor
VIC007095,CASE004623,CID008310,Serious
VIC007096,CASE008457,CID001151,Serious
VIC007097,CASE006434,CID009012,Critical
VIC007098,CASE008294,CID000545,Minor
VIC007099,CASE006321,CID007817,Critical
VIC007100,CASE002624,CID002054,Critical
VIC007101,CASE002571,CID008118,Serious
VIC007102,CASE007068,CID003366,Minor
VIC007103,CASE007326,CID001450,Minor
VIC007104,CASE007199,CID005436,None
VIC007105,CASE004795,CID002899,Serious
VIC007106,CASE003395,CID009846,None
VIC007107,CASE008897,CID005168,Serious
VIC007108,CASE007730,CID009751,Serious
VIC007109,CASE009111,CID004160,Serious
VIC007110,CASE007006,CID009374,None
VIC007111,CASE002120,CID005454,Serious
VIC007112,CASE009176,CID003048,Serious
VIC007113,CASE007971,CID004980,Serious
VIC007114,CASE009760,CID007013,Minor
VIC007115,CASE003780,CID006375,Minor
VIC007116,CASE004767,CID004182,Critical
VIC007117,CASE009511,CID004035,Critical
VIC007118,CASE008225,CID007958,Critical
VIC007119,CASE005007,CID007047,Serious
VIC007120,CASE000770,CID007579,Minor
VIC007121,CASE006582,CID007126,None
VIC007122,CASE008570,CID003713,Critical
VIC007123,CASE005732,CID009005,Critical
VIC007124,CASE006607,CID000096,None
VIC007125,CASE005476,CID007991,Minor
VIC007126,CASE004147,CID006757,Critical
VIC007127,CASE008101,CID009374,None
VIC007128,CASE009144,CID000501,Minor
VIC007129,CASE006377,CID008784,None
VIC007130,CASE007082,CID007546,None
VIC007131,CASE007194,CID003382,Serious
VIC007132,CASE006858,CID009886,Minor
VIC007133,CASE004984,CID005245,None
VIC007134,CASE005526,CID004229,Critical
VIC007135,CASE004048,CID003718,None
VIC007136,CASE009552,CID002649,Minor
VIC007137,CASE005097,CID008090,Minor
VIC007138,CASE004142,CID008749,Critical
VIC007139,CASE006568,CID008808,None
VIC007140,CASE002436,CID001066,Critical
VIC007141,CASE004691,CID007702,Minor
VIC007142,CASE001247,CID002133,None
VIC007143,CASE009809,CID000957,Critical
VIC007144,CASE003934,CID002082,Critical
VIC007145,CASE009881,CID005910,Critical
VIC007146,CASE007793,CID007872,Critical
VIC007147,CASE004993,CID003288,Critical
VIC007148,CASE007229,CID006707,Minor
VIC007149,CASE007945,CID003858,None
VIC007150,CASE009508,CID003034,Critical
VIC007151,CASE007266,CID005756,Minor
VIC007152,CASE004254,CID008202,Serious
VIC007153,CASE002627,CID000385,Critical
VIC007154,CASE004512,CID003165,Serious
VIC007155,CASE005789,CID005136,None
VIC007156,CASE009348,CID003598,Critical
VIC007157,CASE002816,CID004411,None
VIC007158,CASE008723,CID004379,Critical
VIC007159,CASE009607,CID004108,Minor
VIC007160,CASE001434,CID000235,Serious
VIC007161,CASE006855,CID007097,Serious
VIC007162,CASE005721,CID006638,Serious
VIC007163,CASE002783,CID008067,Minor
VIC007164,CASE004523,CID003835,Serious
VIC007165,CASE005769,CID006777,Serious
VIC007166,CASE000820,CID001749,Minor
VIC007167,CASE002051,CID005919,Critical
VIC007168,CASE000005,CID008521,Critical
VIC007169,CASE002117,CID009467,Serious
VIC007170,CASE004765,CID003342,Minor
VIC007171,CASE004698,CID002582,Minor
VIC007172,CASE005491,CID004908,Critical
VIC007173,CASE006426,CID008483,Critical
VIC007174,CASE007503,CID005943,None
VIC007175,CASE004649,CID005553,Serious
VIC007176,CASE004975,CID000916,Minor
VIC007177,CASE006606,CID009613,Serious
VIC007178,CASE008764,CID005461,Serious
VIC007179,CASE007823,CID001135,None
VIC007180,CASE007507,CID003974,Critical
VIC007181,CASE006242,CID001825,Minor
VIC007182,CASE006051,CID004222,None
VIC007183,CASE006081,CID005215,Serious
VIC007184,CASE001497,CID004100,Serious
VIC007185,CASE004220,CID000288,Minor
VIC007186,CASE009607,CID001030,None
VIC007187,CASE004535,CID001452,Minor
VIC007188,CASE007185,CID005857,None
VIC007189,CASE000078,CID007342,None
VIC007190,CASE002590,CID001300,Minor
VIC007191,CASE007646,CID008069,Critical
VIC007192,CASE009631,CID002457,Critical
VIC007193,CASE002342,CID000718,Critical
VIC007194,CASE009018,CID004494,None
VIC007195,CASE003754,CID009599,None
VIC007196,CASE002811,CID003557,None
VIC007197,CASE004993,CID000999,None
VIC007198,CASE000033,CID003046,None
VIC007199,CASE004230,CID002374,Critical
VIC007200,CASE008807,CID006424,Minor
VIC007201,CASE004703,CID006462,Serious
VIC007202,CASE005349,CID006613,Critical
VIC007203,CASE002261,CID009045,Critical
VIC007204,CASE008370,CID002081,None
VIC007205,CASE001410,CID002478,Serious
VIC007206,CASE009107,CID005700,None
VIC007207,CASE002243,CID006046,Serious
VIC007208,CASE007749,CID002639,Critical
VIC007209,CASE000433,CID005308,None
VIC007210,CASE005482,CID006220,Minor
VIC007211,CASE005350,CID008844,Critical
VIC007212,CASE003775,CID000775,Minor
VIC007213,CASE008805,CID008134,Critical
VIC007214,CASE009054,CID002938,None
VIC007215,CASE009488,CID000427,None
VIC007216,CASE001216,CID006525,None
VIC007217,CASE009636,CID008741,Critical
VIC007218,CASE008967,CID008399,None
VIC007219,CASE001423,CID008672,Serious
VIC007220,CASE006835,CID006673,Serious
VIC007221,CASE004269,CID001130,Minor
VIC007222,CASE009264,CID009143,Minor
VIC007223,CASE007787,CID009790,None
VIC007224,CASE002972,CID003963,Minor
VIC007225,CASE007886,CID006159,Critical
VIC007226,CASE005419,CID001825,Serious
VIC007227,CASE002188,CID007942,Critical
VIC007228,CASE006178,CID003022,None
VIC007229,CASE001069,CID000630,Serious
VIC007230,CASE008860,CID009321,Serious
VIC007231,CASE001149,CID003960,Minor
VIC007232,CASE003357,CID002386,None
VIC007233,CASE000802,CID000704,Minor
VIC007234,CASE008821,CID001222,Minor
VIC007235,CASE009834,CID005432,None
VIC007236,CASE008921,CID006912,Minor
VIC007237,CASE005783,CID006965,Serious
VIC007238,CASE005634,CID005911,Critical
VIC007239,CASE009208,CID004460,None
VIC007240,CASE009226,CID009746,Serious
VIC007241,CASE008051,CID004897,Serious
VIC007242,CASE008616,CID009685,Minor
VIC007243,CASE003363,CID001569,Serious
VIC007244,CASE007508,CID004821,Serious
VIC007245,CASE004786,CID001975,Serious
VIC007246,CASE000554,CID006904,None
VIC007247,CASE000451,CID001513,Serious
VIC007248,CASE009363,CID004283,Critical
VIC007249,CASE005139,CID004572,None
VIC007250,CASE001198,CID005241,Critical
VIC007251,CASE003981,CID002161,Serious
VIC007252,CASE009461,CID000593,Serious
VIC007253,CASE002948,CID007870,Critical
VIC007254,CASE002807,CID005451,Critical
VIC007255,CASE004403,CID006996,Critical
VIC007256,CASE003323,CID003449,Serious
VIC007257,CASE009166,CID005786,Serious
VIC007258,CASE005792,CID003091,Serious
VIC007259,CASE002578,CID008439,Serious
VIC007260,CASE008518,CID009579,Minor
VIC007261,CASE003754,CID002508,Critical
VIC007262,CASE006685,CID004286,Serious
VIC007263,CASE003769,CID003656,Critical
VIC007264,CASE008482,CID008087,Critical
VIC007265,CASE000304,CID006303,Serious
VIC007266,CASE008853,CID000679,Serious
VIC007267,CASE003484,CID005127,Critical
VIC007268,CASE000621,CID009197,None
VIC007269,CASE003291,CID006567,Critical
VIC007270,CASE008972,CID006344,Critical
VIC007271,CASE007555,CID009861,Serious
VIC007272,CASE004244,CID001179,Serious
VIC007273,CASE006236,CID002542,None
VIC007274,CASE007470,CID008643,Critical
VIC007275,CASE005015,CID008227,Minor
VIC007276,CASE008527,CID000012,None
VIC007277,CASE007040,CID000136,Critical
VIC007278,CASE007767,CID002459,Serious
VIC007279,CASE003761,CID005319,Critical
VIC007280,CASE009211,CID005888,None
VIC007281,CASE008285,CID008380,None
VIC007282,CASE003705,CID009870,Critical
VIC007283,CASE006996,CID008951,Minor
VIC007284,CASE008474,CID001545,None
VIC007285,CASE003922,CID004928,Serious
VIC007286,CASE004860,CID001632,None
VIC007287,CASE008221,CID009838,Serious
VIC007288,CASE004821,CID008847,Serious
VIC007289,CASE004037,CID005459,Serious
VIC007290,CASE007778,CID006683,Critical
VIC007291,CASE005317,CID008983,Minor
VIC007292,CASE005428,CID005238,None
VIC007293,CASE009892,CID004304,Critical
VIC007294,CASE005424,CID001123,Serious
VIC007295,CASE007393,CID007106,None
VIC007296,CASE005406,CID004616,Critical
VIC007297,CASE002851,CID007202,None
VIC007298,CASE002195,CID008313,Critical
VIC007299,CASE004247,CID006252,Critical
VIC007300,CASE001313,CID009472,Minor
VIC007301,CASE005227,CID005157,Serious
VIC007302,CASE006563,CID008532,None
VIC007303,CASE003768,CID006476,Serious
VIC007304,CASE008527,CID002624,Serious
VIC007305,CASE009255,CID002620,Minor
VIC007306,CASE003076,CID007779,Minor
VIC007307,CASE000784,CID002124,Serious
VIC007308,CASE006177,CID008360,Critical
VIC007309,CASE006951,CID004501,Minor
VIC007310,CASE007816,CID006248,Minor
VIC007311,CASE002176,CID004652,None
VIC007312,CASE006828,CID005315,Critical
VIC007313,CASE004377,CID003242,Serious
VIC007314,CASE005038,CID009000,Minor
VIC007315,CASE008466,CID006124,Minor
VIC007316,CASE007668,CID001389,Critical
VIC007317,CASE002155,CID004590,Serious
VIC007318,CASE006038,CID006615,None
VIC007319,CASE001543,CID001020,None
VIC007320,CASE002273,CID000383,Critical
VIC007321,CASE005417,CID004774,None
VIC007322,CASE009067,CID000869,Serious
VIC007323,CASE006124,CID002631,Serious
VIC007324,CASE006585,CID002341,Critical
VIC007325,CASE004551,CID003614,None
VIC007326,CASE000365,CID002646,None
VIC007327,CASE005248,CID008161,Serious
VIC007328,CASE009283,CID002392,Serious
VIC007329,CASE007054,CID004760,Critical
VIC007330,CASE002893,CID006836,None
VIC007331,CASE000429,CID003055,Serious
VIC007332,CASE002205,CID007833,Critical
VIC007333,CASE005064,CID006676,Critical
VIC007334,CASE009286,CID007102,Critical
VIC007335,CASE004006,CID007257,Critical
VIC007336,CASE007891,CID004688,Critical
VIC007337,CASE001309,CID008130,None
VIC007338,CASE005618,CID001026,Serious
VIC007339,CASE007977,CID005567,Critical
VIC007340,CASE007933,CID003523,Critical
VIC007341,CASE000999,CID007956,None
VIC007342,CASE007254,CID004491,Minor
VIC007343,CASE000859,CID001646,Critical
VIC007344,CASE009473,CID009565,None
VIC007345,CASE007069,CID003164,Critical
VIC007346,CASE008180,CID003984,None
VIC007347,CASE002008,CID003061,Critical
VIC007348,CASE006006,CID008148,Serious
VIC007349,CASE000453,CID008245,Serious
VIC007350,CASE009881,CID001724,Critical
VIC007351,CASE009551,CID007875,Critical
VIC007352,CASE004516,CID008849,Serious
VIC007353,CASE003252,CID001636,Critical
VIC007354,CASE007748,CID006924,Minor
VIC007355,CASE000480,CID002363,None
VIC007356,CASE007628,CID009807,Critical
VIC007357,CASE006948,CID001094,Critical
VIC007358,CASE005490,CID000368,Critical
VIC007359,CASE004180,CID002803,Critical
VIC007360,CASE009566,CID001571,Minor
VIC007361,CASE006968,CID004878,None
VIC007362,CASE002122,CID005979,None
VIC007363,CASE006315,CID000716,Critical
VIC007364,CASE009277,CID006715,Serious
VIC007365,CASE002376,CID002248,None
VIC007366,CASE006673,CID002495,Serious
VIC007367,CASE005593,CID004261,Critical
VIC007368,CASE004151,CID003733,Serious
VIC007369,CASE001188,CID002978,Critical
VIC007370,CASE002625,CID001169,Critical
VIC007371,CASE000991,CID007705,Critical
VIC007372,CASE002919,CID002944,Minor
VIC007373,CASE000963,CID000343,Minor
VIC007374,CASE008184,CID006651,None
VIC007375,CASE002174,CID003235,None
VIC007376,CASE007605,CID005747,Serious
VIC007377,CASE000604,CID001838,None
VIC007378,CASE001158,CID001559,Serious
VIC007379,CASE006481,CID003023,Critical
VIC007380,CASE006390,CID002850,Minor
VIC007381,CASE004920,CID003666,Serious
VIC007382,CASE005304,CID007371,None
VIC007383,CASE001786,CID007604,Minor
VIC007384,CASE003845,CID007845,None
VIC007385,CASE006490,CID008144,None
VIC007386,CASE002519,CID005072,Serious
VIC007387,CASE001242,CID004606,Minor
VIC007388,CASE001829,CID003595,Serious
VIC007389,CASE008155,CID007432,None
VIC007390,CASE003086,CID002687,Critical
VIC007391,CASE001588,CID000593,Critical
VIC007392,CASE005312,CID000372,Serious
VIC007393,CASE008965,CID003031,Minor
VIC007394,CASE009611,CID006499,None
VIC007395,CASE009843,CID008813,None
VIC007396,CASE009144,CID001059,Serious
VIC007397,CASE003348,CID005199,Minor
VIC007398,CASE001927,CID008938,Minor
VIC007399,CASE005670,CID008734,Critical
VIC007400,CASE006718,CID002507,Minor
VIC007401,CASE009161,CID000419,Minor
VIC007402,CASE006915,CID009195,Minor
VIC007403,CASE005164,CID007749,Critical
VIC007404,CASE003612,CID005090,None
VIC007405,CASE002344,CID000390,Critical
VIC007406,CASE001492,CID006559,Serious
VIC007407,CASE003162,CID008515,Minor
VIC007408,CASE005749,CID005294,Minor
VIC007409,CASE006896,CID001871,Minor
VIC007410,CASE000501,CID000115,Critical
VIC007411,CASE005268,CID002738,Minor
VIC007412,CASE004794,CID001644,Minor
VIC007413,CASE009203,CID008472,Minor
VIC007414,CASE009715,CID000531,Serious
VIC007415,CASE000327,CID007900,Minor
VIC007416,CASE000230,CID004181,Critical
VIC007417,CASE009153,CID006140,Minor
VIC007418,CASE003740,CID005660,Critical
VIC007419,CASE000462,CID006501,Serious
VIC007420,CASE001605,CID008971,Serious
VIC007421,CASE004184,CID002621,Serious
VIC007422,CASE003738,CID000127,Serious
VIC007423,CASE006875,CID001169,Critical
VIC007424,CASE003413,CID005563,Serious
VIC007425,CASE000334,CID001426,Minor
VIC007426,CASE002196,CID005147,None
VIC007427,CASE009802,CID004424,Serious
VIC007428,CASE002466,CID009311,None
VIC007429,CASE001724,CID003038,None
VIC007430,CASE002682,CID003033,Minor
VIC007431,CASE003756,CID004339,Minor
VIC007432,CASE003308,CID005119,Critical
VIC007433,CASE000831,CID006753,None
VIC007434,CASE003018,CID004371,None
VIC007435,CASE002375,CID004336,None
VIC007436,CASE008855,CID003030,None
VIC007437,CASE004811,CID001475,None
VIC007438,CASE000912,CID008174,Critical
VIC007439,CASE004477,CID000353,Critical
VIC007440,CASE004279,CID009305,None
VIC007441,CASE004630,CID003699,Minor
VIC007442,CASE005815,CID008202,None
VIC007443,CASE001458,CID009746,Critical
VIC007444,CASE007231,CID009890,None
VIC007445,CASE008445,CID004183,Serious
VIC007446,CASE004830,CID009206,Minor
VIC007447,CASE009610,CID007969,Serious
VIC007448,CASE007963,CID008635,Serious
VIC007449,CASE001681,CID008481,None
VIC007450,CASE003732,CID003050,Serious
VIC007451,CASE003648,CID003082,None
VIC007452,CASE008431,CID009062,Critical
VIC007453,CASE009264,CID003966,None
VIC007454,CASE008358,CID003131,Critical
VIC007455,CASE003930,CID002051,None
VIC007456,CASE006950,CID005603,Minor
VIC007457,CASE004979,CID004126,Serious
VIC007458,CASE006051,CID006444,Minor
VIC007459,CASE004977,CID005121,Critical
VIC007460,CASE006500,CID003582,Critical
VIC007461,CASE004694,CID003275,Minor
VIC007462,CASE002445,CID003881,Critical
VIC007463,CASE006565,CID005691,Serious
VIC007464,CASE008833,CID001837,Minor
VIC007465,CASE004048,CID002012,Minor
VIC007466,CASE000517,CID005449,Minor
VIC007467,CASE009508,CID004845,Serious
VIC007468,CASE005637,CID008743,Serious
VIC007469,CASE001560,CID009785,None
VIC007470,CASE003338,CID001585,Critical
VIC007471,CASE003984,CID003742,Minor
VIC007472,CASE006692,CID006017,Serious
VIC007473,CASE002863,CID002533,Minor
VIC007474,CASE005547,CID001692,Critical
VIC007475,CASE009931,CID002894,Minor
VIC007476,CASE001423,CID006504,Serious
VIC007477,CASE008742,CID001229,Serious
VIC007478,CASE001552,CID003209,Minor
VIC007479,CASE002542,CID002985,None
VIC007480,CASE003454,CID004369,Serious
VIC007481,CASE000296,CID003185,Serious
VIC007482,CASE003175,CID000577,Critical
VIC007483,CASE002134,CID005365,None
VIC007484,CASE009119,CID000827,Critical
VIC007485,CASE002063,CID004077,Minor
VIC007486,CASE007256,CID009590,Critical
VIC007487,CASE000619,CID002321,Minor
VIC007488,CASE009483,CID004689,Critical
VIC007489,CASE000051,CID009420,Serious
VIC007490,CASE000688,CID008949,None
VIC007491,CASE007523,CID000489,None
VIC007492,CASE000959,CID003773,Serious
VIC007493,CASE000735,CID008348,Minor
VIC007494,CASE001445,CID000451,None
VIC007495,CASE008657,CID002623,Minor
VIC007496,CASE006252,CID002736,Serious
VIC007497,CASE009319,CID002185,Critical
VIC007498,CASE001486,CID000631,Serious
VIC007499,CASE009933,CID000252,None
VIC007500,CASE006797,CID001373,Minor
VIC007501,CASE005957,CID006722,None
VIC007502,CASE001367,CID005388,None
VIC007503,CASE008718,CID000682,None
VIC007504,CASE008830,CID000365,None
VIC007505,CASE004207,CID005351,Serious
VIC007506,CASE005130,CID006922,Minor
VIC007507,CASE000379,CID007811,Serious
VIC007508,CASE008684,CID008585,Serious
VIC007509,CASE004763,CID000049,Minor
VIC007510,CASE001164,CID003461,Critical
VIC007511,CASE004896,CID007097,None
VIC007512,CASE003063,CID005432,None
VIC007513,CASE000759,CID007249,Serious
VIC007514,CASE000546,CID001547,None
VIC007515,CASE005917,CID000218,Minor
VIC007516,CASE000172,CID009751,Critical
VIC007517,CASE007423,CID002545,Serious
VIC007518,CASE005041,CID000741,None
VIC007519,CASE000854,CID006637,Critical
VIC007520,CASE002380,CID005641,None
VIC007521,CASE001726,CID006659,None
VIC007522,CASE008161,CID000103,Minor
VIC007523,CASE007794,CID000585,None
VIC007524,CASE004847,CID009466,Critical
VIC007525,CASE007836,CID005285,Serious
VIC007526,CASE007876,CID002033,None
VIC007527,CASE006477,CID000357,Minor
VIC007528,CASE003258,CID000320,Critical
VIC007529,CASE006361,CID008757,None
VIC007530,CASE009450,CID003406,Serious
VIC007531,CASE004478,CID006368,None
VIC007532,CASE007364,CID009035,None
VIC007533,CASE007927,CID001511,None
VIC007534,CASE007561,CID001538,Serious
VIC007535,CASE008307,CID001305,Serious
VIC007536,CASE007826,CID003788,Serious
VIC007537,CASE005537,CID001526,Minor
VIC007538,CASE002539,CID003139,Serious
VIC007539,CASE004226,CID003112,Serious
VIC007540,CASE007537,CID007790,None
VIC007541,CASE002909,CID002564,Critical
VIC007542,CASE000740,CID009461,Serious
VIC007543,CASE002856,CID002209,Minor
VIC007544,CASE004250,CID003571,Serious
VIC007545,CASE007397,CID009012,Minor
VIC007546,CASE009462,CID004140,Serious
VIC007547,CASE003336,CID005140,Serious
VIC007548,CASE007492,CID005689,Serious
VIC007549,CASE005946,CID004128,Serious
VIC007550,CASE000198,CID008588,Minor
VIC007551,CASE004315,CID002910,Serious
VIC007552,CASE009349,CID000494,Minor
VIC007553,CASE008532,CID004282,Minor
VIC007554,CASE009967,CID004351,None
VIC007555,CASE008211,CID008784,Critical
VIC007556,CASE005097,CID007994,Critical
VIC007557,CASE008191,CID004365,Minor
VIC007558,CASE003039,CID007323,Critical
VIC007559,CASE000541,CID009408,None
VIC007560,CASE003624,CID009208,None
VIC007561,CASE006740,CID002313,Minor
VIC007562,CASE001431,CID001062,Minor
VIC007563,CASE003870,CID003832,Minor
VIC007564,CASE000347,CID004643,Serious
VIC007565,CASE004091,CID007177,None
VIC007566,CASE008889,CID001088,Serious
VIC007567,CASE002211,CID007512,Minor
VIC007568,CASE003230,CID001635,Serious
VIC007569,CASE000394,CID009854,Critical
VIC007570,CASE007503,CID008584,Minor
VIC007571,CASE009612,CID000044,Minor
VIC007572,CASE009620,CID000644,Minor
VIC007573,CASE007047,CID004885,None
VIC007574,CASE008400,CID004468,Minor
VIC007575,CASE005492,CID005503,Minor
VIC007576,CASE006654,CID009665,Critical
VIC007577,CASE007427,CID006334,Minor
VIC007578,CASE000815,CID009269,Critical
VIC007579,CASE006186,CID006700,None
VIC007580,CASE004231,CID008120,Serious
VIC007581,CASE003171,CID004400,None
VIC007582,CASE003367,CID001334,None
VIC007583,CASE005961,CID000774,Minor
VIC007584,CASE002263,CID006022,Critical
VIC007585,CASE000562,CID005460,Serious
VIC007586,CASE006348,CID001322,Serious
VIC007587,CASE003744,CID007061,Serious
VIC007588,CASE002124,CID003313,Serious
VIC007589,CASE006167,CID009844,Minor
VIC007590,CASE007175,CID000256,Minor
VIC007591,CASE004936,CID005730,Serious
VIC007592,CASE000987,CID004621,None
VIC007593,CASE003349,CID009472,Critical
VIC007594,CASE001024,CID001075,None
VIC007595,CASE003586,CID006828,Serious
VIC007596,CASE008773,CID002469,Serious
VIC007597,CASE006316,CID000453,None
VIC007598,CASE001384,CID001113,None
VIC007599,CASE009311,CID005671,None
VIC007600,CASE005603,CID008359,Minor
VIC007601,CASE003928,CID008083,Critical
VIC007602,CASE007596,CID003077,Serious
VIC007603,CASE003161,CID008640,Critical
VIC007604,CASE005832,CID009852,Minor
VIC007605,CASE000741,CID004239,None
VIC007606,CASE006381,CID000522,Minor
VIC007607,CASE004574,CID007289,Serious
VIC007608,CASE002091,CID005925,None
VIC007609,CASE009489,CID007931,Serious
VIC007610,CASE008501,CID006364,Critical
VIC007611,CASE009708,CID006345,Minor
VIC007612,CASE007962,CID000246,Critical
VIC007613,CASE004176,CID003792,Minor
VIC007614,CASE005396,CID009762,Serious
VIC007615,CASE004146,CID007427,None
VIC007616,CASE007983,CID004180,Critical
VIC007617,CASE006476,CID004887,Serious
VIC007618,CASE007033,CID003861,None
VIC007619,CASE009134,CID009365,Serious
VIC007620,CASE002815,CID004670,Serious
VIC007621,CASE004942,CID001029,Critical
VIC007622,CASE006032,CID006012,None
VIC007623,CASE000764,CID007625,Serious
VIC007624,CASE001632,CID000977,Critical
VIC007625,CASE008813,CID004396,Critical
VIC007626,CASE003331,CID008779,None
VIC007627,CASE004742,CID004015,None
VIC007628,CASE007947,CID005116,Minor
VIC007629,CASE003288,CID002562,Serious
VIC007630,CASE004212,CID009919,Minor
VIC007631,CASE001010,CID005291,None
VIC007632,CASE001014,CID006120,Minor
VIC007633,CASE006121,CID008041,None
VIC007634,CASE004365,CID008392,Critical
VIC007635,CASE005466,CID008123,Minor
VIC007636,CASE005679,CID002593,None
VIC007637,CASE007692,CID004524,Serious
VIC007638,CASE008876,CID008860,Serious
VIC007639,CASE004923,CID008954,Minor
VIC007640,CASE005750,CID007827,Serious
VIC007641,CASE003762,CID008456,Minor
VIC007642,CASE007748,CID004625,None
VIC007643,CASE002914,CID008843,Serious
VIC007644,CASE004788,CID006564,Minor
VIC007645,CASE001393,CID001496,Serious
VIC007646,CASE006686,CID007919,Minor
VIC007647,CASE009288,CID007718,Serious
VIC007648,CASE001336,CID009584,Minor
VIC007649,CASE004642,CID006471,None
VIC007650,CASE004901,CID000111,Critical
VIC007651,CASE006685,CID006667,None
VIC007652,CASE008014,CID001656,Minor
VIC007653,CASE002098,CID003463,Minor
VIC007654,CASE004360,CID003490,Minor
VIC007655,CASE003804,CID009822,Critical
VIC007656,CASE002931,CID005315,Critical
VIC007657,CASE002935,CID001708,Minor
VIC007658,CASE006777,CID009927,Minor
VIC007659,CASE003619,CID006730,Critical
VIC007660,CASE001065,CID008789,Serious
VIC007661,CASE001517,CID008149,None
VIC007662,CASE007709,CID006938,None
VIC007663,CASE001308,CID000461,Minor
VIC007664,CASE005144,CID000613,Minor
VIC007665,CASE002411,CID001039,Serious
VIC007666,CASE006591,CID006041,None
VIC007667,CASE005414,CID008429,Minor
VIC007668,CASE000059,CID003195,Minor
VIC007669,CASE007119,CID001750,Critical
VIC007670,CASE006586,CID001772,None
VIC007671,CASE000886,CID001214,None
VIC007672,CASE003770,CID004241,Minor
VIC007673,CASE007048,CID003008,Serious
VIC007674,CASE008035,CID008384,Serious
VIC007675,CASE003557,CID001020,Critical
VIC007676,CASE000782,CID004549,None
VIC007677,CASE001314,CID001840,Critical
VIC007678,CASE007716,CID005031,Critical
VIC007679,CASE004293,CID007630,Serious
VIC007680,CASE007004,CID009832,Critical
VIC007681,CASE006593,CID006706,Critical
VIC007682,CASE004342,CID000446,Minor
VIC007683,CASE001961,CID001935,Minor
VIC007684,CASE002856,CID005377,Serious
VIC007685,CASE003656,CID002247,Critical
VIC007686,CASE000984,CID007474,Critical
VIC007687,CASE004536,CID002402,Critical
VIC007688,CASE004024,CID004866,Minor
VIC007689,CASE009871,CID006130,Minor
VIC007690,CASE009764,CID008194,Serious
VIC007691,CASE001217,CID008841,Serious
VIC007692,CASE008363,CID000132,Critical
VIC007693,CASE007446,CID007699,Serious
VIC007694,CASE000859,CID007462,Minor
VIC007695,CASE003146,CID002276,Critical
VIC007696,CASE007162,CID000167,None
VIC007697,CASE000245,CID004785,Serious
VIC007698,CASE000459,CID007389,Critical
VIC007699,CASE004412,CID008889,Critical
VIC007700,CASE003145,CID005140,Critical
VIC007701,CASE008840,CID003990,Critical
VIC007702,CASE006496,CID009230,Minor
VIC007703,CASE007580,CID009799,Serious
VIC007704,CASE009628,CID001688,Critical
VIC007705,CASE003323,CID006827,Minor
VIC007706,CASE000524,CID002454,Serious
VIC007707,CASE003477,CID000990,Critical
VIC007708,CASE005629,CID005893,Serious
VIC007709,CASE005207,CID009203,Minor
VIC007710,CASE008250,CID002113,Minor
VIC007711,CASE005979,CID009661,Minor
VIC007712,CASE003034,CID003474,Minor
VIC007713,CASE008316,CID002338,Minor
VIC007714,CASE009809,CID002688,Minor
VIC007715,CASE007746,CID009964,None
VIC007716,CASE008179,CID009498,Minor
VIC007717,CASE007405,CID009462,None
VIC007718,CASE005082,CID002160,None
VIC007719,CASE009522,CID003667,Minor
VIC007720,CASE006807,CID003359,Minor
VIC007721,CASE006777,CID005049,Minor
VIC007722,CASE008398,CID008625,None
VIC007723,CASE007381,CID002108,Serious
VIC007724,CASE005877,CID000909,Serious
VIC007725,CASE007232,CID003389,Minor
VIC007726,CASE008593,CID009529,Serious
VIC007727,CASE000146,CID007591,Minor
VIC007728,CASE008729,CID004489,Minor
VIC007729,CASE005018,CID006514,Minor
VIC007730,CASE004314,CID003673,None
VIC007731,CASE005240,CID009436,Minor
VIC007732,CASE004397,CID005331,None
VIC007733,CASE006272,CID007037,None
VIC007734,CASE005178,CID004291,Critical
VIC007735,CASE001807,CID004144,Serious
VIC007736,CASE008867,CID009385,Serious
VIC007737,CASE005808,CID002947,None
VIC007738,CASE009175,CID008132,Minor
VIC007739,CASE001698,CID004711,Critical
VIC007740,CASE007060,CID008287,Minor
VIC007741,CASE006147,CID009811,Serious
VIC007742,CASE006675,CID002135,Serious
VIC007743,CASE004692,CID001851,Minor
VIC007744,CASE008052,CID005058,Critical
VIC007745,CASE001107,CID009699,Critical
VIC007746,CASE005684,CID003003,Minor
VIC007747,CASE004658,CID002884,Serious
VIC007748,CASE008829,CID002546,Critical
VIC007749,CASE002448,CID009766,Serious
VIC007750,CASE004662,CID003216,Minor
VIC007751,CASE005845,CID006959,Serious
VIC007752,CASE009601,CID009821,None
VIC007753,CASE000376,CID006000,Minor
VIC007754,CASE002120,CID003543,None
VIC007755,CASE000687,CID002810,Serious
VIC007756,CASE001837,CID009402,Critical
VIC007757,CASE003542,CID009048,Critical
VIC007758,CASE004454,CID002075,Minor
VIC007759,CASE003589,CID007974,Minor
VIC007760,CASE001962,CID006492,Critical
VIC007761,CASE005159,CID005789,None
VIC007762,CASE009616,CID003537,None
VIC007763,CASE000961,CID008484,None
VIC007764,CASE004347,CID002990,Serious
VIC007765,CASE002547,CID005826,Serious
VIC007766,CASE005181,CID006328,None
VIC007767,CASE002423,CID002278,Serious
VIC007768,CASE009097,CID008675,None
VIC007769,CASE006152,CID002325,Minor
VIC007770,CASE007380,CID006903,None
VIC007771,CASE008232,CID002720,Serious
VIC007772,CASE008416,CID003200,Minor
VIC007773,CASE006658,CID001463,Minor
VIC007774,CASE000258,CID001405,Minor
VIC007775,CASE003655,CID002767,Minor
VIC007776,CASE000834,CID009162,Serious
VIC007777,CASE000080,CID008495,Minor
VIC007778,CASE007369,CID009363,None
VIC007779,CASE001813,CID005699,Minor
VIC007780,CASE009642,CID007686,Minor
VIC007781,CASE001937,CID009409,None
VIC007782,CASE006664,CID009271,Critical
VIC007783,CASE001945,CID008563,None
VIC007784,CASE008894,CID000196,Minor
VIC007785,CASE006773,CID003362,None
VIC007786,CASE003380,CID008201,Critical
VIC007787,CASE002746,CID009596,None
VIC007788,CASE003377,CID003135,None
VIC007789,CASE009992,CID003587,None
VIC007790,CASE003453,CID008423,Minor
VIC007791,CASE006577,CID007439,None
VIC007792,CASE000907,CID008863,Critical
VIC007793,CASE005474,CID006696,Minor
VIC007794,CASE002994,CID004150,Critical
VIC007795,CASE000401,CID000581,Serious
VIC007796,CASE005709,CID007853,None
VIC007797,CASE006709,CID002867,Critical
VIC007798,CASE008882,CID008724,Critical
VIC007799,CASE007373,CID000251,Minor
VIC007800,CASE009371,CID001148,Serious
VIC007801,CASE007917,CID000093,Serious
VIC007802,CASE008030,CID006558,Minor
VIC007803,CASE008482,CID005613,None
VIC007804,CASE008194,CID008824,Minor
VIC007805,CASE008537,CID000311,Critical
VIC007806,CASE000107,CID003486,Critical
VIC007807,CASE000298,CID003301,None
VIC007808,CASE006031,CID000072,Serious
VIC007809,CASE007720,CID003728,Serious
VIC007810,CASE002000,CID003719,Critical
VIC007811,CASE007948,CID000235,Critical
VIC007812,CASE007995,CID005431,Minor
VIC007813,CASE008778,CID008257,None
VIC007814,CASE002257,CID005062,Minor
VIC007815,CASE001523,CID002293,Minor
VIC007816,CASE006952,CID007143,Critical
VIC007817,CASE004891,CID001782,Critical
VIC007818,CASE007465,CID009486,Serious
VIC007819,CASE008616,CID001258,Serious
VIC007820,CASE004992,CID002794,Serious
VIC007821,CASE003179,CID008260,None
VIC007822,CASE002763,CID004037,Serious
VIC007823,CASE009258,CID008418,Minor
VIC007824,CASE007143,CID008870,None
VIC007825,CASE005983,CID002065,Critical
VIC007826,CASE004514,CID000563,Minor
VIC007827,CASE000431,CID009731,Critical
VIC007828,CASE009600,CID007278,Critical
VIC007829,CASE008389,CID009689,Critical
VIC007830,CASE008308,CID003280,None
VIC007831,CASE002650,CID002141,None
VIC007832,CASE008430,CID007403,Serious
VIC007833,CASE000668,CID007343,None
VIC007834,CASE002617,CID006300,None
VIC007835,CASE001304,CID003825,Minor
VIC007836,CASE004333,CID009707,None
VIC007837,CASE004057,CID001904,Serious
VIC007838,CASE002997,CID006142,Minor
VIC007839,CASE008173,CID009826,Critical
VIC007840,CASE001512,CID009884,None
VIC007841,CASE007822,CID009414,Critical
VIC007842,CASE009981,CID000205,None
VIC007843,CASE006379,CID003517,None
VIC007844,CASE005512,CID006190,Serious
VIC007845,CASE001723,CID003184,Critical
VIC007846,CASE001933,CID008504,Critical
VIC007847,CASE002014,CID000787,Critical
VIC007848,CASE002539,CID005165,Critical
VIC007849,CASE006492,CID005553,Serious
VIC007850,CASE005738,CID006470,Minor
VIC007851,CASE004790,CID001613,Critical
VIC007852,CASE004450,CID008403,None
VIC007853,CASE000600,CID005019,Critical
VIC007854,CASE006395,CID002888,Serious
VIC007855,CASE002994,CID007469,Serious
VIC007856,CASE003841,CID009727,Minor
VIC007857,CASE006718,CID003631,Serious
VIC007858,CASE001354,CID006249,Serious
VIC007859,CASE005852,CID000681,None
VIC007860,CASE000008,CID000960,None
VIC007861,CASE004085,CID006845,Critical
VIC007862,CASE000382,CID002121,Critical
VIC007863,CASE006835,CID003614,Serious
VIC007864,CASE008387,CID002071,Serious
VIC007865,CASE007428,CID000148,Critical
VIC007866,CASE005947,CID003750,Critical
VIC007867,CASE005877,CID009535,None
VIC007868,CASE004918,CID000213,Serious
VIC007869,CASE006310,CID004056,Serious
VIC007870,CASE008318,CID009609,Serious
VIC007871,CASE002285,CID009655,None
VIC007872,CASE000422,CID000190,Minor
VIC007873,CASE000661,CID009327,Critical
VIC007874,CASE002236,CID009538,Serious
VIC007875,CASE009708,CID009603,None
VIC007876,CASE004668,CID006177,None
VIC007877,CASE004401,CID006947,Serious
VIC007878,CASE001120,CID003065,None
VIC007879,CASE000051,CID001070,Minor
VIC007880,CASE001219,CID004233,Serious
VIC007881,CASE004956,CID001471,None
VIC007882,CASE004100,CID004996,None
VIC007883,CASE008080,CID002157,None
VIC007884,CASE003946,CID006284,Serious
VIC007885,CASE005709,CID006998,Minor
VIC007886,CASE008713,CID005926,None
VIC007887,CASE006353,CID008795,Critical
VIC007888,CASE004133,CID005212,Critical
VIC007889,CASE001630,CID003016,Serious
VIC007890,CASE006205,CID000330,Critical
VIC007891,CASE007647,CID001970,Critical
VIC007892,CASE004215,CID006241,Critical
VIC007893,CASE006373,CID007672,Critical
VIC007894,CASE009667,CID006895,Critical
VIC007895,CASE003078,CID009009,Critical
VIC007896,CASE004681,CID007382,Critical
VIC007897,CASE000482,CID005132,Serious
VIC007898,CASE008317,CID007031,Minor
VIC007899,CASE004251,CID005842,Minor
VIC007900,CASE007583,CID000275,None
VIC007901,CASE008716,CID001242,None
VIC007902,CASE001965,CID003084,None
VIC007903,CASE007614,CID002312,Critical
VIC007904,CASE009647,CID009364,None
VIC007905,CASE001093,CID004569,Serious
VIC007906,CASE004756,CID008780,Critical
VIC007907,CASE002403,CID001535,None
VIC007908,CASE005477,CID005540,None
VIC007909,CASE001691,CID005036,Serious
VIC007910,CASE003945,CID005992,Serious
VIC007911,CASE003237,CID004157,Critical
VIC007912,CASE004970,CID004751,None
VIC007913,CASE006108,CID002207,None
VIC007914,CASE007825,CID008453,Serious
VIC007915,CASE009269,CID005407,None
VIC007916,CASE008242,CID003486,None
VIC007917,CASE003100,CID003819,Serious
VIC007918,CASE005198,CID009308,None
VIC007919,CASE003654,CID003766,Critical
VIC007920,CASE003946,CID002398,Critical
VIC007921,CASE002604,CID001854,Critical
VIC007922,CASE004492,CID007210,Serious
VIC007923,CASE007684,CID003548,None
VIC007924,CASE009064,CID007471,Minor
VIC007925,CASE006341,CID007897,None
VIC007926,CASE001143,CID002709,None
VIC007927,CASE001168,CID001977,Minor
VIC007928,CASE008717,CID006298,Minor
VIC007929,CASE000320,CID002635,Serious
VIC007930,CASE004900,CID007718,Serious
VIC007931,CASE007255,CID004945,Minor
VIC007932,CASE005276,CID004267,None
VIC007933,CASE001662,CID003533,Serious
VIC007934,CASE007438,CID000759,None
VIC007935,CASE002239,CID006439,Minor
VIC007936,CASE007234,CID003872,None
VIC007937,CASE000745,CID000645,None
VIC007938,CASE003798,CID006212,Minor
VIC007939,CASE004570,CID009400,Minor
VIC007940,CASE003498,CID005470,Minor
VIC007941,CASE008922,CID006007,Serious
VIC007942,CASE003428,CID003781,Minor
VIC007943,CASE003908,CID003828,Critical
VIC007944,CASE009320,CID002047,None
VIC007945,CASE008550,CID001085,None
VIC007946,CASE007408,CID000615,Critical
VIC007947,CASE008087,CID003050,Critical
VIC007948,CASE008568,CID000086,None
VIC007949,CASE005938,CID007025,None
VIC007950,CASE007129,CID004162,Minor
VIC007951,CASE005773,CID005703,Serious
VIC007952,CASE003502,CID004808,Critical
VIC007953,CASE008143,CID008562,Serious
VIC007954,CASE007340,CID002740,Minor
VIC007955,CASE004616,CID004274,Serious
VIC007956,CASE001311,CID007359,None
VIC007957,CASE005795,CID003584,None
VIC007958,CASE004155,CID002038,None
VIC007959,CASE006232,CID007587,Serious
VIC007960,CASE008535,CID006206,Serious
VIC007961,CASE003268,CID001717,Serious
VIC007962,CASE008839,CID005507,None
VIC007963,CASE004247,CID009496,Critical
VIC007964,CASE001018,CID001825,None
VIC007965,CASE006552,CID001223,Minor
VIC007966,CASE002806,CID000740,Critical
VIC007967,CASE004421,CID008788,None
VIC007968,CASE009518,CID005994,Minor
VIC007969,CASE000073,CID005184,Critical
VIC007970,CASE009507,CID001357,Critical
VIC007971,CASE006766,CID002786,Critical
VIC007972,CASE001432,CID006370,Minor
VIC007973,CASE003098,CID007737,Serious
VIC007974,CASE006765,CID003827,Minor
VIC007975,CASE002118,CID001133,None
VIC007976,CASE004704,CID002641,None
VIC007977,CASE004274,CID002191,Serious
VIC007978,CASE001810,CID002429,None
VIC007979,CASE007018,CID002346,None
VIC007980,CASE007101,CID007394,None
VIC007981,CASE005798,CID000676,Serious
VIC007982,CASE006701,CID009612,Critical
VIC007983,CASE007876,CID004437,Serious
VIC007984,CASE008002,CID007596,Minor
VIC007985,CASE005613,CID008982,Minor
VIC007986,CASE006905,CID007230,None
VIC007987,CASE002309,CID005405,None
VIC007988,CASE001094,CID008781,Critical
VIC007989,CASE007064,CID007534,Minor
VIC007990,CASE003559,CID001573,Critical
VIC007991,CASE009703,CID006236,Critical
VIC007992,CASE009523,CID004177,Minor
VIC007993,CASE001367,CID004858,Critical
VIC007994,CASE003733,CID008055,None
VIC007995,CASE008061,CID005534,Minor
VIC007996,CASE006885,CID009654,Critical
VIC007997,CASE001653,CID006669,Critical
VIC007998,CASE004584,CID000751,None
VIC007999,CASE005119,CID005154,Serious
VIC008000,CASE005650,CID003192,Critical
