case_master_id,crime_no,crime_head_name,district_name,case_status_name,brief_facts
1,100030011202600001,Criminal Trespass,Mysuru,Charge Sheeted,Xiti entered the premises at Pandya Circle without permission and refused to leave when asked by Victor.
2,100100038202400001,Rioting,Shivamogga,Closed - Undetected,"A clash broke out between two groups near Nair Nagar around 08:41 AM, resulting in property damage and minor injuries."
3,100150061202600001,Theft,Chikkamagaluru,Closed - Undetected,"Farhan's two-wheeler was stolen from outside Nori Road while unattended, around 09:34 AM."
4,100100038202400002,Dacoity,Shivamogga,Closed - Undetected,A gang of five to six persons armed with knifes robbed the Ghose Ganj of cash and a wallet around 08:08 PM.
5,100130050202400001,Kidnapping of Women,Raichur,Under Investigation,Riya was allegedly abducted by Chavvi near Bhalla Road around 06:21 PM while returning home.
6,100060023202400001,Grievous Hurt,Kalaburagi,Pending Trial,"A physical altercation between Faraj and Bhavini at Tripathi Zila led to grievous injuries being caused with a sickle, around 11:53 PM."
7,400150059202300001,Arms Act Violation,Chikkamagaluru,Under Investigation,Frado was found in possession of an unlicensed country-made pistol during a check near Gera Circle.
8,100160063202500001,Theft,Hassan,Charge Sheeted,The complainant reports that unidentified persons stole a wallet from Mukherjee Path sometime around 02:38 PM. No eyewitnesses have come forward yet.
9,400150058202600001,Kidnapping of Women,Chikkamagaluru,Under Investigation,Yashoda was allegedly abducted by Janaki near Patil Nagar around 02:52 PM while returning home.
10,400110040202600001,Identity Theft,Davanagere,Under Investigation,Upkaar discovered that Laksh had used her Aadhaar/PAN details to fraudulently open an account in Brahmbhatt Street.
11,100200077202300001,Identity Theft,Bidar,Under Investigation,Caleb discovered that Nirja had used her Aadhaar/PAN details to fraudulently open an account in Khanna Path.
12,100030012202400001,Dacoity,Mysuru,Closed - False Case,A gang of five to six persons armed with country-made pistols robbed the Devi Ganj of cash and a two-wheeler around 04:43 AM.
13,100020009202400001,Criminal Breach of Trust,Bengaluru Rural,Under Investigation,"Shravya, entrusted with funds belonging to Tristan for a joint venture, allegedly misappropriated the amount."
14,100070026202600001,Grievous Hurt,Hubballi-Dharwad,Under Investigation,"A physical altercation between Madhav and Gautami at Barad Street led to grievous injuries being caused with a iron rod, around 10:25 AM."
15,100040015202500001,Identity Theft,Mangaluru (Dakshina Kannada),Under Investigation,Pallavi discovered that Indrajit had used her Aadhaar/PAN details to fraudulently open an account in Khanna Road.
16,100150059202500001,Domestic Violence,Chikkamagaluru,Convicted,Jalsa has reported repeated physical abuse by Ekansh at the shared household in Tripathi Circle.
17,400180070202500001,Communal Disturbance,Kolar,Charge Sheeted,"Tension arose near Bir Path following a social media post, leading to a communal disturbance around 09:58 AM."
18,100180071202300001,Online Financial Fraud,Kolar,Charge Sheeted,"Diya was defrauded via a fake investment app promoted online, transferring funds over several weeks before realizing the platform was fraudulent."
19,800060023202600001,Communal Disturbance,Kalaburagi,Under Investigation,"Tension arose near Nori Marg following a social media post, leading to a communal disturbance around 04:48 AM."
20,100190073202300001,Rioting,Chitradurga,Pending Trial,"A clash broke out between two groups near Narang Zila around 05:01 AM, resulting in property damage and minor injuries."
21,100010004202500001,Drug Trafficking,Bengaluru Urban,Charge Sheeted,"Acting on a tip-off, police intercepted Yochana near Balasubramanian Street and recovered narcotics being transported for sale."
22,300020009202600001,Arms Act Violation,Bengaluru Rural,Under Investigation,Janaki was found in possession of an unlicensed sharp weapon during a check near Bali Marg.
23,100010006202400001,Theft,Bengaluru Urban,Charge Sheeted,"Dipta's cash bag was stolen from outside Comar Ganj while unattended, around 01:19 PM."
24,300090035202300001,Arms Act Violation,Tumakuru,Under Investigation,Sanaya was found in possession of an unlicensed wooden stick during a check near Mangal Ganj.
25,100160065202500001,Robbery,Hassan,Under Investigation,"A group of unidentified men robbed Owen of a cash bag near Kapur Circle, threatening with a knife."
26,100040017202500001,Illicit Liquor,Mangaluru (Dakshina Kannada),Closed - Undetected,Mitali was found manufacturing/selling illicit liquor from premises at Vora Chowk.
27,100100037202500001,Communal Disturbance,Shivamogga,Under Investigation,"Tension arose near Bhakta Circle following a social media post, leading to a communal disturbance around 04:13 PM."
28,300050020202400001,Kidnapping of Women,Belagavi,Closed - False Case,Zilmil was allegedly abducted by Bhanumati near Krishna Zila around 02:15 AM while returning home.
29,100030011202500001,Rioting,Mysuru,Acquitted,"A clash broke out between two groups near Lanka around 07:32 AM, resulting in property damage and minor injuries."
30,100040016202400001,Robbery,Mangaluru (Dakshina Kannada),Under Investigation,"A group of unidentified men robbed Ojasvi of a wallet near Jani Chowk, threatening with a sharp weapon."
31,100040017202300001,Robbery,Mangaluru (Dakshina Kannada),Closed - False Case,"Hemani accosted Eiravati near De Marg around 12:42 AM, snatched a two-wheeler at knife-point, and fled on a two-wheeler."
32,100060023202600001,Criminal Breach of Trust,Kalaburagi,Under Investigation,"Lohit, entrusted with funds belonging to Yug for a joint venture, allegedly misappropriated the amount."
33,100180070202400001,Dowry Harassment,Kolar,Closed - Undetected,Yashasvi has alleged continuous harassment for additional dowry by Tanvi and in-laws at the matrimonial home in Kale Ganj.
34,800030012202400001,Attempt to Murder,Mysuru,Convicted,"Abhiram allegedly attacked Bhavika with a wooden stick at Sankar Zila around 07:16 PM, causing serious injuries. The victim was rushed to hospital and is under treatment."
35,100190073202600001,Murder,Chitradurga,Charge Sheeted,"The complainant states that the accused Bhavya attacked Janani with a iron rod near Raju Zila following a dispute, resulting in death. Body was found at the scene around 03:34 AM."
36,100180071202400001,Illicit Liquor,Kolar,Under Investigation,Rushil was found manufacturing/selling illicit liquor from premises at Upadhyay.
37,100020009202300001,Identity Theft,Bengaluru Rural,Under Investigation,Gauri discovered that Urvi had used her Aadhaar/PAN details to fraudulently open an account in Shan Circle.
38,100200077202500001,Dowry Harassment,Bidar,Closed - Undetected,Vedant has alleged continuous harassment for additional dowry by Charan and in-laws at the matrimonial home in Srinivasan.
39,100170068202500001,Theft,Mandya,Under Investigation,The complainant reports that unidentified persons stole a wallet from Thaker Marg sometime around 08:35 PM. No eyewitnesses have come forward yet.
40,100080030202600001,Culpable Homicide,Ballari,Closed - False Case,Tripti succumbed to injuries sustained during an altercation with Hema at Pandya Circle near 06:01 AM.
41,100180070202300001,Robbery,Kolar,Under Investigation,"Ikshita accosted Varsha near Mahal Circle around 08:07 AM, snatched a gold chain at knife-point, and fled on a two-wheeler."
42,100110043202500001,Rioting,Davanagere,Pending Trial,"A clash broke out between two groups near Kunda Chowk around 12:29 PM, resulting in property damage and minor injuries."
43,800030011202300001,Online Financial Fraud,Mysuru,Charge Sheeted,"Chandresh was defrauded via a fake investment app promoted online, transferring funds over several weeks before realizing the platform was fraudulent."
44,800130053202300001,Illicit Liquor,Raichur,Under Investigation,Ekani was found manufacturing/selling illicit liquor from premises at Bhargava Road.
45,100040017202600001,Attempt to Murder,Mangaluru (Dakshina Kannada),Under Investigation,"Quincy allegedly attacked Warhi with a wooden stick at Barad Road around 01:57 AM, causing serious injuries. The victim was rushed to hospital and is under treatment."
46,100040014202600001,Domestic Violence,Mangaluru (Dakshina Kannada),Acquitted,Isaiah has reported repeated physical abuse by Ganga at the shared household in Shanker Street.
47,100140056202300001,Culpable Homicide,Udupi,Closed - False Case,Yutika succumbed to injuries sustained during an altercation with Falak at Rattan Zila near 05:13 PM.
48,100070027202300001,Burglary,Hubballi-Dharwad,Charge Sheeted,Unknown persons broke into the premises at Narayan Road during the night and decamped with a wallet. Entry appears to have been made by breaking a window lock.
49,100130051202300001,Rioting,Raichur,Pending Trial,"A clash broke out between two groups near Deol Ganj around 12:21 PM, resulting in property damage and minor injuries."
50,100080030202500001,Possession of Narcotics,Ballari,Under Investigation,"During a routine vehicle check near Narang Street, Mason was found in possession of a commercial quantity of contraband substance around 06:10 PM."
51,400160063202500001,Dowry Harassment,Hassan,Charge Sheeted,Tanmayi has alleged continuous harassment for additional dowry by Dalbir and in-laws at the matrimonial home in Shere Circle.
52,100150059202400001,Identity Theft,Chikkamagaluru,Convicted,Hemangini discovered that Devansh had used her Aadhaar/PAN details to fraudulently open an account in Bhasin Circle.
53,100130052202400001,Counterfeiting,Raichur,Convicted,Police recovered counterfeit currency notes from Ijaya during a check near Gokhale Zila.
54,100040014202600002,Cheating,Mangaluru (Dakshina Kannada),Under Investigation,"Ladli paid Victor an advance for services/goods that were never delivered, related to a transaction near Sharma Ganj."
55,100140056202300002,Counterfeiting,Udupi,Under Investigation,Police recovered counterfeit currency notes from Daksh during a check near Thakur Street.
56,100070027202600001,Unlawful Assembly,Hubballi-Dharwad,Convicted,A group led by Prisha gathered unlawfully near Tandon Circle around 03:50 PM and caused a public nuisance.
57,100100037202300001,Forgery,Shivamogga,Under Investigation,Qarin discovered that Urvashi had forged signatures on property documents related to land in Kar Ganj.
58,100150060202600001,Rioting,Chikkamagaluru,Closed - Undetected,"A clash broke out between two groups near Chanda Path around 08:25 PM, resulting in property damage and minor injuries."
59,100140056202300003,Online Financial Fraud,Udupi,Charge Sheeted,"Sathvik was defrauded via a fake investment app promoted online, transferring funds over several weeks before realizing the platform was fraudulent."
60,300020008202300001,Identity Theft,Bengaluru Rural,Under Investigation,Mekhala discovered that Wriddhish had used her Aadhaar/PAN details to fraudulently open an account in Nagy Circle.
61,100140056202400001,Rioting,Udupi,Charge Sheeted,"A clash broke out between two groups near Nagarajan Chowk around 05:50 PM, resulting in property damage and minor injuries."
62,100160065202300001,Cheating,Hassan,Closed - Undetected,"Rohan paid Forum an advance for services/goods that were never delivered, related to a transaction near Raghavan Ganj."
63,100050019202400001,Social Media Abuse,Belagavi,Under Investigation,Qarin reports that Daniel created a fake profile impersonating her and posted defamatory content on social media.
64,100080029202400001,Attempt to Murder,Ballari,Pending Trial,"Laksh allegedly attacked Nitara with a knife at Bir Ganj around 08:35 PM, causing serious injuries. The victim was rushed to hospital and is under treatment."
65,100090032202300001,Unlawful Assembly,Tumakuru,Under Investigation,A group led by Nisha gathered unlawfully near Badal Nagar around 07:44 PM and caused a public nuisance.
66,100120047202500001,Cheating,Vijayapura,Pending Trial,"Rehaan paid Zayyan an advance for services/goods that were never delivered, related to a transaction near Loke Path."
67,800050021202400001,Burglary,Belagavi,Under Investigation,Unknown persons broke into the premises at Soni Circle during the night and decamped with a two-wheeler. Entry appears to have been made by breaking a window lock.
68,100020009202300002,Social Media Abuse,Bengaluru Rural,Under Investigation,Vaishnavi reports that Anika created a fake profile impersonating her and posted defamatory content on social media.
69,100100038202600001,Domestic Violence,Shivamogga,Convicted,Chandani has reported repeated physical abuse by Nicholas at the shared household in Khosla.
70,100130053202400001,Sexual Assault,Raichur,Convicted,Rajeshri has alleged that Vincent sexually assaulted her at Oak Zila around 12:48 PM. Medical examination has been conducted.
71,100200077202300002,Kidnapping of Women,Bidar,Closed - False Case,Frederick was allegedly abducted by Chakrika near Borah Ganj around 12:00 PM while returning home.
72,100190073202500001,Unlawful Assembly,Chitradurga,Closed - False Case,A group led by Abdul gathered unlawfully near Saxena Road around 04:25 AM and caused a public nuisance.
73,300130050202400001,Motor Vehicles Act Violation,Raichur,Closed - False Case,Harshil was found driving a cash bag at Chakraborty Nagar without a valid licence and in a rash manner endangering pedestrians around 01:37 PM.
74,100190074202300001,Grievous Hurt,Chitradurga,Charge Sheeted,"A physical altercation between Lipika and Odika at Kibe Zila led to grievous injuries being caused with a knife, around 03:35 AM."
75,100070026202300001,Robbery,Hubballi-Dharwad,Charge Sheeted,"A group of unidentified men robbed Dev of a gold chain near Majumdar Marg, threatening with a iron rod."
76,100200077202300003,Murder,Bidar,Charge Sheeted,Tanvi was found dead with injuries consistent with a wooden stick at Modi Street. Neighbours reported a quarrel between Tanvi and Hredhaan shortly before 09:22 AM.
77,100130051202500001,Murder,Raichur,Charge Sheeted,"The complainant states that the accused Dipta attacked Varenya with a sickle near Rao Street following a dispute, resulting in death. Body was found at the scene around 02:57 PM."
78,100190074202400001,Motor Vehicles Act Violation,Chitradurga,Charge Sheeted,Ryan was found driving a wallet at Gole without a valid licence and in a rash manner endangering pedestrians around 08:16 PM.
79,100030011202600002,Grievous Hurt,Mysuru,Acquitted,"A physical altercation between Pallavi and Mitesh at Borah Marg led to grievous injuries being caused with a iron rod, around 10:16 PM."
80,100050019202600001,Criminal Breach of Trust,Belagavi,Charge Sheeted,"Ojas, entrusted with funds belonging to Isha for a joint venture, allegedly misappropriated the amount."
81,100150058202300001,Criminal Trespass,Chikkamagaluru,Closed - Undetected,Tristan entered the premises at Venkataraman Circle without permission and refused to leave when asked by Aarna.
82,100090032202400001,Unlawful Assembly,Tumakuru,Under Investigation,A group led by Henry gathered unlawfully near Sagar Road around 04:02 PM and caused a public nuisance.
83,100150061202300001,Forgery,Chikkamagaluru,Under Investigation,Chaitanya discovered that Ishwar had forged signatures on property documents related to land in Oza Nagar.
84,100040014202400001,Burglary,Mangaluru (Dakshina Kannada),Under Investigation,Unknown persons broke into the premises at Hora Nagar during the night and decamped with a two-wheeler. Entry appears to have been made by breaking a window lock.
85,100040014202500001,Dowry Harassment,Mangaluru (Dakshina Kannada),Pending Trial,Rachit has alleged continuous harassment for additional dowry by Jasmit and in-laws at the matrimonial home in Hegde Path.
86,100120048202600001,Online Financial Fraud,Vijayapura,Closed - Undetected,"Kashvi was defrauded via a fake investment app promoted online, transferring funds over several weeks before realizing the platform was fraudulent."
87,100050019202300001,Excise Act Violation,Belagavi,Under Investigation,Logan was found transporting liquor without a valid permit near Murty Street around 05:03 PM.
88,100200077202300004,Attempt to Murder,Bidar,Pending Trial,"Sachi allegedly attacked Ojasvi with a iron rod at Ganesh Chowk around 12:43 AM, causing serious injuries. The victim was rushed to hospital and is under treatment."
89,100180070202400002,Domestic Violence,Kolar,Charge Sheeted,Tanvi has reported repeated physical abuse by Warhi at the shared household in Vaidya Circle.
90,100070027202300002,Arms Act Violation,Hubballi-Dharwad,Under Investigation,Shaurya was found in possession of an unlicensed country-made pistol during a check near Panchal.
91,400010006202300001,Counterfeiting,Bengaluru Urban,Convicted,Police recovered counterfeit currency notes from Avni during a check near Yohannan.
92,100130052202500001,Online Financial Fraud,Raichur,Closed - False Case,Kevin received a call from an unidentified person claiming to be a bank official and lost money via UPI transfer after sharing an OTP. Transaction traced to an account linked to Nagy Street.
93,100180071202500001,Theft,Kolar,Charge Sheeted,The complainant reports that unidentified persons stole a gold chain from Bhatnagar Path sometime around 07:38 AM. No eyewitnesses have come forward yet.
94,100020008202600001,Possession of Narcotics,Bengaluru Rural,Pending Trial,"During a routine vehicle check near Dugar Zila, Amol was found in possession of a commercial quantity of contraband substance around 11:18 AM."
95,100150060202600002,Robbery,Chikkamagaluru,Under Investigation,"Pushti accosted Vivaan near Chandran Zila around 02:07 PM, snatched a cash bag at knife-point, and fled on a two-wheeler."
96,300140055202300001,Unlawful Assembly,Udupi,Pending Trial,A group led by Harshil gathered unlawfully near Pillai Path around 04:48 PM and caused a public nuisance.
97,400090034202600001,Excise Act Violation,Tumakuru,Closed - False Case,Tanay was found transporting liquor without a valid permit near Sabharwal Street around 02:42 PM.
98,300180071202500001,Unlawful Assembly,Kolar,Under Investigation,A group led by Avi gathered unlawfully near Jha Road around 12:10 PM and caused a public nuisance.
99,100160064202300001,Motor Vehicles Act Violation,Hassan,Acquitted,Orinder was found driving a cash bag at Bora Chowk without a valid licence and in a rash manner endangering pedestrians around 12:39 AM.
100,100190073202300002,Social Media Abuse,Chitradurga,Charge Sheeted,Pallavi reports that Neelima created a fake profile impersonating her and posted defamatory content on social media.
101,400060023202600001,Theft,Kalaburagi,Under Investigation,"Eta's mobile phone was stolen from outside Bhatti while unattended, around 11:11 PM."
102,100010003202300001,Unlawful Assembly,Bengaluru Urban,Under Investigation,A group led by Dayamai gathered unlawfully near Dar Street around 07:57 AM and caused a public nuisance.
103,100130052202500002,Attempt to Murder,Raichur,Convicted,"Jagvi allegedly attacked Yasti with a knife at Tata Nagar around 04:06 AM, causing serious injuries. The victim was rushed to hospital and is under treatment."
104,100190074202300002,Hacking,Chitradurga,Charge Sheeted,Chakradhar's email/social media account was accessed without authorization; unusual login activity was traced to an IP address outside Rajagopal Path.
105,100140055202300001,Forgery,Udupi,Under Investigation,Jagdish discovered that Yadavi had forged signatures on property documents related to land in Gola Nagar.
106,300140056202300001,Drug Trafficking,Udupi,Closed - False Case,"Acting on a tip-off, police intercepted Deepa near Chadha Path and recovered narcotics being transported for sale."
107,100040014202500002,Robbery,Mangaluru (Dakshina Kannada),Under Investigation,"Abeer accosted Matthew near Bajwa Marg around 08:15 AM, snatched a two-wheeler at knife-point, and fled on a two-wheeler."
108,300040015202600001,Burglary,Mangaluru (Dakshina Kannada),Under Investigation,Unknown persons broke into the premises at Shanker Path during the night and decamped with a mobile phone. Entry appears to have been made by breaking a window lock.
109,100060023202400002,Arms Act Violation,Kalaburagi,Convicted,Maya was found in possession of an unlicensed sharp weapon during a check near Nadkarni Path.
110,100040014202600003,Motor Vehicles Act Violation,Mangaluru (Dakshina Kannada),Under Investigation,Niharika was found driving a cash bag at Wason Zila without a valid licence and in a rash manner endangering pedestrians around 06:06 PM.
111,100180070202400003,Murder,Kolar,Under Investigation,"The complainant states that the accused Ishani attacked Yuvraj with a iron rod near Varghese Marg following a dispute, resulting in death. Body was found at the scene around 12:24 AM."
112,100090034202600001,Motor Vehicles Act Violation,Tumakuru,Charge Sheeted,Zaid was found driving a laptop at Shere Zila without a valid licence and in a rash manner endangering pedestrians around 11:09 AM.
113,100190073202300003,Unlawful Assembly,Chitradurga,Under Investigation,A group led by Frado gathered unlawfully near Lad around 11:21 PM and caused a public nuisance.
114,100050019202600002,Kidnapping of Women,Belagavi,Closed - False Case,Pooja was allegedly abducted by Orinder near Kala Path around 06:29 AM while returning home.
115,100170067202600001,Kidnapping of Women,Mandya,Convicted,Yatan was allegedly abducted by Chakrika near Sabharwal Chowk around 08:01 PM while returning home.
116,100040017202300002,Arms Act Violation,Mangaluru (Dakshina Kannada),Closed - Undetected,Anirudh was found in possession of an unlicensed knife during a check near Parmer Marg.
117,100130050202300001,Possession of Narcotics,Raichur,Charge Sheeted,"During a routine vehicle check near Parmar Circle, Urmi was found in possession of a commercial quantity of contraband substance around 12:50 PM."
118,400100038202500001,Hacking,Shivamogga,Closed - Undetected,Isha's email/social media account was accessed without authorization; unusual login activity was traced to an IP address outside Khalsa Street.
119,100200076202600001,Theft,Bidar,Closed - Undetected,The complainant reports that unidentified persons stole a gold chain from Kanda sometime around 05:32 PM. No eyewitnesses have come forward yet.
120,100140056202400002,Domestic Violence,Udupi,Charge Sheeted,Daniel has reported repeated physical abuse by Anthony at the shared household in Dhar Street.
121,800130051202300001,Kidnapping of Women,Raichur,Under Investigation,Joshua was allegedly abducted by Peter near Raman Nagar around 12:35 PM while returning home.
122,100180070202500001,Online Financial Fraud,Kolar,Under Investigation,Oliver received a call from an unidentified person claiming to be a bank official and lost money via UPI transfer after sharing an OTP. Transaction traced to an account linked to Sekhon Path.
123,100040015202300001,Criminal Trespass,Mangaluru (Dakshina Kannada),Convicted,Ojas entered the premises at Tailor Marg without permission and refused to leave when asked by Oni.
124,100150061202500001,Forgery,Chikkamagaluru,Charge Sheeted,Eiravati discovered that Advika had forged signatures on property documents related to land in Borah Zila.
125,100030012202300001,Domestic Violence,Mysuru,Under Investigation,Naksh has reported repeated physical abuse by Chatresh at the shared household in Narula Zila.
126,100040014202400002,Cheating,Mangaluru (Dakshina Kannada),Under Investigation,"Maya paid Vritti an advance for services/goods that were never delivered, related to a transaction near Bhagat Street."
127,100160064202600001,Possession of Narcotics,Hassan,Under Investigation,"During a routine vehicle check near Morar Zila, Urvashi was found in possession of a commercial quantity of contraband substance around 02:43 AM."
128,800030011202600001,Rioting,Mysuru,Under Investigation,"A clash broke out between two groups near Luthra Ganj around 09:53 PM, resulting in property damage and minor injuries."
129,100190073202400001,Hacking,Chitradurga,Under Investigation,Megha's email/social media account was accessed without authorization; unusual login activity was traced to an IP address outside Varughese Circle.
130,400010004202600001,Rioting,Bengaluru Urban,Under Investigation,"A clash broke out between two groups near Jaggi Marg around 03:55 AM, resulting in property damage and minor injuries."
131,100020008202300001,Grievous Hurt,Bengaluru Rural,Closed - False Case,"A physical altercation between Tara and Zinal at Virk Nagar led to grievous injuries being caused with a sharp weapon, around 06:47 AM."
132,100170068202600001,Dowry Harassment,Mandya,Under Investigation,Leela has alleged continuous harassment for additional dowry by Vedika and in-laws at the matrimonial home in Solanki.
133,300150060202500001,Dowry Harassment,Chikkamagaluru,Charge Sheeted,Wazir has alleged continuous harassment for additional dowry by Chandran and in-laws at the matrimonial home in Luthra Chowk.
134,100010004202400001,Communal Disturbance,Bengaluru Urban,Under Investigation,"Tension arose near Nagi Chowk following a social media post, leading to a communal disturbance around 03:42 PM."
135,100100037202300002,Motor Vehicles Act Violation,Shivamogga,Closed - Undetected,Dominic was found driving a laptop at Toor Road without a valid licence and in a rash manner endangering pedestrians around 11:59 PM.
136,100180070202300002,Online Financial Fraud,Kolar,Charge Sheeted,"Bachittar was defrauded via a fake investment app promoted online, transferring funds over several weeks before realizing the platform was fraudulent."
137,100070027202500001,Possession of Narcotics,Hubballi-Dharwad,Closed - Undetected,"During a routine vehicle check near Sehgal, Vrinda was found in possession of a commercial quantity of contraband substance around 12:23 PM."
138,100120047202600001,Drug Trafficking,Vijayapura,Charge Sheeted,"Acting on a tip-off, police intercepted Timothy near Jhaveri Ganj and recovered narcotics being transported for sale."
139,100180071202300002,Drug Trafficking,Kolar,Convicted,"Acting on a tip-off, police intercepted Tripti near Kamdar Road and recovered narcotics being transported for sale."
140,100130051202300002,Illicit Liquor,Raichur,Charge Sheeted,Aradhana was found manufacturing/selling illicit liquor from premises at Malhotra Path.
141,300050020202400002,Kidnapping of Women,Belagavi,Under Investigation,Chakrika was allegedly abducted by Aashi near Ravel Marg around 04:00 AM while returning home.
142,800130051202500001,Culpable Homicide,Raichur,Under Investigation,Vamakshi succumbed to injuries sustained during an altercation with Jagrati at Mital Circle near 04:13 PM.
143,100070027202600002,Kidnapping of Women,Hubballi-Dharwad,Pending Trial,Garima was allegedly abducted by Kamya near Menon Road around 10:29 PM while returning home.
144,100150060202500001,Possession of Narcotics,Chikkamagaluru,Under Investigation,"During a routine vehicle check near Iyer Street, Matthew was found in possession of a commercial quantity of contraband substance around 05:48 PM."
145,100080029202600001,Identity Theft,Ballari,Under Investigation,Aayush discovered that Siya had used her Aadhaar/PAN details to fraudulently open an account in Kadakia Road.
146,100050021202400001,Rioting,Belagavi,Charge Sheeted,"A clash broke out between two groups near Barad Nagar around 06:58 PM, resulting in property damage and minor injuries."
147,800200077202400001,Dowry Harassment,Bidar,Under Investigation,Harshil has alleged continuous harassment for additional dowry by Leela and in-laws at the matrimonial home in Mohan Circle.
148,100140055202400001,Dowry Harassment,Udupi,Charge Sheeted,Hema has alleged continuous harassment for additional dowry by Vrishti and in-laws at the matrimonial home in Guha Path.
149,100080030202300001,Murder,Ballari,Under Investigation,Vedant was found dead with injuries consistent with a wooden stick at Kakar Street. Neighbours reported a quarrel between Vedant and Udarsh shortly before 09:36 AM.
150,100160065202400001,Unlawful Assembly,Hassan,Pending Trial,A group led by Sachi gathered unlawfully near Dasgupta Marg around 12:09 PM and caused a public nuisance.
151,100030011202300001,Possession of Narcotics,Mysuru,Closed - Undetected,"During a routine vehicle check near Tank Zila, Ishaan was found in possession of a commercial quantity of contraband substance around 12:30 PM."
152,100140056202400003,Culpable Homicide,Udupi,Under Investigation,Agastya succumbed to injuries sustained during an altercation with Gaurav at Tak Zila near 04:26 PM.
153,800080029202400001,Illicit Liquor,Ballari,Acquitted,Jagvi was found manufacturing/selling illicit liquor from premises at Sandhu Path.
154,100130053202400002,Motor Vehicles Act Violation,Raichur,Pending Trial,Mugdha was found driving a mobile phone at Magar Chowk without a valid licence and in a rash manner endangering pedestrians around 07:48 AM.
155,100170067202600002,Domestic Violence,Mandya,Charge Sheeted,Omaja has reported repeated physical abuse by Vasudha at the shared household in Sarma.
156,800100037202500001,Excise Act Violation,Shivamogga,Under Investigation,Rachita was found transporting liquor without a valid permit near Subramaniam Ganj around 03:47 AM.
157,100050021202500001,Domestic Violence,Belagavi,Convicted,Yashasvi has reported repeated physical abuse by Upasna at the shared household in Gandhi Chowk.
158,100100038202300001,Kidnapping of Women,Shivamogga,Convicted,Kritika was allegedly abducted by Neha near Brar Ganj around 03:28 PM while returning home.
159,100110040202300001,Murder,Davanagere,Closed - Undetected,"The complainant states that the accused Daksha attacked Gavin with a sharp weapon near Jhaveri Circle following a dispute, resulting in death. Body was found at the scene around 05:39 AM."
160,400200077202400001,Unlawful Assembly,Bidar,Charge Sheeted,A group led by Ishaan gathered unlawfully near Kapadia Zila around 12:23 PM and caused a public nuisance.
161,100100038202500001,Murder,Shivamogga,Charge Sheeted,Bishakha was found dead with injuries consistent with a sharp weapon at Bath Zila. Neighbours reported a quarrel between Bishakha and Kashvi shortly before 06:13 PM.
162,100160065202500002,Criminal Breach of Trust,Hassan,Under Investigation,"Tanveer, entrusted with funds belonging to Maya for a joint venture, allegedly misappropriated the amount."
163,100080030202300002,Social Media Abuse,Ballari,Under Investigation,Tanvi reports that Yamini created a fake profile impersonating her and posted defamatory content on social media.
164,800080030202400001,Unlawful Assembly,Ballari,Under Investigation,A group led by Ekanta gathered unlawfully near Rajagopalan Circle around 09:06 PM and caused a public nuisance.
165,100040015202300002,Motor Vehicles Act Violation,Mangaluru (Dakshina Kannada),Under Investigation,Kiaan was found driving a mobile phone at Sachar Street without a valid licence and in a rash manner endangering pedestrians around 10:30 PM.
166,100020008202600002,Burglary,Bengaluru Rural,Charge Sheeted,Unknown persons broke into the premises at Thakur Street during the night and decamped with a cash bag. Entry appears to have been made by breaking a window lock.
167,800020008202500001,Social Media Abuse,Bengaluru Rural,Charge Sheeted,Bhavika reports that Pahal created a fake profile impersonating her and posted defamatory content on social media.
168,100060023202600002,Grievous Hurt,Kalaburagi,Under Investigation,"A physical altercation between Jagrati and Bachittar at Chaudry Chowk led to grievous injuries being caused with a sickle, around 04:37 PM."
169,100050019202500001,Murder,Belagavi,Charge Sheeted,Jhalak was found dead with injuries consistent with a wooden stick at Menon Ganj. Neighbours reported a quarrel between Jhalak and Ronith shortly before 07:35 PM.
170,100050021202400002,Theft,Belagavi,Charge Sheeted,"Abdul's two-wheeler was stolen from outside Dubey Chowk while unattended, around 07:39 AM."
171,400010004202300001,Theft,Bengaluru Urban,Acquitted,"Thomas's gold chain was stolen from outside Bir Circle while unattended, around 06:47 PM."
172,100060024202500001,Excise Act Violation,Kalaburagi,Closed - Undetected,Jalsa was found transporting liquor without a valid permit near Kamdar Road around 10:26 AM.
173,100160064202600002,Communal Disturbance,Hassan,Charge Sheeted,"Tension arose near Trivedi Circle following a social media post, leading to a communal disturbance around 03:16 PM."
174,400030011202400001,Sexual Assault,Mysuru,Pending Trial,Mitesh has alleged that Arjun sexually assaulted her at Narula Chowk around 08:13 AM. Medical examination has been conducted.
175,800150059202600001,Counterfeiting,Chikkamagaluru,Convicted,Police recovered counterfeit currency notes from Rachita during a check near Badal Path.
176,100150058202600001,Culpable Homicide,Chikkamagaluru,Under Investigation,Urvi succumbed to injuries sustained during an altercation with Naksh at Kannan Circle near 03:08 AM.
177,400140056202500001,Arms Act Violation,Udupi,Charge Sheeted,Abdul was found in possession of an unlicensed country-made pistol during a check near Ramesh.
178,100190073202400002,Criminal Breach of Trust,Chitradurga,Under Investigation,"Pratyush, entrusted with funds belonging to Ishwar for a joint venture, allegedly misappropriated the amount."
179,100180071202600001,Theft,Kolar,Convicted,The complainant reports that unidentified persons stole a wallet from Chaudhry Ganj sometime around 03:09 PM. No eyewitnesses have come forward yet.
180,100060024202600001,Criminal Breach of Trust,Kalaburagi,Pending Trial,"Jagvi, entrusted with funds belonging to Aradhana for a joint venture, allegedly misappropriated the amount."
181,100120046202400001,Forgery,Vijayapura,Closed - False Case,Ronith discovered that Adya had forged signatures on property documents related to land in Borra Zila.
182,100190073202500002,Attempt to Murder,Chitradurga,Charge Sheeted,"Manya allegedly attacked Jasmit with a wooden stick at Mannan Ganj around 03:15 AM, causing serious injuries. The victim was rushed to hospital and is under treatment."
183,400070027202300001,Arms Act Violation,Hubballi-Dharwad,Acquitted,Madhav was found in possession of an unlicensed sickle during a check near Parmer Chowk.
184,100010005202500001,Online Financial Fraud,Bengaluru Urban,Charge Sheeted,Kala received a call from an unidentified person claiming to be a bank official and lost money via UPI transfer after sharing an OTP. Transaction traced to an account linked to Jhaveri Nagar.
185,100050020202300001,Dacoity,Belagavi,Closed - Undetected,A gang of five to six persons armed with wooden sticks robbed the Ghosh of cash and a laptop around 10:42 PM.
186,100140055202400002,Murder,Udupi,Under Investigation,Faras was found dead with injuries consistent with a sickle at Puri Road. Neighbours reported a quarrel between Faras and Zansi shortly before 06:10 AM.
187,100080029202300001,Identity Theft,Ballari,Convicted,Victor discovered that Faraj had used her Aadhaar/PAN details to fraudulently open an account in Mand Circle.
188,100070027202400001,Excise Act Violation,Hubballi-Dharwad,Charge Sheeted,Joshua was found transporting liquor without a valid permit near Dyal around 05:56 AM.
189,100110040202500001,Arms Act Violation,Davanagere,Under Investigation,Tarak was found in possession of an unlicensed country-made pistol during a check near Sinha Chowk.
190,100110043202500002,Drug Trafficking,Davanagere,Charge Sheeted,"Acting on a tip-off, police intercepted Aishani near Oommen Street and recovered narcotics being transported for sale."
191,100090034202500001,Rioting,Tumakuru,Under Investigation,"A clash broke out between two groups near Char Street around 08:02 AM, resulting in property damage and minor injuries."
192,100020009202500001,Dowry Harassment,Bengaluru Rural,Closed - Undetected,Kalpit has alleged continuous harassment for additional dowry by Aarav and in-laws at the matrimonial home in Vig Marg.
193,100050021202500002,Counterfeiting,Belagavi,Charge Sheeted,Police recovered counterfeit currency notes from Viraj during a check near Mander Zila.
194,100040016202500001,Murder,Mangaluru (Dakshina Kannada),Closed - Undetected,Jacob was found dead with injuries consistent with a iron rod at Prashad Nagar. Neighbours reported a quarrel between Jacob and Zinal shortly before 01:18 AM.
195,400130053202400001,Excise Act Violation,Raichur,Closed - False Case,Zehaan was found transporting liquor without a valid permit near Wason Road around 12:24 AM.
196,100150061202400001,Hacking,Chikkamagaluru,Acquitted,Hemangini's email/social media account was accessed without authorization; unusual login activity was traced to an IP address outside Dani Street.
197,300020008202400001,Excise Act Violation,Bengaluru Rural,Charge Sheeted,Lopa was found transporting liquor without a valid permit near Chand Nagar around 11:38 AM.
198,300070026202300001,Robbery,Hubballi-Dharwad,Under Investigation,"A group of unidentified men robbed Bhavini of a cash bag near Talwar Street, threatening with a wooden stick."
199,300120045202400001,Hacking,Vijayapura,Charge Sheeted,Jagvi's email/social media account was accessed without authorization; unusual login activity was traced to an IP address outside Dugar Nagar.
200,100160063202300001,Hacking,Hassan,Charge Sheeted,Ijaya's email/social media account was accessed without authorization; unusual login activity was traced to an IP address outside Kara Road.
201,800110043202400001,Identity Theft,Davanagere,Closed - Undetected,Elijah discovered that Yahvi had used her Aadhaar/PAN details to fraudulently open an account in Oak Road.
202,100100038202500002,Communal Disturbance,Shivamogga,Charge Sheeted,"Tension arose near Shanker Path following a social media post, leading to a communal disturbance around 04:23 AM."
203,100090035202300001,Counterfeiting,Tumakuru,Under Investigation,Police recovered counterfeit currency notes from Thomas during a check near Mutti Ganj.
204,100190074202600001,Illicit Liquor,Chitradurga,Pending Trial,Dipta was found manufacturing/selling illicit liquor from premises at Kamdar Path.
205,100120048202400001,Illicit Liquor,Vijayapura,Charge Sheeted,Alka was found manufacturing/selling illicit liquor from premises at Karnik Ganj.
206,100030012202300002,Communal Disturbance,Mysuru,Charge Sheeted,"Tension arose near Maharaj following a social media post, leading to a communal disturbance around 10:48 PM."
207,400130050202400001,Cheating,Raichur,Convicted,"Pallavi paid Vanya an advance for services/goods that were never delivered, related to a transaction near Bali Circle."
208,100040014202400003,Social Media Abuse,Mangaluru (Dakshina Kannada),Convicted,Harrison reports that Eshana created a fake profile impersonating her and posted defamatory content on social media.
209,800120048202600001,Excise Act Violation,Vijayapura,Under Investigation,Janya was found transporting liquor without a valid permit near Mammen Marg around 12:54 PM.
210,100140056202500001,Identity Theft,Udupi,Charge Sheeted,Warinder discovered that Rachana had used her Aadhaar/PAN details to fraudulently open an account in Hayre Marg.
211,300090032202500001,Online Financial Fraud,Tumakuru,Under Investigation,"Hardik was defrauded via a fake investment app promoted online, transferring funds over several weeks before realizing the platform was fraudulent."
212,100100037202300003,Dacoity,Shivamogga,Charge Sheeted,A gang of five to six persons armed with wooden sticks robbed the Dara Marg of cash and a wallet around 09:19 AM.
213,100110043202600001,Drug Trafficking,Davanagere,Closed - Undetected,"Acting on a tip-off, police intercepted Ekbal near Edwin Zila and recovered narcotics being transported for sale."
214,100120047202400001,Criminal Trespass,Vijayapura,Charge Sheeted,Qarin entered the premises at Dass Nagar without permission and refused to leave when asked by Oliver.
215,100190074202500001,Grievous Hurt,Chitradurga,Under Investigation,"A physical altercation between Chatura and Urvashi at Ranganathan Nagar led to grievous injuries being caused with a wooden stick, around 01:36 AM."
216,300110041202300001,Excise Act Violation,Davanagere,Under Investigation,Onkar was found transporting liquor without a valid permit near Banerjee Nagar around 02:05 AM.
217,100170068202600002,Forgery,Mandya,Closed - Undetected,Nitara discovered that Abha had forged signatures on property documents related to land in Mitter Street.
218,100070026202500001,Dowry Harassment,Hubballi-Dharwad,Charge Sheeted,Qushi has alleged continuous harassment for additional dowry by Brinda and in-laws at the matrimonial home in Kashyap.
219,400190074202600001,Online Financial Fraud,Chitradurga,Pending Trial,Kritika received a call from an unidentified person claiming to be a bank official and lost money via UPI transfer after sharing an OTP. Transaction traced to an account linked to Buch Road.
220,300090033202600001,Forgery,Tumakuru,Under Investigation,Ekapad discovered that Qabil had forged signatures on property documents related to land in Mann Street.
221,100160065202600001,Theft,Hassan,Charge Sheeted,The complainant reports that unidentified persons stole a laptop from Kaul Nagar sometime around 05:49 AM. No eyewitnesses have come forward yet.
222,100090034202600002,Theft,Tumakuru,Acquitted,The complainant reports that unidentified persons stole a mobile phone from Handa Street sometime around 08:52 PM. No eyewitnesses have come forward yet.
223,800060023202600002,Forgery,Kalaburagi,Closed - False Case,Rushil discovered that Triveni had forged signatures on property documents related to land in Verma Zila.
224,100060024202300001,Counterfeiting,Kalaburagi,Charge Sheeted,Police recovered counterfeit currency notes from Charles during a check near Chowdhury Ganj.
225,100100038202400003,Social Media Abuse,Shivamogga,Closed - Undetected,Yuvraj reports that Nakul created a fake profile impersonating her and posted defamatory content on social media.
226,100070026202600002,Domestic Violence,Hubballi-Dharwad,Under Investigation,Zashil has reported repeated physical abuse by Balveer at the shared household in Sarma Chowk.
227,100040017202600002,Unlawful Assembly,Mangaluru (Dakshina Kannada),Closed - Undetected,A group led by Anvi gathered unlawfully near Dyal around 12:16 PM and caused a public nuisance.
228,100140056202300004,Rioting,Udupi,Under Investigation,"A clash broke out between two groups near Raghavan Circle around 08:46 AM, resulting in property damage and minor injuries."
229,100120045202300001,Communal Disturbance,Vijayapura,Closed - Undetected,"Tension arose near Tank Circle following a social media post, leading to a communal disturbance around 02:41 PM."
230,100100038202400004,Drug Trafficking,Shivamogga,Charge Sheeted,"Acting on a tip-off, police intercepted Pranav near Jaggi Nagar and recovered narcotics being transported for sale."
231,400140056202300001,Motor Vehicles Act Violation,Udupi,Charge Sheeted,Ojasvi was found driving a gold chain at Bhardwaj Path without a valid licence and in a rash manner endangering pedestrians around 07:26 AM.
232,400190074202600002,Dowry Harassment,Chitradurga,Charge Sheeted,Hitesh has alleged continuous harassment for additional dowry by Ishita and in-laws at the matrimonial home in Sane Chowk.
233,100190074202600002,Criminal Trespass,Chitradurga,Convicted,Saanvi entered the premises at Murty Path without permission and refused to leave when asked by Nakul.
234,100140056202400004,Robbery,Udupi,Closed - False Case,"A group of unidentified men robbed Bhavani of a laptop near Deshmukh Circle, threatening with a sickle."
235,100130052202300001,Dowry Harassment,Raichur,Under Investigation,Lakshit has alleged continuous harassment for additional dowry by Alka and in-laws at the matrimonial home in Krish Path.
236,100080030202400001,Rioting,Ballari,Charge Sheeted,"A clash broke out between two groups near Ghose Chowk around 11:05 AM, resulting in property damage and minor injuries."
237,100190073202400003,Motor Vehicles Act Violation,Chitradurga,Under Investigation,Gaurika was found driving a gold chain at Saraf Path without a valid licence and in a rash manner endangering pedestrians around 01:27 PM.
238,300190074202300001,Identity Theft,Chitradurga,Pending Trial,Dalaja discovered that Benjamin had used her Aadhaar/PAN details to fraudulently open an account in Zacharia Path.
239,100040017202400001,Hacking,Mangaluru (Dakshina Kannada),Charge Sheeted,Gautam's email/social media account was accessed without authorization; unusual login activity was traced to an IP address outside Mann Marg.
240,100140056202300005,Communal Disturbance,Udupi,Convicted,"Tension arose near Srivastava Street following a social media post, leading to a communal disturbance around 09:25 PM."
241,100130053202600001,Rioting,Raichur,Charge Sheeted,"A clash broke out between two groups near Naik Marg around 12:26 AM, resulting in property damage and minor injuries."
242,100040017202600003,Grievous Hurt,Mangaluru (Dakshina Kannada),Under Investigation,"A physical altercation between Riya and Inaya at Dhingra led to grievous injuries being caused with a wooden stick, around 05:24 PM."
243,100030011202500002,Cheating,Mysuru,Charge Sheeted,"Xavier paid Manbir an advance for services/goods that were never delivered, related to a transaction near Atwal Road."
244,100080029202300002,Culpable Homicide,Ballari,Convicted,Aarna succumbed to injuries sustained during an altercation with Vasudha at Dhaliwal near 11:50 PM.
245,100140056202300006,Illicit Liquor,Udupi,Closed - False Case,Jagvi was found manufacturing/selling illicit liquor from premises at Bahl Zila.
246,100010003202600001,Criminal Breach of Trust,Bengaluru Urban,Under Investigation,"Tanvi, entrusted with funds belonging to Xiti for a joint venture, allegedly misappropriated the amount."
247,100040017202300003,Drug Trafficking,Mangaluru (Dakshina Kannada),Closed - Undetected,"Acting on a tip-off, police intercepted Warinder near Majumdar Circle and recovered narcotics being transported for sale."
248,100040016202500002,Attempt to Murder,Mangaluru (Dakshina Kannada),Under Investigation,"Pooja allegedly attacked Michael with a sharp weapon at Narayan Road around 02:18 PM, causing serious injuries. The victim was rushed to hospital and is under treatment."
249,100120046202400002,Sexual Assault,Vijayapura,Convicted,Maanav has alleged that Nakul sexually assaulted her at Bir Path around 02:19 PM. Medical examination has been conducted.
250,100080030202600002,Kidnapping of Women,Ballari,Closed - Undetected,Atharv was allegedly abducted by Jagrati near Sood Zila around 04:25 AM while returning home.
251,100080029202500001,Counterfeiting,Ballari,Under Investigation,Police recovered counterfeit currency notes from Reyansh during a check near Bali Ganj.
252,100020009202600001,Culpable Homicide,Bengaluru Rural,Convicted,Dhriti succumbed to injuries sustained during an altercation with Meera at Yadav near 01:41 AM.
253,100120046202500001,Communal Disturbance,Vijayapura,Charge Sheeted,"Tension arose near Sami Street following a social media post, leading to a communal disturbance around 09:10 PM."
254,400030012202600001,Kidnapping of Women,Mysuru,Under Investigation,Aryan was allegedly abducted by Praneel near Jaggi Chowk around 05:03 AM while returning home.
255,100190073202600002,Hacking,Chitradurga,Closed - Undetected,Leena's email/social media account was accessed without authorization; unusual login activity was traced to an IP address outside Dutta.
256,100090032202600001,Arms Act Violation,Tumakuru,Charge Sheeted,Maanav was found in possession of an unlicensed country-made pistol during a check near Behl Street.
257,100110040202600001,Counterfeiting,Davanagere,Under Investigation,Police recovered counterfeit currency notes from Zehaan during a check near Shanker Nagar.
258,300190074202400001,Hacking,Chitradurga,Under Investigation,Riya's email/social media account was accessed without authorization; unusual login activity was traced to an IP address outside Ahuja.
259,400070026202500001,Motor Vehicles Act Violation,Hubballi-Dharwad,Closed - False Case,Ikshita was found driving a mobile phone at Dhillon Nagar without a valid licence and in a rash manner endangering pedestrians around 03:48 PM.
260,100160064202300002,Illicit Liquor,Hassan,Closed - Undetected,Peter was found manufacturing/selling illicit liquor from premises at Parsa Chowk.
261,300010006202600001,Arms Act Violation,Bengaluru Urban,Closed - False Case,Shaurya was found in possession of an unlicensed sickle during a check near Bhardwaj Ganj.
262,100180071202300003,Online Financial Fraud,Kolar,Convicted,"Watika was defrauded via a fake investment app promoted online, transferring funds over several weeks before realizing the platform was fraudulent."
263,100080030202400002,Dacoity,Ballari,Charge Sheeted,A gang of five to six persons armed with sharp weapons robbed the Kala Path of cash and a mobile phone around 07:33 PM.
264,100180071202500002,Kidnapping of Women,Kolar,Closed - Undetected,Harita was allegedly abducted by Meghana near Balakrishnan around 12:08 PM while returning home.
265,100180071202500003,Criminal Trespass,Kolar,Closed - False Case,Chandani entered the premises at Mutti without permission and refused to leave when asked by Daksh.
266,100020008202300002,Unlawful Assembly,Bengaluru Rural,Under Investigation,A group led by Noah gathered unlawfully near Ramachandran around 07:04 AM and caused a public nuisance.
267,100050020202300002,Motor Vehicles Act Violation,Belagavi,Closed - Undetected,Parth was found driving a wallet at Prasad Zila without a valid licence and in a rash manner endangering pedestrians around 03:52 PM.
268,100080030202600003,Excise Act Violation,Ballari,Under Investigation,Zaitra was found transporting liquor without a valid permit near Jha Street around 07:56 AM.
269,100050019202400002,Online Financial Fraud,Belagavi,Convicted,"Devika was defrauded via a fake investment app promoted online, transferring funds over several weeks before realizing the platform was fraudulent."
270,100060023202400003,Online Financial Fraud,Kalaburagi,Closed - Undetected,"Anusha was defrauded via a fake investment app promoted online, transferring funds over several weeks before realizing the platform was fraudulent."
271,100090034202600003,Arms Act Violation,Tumakuru,Charge Sheeted,Urishilla was found in possession of an unlicensed wooden stick during a check near Cherian Nagar.
272,100190073202300004,Unlawful Assembly,Chitradurga,Under Investigation,A group led by Rudra gathered unlawfully near Brar Circle around 11:06 AM and caused a public nuisance.
273,100030011202600003,Hacking,Mysuru,Closed - False Case,Sudiksha's email/social media account was accessed without authorization; unusual login activity was traced to an IP address outside Bhattacharyya Nagar.
274,300200076202400001,Attempt to Murder,Bidar,Charge Sheeted,"Leena allegedly attacked Vasatika with a iron rod at Oak Zila around 02:35 AM, causing serious injuries. The victim was rushed to hospital and is under treatment."
275,100160064202600003,Rioting,Hassan,Under Investigation,"A clash broke out between two groups near Ravi Road around 04:46 PM, resulting in property damage and minor injuries."
276,100080030202400003,Rioting,Ballari,Charge Sheeted,"A clash broke out between two groups near Modi around 08:59 AM, resulting in property damage and minor injuries."
277,100100038202600002,Cheating,Shivamogga,Closed - Undetected,"Azaan paid Wahab an advance for services/goods that were never delivered, related to a transaction near Ramesh Marg."
278,100010003202300002,Criminal Breach of Trust,Bengaluru Urban,Under Investigation,"Amol, entrusted with funds belonging to Ekbal for a joint venture, allegedly misappropriated the amount."
279,300080030202500001,Motor Vehicles Act Violation,Ballari,Closed - Undetected,Ojasvi was found driving a laptop at Sandal Chowk without a valid licence and in a rash manner endangering pedestrians around 07:12 PM.
280,400120048202500001,Forgery,Vijayapura,Pending Trial,Isaiah discovered that Vasatika had forged signatures on property documents related to land in Dhar Zila.
281,100060023202500001,Communal Disturbance,Kalaburagi,Pending Trial,"Tension arose near Muni Circle following a social media post, leading to a communal disturbance around 09:29 AM."
282,100100037202500002,Burglary,Shivamogga,Under Investigation,Unknown persons broke into the premises at Vala Chowk during the night and decamped with a laptop. Entry appears to have been made by breaking a window lock.
283,800140056202600001,Dacoity,Udupi,Under Investigation,A gang of five to six persons armed with wooden sticks robbed the Bala Road of cash and a mobile phone around 07:21 AM.
284,100060024202400001,Motor Vehicles Act Violation,Kalaburagi,Closed - Undetected,Advika was found driving a laptop at Sundaram Ganj without a valid licence and in a rash manner endangering pedestrians around 11:27 PM.
285,800130051202400001,Sexual Assault,Raichur,Charge Sheeted,Wazir has alleged that Ria sexually assaulted her at Kade Street around 08:54 PM. Medical examination has been conducted.
286,100160064202400001,Burglary,Hassan,Closed - False Case,Unknown persons broke into the premises at Kaur Circle during the night and decamped with a cash bag. Entry appears to have been made by breaking a window lock.
287,100150059202400002,Sexual Assault,Chikkamagaluru,Charge Sheeted,Radhika has alleged that Advik sexually assaulted her at Sen Road around 11:00 AM. Medical examination has been conducted.
288,100110041202500001,Forgery,Davanagere,Under Investigation,Triya discovered that Wyatt had forged signatures on property documents related to land in Hayer.
289,100090035202500001,Possession of Narcotics,Tumakuru,Pending Trial,"During a routine vehicle check near Hans Road, Bhanumati was found in possession of a commercial quantity of contraband substance around 11:58 AM."
290,300180071202400001,Social Media Abuse,Kolar,Convicted,Qarin reports that Zehaan created a fake profile impersonating her and posted defamatory content on social media.
291,100010005202600001,Culpable Homicide,Bengaluru Urban,Charge Sheeted,David succumbed to injuries sustained during an altercation with Lavanya at Natarajan Marg near 11:56 PM.
292,100060023202400004,Attempt to Murder,Kalaburagi,Under Investigation,"Raagini allegedly attacked Maanas with a iron rod at Cherian Ganj around 08:22 AM, causing serious injuries. The victim was rushed to hospital and is under treatment."
293,100150060202400001,Unlawful Assembly,Chikkamagaluru,Closed - Undetected,A group led by Madhavi gathered unlawfully near Doshi Road around 07:02 AM and caused a public nuisance.
294,100170068202600003,Domestic Violence,Mandya,Under Investigation,Vasatika has reported repeated physical abuse by Jairaj at the shared household in Wason.
295,300100038202600001,Unlawful Assembly,Shivamogga,Under Investigation,A group led by Jagrati gathered unlawfully near Chad Chowk around 07:51 AM and caused a public nuisance.
296,100050020202600001,Online Financial Fraud,Belagavi,Closed - False Case,"Dev was defrauded via a fake investment app promoted online, transferring funds over several weeks before realizing the platform was fraudulent."
297,100190074202500002,Illicit Liquor,Chitradurga,Closed - Undetected,Viraj was found manufacturing/selling illicit liquor from premises at Bansal Zila.
298,100020009202600002,Rioting,Bengaluru Rural,Under Investigation,"A clash broke out between two groups near Shan Zila around 04:54 PM, resulting in property damage and minor injuries."
299,100050019202400003,Communal Disturbance,Belagavi,Charge Sheeted,"Tension arose near Dara Path following a social media post, leading to a communal disturbance around 11:38 PM."
300,100110041202400001,Murder,Davanagere,Under Investigation,Yagnesh was found dead with injuries consistent with a iron rod at Chaudhry Street. Neighbours reported a quarrel between Yagnesh and Banjeet shortly before 07:37 AM.
301,100090035202600001,Rioting,Tumakuru,Under Investigation,"A clash broke out between two groups near Mander Zila around 10:05 PM, resulting in property damage and minor injuries."
302,100110042202400001,Illicit Liquor,Davanagere,Pending Trial,Gaurang was found manufacturing/selling illicit liquor from premises at Pall Road.
303,100180071202500004,Hacking,Kolar,Closed - Undetected,Aradhana's email/social media account was accessed without authorization; unusual login activity was traced to an IP address outside Chowdhury Ganj.
304,300050019202300001,Possession of Narcotics,Belagavi,Under Investigation,"During a routine vehicle check near Natt Road, Radhika was found in possession of a commercial quantity of contraband substance around 04:46 PM."
305,100130051202600001,Excise Act Violation,Raichur,Closed - Undetected,Eshana was found transporting liquor without a valid permit near Chaudhari Ganj around 08:36 PM.
306,100100038202300002,Drug Trafficking,Shivamogga,Pending Trial,"Acting on a tip-off, police intercepted Pranav near Prakash Marg and recovered narcotics being transported for sale."
307,100160063202500002,Sexual Assault,Hassan,Under Investigation,Omya has alleged that Onveer sexually assaulted her at Kannan Path around 07:05 PM. Medical examination has been conducted.
308,300190073202300001,Attempt to Murder,Chitradurga,Pending Trial,"Radha allegedly attacked Falak with a knife at Kapadia around 07:23 AM, causing serious injuries. The victim was rushed to hospital and is under treatment."
309,100090035202300002,Culpable Homicide,Tumakuru,Charge Sheeted,Meera succumbed to injuries sustained during an altercation with Varenya at Sethi Zila near 07:35 PM.
310,100090032202500001,Burglary,Tumakuru,Acquitted,Unknown persons broke into the premises at Srinivasan Nagar during the night and decamped with a wallet. Entry appears to have been made by breaking a window lock.
311,100120045202400001,Rioting,Vijayapura,Charge Sheeted,"A clash broke out between two groups near Wali Path around 10:47 AM, resulting in property damage and minor injuries."
312,100070026202400001,Online Financial Fraud,Hubballi-Dharwad,Charge Sheeted,"Januja was defrauded via a fake investment app promoted online, transferring funds over several weeks before realizing the platform was fraudulent."
313,100100038202300003,Attempt to Murder,Shivamogga,Charge Sheeted,"Ekani allegedly attacked Umang with a sharp weapon at Loke Path around 09:53 PM, causing serious injuries. The victim was rushed to hospital and is under treatment."
314,100040017202400002,Social Media Abuse,Mangaluru (Dakshina Kannada),Under Investigation,Gagan reports that Faris created a fake profile impersonating her and posted defamatory content on social media.
315,100110040202300002,Murder,Davanagere,Under Investigation,Samarth was found dead with injuries consistent with a sickle at Saha Road. Neighbours reported a quarrel between Samarth and Arin shortly before 07:34 PM.
316,100160064202300003,Illicit Liquor,Hassan,Closed - False Case,Nisha was found manufacturing/selling illicit liquor from premises at Oza.
317,300120047202600001,Culpable Homicide,Vijayapura,Under Investigation,Abha succumbed to injuries sustained during an altercation with Utkarsh at Prabhu Chowk near 11:10 AM.
318,100170068202500002,Culpable Homicide,Mandya,Under Investigation,Jonathan succumbed to injuries sustained during an altercation with Ridhi at Pingle Road near 10:14 PM.
319,100170067202300001,Kidnapping of Women,Mandya,Under Investigation,Nicholas was allegedly abducted by Charvi near Bakshi Zila around 07:28 PM while returning home.
320,100070027202600003,Cheating,Hubballi-Dharwad,Closed - Undetected,"Isaiah paid Varenya an advance for services/goods that were never delivered, related to a transaction near Dewan Nagar."
321,100120047202300001,Criminal Trespass,Vijayapura,Closed - False Case,Gagan entered the premises at Ramesh Circle without permission and refused to leave when asked by Sanaya.
322,100100037202600001,Grievous Hurt,Shivamogga,Under Investigation,"A physical altercation between Prisha and Manbir at Raju Path led to grievous injuries being caused with a sickle, around 08:56 PM."
323,100140055202300002,Sexual Assault,Udupi,Pending Trial,Bhavya has alleged that Nihal sexually assaulted her at Sachdeva Marg around 10:07 PM. Medical examination has been conducted.
324,100120048202300001,Robbery,Vijayapura,Under Investigation,"A group of unidentified men robbed Gautami of a cash bag near Prashad, threatening with a country-made pistol."
325,800070026202300001,Domestic Violence,Hubballi-Dharwad,Charge Sheeted,Daksha has reported repeated physical abuse by Wakeeta at the shared household in Sheth Circle.
326,800120048202300001,Unlawful Assembly,Vijayapura,Charge Sheeted,A group led by Ayush gathered unlawfully near Malhotra Zila around 07:47 AM and caused a public nuisance.
327,100170068202300001,Criminal Breach of Trust,Mandya,Under Investigation,"Jagdish, entrusted with funds belonging to Vamakshi for a joint venture, allegedly misappropriated the amount."
328,300170067202600001,Grievous Hurt,Mandya,Under Investigation,"A physical altercation between Bimala and Chanakya at Wagle Road led to grievous injuries being caused with a sharp weapon, around 12:16 PM."
329,100030011202300002,Unlawful Assembly,Mysuru,Charge Sheeted,A group led by Nicholas gathered unlawfully near Kamdar Zila around 06:01 PM and caused a public nuisance.
330,100190073202400004,Communal Disturbance,Chitradurga,Convicted,"Tension arose near Dewan Path following a social media post, leading to a communal disturbance around 03:36 PM."
331,100010005202600002,Dowry Harassment,Bengaluru Urban,Charge Sheeted,Brijesh has alleged continuous harassment for additional dowry by Ronith and in-laws at the matrimonial home in Bali Zila.
332,100100038202600003,Motor Vehicles Act Violation,Shivamogga,Charge Sheeted,Madhav was found driving a mobile phone at Pall Road without a valid licence and in a rash manner endangering pedestrians around 04:04 AM.
333,100170067202300002,Culpable Homicide,Mandya,Closed - False Case,Teerth succumbed to injuries sustained during an altercation with Rehaan at Garg Road near 04:15 AM.
334,100060024202600002,Domestic Violence,Kalaburagi,Pending Trial,Zinal has reported repeated physical abuse by Laban at the shared household in Patel Chowk.
335,800170067202300001,Dowry Harassment,Mandya,Under Investigation,Lekha has alleged continuous harassment for additional dowry by Bhanumati and in-laws at the matrimonial home in Muni Chowk.
336,100170067202600003,Possession of Narcotics,Mandya,Closed - Undetected,"During a routine vehicle check near Cheema Chowk, Agastya was found in possession of a commercial quantity of contraband substance around 04:41 AM."
337,100150060202400002,Communal Disturbance,Chikkamagaluru,Acquitted,"Tension arose near Mahajan Road following a social media post, leading to a communal disturbance around 01:17 AM."
338,100110040202500002,Identity Theft,Davanagere,Charge Sheeted,Krish discovered that Ayushman had used her Aadhaar/PAN details to fraudulently open an account in Bera Zila.
339,100070026202400002,Sexual Assault,Hubballi-Dharwad,Convicted,Faraj has alleged that Zinal sexually assaulted her at Shukla Chowk around 09:59 PM. Medical examination has been conducted.
340,100040017202400003,Motor Vehicles Act Violation,Mangaluru (Dakshina Kannada),Under Investigation,Peter was found driving a mobile phone at Mitter Circle without a valid licence and in a rash manner endangering pedestrians around 02:56 PM.
341,100100038202600004,Motor Vehicles Act Violation,Shivamogga,Under Investigation,Daksh was found driving a cash bag at Lall Marg without a valid licence and in a rash manner endangering pedestrians around 06:44 AM.
342,100170067202300003,Cheating,Mandya,Charge Sheeted,"Harita paid Lajita an advance for services/goods that were never delivered, related to a transaction near Sangha Zila."
343,100050021202500003,Identity Theft,Belagavi,Under Investigation,Triveni discovered that Pahal had used her Aadhaar/PAN details to fraudulently open an account in Varma.
344,100020009202500002,Social Media Abuse,Bengaluru Rural,Pending Trial,Yadavi reports that Harinakshi created a fake profile impersonating her and posted defamatory content on social media.
345,100180071202400002,Unlawful Assembly,Kolar,Under Investigation,A group led by Faqid gathered unlawfully near Kala Circle around 06:00 AM and caused a public nuisance.
346,800090032202400001,Cheating,Tumakuru,Charge Sheeted,"Vaishnavi paid Prisha an advance for services/goods that were never delivered, related to a transaction near Palan Ganj."
347,300100038202400001,Kidnapping of Women,Shivamogga,Charge Sheeted,Radha was allegedly abducted by Darpan near Iyer Circle around 01:06 AM while returning home.
348,100150058202300002,Culpable Homicide,Chikkamagaluru,Under Investigation,Radhika succumbed to injuries sustained during an altercation with Nirja at Bhatt Path near 05:22 PM.
349,100070026202500002,Domestic Violence,Hubballi-Dharwad,Pending Trial,Ishaan has reported repeated physical abuse by Mason at the shared household in Bala Ganj.
350,300170067202500001,Excise Act Violation,Mandya,Under Investigation,Vedika was found transporting liquor without a valid permit near Bhakta Nagar around 11:36 AM.
351,300040017202300001,Dowry Harassment,Mangaluru (Dakshina Kannada),Under Investigation,Jai has alleged continuous harassment for additional dowry by Zayan and in-laws at the matrimonial home in Chana Chowk.
352,400040014202300001,Illicit Liquor,Mangaluru (Dakshina Kannada),Charge Sheeted,Parth was found manufacturing/selling illicit liquor from premises at Maharaj Ganj.
353,100190074202600003,Counterfeiting,Chitradurga,Closed - False Case,Police recovered counterfeit currency notes from Bakhshi during a check near Khatri Nagar.
354,100090035202400001,Unlawful Assembly,Tumakuru,Charge Sheeted,A group led by Anusha gathered unlawfully near Swamy Zila around 07:36 PM and caused a public nuisance.
355,100140055202600001,Sexual Assault,Udupi,Under Investigation,Qarin has alleged that Sachi sexually assaulted her at Aggarwal Street around 02:06 PM. Medical examination has been conducted.
356,100160065202400002,Murder,Hassan,Convicted,"The complainant states that the accused Nirja attacked Kalpit with a wooden stick near Seth Path following a dispute, resulting in death. Body was found at the scene around 01:17 PM."
357,400110042202300001,Dowry Harassment,Davanagere,Convicted,Jhalak has alleged continuous harassment for additional dowry by Qabil and in-laws at the matrimonial home in Purohit Marg.
358,100170068202500003,Illicit Liquor,Mandya,Convicted,Manthan was found manufacturing/selling illicit liquor from premises at Pillai Zila.
359,100120047202600002,Domestic Violence,Vijayapura,Under Investigation,Rayaan has reported repeated physical abuse by Amaira at the shared household in Talwar Road.
360,100030011202300003,Illicit Liquor,Mysuru,Closed - Undetected,Madhav was found manufacturing/selling illicit liquor from premises at Mannan Nagar.
361,100160064202500001,Culpable Homicide,Hassan,Charge Sheeted,Aahana succumbed to injuries sustained during an altercation with Elijah at Bhargava Zila near 10:14 AM.
362,800040015202400001,Excise Act Violation,Mangaluru (Dakshina Kannada),Pending Trial,Chasmum was found transporting liquor without a valid permit near Prabhakar Marg around 02:36 PM.
363,100090034202400001,Communal Disturbance,Tumakuru,Charge Sheeted,"Tension arose near Dada Road following a social media post, leading to a communal disturbance around 08:26 PM."
364,100090035202400002,Dacoity,Tumakuru,Closed - False Case,A gang of five to six persons armed with sickles robbed the Sarin Path of cash and a gold chain around 09:49 AM.
365,100130051202300003,Possession of Narcotics,Raichur,Under Investigation,"During a routine vehicle check near Talwar Zila, Rajata was found in possession of a commercial quantity of contraband substance around 08:00 PM."
366,100040014202500003,Possession of Narcotics,Mangaluru (Dakshina Kannada),Acquitted,"During a routine vehicle check near Koshy Zila, Omaja was found in possession of a commercial quantity of contraband substance around 01:52 PM."
367,100190074202300003,Counterfeiting,Chitradurga,Pending Trial,Police recovered counterfeit currency notes from Triveni during a check near Setty Chowk.
368,100180070202600001,Attempt to Murder,Kolar,Charge Sheeted,"Ekantika allegedly attacked Barkha with a knife at Bobal Nagar around 09:25 PM, causing serious injuries. The victim was rushed to hospital and is under treatment."
369,100150059202500002,Unlawful Assembly,Chikkamagaluru,Pending Trial,A group led by Gaurav gathered unlawfully near Joshi Nagar around 03:09 PM and caused a public nuisance.
370,100050020202400001,Dacoity,Belagavi,Under Investigation,A gang of five to six persons armed with wooden sticks robbed the Char Path of cash and a cash bag around 04:24 AM.
371,400090035202400001,Possession of Narcotics,Tumakuru,Under Investigation,"During a routine vehicle check near Om Circle, Banjeet was found in possession of a commercial quantity of contraband substance around 03:45 AM."
372,100040014202600004,Identity Theft,Mangaluru (Dakshina Kannada),Under Investigation,Upadhriti discovered that Rajeshri had used her Aadhaar/PAN details to fraudulently open an account in Sridhar Zila.
373,100140056202500002,Cheating,Udupi,Pending Trial,"Faraj paid Chakradev an advance for services/goods that were never delivered, related to a transaction near Chokshi Circle."
374,100070027202400002,Culpable Homicide,Hubballi-Dharwad,Convicted,Amol succumbed to injuries sustained during an altercation with Ishaan at Gola Chowk near 05:45 AM.
375,100120048202500001,Social Media Abuse,Vijayapura,Closed - Undetected,Siddharth reports that Qasim created a fake profile impersonating her and posted defamatory content on social media.
376,300110042202300001,Murder,Davanagere,Under Investigation,Jeremiah was found dead with injuries consistent with a sickle at Halder Nagar. Neighbours reported a quarrel between Jeremiah and Krishna shortly before 06:34 AM.
377,100120047202400002,Forgery,Vijayapura,Pending Trial,Maanav discovered that Wyatt had forged signatures on property documents related to land in Yohannan Marg.
378,100180070202600002,Attempt to Murder,Kolar,Pending Trial,"Manya allegedly attacked Chaitaly with a knife at Nath Nagar around 10:03 PM, causing serious injuries. The victim was rushed to hospital and is under treatment."
379,100190073202400005,Theft,Chitradurga,Under Investigation,The complainant reports that unidentified persons stole a two-wheeler from Sura sometime around 07:41 PM. No eyewitnesses have come forward yet.
380,100110043202400001,Forgery,Davanagere,Under Investigation,Ansh discovered that Neel had forged signatures on property documents related to land in Handa Road.
381,100190073202300005,Rioting,Chitradurga,Charge Sheeted,"A clash broke out between two groups near Johal Street around 02:32 AM, resulting in property damage and minor injuries."
382,100050019202600003,Hacking,Belagavi,Charge Sheeted,Ojasvi's email/social media account was accessed without authorization; unusual login activity was traced to an IP address outside Keer Road.
383,800020009202400001,Arms Act Violation,Bengaluru Rural,Charge Sheeted,Owen was found in possession of an unlicensed knife during a check near Balay Circle.
384,100030012202300003,Online Financial Fraud,Mysuru,Pending Trial,Hemang received a call from an unidentified person claiming to be a bank official and lost money via UPI transfer after sharing an OTP. Transaction traced to an account linked to Shankar Chowk.
385,100090034202600004,Illicit Liquor,Tumakuru,Closed - Undetected,Mitesh was found manufacturing/selling illicit liquor from premises at Natt Path.
386,100050021202500004,Forgery,Belagavi,Under Investigation,Oeshi discovered that Jalsa had forged signatures on property documents related to land in Doshi Ganj.
387,100160064202600004,Unlawful Assembly,Hassan,Charge Sheeted,A group led by Zansi gathered unlawfully near Chad Zila around 12:48 PM and caused a public nuisance.
388,100150060202500002,Cheating,Chikkamagaluru,Pending Trial,"Dipta paid Hemangini an advance for services/goods that were never delivered, related to a transaction near Mammen Nagar."
389,100180071202400003,Counterfeiting,Kolar,Under Investigation,Police recovered counterfeit currency notes from Madhavi during a check near Venkatesh Street.
390,300020009202600002,Communal Disturbance,Bengaluru Rural,Charge Sheeted,"Tension arose near Kuruvilla Circle following a social media post, leading to a communal disturbance around 10:38 PM."
391,100050021202400003,Domestic Violence,Belagavi,Closed - Undetected,Saumya has reported repeated physical abuse by Chanchal at the shared household in Ahluwalia.
392,100170067202600004,Sexual Assault,Mandya,Charge Sheeted,Zinal has alleged that Yug sexually assaulted her at Narang Zila around 08:56 AM. Medical examination has been conducted.
393,100170067202500001,Sexual Assault,Mandya,Under Investigation,David has alleged that Pavani sexually assaulted her at Soni Street around 06:10 PM. Medical examination has been conducted.
394,100010003202600002,Illicit Liquor,Bengaluru Urban,Charge Sheeted,Ria was found manufacturing/selling illicit liquor from premises at Saha Chowk.
395,100190074202600004,Attempt to Murder,Chitradurga,Under Investigation,"Bachittar allegedly attacked Urvashi with a sickle at Pingle Street around 12:14 PM, causing serious injuries. The victim was rushed to hospital and is under treatment."
396,100180071202600002,Hacking,Kolar,Under Investigation,Ayaan's email/social media account was accessed without authorization; unusual login activity was traced to an IP address outside Sama Street.
397,800070027202600001,Murder,Hubballi-Dharwad,Charge Sheeted,Vasana was found dead with injuries consistent with a sharp weapon at Sethi. Neighbours reported a quarrel between Vasana and Dayita shortly before 10:33 PM.
398,100040015202600001,Online Financial Fraud,Mangaluru (Dakshina Kannada),Convicted,"Triveni was defrauded via a fake investment app promoted online, transferring funds over several weeks before realizing the platform was fraudulent."
399,100130051202400001,Arms Act Violation,Raichur,Under Investigation,Chakradev was found in possession of an unlicensed iron rod during a check near Mall Chowk.
400,100160064202500002,Forgery,Hassan,Under Investigation,Anirudh discovered that Jai had forged signatures on property documents related to land in Gole Circle.
401,100160063202600001,Online Financial Fraud,Hassan,Under Investigation,Rajeshri received a call from an unidentified person claiming to be a bank official and lost money via UPI transfer after sharing an OTP. Transaction traced to an account linked to Bajwa Marg.
402,100130050202500001,Cheating,Raichur,Under Investigation,"Mitesh paid Damyanti an advance for services/goods that were never delivered, related to a transaction near Gara Marg."
403,100010004202300001,Attempt to Murder,Bengaluru Urban,Under Investigation,"Samaksh allegedly attacked Charles with a knife at Khalsa Ganj around 02:51 PM, causing serious injuries. The victim was rushed to hospital and is under treatment."
404,100060023202500002,Attempt to Murder,Kalaburagi,Under Investigation,"Eesha allegedly attacked Darsh with a sharp weapon at Ray Chowk around 08:16 AM, causing serious injuries. The victim was rushed to hospital and is under treatment."
405,100150059202600001,Burglary,Chikkamagaluru,Under Investigation,Unknown persons broke into the premises at Agarwal Nagar during the night and decamped with a gold chain. Entry appears to have been made by breaking a window lock.
406,400170068202300001,Cheating,Mandya,Closed - False Case,"Aadi paid Darpan an advance for services/goods that were never delivered, related to a transaction near Mahajan Chowk."
407,100180071202300004,Dacoity,Kolar,Under Investigation,A gang of five to six persons armed with sickles robbed the Rana Zila of cash and a gold chain around 01:07 PM.
408,100200076202400001,Possession of Narcotics,Bidar,Charge Sheeted,"During a routine vehicle check near Deol Nagar, Falguni was found in possession of a commercial quantity of contraband substance around 10:55 AM."
409,100060023202300001,Grievous Hurt,Kalaburagi,Under Investigation,"A physical altercation between Krisha and Ira at Parmar led to grievous injuries being caused with a country-made pistol, around 07:31 PM."
410,100010003202400001,Motor Vehicles Act Violation,Bengaluru Urban,Convicted,Rehaan was found driving a cash bag at Mitter Zila without a valid licence and in a rash manner endangering pedestrians around 04:56 PM.
411,100190073202600003,Illicit Liquor,Chitradurga,Closed - Undetected,Shaurya was found manufacturing/selling illicit liquor from premises at Hayre Nagar.
412,100080029202300003,Domestic Violence,Ballari,Convicted,Vedant has reported repeated physical abuse by Anusha at the shared household in Bajaj Ganj.
413,100180071202600003,Possession of Narcotics,Kolar,Under Investigation,"During a routine vehicle check near Dara Road, Niharika was found in possession of a commercial quantity of contraband substance around 01:11 AM."
414,300180070202500001,Excise Act Violation,Kolar,Charge Sheeted,Diya was found transporting liquor without a valid permit near Ramanathan Nagar around 04:35 PM.
415,100110041202600001,Possession of Narcotics,Davanagere,Charge Sheeted,"During a routine vehicle check near Srinivasan Nagar, Gunbir was found in possession of a commercial quantity of contraband substance around 10:58 PM."
416,100200077202600001,Unlawful Assembly,Bidar,Charge Sheeted,A group led by Gauri gathered unlawfully near Khalsa Circle around 02:16 PM and caused a public nuisance.
417,300010004202300001,Identity Theft,Bengaluru Urban,Under Investigation,David discovered that Riya had used her Aadhaar/PAN details to fraudulently open an account in Mitra Nagar.
418,100100038202300004,Criminal Trespass,Shivamogga,Charge Sheeted,Leena entered the premises at Sangha Chowk without permission and refused to leave when asked by Sudiksha.
419,100110041202500002,Drug Trafficking,Davanagere,Acquitted,"Acting on a tip-off, police intercepted Quincy near Devan Ganj and recovered narcotics being transported for sale."
420,100150061202500002,Communal Disturbance,Chikkamagaluru,Under Investigation,"Tension arose near Oza Road following a social media post, leading to a communal disturbance around 07:33 AM."
421,100150058202500001,Illicit Liquor,Chikkamagaluru,Under Investigation,Unni was found manufacturing/selling illicit liquor from premises at Narula.
422,100100038202400005,Excise Act Violation,Shivamogga,Under Investigation,Unnati was found transporting liquor without a valid permit near Kala around 03:22 AM.
423,100190073202300006,Rioting,Chitradurga,Under Investigation,"A clash broke out between two groups near Mannan Street around 09:28 PM, resulting in property damage and minor injuries."
424,100100037202600002,Communal Disturbance,Shivamogga,Charge Sheeted,"Tension arose near Lala Street following a social media post, leading to a communal disturbance around 02:18 AM."
425,100060023202300002,Counterfeiting,Kalaburagi,Charge Sheeted,Police recovered counterfeit currency notes from Radha during a check near Dani Zila.
426,100020009202400002,Identity Theft,Bengaluru Rural,Under Investigation,Shaurya discovered that Finn had used her Aadhaar/PAN details to fraudulently open an account in Bhattacharyya Chowk.
427,100200076202400002,Attempt to Murder,Bidar,Charge Sheeted,"Siya allegedly attacked Samaksh with a wooden stick at Randhawa Ganj around 01:02 PM, causing serious injuries. The victim was rushed to hospital and is under treatment."
428,100050020202600002,Illicit Liquor,Belagavi,Under Investigation,Yauvani was found manufacturing/selling illicit liquor from premises at Nayar.
429,300150059202300001,Cheating,Chikkamagaluru,Closed - Undetected,"Lavanya paid Aryan an advance for services/goods that were never delivered, related to a transaction near Sathe Street."
430,800200076202500001,Cheating,Bidar,Under Investigation,"Jagvi paid Balvan an advance for services/goods that were never delivered, related to a transaction near Iyer Circle."
431,100020009202500003,Illicit Liquor,Bengaluru Rural,Pending Trial,Netra was found manufacturing/selling illicit liquor from premises at Arora Marg.
432,100140055202500001,Murder,Udupi,Under Investigation,"The complainant states that the accused Shivani attacked Reva with a sharp weapon near Balan Circle following a dispute, resulting in death. Body was found at the scene around 04:23 AM."
433,100160063202600002,Drug Trafficking,Hassan,Convicted,"Acting on a tip-off, police intercepted Harinakshi near Saini Ganj and recovered narcotics being transported for sale."
434,100160063202300002,Rioting,Hassan,Under Investigation,"A clash broke out between two groups near Chopra Chowk around 09:58 PM, resulting in property damage and minor injuries."
435,100100038202600005,Sexual Assault,Shivamogga,Charge Sheeted,Peter has alleged that Azad sexually assaulted her at Suresh around 10:05 PM. Medical examination has been conducted.
436,100180071202500005,Burglary,Kolar,Charge Sheeted,Unknown persons broke into the premises at Raman Marg during the night and decamped with a mobile phone. Entry appears to have been made by breaking a window lock.
437,100170067202300004,Dacoity,Mandya,Charge Sheeted,A gang of five to six persons armed with country-made pistols robbed the Majumdar Chowk of cash and a wallet around 06:00 PM.
438,100110041202500003,Illicit Liquor,Davanagere,Under Investigation,Ojasvi was found manufacturing/selling illicit liquor from premises at Gola Ganj.
439,100050020202500001,Unlawful Assembly,Belagavi,Charge Sheeted,A group led by Bishakha gathered unlawfully near Kalla Zila around 03:46 AM and caused a public nuisance.
440,100140055202400003,Motor Vehicles Act Violation,Udupi,Under Investigation,Chaitanya was found driving a mobile phone at Bala Chowk without a valid licence and in a rash manner endangering pedestrians around 07:05 PM.
441,800100037202600001,Drug Trafficking,Shivamogga,Convicted,"Acting on a tip-off, police intercepted Ishwar near Narain Street and recovered narcotics being transported for sale."
442,300130051202500001,Excise Act Violation,Raichur,Convicted,Neel was found transporting liquor without a valid permit near Badami Street around 09:51 AM.
443,100040017202300004,Culpable Homicide,Mangaluru (Dakshina Kannada),Under Investigation,Harshil succumbed to injuries sustained during an altercation with Madhavi at Sawhney Road near 01:06 PM.
444,100080030202600004,Attempt to Murder,Ballari,Under Investigation,"Dev allegedly attacked Rehaan with a sharp weapon at Char Ganj around 11:23 PM, causing serious injuries. The victim was rushed to hospital and is under treatment."
445,100150060202400003,Domestic Violence,Chikkamagaluru,Charge Sheeted,Hitesh has reported repeated physical abuse by Ishanvi at the shared household in Ghose Path.
446,100010004202300002,Excise Act Violation,Bengaluru Urban,Under Investigation,Jyoti was found transporting liquor without a valid permit near Bhavsar Nagar around 05:40 PM.
447,100050019202300002,Cheating,Belagavi,Under Investigation,"Vasatika paid Ekansh an advance for services/goods that were never delivered, related to a transaction near Badami Path."
448,100100037202300004,Attempt to Murder,Shivamogga,Under Investigation,"Yahvi allegedly attacked Viraj with a wooden stick at Arya around 02:28 AM, causing serious injuries. The victim was rushed to hospital and is under treatment."
449,100080030202300003,Arms Act Violation,Ballari,Under Investigation,Kavya was found in possession of an unlicensed iron rod during a check near Minhas Chowk.
450,100080030202300004,Possession of Narcotics,Ballari,Charge Sheeted,"During a routine vehicle check near Kibe Path, Garima was found in possession of a commercial quantity of contraband substance around 02:02 PM."
451,800050020202400001,Counterfeiting,Belagavi,Charge Sheeted,Police recovered counterfeit currency notes from Reyansh during a check near Dhaliwal Nagar.
452,100070027202500002,Grievous Hurt,Hubballi-Dharwad,Under Investigation,"A physical altercation between Nitesh and Deepa at Konda Ganj led to grievous injuries being caused with a sickle, around 03:48 AM."
453,100060023202300003,Communal Disturbance,Kalaburagi,Acquitted,"Tension arose near Purohit Marg following a social media post, leading to a communal disturbance around 09:24 AM."
454,800060023202600003,Possession of Narcotics,Kalaburagi,Closed - False Case,"During a routine vehicle check near Raj Nagar, Vasatika was found in possession of a commercial quantity of contraband substance around 12:02 PM."
455,800020008202500002,Social Media Abuse,Bengaluru Rural,Charge Sheeted,Laban reports that Upasna created a fake profile impersonating her and posted defamatory content on social media.
456,100090034202300001,Culpable Homicide,Tumakuru,Closed - Undetected,Leena succumbed to injuries sustained during an altercation with Vrishti at Bobal Road near 12:08 PM.
457,100130052202400002,Social Media Abuse,Raichur,Convicted,Janaki reports that Ayaan created a fake profile impersonating her and posted defamatory content on social media.
458,100200076202400003,Online Financial Fraud,Bidar,Charge Sheeted,"Xiti was defrauded via a fake investment app promoted online, transferring funds over several weeks before realizing the platform was fraudulent."
459,100050019202300003,Arms Act Violation,Belagavi,Acquitted,Gunbir was found in possession of an unlicensed iron rod during a check near Sahni Zila.
460,100200076202600002,Forgery,Bidar,Under Investigation,Vidhi discovered that Qabil had forged signatures on property documents related to land in Choudhary Circle.
461,300060023202300001,Communal Disturbance,Kalaburagi,Closed - Undetected,"Tension arose near Buch Street following a social media post, leading to a communal disturbance around 03:56 PM."
462,100060024202600003,Grievous Hurt,Kalaburagi,Charge Sheeted,"A physical altercation between Vedhika and Vanya at Andra Zila led to grievous injuries being caused with a sickle, around 09:09 AM."
463,100160065202600002,Cheating,Hassan,Charge Sheeted,"Geetika paid Pushti an advance for services/goods that were never delivered, related to a transaction near Prabhakar Path."
464,100070027202400003,Cheating,Hubballi-Dharwad,Charge Sheeted,"Jyoti paid Siya an advance for services/goods that were never delivered, related to a transaction near Soman."
465,100130052202300002,Communal Disturbance,Raichur,Under Investigation,"Tension arose near Bumb Marg following a social media post, leading to a communal disturbance around 09:38 AM."
466,100020009202600003,Excise Act Violation,Bengaluru Rural,Pending Trial,Sanaya was found transporting liquor without a valid permit near Subramaniam Zila around 02:51 PM.
467,100100037202600003,Identity Theft,Shivamogga,Under Investigation,Jatin discovered that Laban had used her Aadhaar/PAN details to fraudulently open an account in Swamy Circle.
468,100070027202400004,Arms Act Violation,Hubballi-Dharwad,Under Investigation,Gagan was found in possession of an unlicensed knife during a check near Chakraborty Zila.
469,800160063202400001,Criminal Trespass,Hassan,Convicted,Ekaja entered the premises at Date Path without permission and refused to leave when asked by Pallavi.
470,100100037202500003,Motor Vehicles Act Violation,Shivamogga,Pending Trial,Madhav was found driving a cash bag at Nagarajan Nagar without a valid licence and in a rash manner endangering pedestrians around 12:20 AM.
471,100020008202500001,Robbery,Bengaluru Rural,Under Investigation,"Umang accosted Shivansh near Gola Nagar around 11:21 PM, snatched a laptop at knife-point, and fled on a two-wheeler."
472,800010006202300001,Domestic Violence,Bengaluru Urban,Charge Sheeted,Karan has reported repeated physical abuse by Ekiya at the shared household in Bhagat.
473,300010005202400001,Identity Theft,Bengaluru Urban,Charge Sheeted,Janaki discovered that Harsh had used her Aadhaar/PAN details to fraudulently open an account in Puri Street.
474,300080030202500002,Robbery,Ballari,Convicted,"A group of unidentified men robbed Netra of a gold chain near Dani Nagar, threatening with a iron rod."
475,100070027202600004,Excise Act Violation,Hubballi-Dharwad,Charge Sheeted,Umang was found transporting liquor without a valid permit near Srinivasan Nagar around 08:56 PM.
476,100050021202300001,Online Financial Fraud,Belagavi,Convicted,"Qasim was defrauded via a fake investment app promoted online, transferring funds over several weeks before realizing the platform was fraudulent."
477,100200077202300005,Dowry Harassment,Bidar,Under Investigation,Neel has alleged continuous harassment for additional dowry by Gagan and in-laws at the matrimonial home in Kunda Circle.
478,100160064202400002,Identity Theft,Hassan,Under Investigation,Charita discovered that Chakradhar had used her Aadhaar/PAN details to fraudulently open an account in Memon Circle.
479,100090035202600002,Hacking,Tumakuru,Pending Trial,Yashvi's email/social media account was accessed without authorization; unusual login activity was traced to an IP address outside Basu Zila.
480,100120045202300002,Drug Trafficking,Vijayapura,Closed - Undetected,"Acting on a tip-off, police intercepted Aadhya near Raj Road and recovered narcotics being transported for sale."
481,100130051202300004,Forgery,Raichur,Closed - False Case,Luke discovered that Samar had forged signatures on property documents related to land in Luthra Zila.
482,100100037202400001,Cheating,Shivamogga,Under Investigation,"Forum paid Gaurav an advance for services/goods that were never delivered, related to a transaction near Nath Path."
483,800050021202300001,Criminal Trespass,Belagavi,Charge Sheeted,Jatin entered the premises at Vyas Street without permission and refused to leave when asked by Henry.
484,100130050202300002,Criminal Breach of Trust,Raichur,Charge Sheeted,"Chanakya, entrusted with funds belonging to Hardik for a joint venture, allegedly misappropriated the amount."
485,100190074202500003,Domestic Violence,Chitradurga,Under Investigation,Kritika has reported repeated physical abuse by Amara at the shared household in Prabhakar Nagar.
486,100130053202400003,Excise Act Violation,Raichur,Charge Sheeted,Dalaja was found transporting liquor without a valid permit near Mody Zila around 10:32 PM.
487,300140056202500001,Excise Act Violation,Udupi,Under Investigation,Noah was found transporting liquor without a valid permit near Bhandari around 02:56 AM.
488,100130051202600002,Hacking,Raichur,Closed - Undetected,Yutika's email/social media account was accessed without authorization; unusual login activity was traced to an IP address outside Atwal Marg.
489,100050019202600004,Kidnapping of Women,Belagavi,Under Investigation,Jeevika was allegedly abducted by Kiaan near Pandit Circle around 06:17 PM while returning home.
490,800170067202300002,Robbery,Mandya,Convicted,"A group of unidentified men robbed Jacob of a laptop near Subramanian Road, threatening with a country-made pistol."
491,100160064202400003,Culpable Homicide,Hassan,Charge Sheeted,Ubika succumbed to injuries sustained during an altercation with Vinaya at Parekh Nagar near 06:06 PM.
492,800120048202500001,Arms Act Violation,Vijayapura,Under Investigation,Raagini was found in possession of an unlicensed country-made pistol during a check near Hora Chowk.
493,100040015202300003,Illicit Liquor,Mangaluru (Dakshina Kannada),Pending Trial,Chandani was found manufacturing/selling illicit liquor from premises at Sangha Path.
494,100190074202500004,Illicit Liquor,Chitradurga,Closed - Undetected,Kiaan was found manufacturing/selling illicit liquor from premises at Sama Marg.
495,100090034202600005,Rioting,Tumakuru,Charge Sheeted,"A clash broke out between two groups near Tandon Chowk around 09:50 PM, resulting in property damage and minor injuries."
496,800170068202600001,Rioting,Mandya,Convicted,"A clash broke out between two groups near Arya Circle around 02:10 PM, resulting in property damage and minor injuries."
497,100110041202300001,Illicit Liquor,Davanagere,Under Investigation,Michael was found manufacturing/selling illicit liquor from premises at Grover Circle.
498,100120046202500002,Possession of Narcotics,Vijayapura,Under Investigation,"During a routine vehicle check near Handa Road, Balvan was found in possession of a commercial quantity of contraband substance around 12:29 AM."
499,100010005202600003,Counterfeiting,Bengaluru Urban,Under Investigation,Police recovered counterfeit currency notes from Pooja during a check near Bhat Chowk.
500,100090035202500002,Communal Disturbance,Tumakuru,Under Investigation,"Tension arose near Chaudhuri Road following a social media post, leading to a communal disturbance around 01:59 AM."
501,100140055202400004,Sexual Assault,Udupi,Charge Sheeted,Jalsa has alleged that Janaki sexually assaulted her at Wadhwa around 12:27 AM. Medical examination has been conducted.
502,100080030202400004,Hacking,Ballari,Acquitted,Benjamin's email/social media account was accessed without authorization; unusual login activity was traced to an IP address outside Sehgal Ganj.
503,100110042202300001,Grievous Hurt,Davanagere,Under Investigation,"A physical altercation between Caleb and Mitesh at Handa Street led to grievous injuries being caused with a wooden stick, around 10:36 PM."
504,100150061202300002,Illicit Liquor,Chikkamagaluru,Under Investigation,Mitali was found manufacturing/selling illicit liquor from premises at Walia Chowk.
505,100080029202400002,Robbery,Ballari,Charge Sheeted,"Nathaniel accosted Aarush near Kamdar around 07:55 PM, snatched a two-wheeler at knife-point, and fled on a two-wheeler."
506,100030012202300004,Dacoity,Mysuru,Charge Sheeted,A gang of five to six persons armed with sickles robbed the Kade Ganj of cash and a laptop around 08:51 PM.
507,100130051202400002,Criminal Trespass,Raichur,Closed - Undetected,Patrick entered the premises at Babu Road without permission and refused to leave when asked by Ati.
508,100130050202300003,Unlawful Assembly,Raichur,Charge Sheeted,A group led by Varenya gathered unlawfully near Tandon Zila around 03:49 PM and caused a public nuisance.
509,100100037202500004,Unlawful Assembly,Shivamogga,Closed - Undetected,A group led by Nicholas gathered unlawfully near Ramesh Street around 01:06 AM and caused a public nuisance.
510,100120045202600001,Robbery,Vijayapura,Under Investigation,"Agastya accosted Imaran near Deo Nagar around 07:26 PM, snatched a laptop at knife-point, and fled on a two-wheeler."
511,100070026202300002,Forgery,Hubballi-Dharwad,Pending Trial,Sachi discovered that Nihal had forged signatures on property documents related to land in Narula Road.
512,100110041202600002,Sexual Assault,Davanagere,Under Investigation,Daksh has alleged that Amara sexually assaulted her at Dasgupta Circle around 02:55 AM. Medical examination has been conducted.
513,300090034202600001,Hacking,Tumakuru,Under Investigation,Prisha's email/social media account was accessed without authorization; unusual login activity was traced to an IP address outside Pandit Street.
514,300130052202300001,Kidnapping of Women,Raichur,Closed - Undetected,Baghyawati was allegedly abducted by Ishanvi near Nath Zila around 07:23 AM while returning home.
515,100080029202600002,Rioting,Ballari,Under Investigation,"A clash broke out between two groups near Lanka Path around 02:31 AM, resulting in property damage and minor injuries."
516,100190073202300007,Theft,Chitradurga,Charge Sheeted,"Ekalinga's gold chain was stolen from outside Sane while unattended, around 06:41 PM."
517,800130051202400002,Possession of Narcotics,Raichur,Under Investigation,"During a routine vehicle check near Tank Marg, Leela was found in possession of a commercial quantity of contraband substance around 03:20 PM."
518,100040015202300004,Hacking,Mangaluru (Dakshina Kannada),Closed - Undetected,Janaki's email/social media account was accessed without authorization; unusual login activity was traced to an IP address outside Badal Ganj.
519,100160065202300002,Cheating,Hassan,Pending Trial,"Imaran paid Darpan an advance for services/goods that were never delivered, related to a transaction near Patel Path."
520,100190073202600004,Theft,Chitradurga,Closed - Undetected,The complainant reports that unidentified persons stole a gold chain from Borah Zila sometime around 11:50 PM. No eyewitnesses have come forward yet.
521,100100037202400002,Culpable Homicide,Shivamogga,Charge Sheeted,Darpan succumbed to injuries sustained during an altercation with Azad at Ghose near 06:02 AM.
522,100010005202500002,Criminal Breach of Trust,Bengaluru Urban,Charge Sheeted,"Anita, entrusted with funds belonging to Naksh for a joint venture, allegedly misappropriated the amount."
523,100100038202400006,Criminal Breach of Trust,Shivamogga,Under Investigation,"Daksh, entrusted with funds belonging to Nandini for a joint venture, allegedly misappropriated the amount."
524,100180070202400004,Arms Act Violation,Kolar,Convicted,Nitesh was found in possession of an unlicensed country-made pistol during a check near Prabhu Nagar.
525,100170067202300005,Criminal Trespass,Mandya,Under Investigation,Dayamai entered the premises at Jaggi Ganj without permission and refused to leave when asked by Advay.
526,100010004202300003,Arms Act Violation,Bengaluru Urban,Pending Trial,Dayamai was found in possession of an unlicensed sharp weapon during a check near Parikh Nagar.
527,100180070202400005,Identity Theft,Kolar,Closed - Undetected,Arjun discovered that Lavanya had used her Aadhaar/PAN details to fraudulently open an account in Barad Chowk.
528,100130050202500002,Culpable Homicide,Raichur,Under Investigation,Harita succumbed to injuries sustained during an altercation with Sara at Nori Street near 01:02 AM.
529,100200077202300006,Possession of Narcotics,Bidar,Closed - False Case,"During a routine vehicle check near Dhar Nagar, Gunbir was found in possession of a commercial quantity of contraband substance around 01:32 AM."
530,100010004202500002,Kidnapping of Women,Bengaluru Urban,Charge Sheeted,Urvashi was allegedly abducted by Aahana near Dey Chowk around 02:33 PM while returning home.
531,800040016202500001,Arms Act Violation,Mangaluru (Dakshina Kannada),Charge Sheeted,Fiyaz was found in possession of an unlicensed iron rod during a check near Toor Marg.
532,100070027202400005,Communal Disturbance,Hubballi-Dharwad,Under Investigation,"Tension arose near Rastogi following a social media post, leading to a communal disturbance around 11:25 AM."
533,100180071202400004,Robbery,Kolar,Acquitted,"Dhruv accosted Falguni near Oommen Path around 03:01 PM, snatched a laptop at knife-point, and fled on a two-wheeler."
534,100110043202600002,Illicit Liquor,Davanagere,Charge Sheeted,Nachiket was found manufacturing/selling illicit liquor from premises at Dhingra Chowk.
535,800070027202600002,Excise Act Violation,Hubballi-Dharwad,Charge Sheeted,Fiyaz was found transporting liquor without a valid permit near Biswas Street around 07:40 PM.
536,100170068202300002,Murder,Mandya,Acquitted,Hema was found dead with injuries consistent with a iron rod at Issac Street. Neighbours reported a quarrel between Hema and Chameli shortly before 10:52 AM.
537,100010005202500003,Dowry Harassment,Bengaluru Urban,Charge Sheeted,Isha has alleged continuous harassment for additional dowry by Lopa and in-laws at the matrimonial home in Issac Nagar.
538,100030011202500003,Forgery,Mysuru,Under Investigation,Balhaar discovered that Tejas had forged signatures on property documents related to land in Salvi Ganj.
539,100150058202400001,Robbery,Chikkamagaluru,Charge Sheeted,"A group of unidentified men robbed Amol of a laptop near Thakkar Road, threatening with a wooden stick."
540,100150059202400003,Kidnapping of Women,Chikkamagaluru,Under Investigation,Tara was allegedly abducted by Priya near Goel Path around 09:40 AM while returning home.
541,800170068202600002,Motor Vehicles Act Violation,Mandya,Pending Trial,Amol was found driving a cash bag at Sabharwal without a valid licence and in a rash manner endangering pedestrians around 10:18 AM.
542,100090033202500001,Communal Disturbance,Tumakuru,Closed - False Case,"Tension arose near Raj Circle following a social media post, leading to a communal disturbance around 05:30 PM."
543,100200077202500002,Unlawful Assembly,Bidar,Closed - Undetected,A group led by Amrita gathered unlawfully near Mohanty Road around 06:04 PM and caused a public nuisance.
544,100150060202400004,Hacking,Chikkamagaluru,Charge Sheeted,Reyansh's email/social media account was accessed without authorization; unusual login activity was traced to an IP address outside Sanghvi Nagar.
545,100100037202300005,Cheating,Shivamogga,Under Investigation,"Jagat paid Manya an advance for services/goods that were never delivered, related to a transaction near Dutt Road."
546,100020008202400001,Theft,Bengaluru Rural,Convicted,"Farhan's mobile phone was stolen from outside De Nagar while unattended, around 04:51 PM."
547,100050019202600005,Drug Trafficking,Belagavi,Acquitted,"Acting on a tip-off, police intercepted Charan near Butala Road and recovered narcotics being transported for sale."
548,100010003202600003,Arms Act Violation,Bengaluru Urban,Charge Sheeted,Pranit was found in possession of an unlicensed country-made pistol during a check near Brahmbhatt Zila.
549,800130050202500001,Culpable Homicide,Raichur,Under Investigation,Oni succumbed to injuries sustained during an altercation with Keya at Seshadri Path near 04:16 PM.
550,100040016202300001,Attempt to Murder,Mangaluru (Dakshina Kannada),Under Investigation,"Michael allegedly attacked Yauvani with a sharp weapon at Patla Ganj around 08:43 PM, causing serious injuries. The victim was rushed to hospital and is under treatment."
551,100070027202300003,Dowry Harassment,Hubballi-Dharwad,Under Investigation,George has alleged continuous harassment for additional dowry by Ijaya and in-laws at the matrimonial home in Menon Circle.
552,800140056202400001,Illicit Liquor,Udupi,Closed - Undetected,Kashvi was found manufacturing/selling illicit liquor from premises at Sengupta Zila.
553,100180071202400005,Hacking,Kolar,Under Investigation,Kamya's email/social media account was accessed without authorization; unusual login activity was traced to an IP address outside Murthy Street.
554,400010005202300001,Possession of Narcotics,Bengaluru Urban,Under Investigation,"During a routine vehicle check near Kala Road, Lekha was found in possession of a commercial quantity of contraband substance around 01:23 PM."
555,100110040202600002,Unlawful Assembly,Davanagere,Under Investigation,A group led by Jagdish gathered unlawfully near Sethi Zila around 12:58 PM and caused a public nuisance.
556,100050019202600006,Domestic Violence,Belagavi,Under Investigation,Andrew has reported repeated physical abuse by Aayush at the shared household in Mane Chowk.
557,100070027202300004,Illicit Liquor,Hubballi-Dharwad,Under Investigation,Wakeeta was found manufacturing/selling illicit liquor from premises at Prakash Zila.
558,100070026202400003,Unlawful Assembly,Hubballi-Dharwad,Acquitted,A group led by Onkar gathered unlawfully near Halder Zila around 03:30 PM and caused a public nuisance.
559,100080029202400003,Motor Vehicles Act Violation,Ballari,Closed - False Case,Forum was found driving a laptop at Raghavan without a valid licence and in a rash manner endangering pedestrians around 04:57 AM.
560,100120045202500001,Cheating,Vijayapura,Under Investigation,"Sanya paid Jason an advance for services/goods that were never delivered, related to a transaction near Wable Circle."
561,100080029202400004,Cheating,Ballari,Closed - Undetected,"Xavier paid Samesh an advance for services/goods that were never delivered, related to a transaction near Borde Zila."
562,100010006202400002,Unlawful Assembly,Bengaluru Urban,Under Investigation,A group led by Harini gathered unlawfully near Wable Ganj around 12:12 PM and caused a public nuisance.
563,100050020202500002,Counterfeiting,Belagavi,Pending Trial,Police recovered counterfeit currency notes from Sneha during a check near Varghese.
564,100100037202300006,Online Financial Fraud,Shivamogga,Closed - False Case,Manan received a call from an unidentified person claiming to be a bank official and lost money via UPI transfer after sharing an OTP. Transaction traced to an account linked to Choudhary Zila.
565,100080029202400005,Burglary,Ballari,Charge Sheeted,Unknown persons broke into the premises at Chad Circle during the night and decamped with a wallet. Entry appears to have been made by breaking a window lock.
566,300150060202600001,Excise Act Violation,Chikkamagaluru,Closed - False Case,Yashoda was found transporting liquor without a valid permit near Bera Path around 04:09 AM.
567,100040015202500002,Cheating,Mangaluru (Dakshina Kannada),Charge Sheeted,"Pahal paid Rishi an advance for services/goods that were never delivered, related to a transaction near Gulati Road."
568,300140055202400001,Rioting,Udupi,Charge Sheeted,"A clash broke out between two groups near Choudhry Ganj around 08:35 AM, resulting in property damage and minor injuries."
569,100150060202400005,Drug Trafficking,Chikkamagaluru,Convicted,"Acting on a tip-off, police intercepted Harrison near Loyal Ganj and recovered narcotics being transported for sale."
570,100020008202600003,Communal Disturbance,Bengaluru Rural,Under Investigation,"Tension arose near Goyal Zila following a social media post, leading to a communal disturbance around 11:01 PM."
571,400070026202600001,Excise Act Violation,Hubballi-Dharwad,Under Investigation,Rachit was found transporting liquor without a valid permit near Shah Path around 01:17 AM.
572,100180070202500002,Possession of Narcotics,Kolar,Closed - False Case,"During a routine vehicle check near Garde Zila, Aishani was found in possession of a commercial quantity of contraband substance around 06:45 AM."
573,100110040202300003,Theft,Davanagere,Closed - False Case,The complainant reports that unidentified persons stole a wallet from Chandra Street sometime around 02:13 PM. No eyewitnesses have come forward yet.
574,100200076202500001,Kidnapping of Women,Bidar,Under Investigation,Janya was allegedly abducted by Tara near Pandit Nagar around 07:00 PM while returning home.
575,100060024202400002,Unlawful Assembly,Kalaburagi,Charge Sheeted,A group led by Lucky gathered unlawfully near Tank Path around 07:31 AM and caused a public nuisance.
576,100100038202600006,Drug Trafficking,Shivamogga,Under Investigation,"Acting on a tip-off, police intercepted Mahika near Sahni and recovered narcotics being transported for sale."
577,100060023202400005,Unlawful Assembly,Kalaburagi,Acquitted,A group led by Mason gathered unlawfully near Mann Circle around 02:25 PM and caused a public nuisance.
578,100130052202300003,Hacking,Raichur,Charge Sheeted,Chatresh's email/social media account was accessed without authorization; unusual login activity was traced to an IP address outside Ahluwalia Road.
579,100200077202600002,Burglary,Bidar,Under Investigation,Unknown persons broke into the premises at Kothari Path during the night and decamped with a gold chain. Entry appears to have been made by breaking a window lock.
580,300200077202500001,Illicit Liquor,Bidar,Under Investigation,Liam was found manufacturing/selling illicit liquor from premises at Krishna Ganj.
581,100050019202500002,Forgery,Belagavi,Under Investigation,Yahvi discovered that Ishita had forged signatures on property documents related to land in Pandya Chowk.
582,100030012202600001,Counterfeiting,Mysuru,Closed - False Case,Police recovered counterfeit currency notes from Maya during a check near Rau Street.
583,100090035202600003,Grievous Hurt,Tumakuru,Under Investigation,"A physical altercation between Gunbir and Gauri at Subramaniam Road led to grievous injuries being caused with a iron rod, around 03:19 AM."
584,100060023202600003,Criminal Trespass,Kalaburagi,Acquitted,Mohammed entered the premises at Mukhopadhyay Road without permission and refused to leave when asked by Udant.
585,400030011202600001,Dacoity,Mysuru,Charge Sheeted,A gang of five to six persons armed with country-made pistols robbed the Sule Marg of cash and a two-wheeler around 05:16 AM.
586,100030011202500004,Murder,Mysuru,Under Investigation,"The complainant states that the accused Bimala attacked Bimala with a country-made pistol near Tailor Zila following a dispute, resulting in death. Body was found at the scene around 09:55 PM."
587,100200077202300007,Theft,Bidar,Charge Sheeted,The complainant reports that unidentified persons stole a gold chain from Saxena sometime around 07:29 AM. No eyewitnesses have come forward yet.
588,100010005202400001,Domestic Violence,Bengaluru Urban,Under Investigation,Madhavi has reported repeated physical abuse by Yochana at the shared household in Ghosh Zila.
589,100180070202400006,Drug Trafficking,Kolar,Under Investigation,"Acting on a tip-off, police intercepted Yashica near Lad Circle and recovered narcotics being transported for sale."
590,100200076202600003,Sexual Assault,Bidar,Convicted,Vamakshi has alleged that Ekiya sexually assaulted her at Khalsa Ganj around 05:10 PM. Medical examination has been conducted.
591,100080030202400005,Counterfeiting,Ballari,Under Investigation,Police recovered counterfeit currency notes from Shivani during a check near Deol Marg.
592,100050019202300004,Forgery,Belagavi,Closed - Undetected,Radha discovered that Rehaan had forged signatures on property documents related to land in Bajwa Zila.
593,100200077202600003,Illicit Liquor,Bidar,Charge Sheeted,Watika was found manufacturing/selling illicit liquor from premises at Johal Ganj.
594,100090033202500002,Hacking,Tumakuru,Closed - Undetected,Wishi's email/social media account was accessed without authorization; unusual login activity was traced to an IP address outside Zachariah Nagar.
595,100050019202400004,Theft,Belagavi,Charge Sheeted,"Devika's wallet was stolen from outside Bhandari while unattended, around 08:29 PM."
596,100110040202300004,Arms Act Violation,Davanagere,Charge Sheeted,Forum was found in possession of an unlicensed sickle during a check near Keer Nagar.
597,100060023202500003,Hacking,Kalaburagi,Convicted,Balendra's email/social media account was accessed without authorization; unusual login activity was traced to an IP address outside Kar Circle.
598,100120048202500002,Dacoity,Vijayapura,Charge Sheeted,A gang of five to six persons armed with knifes robbed the Hari Path of cash and a laptop around 08:51 PM.
599,100160064202600005,Identity Theft,Hassan,Under Investigation,Chakradev discovered that Alexander had used her Aadhaar/PAN details to fraudulently open an account in Bhandari Ganj.
600,100080030202400006,Motor Vehicles Act Violation,Ballari,Charge Sheeted,Brinda was found driving a laptop at Rao Street without a valid licence and in a rash manner endangering pedestrians around 12:38 AM.
601,400150058202500001,Murder,Chikkamagaluru,Acquitted,Brinda was found dead with injuries consistent with a iron rod at Loke Circle. Neighbours reported a quarrel between Brinda and Yash shortly before 10:14 PM.
602,300050020202500001,Drug Trafficking,Belagavi,Acquitted,"Acting on a tip-off, police intercepted Wahab near Setty Chowk and recovered narcotics being transported for sale."
603,100040015202600002,Drug Trafficking,Mangaluru (Dakshina Kannada),Pending Trial,"Acting on a tip-off, police intercepted Charita near Bhasin Zila and recovered narcotics being transported for sale."
604,100180070202600003,Counterfeiting,Kolar,Closed - Undetected,Police recovered counterfeit currency notes from Ladli during a check near Sankar Street.
605,400090032202600001,Kidnapping of Women,Tumakuru,Convicted,Harita was allegedly abducted by Radha near Bhandari Marg around 05:43 AM while returning home.
606,100060023202300004,Illicit Liquor,Kalaburagi,Under Investigation,Nicholas was found manufacturing/selling illicit liquor from premises at Sibal Marg.
607,100190074202600005,Motor Vehicles Act Violation,Chitradurga,Charge Sheeted,Jeet was found driving a cash bag at Nagi Road without a valid licence and in a rash manner endangering pedestrians around 09:58 PM.
608,100160063202400001,Arms Act Violation,Hassan,Acquitted,Dipta was found in possession of an unlicensed wooden stick during a check near Sastry Zila.
609,100020009202500004,Cheating,Bengaluru Rural,Under Investigation,"Utkarsh paid Owen an advance for services/goods that were never delivered, related to a transaction near Bawa Street."
610,100140056202400005,Domestic Violence,Udupi,Closed - Undetected,Darsh has reported repeated physical abuse by Aashi at the shared household in Babu Road.
611,100070026202400004,Cheating,Hubballi-Dharwad,Closed - Undetected,"Faras paid Warjas an advance for services/goods that were never delivered, related to a transaction near Nanda Ganj."
612,100130052202500003,Unlawful Assembly,Raichur,Under Investigation,A group led by Nikita gathered unlawfully near Singhal Path around 05:32 PM and caused a public nuisance.
613,100170068202300003,Rioting,Mandya,Under Investigation,"A clash broke out between two groups near Thakur Ganj around 09:03 PM, resulting in property damage and minor injuries."
614,100050021202300002,Rioting,Belagavi,Under Investigation,"A clash broke out between two groups near Narasimhan Ganj around 08:48 AM, resulting in property damage and minor injuries."
615,100020009202500005,Online Financial Fraud,Bengaluru Rural,Charge Sheeted,Janaki received a call from an unidentified person claiming to be a bank official and lost money via UPI transfer after sharing an OTP. Transaction traced to an account linked to Tiwari Path.
616,100120045202600002,Attempt to Murder,Vijayapura,Charge Sheeted,"Nikita allegedly attacked Yash with a iron rod at Devi around 08:09 PM, causing serious injuries. The victim was rushed to hospital and is under treatment."
617,100150059202400004,Criminal Trespass,Chikkamagaluru,Pending Trial,Upma entered the premises at Date Zila without permission and refused to leave when asked by Adya.
618,100090032202400002,Murder,Tumakuru,Closed - Undetected,Gayathri was found dead with injuries consistent with a wooden stick at Borah Nagar. Neighbours reported a quarrel between Gayathri and Hritik shortly before 07:03 AM.
619,100060024202300002,Cheating,Kalaburagi,Convicted,"Kala paid Sudiksha an advance for services/goods that were never delivered, related to a transaction near Nagi Marg."
620,100150059202300001,Murder,Chikkamagaluru,Closed - Undetected,Chanakya was found dead with injuries consistent with a iron rod at Trivedi Circle. Neighbours reported a quarrel between Chanakya and Zarna shortly before 01:02 PM.
621,800120047202400001,Cheating,Vijayapura,Under Investigation,"Qushi paid Zilmil an advance for services/goods that were never delivered, related to a transaction near Murthy Road."
622,100090032202500002,Social Media Abuse,Tumakuru,Under Investigation,Arya reports that Lohit created a fake profile impersonating her and posted defamatory content on social media.
623,100110043202300001,Burglary,Davanagere,Under Investigation,Unknown persons broke into the premises at Manda Ganj during the night and decamped with a wallet. Entry appears to have been made by breaking a window lock.
624,300140055202300002,Criminal Breach of Trust,Udupi,Under Investigation,"Laksh, entrusted with funds belonging to Gabriel for a joint venture, allegedly misappropriated the amount."
625,100170067202300006,Cheating,Mandya,Convicted,"Yashica paid Gautami an advance for services/goods that were never delivered, related to a transaction near Setty Road."
626,100190074202600006,Domestic Violence,Chitradurga,Charge Sheeted,Krisha has reported repeated physical abuse by Thomas at the shared household in Lanka Ganj.
627,100200076202300001,Culpable Homicide,Bidar,Charge Sheeted,Pranav succumbed to injuries sustained during an altercation with Balvan at Lall Marg near 12:21 AM.
628,100160064202300004,Excise Act Violation,Hassan,Charge Sheeted,Chakrika was found transporting liquor without a valid permit near Kanda Zila around 09:09 PM.
629,100080030202500002,Possession of Narcotics,Ballari,Charge Sheeted,"During a routine vehicle check near Rege Ganj, Yashica was found in possession of a commercial quantity of contraband substance around 12:28 AM."
630,300170067202300001,Dowry Harassment,Mandya,Under Investigation,Vedika has alleged continuous harassment for additional dowry by Theodore and in-laws at the matrimonial home in Bath Path.
631,100150059202500003,Criminal Trespass,Chikkamagaluru,Under Investigation,Gautam entered the premises at Pandit Path without permission and refused to leave when asked by Ladli.
632,100080030202300005,Criminal Trespass,Ballari,Closed - False Case,Kashvi entered the premises at Sachdev Path without permission and refused to leave when asked by Neel.
633,100150060202600003,Excise Act Violation,Chikkamagaluru,Under Investigation,Charvi was found transporting liquor without a valid permit near Karpe Nagar around 12:32 AM.
634,100180070202600004,Theft,Kolar,Pending Trial,The complainant reports that unidentified persons stole a laptop from Doshi Nagar sometime around 10:10 AM. No eyewitnesses have come forward yet.
635,300080030202300001,Murder,Ballari,Charge Sheeted,"The complainant states that the accused Urishilla attacked Aishani with a knife near Manne Marg following a dispute, resulting in death. Body was found at the scene around 09:11 AM."
636,100190074202400002,Illicit Liquor,Chitradurga,Charge Sheeted,Anay was found manufacturing/selling illicit liquor from premises at Ramesh Chowk.
637,300170068202400001,Counterfeiting,Mandya,Closed - False Case,Police recovered counterfeit currency notes from Maanas during a check near Chandran Zila.
638,100120047202600003,Motor Vehicles Act Violation,Vijayapura,Under Investigation,Nisha was found driving a two-wheeler at Nazareth Road without a valid licence and in a rash manner endangering pedestrians around 04:16 PM.
639,400060024202300001,Murder,Kalaburagi,Convicted,Shaurya was found dead with injuries consistent with a country-made pistol at Tata Circle. Neighbours reported a quarrel between Shaurya and Vrinda shortly before 04:33 AM.
640,100120047202300002,Sexual Assault,Vijayapura,Under Investigation,Jairaj has alleged that Ojas sexually assaulted her at Sarma Ganj around 02:28 PM. Medical examination has been conducted.
641,300030012202600001,Sexual Assault,Mysuru,Closed - Undetected,Mohini has alleged that Aditya sexually assaulted her at Dalal Road around 03:32 AM. Medical examination has been conducted.
642,100100037202600004,Grievous Hurt,Shivamogga,Charge Sheeted,"A physical altercation between Ganga and Shivansh at Gala Street led to grievous injuries being caused with a sharp weapon, around 09:03 PM."
643,100010004202500003,Attempt to Murder,Bengaluru Urban,Closed - False Case,"Raghav allegedly attacked Devika with a wooden stick at Chandra Ganj around 11:36 PM, causing serious injuries. The victim was rushed to hospital and is under treatment."
644,100100037202300007,Rioting,Shivamogga,Pending Trial,"A clash broke out between two groups near Mohan Marg around 06:45 AM, resulting in property damage and minor injuries."
645,100060024202600004,Unlawful Assembly,Kalaburagi,Under Investigation,A group led by Aarnav gathered unlawfully near Kalita Ganj around 09:19 PM and caused a public nuisance.
646,100050021202600001,Criminal Breach of Trust,Belagavi,Convicted,"Urmi, entrusted with funds belonging to Pavani for a joint venture, allegedly misappropriated the amount."
647,100130052202300004,Communal Disturbance,Raichur,Under Investigation,"Tension arose near Nadig Circle following a social media post, leading to a communal disturbance around 12:28 AM."
648,800080030202300001,Kidnapping of Women,Ballari,Closed - Undetected,Pranav was allegedly abducted by Aryan near Shukla Path around 12:13 AM while returning home.
649,400180070202300001,Culpable Homicide,Kolar,Under Investigation,Rayaan succumbed to injuries sustained during an altercation with Lavanya at Gola Path near 01:13 AM.
650,100130050202500003,Robbery,Raichur,Closed - False Case,"A group of unidentified men robbed Agastya of a mobile phone near Maharaj Nagar, threatening with a knife."
651,100170068202500004,Cheating,Mandya,Charge Sheeted,"Ayush paid Michael an advance for services/goods that were never delivered, related to a transaction near Deep Street."
652,100130052202400003,Dacoity,Raichur,Under Investigation,A gang of five to six persons armed with country-made pistols robbed the Peri of cash and a cash bag around 05:56 AM.
653,100160065202600003,Arms Act Violation,Hassan,Pending Trial,Sachi was found in possession of an unlicensed country-made pistol during a check near Majumdar Nagar.
654,100060024202500002,Motor Vehicles Act Violation,Kalaburagi,Under Investigation,Gaurang was found driving a mobile phone at Chana Zila without a valid licence and in a rash manner endangering pedestrians around 12:08 PM.
655,800190073202300001,Culpable Homicide,Chitradurga,Under Investigation,Dayita succumbed to injuries sustained during an altercation with Chatresh at Mangat Marg near 07:23 PM.
656,100070026202600003,Grievous Hurt,Hubballi-Dharwad,Closed - False Case,"A physical altercation between Isha and Vrishti at Patla led to grievous injuries being caused with a sickle, around 02:28 PM."
657,100020008202400002,Arms Act Violation,Bengaluru Rural,Charge Sheeted,Amruta was found in possession of an unlicensed iron rod during a check near Varghese Zila.
658,100080030202500003,Rioting,Ballari,Closed - False Case,"A clash broke out between two groups near Soman Street around 04:47 AM, resulting in property damage and minor injuries."
659,100050021202500005,Excise Act Violation,Belagavi,Charge Sheeted,Nathan was found transporting liquor without a valid permit near Soman Marg around 06:40 PM.
660,100160063202600003,Cheating,Hassan,Closed - Undetected,"Radhika paid Mohini an advance for services/goods that were never delivered, related to a transaction near Kohli Chowk."
661,400030011202500001,Murder,Mysuru,Charge Sheeted,"The complainant states that the accused Vivaan attacked Banjeet with a sharp weapon near Chokshi Circle following a dispute, resulting in death. Body was found at the scene around 09:49 PM."
662,100020009202300003,Attempt to Murder,Bengaluru Rural,Under Investigation,"Liam allegedly attacked Rushil with a sickle at Nath Street around 07:25 PM, causing serious injuries. The victim was rushed to hospital and is under treatment."
663,100060024202500003,Dacoity,Kalaburagi,Under Investigation,A gang of five to six persons armed with iron rods robbed the Gera Ganj of cash and a mobile phone around 10:03 PM.
664,100150060202300001,Cheating,Chikkamagaluru,Under Investigation,"Mitesh paid Kavya an advance for services/goods that were never delivered, related to a transaction near Sood Nagar."
665,100030012202600002,Communal Disturbance,Mysuru,Under Investigation,"Tension arose near Dave Marg following a social media post, leading to a communal disturbance around 11:38 AM."
666,100180070202400007,Illicit Liquor,Kolar,Closed - Undetected,Wahab was found manufacturing/selling illicit liquor from premises at Pathak Path.
667,100150061202600002,Arms Act Violation,Chikkamagaluru,Under Investigation,Siddharth was found in possession of an unlicensed country-made pistol during a check near Saran Road.
668,100150058202500002,Unlawful Assembly,Chikkamagaluru,Under Investigation,A group led by Eiravati gathered unlawfully near Tripathi Street around 08:16 PM and caused a public nuisance.
669,100040015202400001,Domestic Violence,Mangaluru (Dakshina Kannada),Charge Sheeted,Chatura has reported repeated physical abuse by Chavvi at the shared household in Kuruvilla Marg.
670,100130052202400004,Grievous Hurt,Raichur,Under Investigation,"A physical altercation between Abhimanyu and Mason at Kuruvilla Path led to grievous injuries being caused with a sickle, around 04:14 AM."
671,100010006202400003,Communal Disturbance,Bengaluru Urban,Closed - Undetected,"Tension arose near Memon Street following a social media post, leading to a communal disturbance around 07:06 PM."
672,100110042202600001,Excise Act Violation,Davanagere,Under Investigation,Frado was found transporting liquor without a valid permit near Chandra Circle around 01:00 AM.
673,800200077202500001,Arms Act Violation,Bidar,Under Investigation,Farhan was found in possession of an unlicensed country-made pistol during a check near Mittal Path.
674,100070027202400006,Domestic Violence,Hubballi-Dharwad,Charge Sheeted,Advika has reported repeated physical abuse by Chavvi at the shared household in Varkey.
675,800080030202500001,Excise Act Violation,Ballari,Closed - Undetected,Kai was found transporting liquor without a valid permit near Loke Road around 10:50 PM.
676,100080029202300004,Possession of Narcotics,Ballari,Closed - Undetected,"During a routine vehicle check near Arora Chowk, Lopa was found in possession of a commercial quantity of contraband substance around 06:56 AM."
677,100090034202400002,Arms Act Violation,Tumakuru,Charge Sheeted,Bachittar was found in possession of an unlicensed iron rod during a check near Brar.
678,100120046202300001,Burglary,Vijayapura,Under Investigation,Unknown persons broke into the premises at Sankar during the night and decamped with a laptop. Entry appears to have been made by breaking a window lock.
679,400080030202500001,Motor Vehicles Act Violation,Ballari,Under Investigation,Indrajit was found driving a two-wheeler at Mann without a valid licence and in a rash manner endangering pedestrians around 02:52 AM.
680,400150058202600002,Counterfeiting,Chikkamagaluru,Under Investigation,Police recovered counterfeit currency notes from Arya during a check near Patil Path.
681,100180070202400008,Culpable Homicide,Kolar,Under Investigation,Mugdha succumbed to injuries sustained during an altercation with Bhavya at Walia Nagar near 01:42 AM.
682,100080029202400006,Drug Trafficking,Ballari,Charge Sheeted,"Acting on a tip-off, police intercepted Udarsh near Thakur Street and recovered narcotics being transported for sale."
683,100100037202300008,Theft,Shivamogga,Under Investigation,The complainant reports that unidentified persons stole a laptop from Pillay Chowk sometime around 12:32 AM. No eyewitnesses have come forward yet.
684,100090034202500002,Counterfeiting,Tumakuru,Under Investigation,Police recovered counterfeit currency notes from Sachi during a check near Goel Ganj.
685,300190074202600001,Dacoity,Chitradurga,Closed - Undetected,A gang of five to six persons armed with iron rods robbed the Singhal Circle of cash and a mobile phone around 04:05 AM.
686,300040016202500001,Counterfeiting,Mangaluru (Dakshina Kannada),Charge Sheeted,Police recovered counterfeit currency notes from Reva during a check near Bhasin Chowk.
687,100030011202600004,Kidnapping of Women,Mysuru,Closed - False Case,Isaac was allegedly abducted by Omkaar near Sachar Path around 12:27 AM while returning home.
688,100030012202400002,Motor Vehicles Act Violation,Mysuru,Closed - False Case,Ganga was found driving a mobile phone at Kuruvilla Chowk without a valid licence and in a rash manner endangering pedestrians around 07:06 PM.
689,400180071202400001,Arms Act Violation,Kolar,Charge Sheeted,Vaishnavi was found in possession of an unlicensed iron rod during a check near Menon Chowk.
690,100010004202600001,Identity Theft,Bengaluru Urban,Charge Sheeted,Zansi discovered that Nidra had used her Aadhaar/PAN details to fraudulently open an account in Garde Chowk.
691,100130052202600001,Possession of Narcotics,Raichur,Closed - Undetected,"During a routine vehicle check near Raghavan Chowk, Parth was found in possession of a commercial quantity of contraband substance around 08:30 AM."
692,100120045202400002,Unlawful Assembly,Vijayapura,Charge Sheeted,A group led by Samaksh gathered unlawfully near Bali Path around 03:18 AM and caused a public nuisance.
693,100180071202400006,Motor Vehicles Act Violation,Kolar,Under Investigation,Yash was found driving a cash bag at Shan Ganj without a valid licence and in a rash manner endangering pedestrians around 07:20 AM.
694,100120047202400003,Identity Theft,Vijayapura,Closed - False Case,Ucchal discovered that Guneet had used her Aadhaar/PAN details to fraudulently open an account in Behl Circle.
695,100120045202300003,Counterfeiting,Vijayapura,Convicted,Police recovered counterfeit currency notes from Saanvi during a check near Shan Ganj.
696,100060024202600005,Rioting,Kalaburagi,Charge Sheeted,"A clash broke out between two groups near Varkey Chowk around 03:12 AM, resulting in property damage and minor injuries."
697,100020008202300003,Identity Theft,Bengaluru Rural,Closed - False Case,Yahvi discovered that Dayamai had used her Aadhaar/PAN details to fraudulently open an account in Choudhury Chowk.
698,100180070202500003,Dacoity,Kolar,Pending Trial,A gang of five to six persons armed with sickles robbed the Yohannan Path of cash and a wallet around 01:14 PM.
699,100180071202300005,Grievous Hurt,Kolar,Charge Sheeted,"A physical altercation between Harshil and Urmi at Kade Road led to grievous injuries being caused with a knife, around 07:26 AM."
700,100080030202400007,Unlawful Assembly,Ballari,Pending Trial,A group led by Adya gathered unlawfully near Mitter Chowk around 07:51 PM and caused a public nuisance.
701,400110040202400001,Communal Disturbance,Davanagere,Closed - Undetected,"Tension arose near Pandya Marg following a social media post, leading to a communal disturbance around 05:21 AM."
702,100040014202500004,Criminal Trespass,Mangaluru (Dakshina Kannada),Under Investigation,Chaitaly entered the premises at Bajwa Path without permission and refused to leave when asked by Aahana.
703,100070026202500003,Cheating,Hubballi-Dharwad,Under Investigation,"Eshana paid Varsha an advance for services/goods that were never delivered, related to a transaction near Singhal."
704,100050021202400004,Unlawful Assembly,Belagavi,Charge Sheeted,A group led by Anya gathered unlawfully near Pingle Circle around 06:39 PM and caused a public nuisance.
705,300180070202600001,Cheating,Kolar,Pending Trial,"Matthew paid Chandani an advance for services/goods that were never delivered, related to a transaction near Iyengar."
706,100110040202400001,Counterfeiting,Davanagere,Charge Sheeted,Police recovered counterfeit currency notes from Upadhriti during a check near Sharma Ganj.
707,100160063202600004,Forgery,Hassan,Charge Sheeted,Prisha discovered that Meghana had forged signatures on property documents related to land in Bava Chowk.
708,100050020202400002,Cheating,Belagavi,Under Investigation,"George paid Isaiah an advance for services/goods that were never delivered, related to a transaction near Dutt Circle."
709,800190074202400001,Robbery,Chitradurga,Convicted,"Sudiksha accosted Harinakshi near Sankaran Circle around 05:29 AM, snatched a wallet at knife-point, and fled on a two-wheeler."
710,100020009202500006,Criminal Breach of Trust,Bengaluru Rural,Closed - False Case,"Umang, entrusted with funds belonging to Abhiram for a joint venture, allegedly misappropriated the amount."
711,100090034202400003,Drug Trafficking,Tumakuru,Charge Sheeted,"Acting on a tip-off, police intercepted Samuel near Golla Road and recovered narcotics being transported for sale."
712,100090033202300001,Drug Trafficking,Tumakuru,Under Investigation,"Acting on a tip-off, police intercepted Chavvi near Samra Street and recovered narcotics being transported for sale."
713,100120048202300002,Attempt to Murder,Vijayapura,Under Investigation,"Mohini allegedly attacked Reva with a iron rod at Jha Ganj around 09:30 PM, causing serious injuries. The victim was rushed to hospital and is under treatment."
714,100150058202600002,Culpable Homicide,Chikkamagaluru,Charge Sheeted,Edhitha succumbed to injuries sustained during an altercation with Ojasvi at Kade Ganj near 11:00 PM.
715,800060023202600004,Unlawful Assembly,Kalaburagi,Under Investigation,A group led by Lajita gathered unlawfully near Ratta Marg around 02:26 AM and caused a public nuisance.
716,100160065202400003,Theft,Hassan,Closed - Undetected,"Charita's cash bag was stolen from outside Ramakrishnan Zila while unattended, around 12:39 PM."
717,400160064202300001,Grievous Hurt,Hassan,Under Investigation,"A physical altercation between Zilmil and Kabir at Dey Street led to grievous injuries being caused with a knife, around 06:57 AM."
718,100040017202500002,Grievous Hurt,Mangaluru (Dakshina Kannada),Convicted,"A physical altercation between Pratyush and Max at Choudhary Path led to grievous injuries being caused with a sickle, around 04:23 AM."
719,400190074202500001,Robbery,Chitradurga,Charge Sheeted,"Upma accosted Ayush near Dhawan Nagar around 10:44 PM, snatched a mobile phone at knife-point, and fled on a two-wheeler."
720,400120048202600001,Identity Theft,Vijayapura,Under Investigation,Dominic discovered that Isaiah had used her Aadhaar/PAN details to fraudulently open an account in Shetty Chowk.
721,100050020202500003,Grievous Hurt,Belagavi,Closed - False Case,"A physical altercation between Luke and Kai at Butala Ganj led to grievous injuries being caused with a iron rod, around 09:25 AM."
722,100090032202600002,Robbery,Tumakuru,Under Investigation,"Turvi accosted Falguni near Venkatesh around 07:09 AM, snatched a two-wheeler at knife-point, and fled on a two-wheeler."
723,100050019202500003,Attempt to Murder,Belagavi,Closed - False Case,"Bahadurjit allegedly attacked Luke with a country-made pistol at Edwin Ganj around 09:49 AM, causing serious injuries. The victim was rushed to hospital and is under treatment."
724,300190073202300002,Domestic Violence,Chitradurga,Under Investigation,Ria has reported repeated physical abuse by Jacob at the shared household in Varkey Road.
725,800040015202400002,Grievous Hurt,Mangaluru (Dakshina Kannada),Acquitted,"A physical altercation between Atharv and Pooja at Date Circle led to grievous injuries being caused with a wooden stick, around 07:50 AM."
726,100060023202400006,Identity Theft,Kalaburagi,Convicted,Yamini discovered that Qabil had used her Aadhaar/PAN details to fraudulently open an account in Vaidya Marg.
727,100130051202400003,Rioting,Raichur,Pending Trial,"A clash broke out between two groups near Mallick Ganj around 05:11 AM, resulting in property damage and minor injuries."
728,300130051202300001,Attempt to Murder,Raichur,Acquitted,"Aadi allegedly attacked Charita with a sharp weapon at Krishnamurthy Zila around 02:07 AM, causing serious injuries. The victim was rushed to hospital and is under treatment."
729,300140056202500002,Kidnapping of Women,Udupi,Charge Sheeted,Xavier was allegedly abducted by Mahika near Saini Street around 03:01 PM while returning home.
730,100010004202500004,Unlawful Assembly,Bengaluru Urban,Charge Sheeted,A group led by Max gathered unlawfully near Sawhney Ganj around 02:34 PM and caused a public nuisance.
731,100190073202600005,Grievous Hurt,Chitradurga,Convicted,"A physical altercation between Raksha and Vincent at Dash Road led to grievous injuries being caused with a wooden stick, around 09:20 AM."
732,100140056202300007,Domestic Violence,Udupi,Under Investigation,Unnati has reported repeated physical abuse by Pooja at the shared household in Ganguly.
733,100190073202600006,Dacoity,Chitradurga,Under Investigation,A gang of five to six persons armed with iron rods robbed the Chaudhuri Nagar of cash and a cash bag around 03:48 AM.
734,100030011202400001,Possession of Narcotics,Mysuru,Under Investigation,"During a routine vehicle check near Chokshi Nagar, Lavanya was found in possession of a commercial quantity of contraband substance around 01:26 AM."
735,100140056202400006,Attempt to Murder,Udupi,Under Investigation,"Triveni allegedly attacked Ria with a wooden stick at Virk around 11:21 PM, causing serious injuries. The victim was rushed to hospital and is under treatment."
736,400200076202500001,Rioting,Bidar,Charge Sheeted,"A clash broke out between two groups near Malhotra Ganj around 08:50 AM, resulting in property damage and minor injuries."
737,100130053202300001,Excise Act Violation,Raichur,Charge Sheeted,Gauri was found transporting liquor without a valid permit near Yohannan Path around 12:39 PM.
738,800090034202500001,Motor Vehicles Act Violation,Tumakuru,Charge Sheeted,Indali was found driving a mobile phone at Sarma Path without a valid licence and in a rash manner endangering pedestrians around 05:24 AM.
739,300080030202500003,Possession of Narcotics,Ballari,Acquitted,"During a routine vehicle check near Minhas Circle, Dayita was found in possession of a commercial quantity of contraband substance around 09:53 AM."
740,100200077202300008,Online Financial Fraud,Bidar,Under Investigation,Umang received a call from an unidentified person claiming to be a bank official and lost money via UPI transfer after sharing an OTP. Transaction traced to an account linked to Korpal Nagar.
741,100130053202400004,Grievous Hurt,Raichur,Acquitted,"A physical altercation between Nitara and Rehaan at Venkataraman Street led to grievous injuries being caused with a knife, around 10:03 PM."
742,300110043202600001,Criminal Trespass,Davanagere,Under Investigation,Gopal entered the premises at Soni Circle without permission and refused to leave when asked by Kabir.
743,100020008202500002,Identity Theft,Bengaluru Rural,Pending Trial,Dhruv discovered that Onveer had used her Aadhaar/PAN details to fraudulently open an account in Sen Nagar.
744,100190073202300008,Dacoity,Chitradurga,Closed - False Case,A gang of five to six persons armed with sharp weapons robbed the Deol Marg of cash and a wallet around 09:11 AM.
745,100060024202400003,Cheating,Kalaburagi,Under Investigation,"Ekavir paid Devansh an advance for services/goods that were never delivered, related to a transaction near Sachdev Circle."
746,400190073202400001,Hacking,Chitradurga,Charge Sheeted,Isha's email/social media account was accessed without authorization; unusual login activity was traced to an IP address outside Krishnan Marg.
747,100100037202500005,Kidnapping of Women,Shivamogga,Under Investigation,Harinakshi was allegedly abducted by Siya near Viswanathan Zila around 03:38 PM while returning home.
748,100170067202600005,Unlawful Assembly,Mandya,Charge Sheeted,A group led by Aayush gathered unlawfully near Rajagopalan Path around 09:33 AM and caused a public nuisance.
749,100120045202600003,Dacoity,Vijayapura,Under Investigation,A gang of five to six persons armed with sickles robbed the Dubey Zila of cash and a cash bag around 09:19 PM.
750,100190073202600007,Rioting,Chitradurga,Under Investigation,"A clash broke out between two groups near Chokshi Road around 09:17 AM, resulting in property damage and minor injuries."
751,100110043202400002,Murder,Davanagere,Convicted,"The complainant states that the accused Vritti attacked Wriddhish with a wooden stick near Raval Ganj following a dispute, resulting in death. Body was found at the scene around 10:10 PM."
752,100100037202600005,Rioting,Shivamogga,Charge Sheeted,"A clash broke out between two groups near Nagi Road around 12:12 AM, resulting in property damage and minor injuries."
753,400170068202300002,Communal Disturbance,Mandya,Under Investigation,"Tension arose near Mani Chowk following a social media post, leading to a communal disturbance around 09:04 AM."
754,100130051202500002,Dowry Harassment,Raichur,Acquitted,Ayaan has alleged continuous harassment for additional dowry by Champak and in-laws at the matrimonial home in Rajan Road.
755,100100038202300005,Criminal Trespass,Shivamogga,Closed - False Case,Quincy entered the premises at Nagarajan Ganj without permission and refused to leave when asked by Tanvi.
756,100080030202300006,Grievous Hurt,Ballari,Closed - Undetected,"A physical altercation between Nachiket and Chaitanya at Koshy Street led to grievous injuries being caused with a sickle, around 01:45 PM."
757,100160064202400004,Sexual Assault,Hassan,Charge Sheeted,Kabir has alleged that Udant sexually assaulted her at Contractor Zila around 04:39 PM. Medical examination has been conducted.
758,100190073202400006,Excise Act Violation,Chitradurga,Under Investigation,Bhavani was found transporting liquor without a valid permit near Mangat Circle around 11:57 AM.
759,100120045202500002,Illicit Liquor,Vijayapura,Under Investigation,Zarna was found manufacturing/selling illicit liquor from premises at Singh Nagar.
760,800200076202500002,Motor Vehicles Act Violation,Bidar,Charge Sheeted,Rajata was found driving a cash bag at Prabhakar without a valid licence and in a rash manner endangering pedestrians around 10:08 PM.
761,800040014202600001,Identity Theft,Mangaluru (Dakshina Kannada),Acquitted,Turvi discovered that Sai had used her Aadhaar/PAN details to fraudulently open an account in Raman Nagar.
762,100030011202500005,Attempt to Murder,Mysuru,Charge Sheeted,"Bhavna allegedly attacked Yatan with a knife at Dyal Circle around 08:13 AM, causing serious injuries. The victim was rushed to hospital and is under treatment."
763,100010003202500001,Rioting,Bengaluru Urban,Under Investigation,"A clash broke out between two groups near Chawla Street around 09:10 PM, resulting in property damage and minor injuries."
764,100190073202400007,Online Financial Fraud,Chitradurga,Under Investigation,Shivani received a call from an unidentified person claiming to be a bank official and lost money via UPI transfer after sharing an OTP. Transaction traced to an account linked to Krishna Chowk.
765,100080030202300007,Social Media Abuse,Ballari,Charge Sheeted,Ansh reports that Rachana created a fake profile impersonating her and posted defamatory content on social media.
766,100020009202600004,Sexual Assault,Bengaluru Rural,Pending Trial,Oviya has alleged that Omisha sexually assaulted her at Sethi Chowk around 02:15 AM. Medical examination has been conducted.
767,100140056202600001,Kidnapping of Women,Udupi,Under Investigation,Rayaan was allegedly abducted by Robert near Patla around 12:13 PM while returning home.
768,100190074202500005,Grievous Hurt,Chitradurga,Closed - Undetected,"A physical altercation between Charita and Sneha at Sachar led to grievous injuries being caused with a sharp weapon, around 12:06 AM."
769,100160063202500003,Kidnapping of Women,Hassan,Acquitted,Orinder was allegedly abducted by Anjali near Dugal around 01:54 PM while returning home.
770,100060024202600006,Unlawful Assembly,Kalaburagi,Charge Sheeted,A group led by Chatresh gathered unlawfully near Chana Path around 04:47 PM and caused a public nuisance.
771,100060023202500004,Communal Disturbance,Kalaburagi,Under Investigation,"Tension arose near Chaudhuri Road following a social media post, leading to a communal disturbance around 03:28 PM."
772,100090033202600001,Culpable Homicide,Tumakuru,Charge Sheeted,Manan succumbed to injuries sustained during an altercation with Sai at Baral Zila near 01:40 PM.
773,300150059202500001,Cheating,Chikkamagaluru,Under Investigation,"Ladli paid Vansha an advance for services/goods that were never delivered, related to a transaction near Bahri Street."
774,100080030202500004,Unlawful Assembly,Ballari,Closed - Undetected,A group led by Harinakshi gathered unlawfully near Pingle Zila around 01:41 AM and caused a public nuisance.
775,100130050202500004,Possession of Narcotics,Raichur,Under Investigation,"During a routine vehicle check near Sahni, Amol was found in possession of a commercial quantity of contraband substance around 07:15 PM."
776,100190073202500003,Cheating,Chitradurga,Charge Sheeted,"Gaurangi paid Azad an advance for services/goods that were never delivered, related to a transaction near Anne Street."
777,100180070202600005,Unlawful Assembly,Kolar,Charge Sheeted,A group led by Upma gathered unlawfully near Rama Marg around 11:30 PM and caused a public nuisance.
778,100040016202400002,Attempt to Murder,Mangaluru (Dakshina Kannada),Under Investigation,"Vrinda allegedly attacked Reyansh with a country-made pistol at Loke Road around 08:04 PM, causing serious injuries. The victim was rushed to hospital and is under treatment."
779,100040016202500003,Counterfeiting,Mangaluru (Dakshina Kannada),Closed - False Case,Police recovered counterfeit currency notes from Agastya during a check near Bobal Path.
780,100130053202300002,Forgery,Raichur,Charge Sheeted,Quincy discovered that Gavin had forged signatures on property documents related to land in Aggarwal Zila.
781,800120046202500001,Drug Trafficking,Vijayapura,Under Investigation,"Acting on a tip-off, police intercepted Warhi near Grewal and recovered narcotics being transported for sale."
782,100050021202500006,Murder,Belagavi,Convicted,"The complainant states that the accused Rachit attacked Raghav with a iron rod near Kari Path following a dispute, resulting in death. Body was found at the scene around 04:03 AM."
783,100100038202600007,Arms Act Violation,Shivamogga,Under Investigation,Dhruv was found in possession of an unlicensed wooden stick during a check near Bhatnagar Nagar.
784,100200077202400001,Dowry Harassment,Bidar,Closed - False Case,Janaki has alleged continuous harassment for additional dowry by Dominic and in-laws at the matrimonial home in Lala.
785,100100038202600008,Rioting,Shivamogga,Closed - Undetected,"A clash broke out between two groups near Rau Path around 01:47 AM, resulting in property damage and minor injuries."
786,100050020202500004,Criminal Trespass,Belagavi,Charge Sheeted,Lakshmi entered the premises at Ratta Street without permission and refused to leave when asked by Edhitha.
787,100010003202300003,Culpable Homicide,Bengaluru Urban,Charge Sheeted,Mahika succumbed to injuries sustained during an altercation with Urmi at Madan Street near 08:35 AM.
788,100040014202600005,Illicit Liquor,Mangaluru (Dakshina Kannada),Charge Sheeted,Ekalinga was found manufacturing/selling illicit liquor from premises at Sood Path.
789,100010004202600002,Communal Disturbance,Bengaluru Urban,Under Investigation,"Tension arose near Sanghvi Road following a social media post, leading to a communal disturbance around 08:16 AM."
790,100020009202500007,Kidnapping of Women,Bengaluru Rural,Charge Sheeted,Dev was allegedly abducted by Andrew near Pingle Chowk around 11:55 PM while returning home.
791,100080030202500005,Motor Vehicles Act Violation,Ballari,Charge Sheeted,Vrinda was found driving a mobile phone at Singhal without a valid licence and in a rash manner endangering pedestrians around 01:47 PM.
792,100200077202500003,Online Financial Fraud,Bidar,Convicted,Reyansh received a call from an unidentified person claiming to be a bank official and lost money via UPI transfer after sharing an OTP. Transaction traced to an account linked to Patla Street.
793,100190073202400008,Excise Act Violation,Chitradurga,Under Investigation,Krisha was found transporting liquor without a valid permit near Apte Marg around 11:26 PM.
794,100100038202600009,Drug Trafficking,Shivamogga,Closed - False Case,"Acting on a tip-off, police intercepted Dipta near Mahal Zila and recovered narcotics being transported for sale."
795,100040017202600004,Forgery,Mangaluru (Dakshina Kannada),Closed - Undetected,Jatin discovered that Charles had forged signatures on property documents related to land in Sood Path.
796,100150059202600002,Possession of Narcotics,Chikkamagaluru,Pending Trial,"During a routine vehicle check near Narain Street, Meghana was found in possession of a commercial quantity of contraband substance around 12:42 AM."
797,800100038202500001,Unlawful Assembly,Shivamogga,Closed - False Case,A group led by Logan gathered unlawfully near Chaudry Street around 12:23 PM and caused a public nuisance.
798,100190074202600007,Social Media Abuse,Chitradurga,Under Investigation,Saumya reports that Nathan created a fake profile impersonating her and posted defamatory content on social media.
799,100200077202300009,Counterfeiting,Bidar,Pending Trial,Police recovered counterfeit currency notes from Viraj during a check near Devan Street.
800,100090035202300003,Arms Act Violation,Tumakuru,Closed - False Case,Balendra was found in possession of an unlicensed knife during a check near Karpe Ganj.
801,100130051202500003,Dowry Harassment,Raichur,Under Investigation,Nitesh has alleged continuous harassment for additional dowry by Mekhala and in-laws at the matrimonial home in Doshi Ganj.
802,100100038202300006,Motor Vehicles Act Violation,Shivamogga,Under Investigation,Qasim was found driving a cash bag at Barman Zila without a valid licence and in a rash manner endangering pedestrians around 08:56 AM.
803,100040014202500005,Social Media Abuse,Mangaluru (Dakshina Kannada),Acquitted,Teerth reports that Yasti created a fake profile impersonating her and posted defamatory content on social media.
804,100200077202300010,Rioting,Bidar,Under Investigation,"A clash broke out between two groups near Mahal Nagar around 08:51 AM, resulting in property damage and minor injuries."
805,100170067202300007,Domestic Violence,Mandya,Closed - False Case,Chatresh has reported repeated physical abuse by Jhalak at the shared household in Halder Ganj.
806,100010004202600003,Excise Act Violation,Bengaluru Urban,Closed - Undetected,Lucky was found transporting liquor without a valid permit near Shan Road around 07:03 PM.
807,100140056202600002,Unlawful Assembly,Udupi,Under Investigation,A group led by Varsha gathered unlawfully near Dua Zila around 09:45 PM and caused a public nuisance.
808,100200076202500002,Attempt to Murder,Bidar,Closed - Undetected,"Arjun allegedly attacked Amara with a wooden stick at Guha Road around 01:56 PM, causing serious injuries. The victim was rushed to hospital and is under treatment."
809,800100037202400001,Social Media Abuse,Shivamogga,Under Investigation,Tanmayi reports that Urmi created a fake profile impersonating her and posted defamatory content on social media.
810,100100037202500006,Dacoity,Shivamogga,Under Investigation,A gang of five to six persons armed with knifes robbed the Master Path of cash and a gold chain around 11:39 PM.
811,100060024202400004,Arms Act Violation,Kalaburagi,Closed - Undetected,Brijesh was found in possession of an unlicensed wooden stick during a check near Toor Path.
812,800180071202500001,Robbery,Kolar,Closed - False Case,"A group of unidentified men robbed Nitesh of a gold chain near Suresh Path, threatening with a sickle."
813,100140055202500002,Domestic Violence,Udupi,Closed - Undetected,Upkaar has reported repeated physical abuse by Sudiksha at the shared household in Guha Street.
814,100090034202600006,Sexual Assault,Tumakuru,Closed - Undetected,Rayaan has alleged that Arjun sexually assaulted her at Balasubramanian Nagar around 04:30 AM. Medical examination has been conducted.
815,100150061202500003,Hacking,Chikkamagaluru,Closed - Undetected,Pahal's email/social media account was accessed without authorization; unusual login activity was traced to an IP address outside Anne Marg.
816,100100037202400003,Unlawful Assembly,Shivamogga,Convicted,A group led by Pahal gathered unlawfully near Panchal around 06:59 PM and caused a public nuisance.
817,100150058202600003,Domestic Violence,Chikkamagaluru,Charge Sheeted,Fitan has reported repeated physical abuse by Yatan at the shared household in Sha Zila.
818,100030012202300005,Rioting,Mysuru,Acquitted,"A clash broke out between two groups near Roy Ganj around 01:27 PM, resulting in property damage and minor injuries."
819,100070027202400007,Social Media Abuse,Hubballi-Dharwad,Closed - Undetected,Ubika reports that Anvi created a fake profile impersonating her and posted defamatory content on social media.
820,100160065202400004,Identity Theft,Hassan,Charge Sheeted,Bina discovered that Garima had used her Aadhaar/PAN details to fraudulently open an account in Choudhary Marg.
821,100120045202500003,Domestic Violence,Vijayapura,Under Investigation,Wakeeta has reported repeated physical abuse by Veer at the shared household in D’Alia Chowk.
822,100120046202300002,Illicit Liquor,Vijayapura,Pending Trial,Rajata was found manufacturing/selling illicit liquor from premises at Sami Circle.
823,100170068202500005,Criminal Trespass,Mandya,Charge Sheeted,Gabriel entered the premises at Grover without permission and refused to leave when asked by Neel.
824,100160063202600005,Burglary,Hassan,Closed - False Case,Unknown persons broke into the premises at Din Ganj during the night and decamped with a two-wheeler. Entry appears to have been made by breaking a window lock.
825,300140055202300003,Criminal Breach of Trust,Udupi,Under Investigation,"Hardik, entrusted with funds belonging to Tanish for a joint venture, allegedly misappropriated the amount."
826,100060023202300005,Murder,Kalaburagi,Under Investigation,"The complainant states that the accused Brijesh attacked Rachana with a country-made pistol near Rana Path following a dispute, resulting in death. Body was found at the scene around 12:55 PM."
827,100100037202500007,Murder,Shivamogga,Under Investigation,"The complainant states that the accused Nakul attacked Niharika with a sharp weapon near Verma Ganj following a dispute, resulting in death. Body was found at the scene around 12:09 PM."
828,100180070202600006,Criminal Breach of Trust,Kolar,Closed - False Case,"Frado, entrusted with funds belonging to Dominic for a joint venture, allegedly misappropriated the amount."
829,100200076202500003,Hacking,Bidar,Closed - False Case,Upma's email/social media account was accessed without authorization; unusual login activity was traced to an IP address outside Raju Chowk.
830,100010003202500002,Forgery,Bengaluru Urban,Charge Sheeted,Vedant discovered that Dhriti had forged signatures on property documents related to land in Khatri Path.
831,100110040202300005,Communal Disturbance,Davanagere,Charge Sheeted,"Tension arose near Nagi Path following a social media post, leading to a communal disturbance around 03:01 AM."
832,800180070202400001,Criminal Breach of Trust,Kolar,Charge Sheeted,"Watika, entrusted with funds belonging to Qadim for a joint venture, allegedly misappropriated the amount."
833,100180071202400007,Cheating,Kolar,Under Investigation,"Aarush paid Ekalinga an advance for services/goods that were never delivered, related to a transaction near Kumar Ganj."
834,100100038202500003,Murder,Shivamogga,Under Investigation,Yasti was found dead with injuries consistent with a sharp weapon at Lata Ganj. Neighbours reported a quarrel between Yasti and Osha shortly before 07:39 PM.
835,100070026202400005,Kidnapping of Women,Hubballi-Dharwad,Closed - False Case,Janaki was allegedly abducted by Chatura near Boase Nagar around 06:39 AM while returning home.
836,800170068202300001,Attempt to Murder,Mandya,Charge Sheeted,"Aradhana allegedly attacked Geetika with a country-made pistol at Sani Road around 05:57 AM, causing serious injuries. The victim was rushed to hospital and is under treatment."
837,100200076202400004,Rioting,Bidar,Under Investigation,"A clash broke out between two groups near Dash Chowk around 03:37 AM, resulting in property damage and minor injuries."
838,100150060202500003,Kidnapping of Women,Chikkamagaluru,Under Investigation,Ati was allegedly abducted by Hredhaan near Khare Nagar around 02:48 PM while returning home.
839,100190073202500004,Arms Act Violation,Chitradurga,Charge Sheeted,Lajita was found in possession of an unlicensed country-made pistol during a check near Magar Nagar.
840,100150060202400006,Attempt to Murder,Chikkamagaluru,Closed - Undetected,"Netra allegedly attacked Om with a country-made pistol at Kamdar Ganj around 09:32 AM, causing serious injuries. The victim was rushed to hospital and is under treatment."
841,100080030202300008,Counterfeiting,Ballari,Under Investigation,Police recovered counterfeit currency notes from Panini during a check near Sarkar Zila.
842,100100038202400007,Communal Disturbance,Shivamogga,Charge Sheeted,"Tension arose near Patla Marg following a social media post, leading to a communal disturbance around 07:44 PM."
843,100190073202600008,Online Financial Fraud,Chitradurga,Under Investigation,Arya received a call from an unidentified person claiming to be a bank official and lost money via UPI transfer after sharing an OTP. Transaction traced to an account linked to Rout Ganj.
844,300020008202300002,Dacoity,Bengaluru Rural,Under Investigation,A gang of five to six persons armed with wooden sticks robbed the Bose Ganj of cash and a gold chain around 07:43 PM.
845,100120045202300004,Counterfeiting,Vijayapura,Under Investigation,Police recovered counterfeit currency notes from Meera during a check near Ganesh Street.
846,100060024202400005,Culpable Homicide,Kalaburagi,Closed - Undetected,Aadi succumbed to injuries sustained during an altercation with Bhavna at Wadhwa Chowk near 01:38 PM.
847,100170068202300004,Social Media Abuse,Mandya,Charge Sheeted,Chanchal reports that Jack created a fake profile impersonating her and posted defamatory content on social media.
848,800040017202300001,Rioting,Mangaluru (Dakshina Kannada),Charge Sheeted,"A clash broke out between two groups near Sengupta Street around 10:32 AM, resulting in property damage and minor injuries."
849,100070026202300003,Rioting,Hubballi-Dharwad,Pending Trial,"A clash broke out between two groups near Sheth Ganj around 02:20 AM, resulting in property damage and minor injuries."
850,100080029202500002,Cheating,Ballari,Charge Sheeted,"Rachita paid Faras an advance for services/goods that were never delivered, related to a transaction near Menon."
851,100190074202300004,Communal Disturbance,Chitradurga,Charge Sheeted,"Tension arose near Mukherjee Ganj following a social media post, leading to a communal disturbance around 02:48 PM."
852,100170068202300005,Dacoity,Mandya,Under Investigation,A gang of five to six persons armed with wooden sticks robbed the Raval Chowk of cash and a cash bag around 08:06 PM.
853,100060024202300003,Possession of Narcotics,Kalaburagi,Closed - Undetected,"During a routine vehicle check near Varkey Marg, Vinaya was found in possession of a commercial quantity of contraband substance around 09:57 AM."
854,100190074202400003,Communal Disturbance,Chitradurga,Closed - Undetected,"Tension arose near Hayer Street following a social media post, leading to a communal disturbance around 01:46 PM."
855,300030011202500001,Culpable Homicide,Mysuru,Closed - Undetected,Nihal succumbed to injuries sustained during an altercation with Baljiwan at Subramanian Road near 01:45 AM.
856,100150058202400002,Possession of Narcotics,Chikkamagaluru,Pending Trial,"During a routine vehicle check near Korpal Road, Zinal was found in possession of a commercial quantity of contraband substance around 04:18 AM."
857,100020008202300004,Unlawful Assembly,Bengaluru Rural,Closed - False Case,A group led by Yuvraj gathered unlawfully near Dua Chowk around 05:20 AM and caused a public nuisance.
858,100110041202600003,Grievous Hurt,Davanagere,Charge Sheeted,"A physical altercation between Dipta and Dominic at Sarin Nagar led to grievous injuries being caused with a sickle, around 12:09 AM."
859,100180071202500006,Hacking,Kolar,Pending Trial,Gauri's email/social media account was accessed without authorization; unusual login activity was traced to an IP address outside Morar Zila.
860,100110040202600003,Drug Trafficking,Davanagere,Closed - Undetected,"Acting on a tip-off, police intercepted Eta near Puri and recovered narcotics being transported for sale."
861,800040015202300001,Murder,Mangaluru (Dakshina Kannada),Under Investigation,"The complainant states that the accused Charan attacked Max with a knife near Sinha Nagar following a dispute, resulting in death. Body was found at the scene around 01:08 AM."
862,100190073202300009,Counterfeiting,Chitradurga,Charge Sheeted,Police recovered counterfeit currency notes from Fitan during a check near Acharya Nagar.
863,100190073202400009,Rioting,Chitradurga,Pending Trial,"A clash broke out between two groups near Kapur around 07:39 AM, resulting in property damage and minor injuries."
864,100190074202400004,Culpable Homicide,Chitradurga,Pending Trial,Damini succumbed to injuries sustained during an altercation with Chaaya at Sahota Marg near 10:19 PM.
865,100020008202500003,Excise Act Violation,Bengaluru Rural,Charge Sheeted,Daniel was found transporting liquor without a valid permit near Dalal around 03:05 PM.
866,800020008202400001,Arms Act Violation,Bengaluru Rural,Under Investigation,Vasatika was found in possession of an unlicensed sickle during a check near Rout Marg.
867,800190073202600001,Arms Act Violation,Chitradurga,Closed - False Case,Zayyan was found in possession of an unlicensed wooden stick during a check near Grover Marg.
868,100160064202400005,Excise Act Violation,Hassan,Under Investigation,Abhimanyu was found transporting liquor without a valid permit near Krishna Street around 04:06 PM.
869,100100038202400008,Drug Trafficking,Shivamogga,Closed - Undetected,"Acting on a tip-off, police intercepted Arunima near Gole Ganj and recovered narcotics being transported for sale."
870,100170068202600004,Communal Disturbance,Mandya,Closed - Undetected,"Tension arose near Kakar Ganj following a social media post, leading to a communal disturbance around 11:58 AM."
871,100120047202600004,Excise Act Violation,Vijayapura,Closed - False Case,Bina was found transporting liquor without a valid permit near Shan Circle around 09:12 AM.
872,100010003202500003,Motor Vehicles Act Violation,Bengaluru Urban,Under Investigation,Omisha was found driving a laptop at Kashyap Chowk without a valid licence and in a rash manner endangering pedestrians around 05:51 AM.
873,100140056202600003,Hacking,Udupi,Acquitted,Veer's email/social media account was accessed without authorization; unusual login activity was traced to an IP address outside Lanka Marg.
874,100190073202500005,Excise Act Violation,Chitradurga,Under Investigation,Faqid was found transporting liquor without a valid permit near Wason Road around 01:24 AM.
875,100090035202300004,Identity Theft,Tumakuru,Closed - False Case,Yatan discovered that Varsha had used her Aadhaar/PAN details to fraudulently open an account in Chaudhary Nagar.
876,300150061202300001,Theft,Chikkamagaluru,Under Investigation,The complainant reports that unidentified persons stole a cash bag from Biswas Circle sometime around 05:11 PM. No eyewitnesses have come forward yet.
877,100200076202400005,Sexual Assault,Bidar,Under Investigation,Siya has alleged that Geetika sexually assaulted her at Tella Zila around 05:27 PM. Medical examination has been conducted.
878,100120048202600002,Sexual Assault,Vijayapura,Under Investigation,Ishani has alleged that George sexually assaulted her at Goda Path around 04:39 PM. Medical examination has been conducted.
879,800020008202600001,Unlawful Assembly,Bengaluru Rural,Closed - Undetected,A group led by Rachana gathered unlawfully near Vala Zila around 06:05 AM and caused a public nuisance.
880,100140055202300003,Arms Act Violation,Udupi,Under Investigation,Benjamin was found in possession of an unlicensed country-made pistol during a check near Sethi Nagar.
881,100030012202600003,Unlawful Assembly,Mysuru,Closed - False Case,A group led by Jackson gathered unlawfully near Deshpande around 05:41 PM and caused a public nuisance.
882,100080030202600005,Criminal Trespass,Ballari,Closed - Undetected,Christopher entered the premises at Devan Road without permission and refused to leave when asked by Hredhaan.
883,100050021202600002,Social Media Abuse,Belagavi,Pending Trial,Wishi reports that Darika created a fake profile impersonating her and posted defamatory content on social media.
884,100160065202500003,Domestic Violence,Hassan,Pending Trial,Laksh has reported repeated physical abuse by Harish at the shared household in Comar Path.
885,100010003202600004,Domestic Violence,Bengaluru Urban,Charge Sheeted,Fariq has reported repeated physical abuse by Chameli at the shared household in Mishra Circle.
886,100010006202500001,Grievous Hurt,Bengaluru Urban,Under Investigation,"A physical altercation between Hredhaan and Aayush at Basak Chowk led to grievous injuries being caused with a sharp weapon, around 11:35 PM."
887,300060024202500001,Dowry Harassment,Kalaburagi,Under Investigation,Om has alleged continuous harassment for additional dowry by Qasim and in-laws at the matrimonial home in Chawla.
888,100040017202400004,Cheating,Mangaluru (Dakshina Kannada),Pending Trial,"Anjali paid Raghav an advance for services/goods that were never delivered, related to a transaction near Khanna Chowk."
889,100110042202400002,Drug Trafficking,Davanagere,Closed - Undetected,"Acting on a tip-off, police intercepted Hemangini near Ravel Street and recovered narcotics being transported for sale."
890,100180071202400008,Culpable Homicide,Kolar,Under Investigation,Jagdish succumbed to injuries sustained during an altercation with Yuvraj at Baria Street near 11:50 PM.
891,100020008202300005,Kidnapping of Women,Bengaluru Rural,Under Investigation,Tejas was allegedly abducted by Aradhana near Agate Zila around 07:00 AM while returning home.
892,100070026202300004,Cheating,Hubballi-Dharwad,Under Investigation,"Ekta paid Nirja an advance for services/goods that were never delivered, related to a transaction near Venkataraman Marg."
893,100160065202500004,Culpable Homicide,Hassan,Under Investigation,Vrishti succumbed to injuries sustained during an altercation with Vrinda at Sarkar Road near 04:07 AM.
894,100200077202500004,Burglary,Bidar,Pending Trial,Unknown persons broke into the premises at Mander Street during the night and decamped with a gold chain. Entry appears to have been made by breaking a window lock.
895,100160064202300005,Possession of Narcotics,Hassan,Closed - Undetected,"During a routine vehicle check near Mitter Path, Suhani was found in possession of a commercial quantity of contraband substance around 11:39 AM."
896,100110040202300006,Dowry Harassment,Davanagere,Charge Sheeted,Thomas has alleged continuous harassment for additional dowry by Raksha and in-laws at the matrimonial home in Badal Street.
897,100130053202600002,Kidnapping of Women,Raichur,Under Investigation,Aachal was allegedly abducted by Hardik near Varty Road around 02:11 PM while returning home.
898,100040017202300005,Social Media Abuse,Mangaluru (Dakshina Kannada),Under Investigation,Aarush reports that Manthan created a fake profile impersonating her and posted defamatory content on social media.
899,100190074202300005,Robbery,Chitradurga,Charge Sheeted,"A group of unidentified men robbed Ikbal of a two-wheeler near Krishnamurthy Marg, threatening with a knife."
900,100130051202300005,Unlawful Assembly,Raichur,Convicted,A group led by Amol gathered unlawfully near Chauhan Zila around 10:27 AM and caused a public nuisance.
901,100150059202400005,Unlawful Assembly,Chikkamagaluru,Under Investigation,A group led by Nilima gathered unlawfully near Mand Zila around 03:43 AM and caused a public nuisance.
902,100090035202600004,Rioting,Tumakuru,Pending Trial,"A clash broke out between two groups near Malhotra Chowk around 11:55 AM, resulting in property damage and minor injuries."
903,100100038202400009,Culpable Homicide,Shivamogga,Under Investigation,Sneha succumbed to injuries sustained during an altercation with Nitesh at Chatterjee Nagar near 04:59 PM.
904,100120045202300005,Motor Vehicles Act Violation,Vijayapura,Closed - False Case,Triveni was found driving a gold chain at Sengupta Nagar without a valid licence and in a rash manner endangering pedestrians around 10:56 AM.
905,100100037202300009,Domestic Violence,Shivamogga,Convicted,Chandani has reported repeated physical abuse by Rachana at the shared household in Bhatnagar Street.
906,400100038202500002,Identity Theft,Shivamogga,Under Investigation,Ikbal discovered that Frado had used her Aadhaar/PAN details to fraudulently open an account in Kakar Street.
907,800160064202300001,Online Financial Fraud,Hassan,Under Investigation,Ojas received a call from an unidentified person claiming to be a bank official and lost money via UPI transfer after sharing an OTP. Transaction traced to an account linked to Wali Circle.
908,300110042202600001,Kidnapping of Women,Davanagere,Under Investigation,Tanveer was allegedly abducted by Saumya near Gera Marg around 01:29 AM while returning home.
909,100090034202400004,Unlawful Assembly,Tumakuru,Charge Sheeted,A group led by Krishna gathered unlawfully near Vasa Nagar around 11:32 PM and caused a public nuisance.
910,100160063202400002,Motor Vehicles Act Violation,Hassan,Under Investigation,Aashi was found driving a two-wheeler at Natarajan Road without a valid licence and in a rash manner endangering pedestrians around 03:05 PM.
911,100170067202600006,Culpable Homicide,Mandya,Pending Trial,Pahal succumbed to injuries sustained during an altercation with Faris at Sharma Path near 10:40 PM.
912,100060023202300006,Motor Vehicles Act Violation,Kalaburagi,Under Investigation,Ekantika was found driving a mobile phone at Bumb Street without a valid licence and in a rash manner endangering pedestrians around 05:50 AM.
913,100010005202600004,Robbery,Bengaluru Urban,Closed - False Case,"Ira accosted Mason near Raghavan Path around 01:51 AM, snatched a wallet at knife-point, and fled on a two-wheeler."
914,100190073202500006,Burglary,Chitradurga,Closed - False Case,Unknown persons broke into the premises at Mani Street during the night and decamped with a gold chain. Entry appears to have been made by breaking a window lock.
915,100010005202600005,Dowry Harassment,Bengaluru Urban,Under Investigation,Hemani has alleged continuous harassment for additional dowry by Harita and in-laws at the matrimonial home in Pathak Zila.
916,100180070202400009,Online Financial Fraud,Kolar,Under Investigation,Nitara received a call from an unidentified person claiming to be a bank official and lost money via UPI transfer after sharing an OTP. Transaction traced to an account linked to Vaidya Road.
917,100080030202400008,Excise Act Violation,Ballari,Pending Trial,Triveni was found transporting liquor without a valid permit near Pant around 08:15 AM.
918,400140055202500001,Identity Theft,Udupi,Under Investigation,Abdul discovered that Advika had used her Aadhaar/PAN details to fraudulently open an account in Goel Road.
919,800180071202400001,Culpable Homicide,Kolar,Pending Trial,Lohit succumbed to injuries sustained during an altercation with Mugdha at Merchant near 08:09 AM.
920,100140056202600004,Dacoity,Udupi,Under Investigation,A gang of five to six persons armed with wooden sticks robbed the Butala Road of cash and a mobile phone around 01:15 AM.
921,100120047202600005,Arms Act Violation,Vijayapura,Under Investigation,Darika was found in possession of an unlicensed wooden stick during a check near Mammen Marg.
922,100040016202300002,Culpable Homicide,Mangaluru (Dakshina Kannada),Convicted,Jyoti succumbed to injuries sustained during an altercation with Wyatt at Tella Circle near 11:20 AM.
923,100120046202500003,Theft,Vijayapura,Convicted,"Dakshesh's laptop was stolen from outside Jayaraman Ganj while unattended, around 05:54 PM."
924,100170068202600005,Arms Act Violation,Mandya,Convicted,Suhani was found in possession of an unlicensed iron rod during a check near Shukla Circle.
925,100130052202400005,Motor Vehicles Act Violation,Raichur,Charge Sheeted,Niharika was found driving a wallet at Bose Nagar without a valid licence and in a rash manner endangering pedestrians around 02:19 PM.
926,400120048202400001,Drug Trafficking,Vijayapura,Under Investigation,"Acting on a tip-off, police intercepted Joshua near Viswanathan and recovered narcotics being transported for sale."
927,100050020202500005,Grievous Hurt,Belagavi,Convicted,"A physical altercation between Aarush and Ojasvi at Kala led to grievous injuries being caused with a country-made pistol, around 09:50 AM."
928,100090035202500003,Criminal Breach of Trust,Tumakuru,Pending Trial,"Upkaar, entrusted with funds belonging to Brinda for a joint venture, allegedly misappropriated the amount."
929,100070027202400008,Kidnapping of Women,Hubballi-Dharwad,Closed - False Case,Yashasvi was allegedly abducted by Manbir near Khatri Zila around 12:21 PM while returning home.
930,100140056202500003,Identity Theft,Udupi,Charge Sheeted,Ansh discovered that Geetika had used her Aadhaar/PAN details to fraudulently open an account in Tailor Ganj.
931,100150059202600003,Illicit Liquor,Chikkamagaluru,Under Investigation,Zinal was found manufacturing/selling illicit liquor from premises at Patel Ganj.
932,300010006202300001,Identity Theft,Bengaluru Urban,Under Investigation,Tamanna discovered that Elijah had used her Aadhaar/PAN details to fraudulently open an account in Kala Path.
933,100150060202300002,Culpable Homicide,Chikkamagaluru,Pending Trial,Qadim succumbed to injuries sustained during an altercation with Rajata at Chopra near 03:59 AM.
934,800020008202500003,Communal Disturbance,Bengaluru Rural,Closed - Undetected,"Tension arose near Oommen Ganj following a social media post, leading to a communal disturbance around 04:47 PM."
935,100130052202600002,Arms Act Violation,Raichur,Convicted,Yashica was found in possession of an unlicensed country-made pistol during a check near Bhattacharyya Path.
936,100160065202500005,Possession of Narcotics,Hassan,Acquitted,"During a routine vehicle check near Salvi, Neha was found in possession of a commercial quantity of contraband substance around 11:53 AM."
937,100090035202400003,Robbery,Tumakuru,Under Investigation,"A group of unidentified men robbed Manan of a wallet near Chauhan, threatening with a knife."
938,100140055202600002,Murder,Udupi,Acquitted,Qushi was found dead with injuries consistent with a sharp weapon at Bhakta. Neighbours reported a quarrel between Qushi and Netra shortly before 11:09 PM.
939,100080029202600003,Murder,Ballari,Under Investigation,Thomas was found dead with injuries consistent with a sharp weapon at Pathak. Neighbours reported a quarrel between Thomas and Eshana shortly before 01:19 PM.
940,100180070202600007,Criminal Breach of Trust,Kolar,Closed - Undetected,"Radha, entrusted with funds belonging to Lucky for a joint venture, allegedly misappropriated the amount."
941,400120046202600001,Attempt to Murder,Vijayapura,Under Investigation,"Niharika allegedly attacked Hemangini with a country-made pistol at Kalita Zila around 02:46 AM, causing serious injuries. The victim was rushed to hospital and is under treatment."
942,100140055202600003,Identity Theft,Udupi,Charge Sheeted,Banjeet discovered that Ayushman had used her Aadhaar/PAN details to fraudulently open an account in Sridhar Street.
943,100160064202400006,Grievous Hurt,Hassan,Under Investigation,"A physical altercation between Atharv and Gaurika at Bhatti Nagar led to grievous injuries being caused with a wooden stick, around 06:40 PM."
944,100120045202300006,Criminal Trespass,Vijayapura,Under Investigation,Chatura entered the premises at Reddy Chowk without permission and refused to leave when asked by Ekanta.
945,100150059202400006,Unlawful Assembly,Chikkamagaluru,Convicted,A group led by Saanvi gathered unlawfully near Manda around 07:51 AM and caused a public nuisance.
946,100200077202600004,Unlawful Assembly,Bidar,Acquitted,A group led by Anirudh gathered unlawfully near Chanda Circle around 01:08 PM and caused a public nuisance.
947,100090032202500003,Forgery,Tumakuru,Charge Sheeted,Rushil discovered that Samaksh had forged signatures on property documents related to land in Kata Chowk.
948,100180071202600004,Burglary,Kolar,Charge Sheeted,Unknown persons broke into the premises at Kanda Zila during the night and decamped with a laptop. Entry appears to have been made by breaking a window lock.
949,800090034202600001,Social Media Abuse,Tumakuru,Under Investigation,Sara reports that Falan created a fake profile impersonating her and posted defamatory content on social media.
950,100050020202600003,Rioting,Belagavi,Charge Sheeted,"A clash broke out between two groups near Khalsa Nagar around 11:46 PM, resulting in property damage and minor injuries."
951,100010006202600001,Rioting,Bengaluru Urban,Charge Sheeted,"A clash broke out between two groups near Grover Street around 02:22 AM, resulting in property damage and minor injuries."
952,100050021202500007,Robbery,Belagavi,Pending Trial,"A group of unidentified men robbed Qabil of a wallet near Lal Ganj, threatening with a country-made pistol."
953,100070027202300005,Domestic Violence,Hubballi-Dharwad,Under Investigation,Peter has reported repeated physical abuse by Eiravati at the shared household in Balakrishnan Marg.
954,100110042202500001,Dacoity,Davanagere,Acquitted,A gang of five to six persons armed with sickles robbed the Taneja Marg of cash and a wallet around 12:25 AM.
955,800150061202500001,Illicit Liquor,Chikkamagaluru,Charge Sheeted,Sara was found manufacturing/selling illicit liquor from premises at Lanka Zila.
956,100060023202300007,Sexual Assault,Kalaburagi,Under Investigation,Balveer has alleged that Amrita sexually assaulted her at Sani Ganj around 01:47 PM. Medical examination has been conducted.
957,400020009202600001,Forgery,Bengaluru Rural,Acquitted,Kalpit discovered that Chanchal had forged signatures on property documents related to land in Nazareth.
958,100170067202500002,Robbery,Mandya,Closed - Undetected,"A group of unidentified men robbed Gavin of a two-wheeler near Keer Street, threatening with a knife."
959,100070026202400006,Domestic Violence,Hubballi-Dharwad,Under Investigation,Devansh has reported repeated physical abuse by Triya at the shared household in Wali Chowk.
960,300200077202400001,Drug Trafficking,Bidar,Under Investigation,"Acting on a tip-off, police intercepted Madhavi near Narula Marg and recovered narcotics being transported for sale."
961,100130052202400006,Attempt to Murder,Raichur,Charge Sheeted,"Quincy allegedly attacked Chaitaly with a wooden stick at Deol Ganj around 03:07 PM, causing serious injuries. The victim was rushed to hospital and is under treatment."
962,100130051202600003,Unlawful Assembly,Raichur,Closed - False Case,A group led by Lopa gathered unlawfully near Garg Street around 02:32 PM and caused a public nuisance.
963,300120048202400001,Culpable Homicide,Vijayapura,Under Investigation,Amol succumbed to injuries sustained during an altercation with Ekani at Mani Chowk near 09:22 AM.
964,100010004202500005,Drug Trafficking,Bengaluru Urban,Charge Sheeted,"Acting on a tip-off, police intercepted Baljiwan near Patla Zila and recovered narcotics being transported for sale."
965,100040016202300003,Forgery,Mangaluru (Dakshina Kannada),Under Investigation,Falak discovered that Samaksh had forged signatures on property documents related to land in Kalita Zila.
966,100090032202600003,Criminal Trespass,Tumakuru,Charge Sheeted,Edhitha entered the premises at Babu Nagar without permission and refused to leave when asked by Sara.
967,400200077202600001,Illicit Liquor,Bidar,Under Investigation,Jairaj was found manufacturing/selling illicit liquor from premises at Viswanathan.
968,100110043202300002,Kidnapping of Women,Davanagere,Closed - Undetected,Jalsa was allegedly abducted by Kai near Varkey Ganj around 12:02 PM while returning home.
969,100050020202300003,Domestic Violence,Belagavi,Closed - Undetected,Geetika has reported repeated physical abuse by Yashvi at the shared household in Mammen Path.
970,800010006202600001,Communal Disturbance,Bengaluru Urban,Under Investigation,"Tension arose near Dani Road following a social media post, leading to a communal disturbance around 06:43 PM."
971,100040016202500004,Unlawful Assembly,Mangaluru (Dakshina Kannada),Charge Sheeted,A group led by Brijesh gathered unlawfully near Mohanty Street around 07:37 PM and caused a public nuisance.
972,100170067202500003,Possession of Narcotics,Mandya,Closed - False Case,"During a routine vehicle check near Bandi Chowk, Harini was found in possession of a commercial quantity of contraband substance around 08:22 PM."
973,100060024202400006,Communal Disturbance,Kalaburagi,Charge Sheeted,"Tension arose near Ahuja Street following a social media post, leading to a communal disturbance around 05:04 PM."
974,300110043202600002,Excise Act Violation,Davanagere,Charge Sheeted,Dalaja was found transporting liquor without a valid permit near Chanda around 11:51 AM.
975,100130050202300004,Cheating,Raichur,Acquitted,"Noah paid Urishilla an advance for services/goods that were never delivered, related to a transaction near Venkataraman Marg."
976,100190074202300006,Culpable Homicide,Chitradurga,Closed - Undetected,Janani succumbed to injuries sustained during an altercation with Amaira at Deshmukh Chowk near 07:29 AM.
977,100190074202600008,Possession of Narcotics,Chitradurga,Under Investigation,"During a routine vehicle check near Savant Ganj, Tanveer was found in possession of a commercial quantity of contraband substance around 11:20 PM."
978,300050020202300001,Dowry Harassment,Belagavi,Charge Sheeted,Onveer has alleged continuous harassment for additional dowry by Harrison and in-laws at the matrimonial home in Narain Marg.
979,100200077202500005,Identity Theft,Bidar,Under Investigation,Vrinda discovered that Ubika had used her Aadhaar/PAN details to fraudulently open an account in Kanda Chowk.
980,100020009202500008,Dowry Harassment,Bengaluru Rural,Charge Sheeted,Jackson has alleged continuous harassment for additional dowry by Pranit and in-laws at the matrimonial home in Sarna Chowk.
981,100130053202300003,Online Financial Fraud,Raichur,Under Investigation,"Upadhriti was defrauded via a fake investment app promoted online, transferring funds over several weeks before realizing the platform was fraudulent."
982,100040014202300001,Unlawful Assembly,Mangaluru (Dakshina Kannada),Charge Sheeted,A group led by Mekhala gathered unlawfully near Guha Nagar around 08:01 PM and caused a public nuisance.
983,100080030202500006,Motor Vehicles Act Violation,Ballari,Closed - Undetected,Warjas was found driving a two-wheeler at Ramesh Circle without a valid licence and in a rash manner endangering pedestrians around 11:49 PM.
984,100110040202300007,Motor Vehicles Act Violation,Davanagere,Under Investigation,Imaran was found driving a gold chain at Bhavsar Chowk without a valid licence and in a rash manner endangering pedestrians around 06:44 AM.
985,100180071202300006,Identity Theft,Kolar,Closed - False Case,Vanya discovered that Aradhana had used her Aadhaar/PAN details to fraudulently open an account in Hans Circle.
986,100100037202400004,Domestic Violence,Shivamogga,Under Investigation,Chanakya has reported repeated physical abuse by Matthew at the shared household in D’Alia Street.
987,100110041202600004,Online Financial Fraud,Davanagere,Under Investigation,"Lavanya was defrauded via a fake investment app promoted online, transferring funds over several weeks before realizing the platform was fraudulent."
988,100080030202600006,Online Financial Fraud,Ballari,Closed - Undetected,"Agastya was defrauded via a fake investment app promoted online, transferring funds over several weeks before realizing the platform was fraudulent."
989,300090033202600002,Identity Theft,Tumakuru,Under Investigation,Aarav discovered that Tanish had used her Aadhaar/PAN details to fraudulently open an account in Pai.
990,100130052202600003,Murder,Raichur,Charge Sheeted,Damyanti was found dead with injuries consistent with a country-made pistol at Bala Ganj. Neighbours reported a quarrel between Damyanti and Kalpit shortly before 10:25 PM.
991,100150059202600004,Online Financial Fraud,Chikkamagaluru,Charge Sheeted,Darpan received a call from an unidentified person claiming to be a bank official and lost money via UPI transfer after sharing an OTP. Transaction traced to an account linked to Bhat.
992,300040015202600002,Excise Act Violation,Mangaluru (Dakshina Kannada),Closed - Undetected,Hredhaan was found transporting liquor without a valid permit near Nagarajan Path around 08:26 AM.
993,100150061202600003,Forgery,Chikkamagaluru,Charge Sheeted,Zaid discovered that Daniel had forged signatures on property documents related to land in Badal Zila.
994,100020009202300004,Murder,Bengaluru Rural,Under Investigation,Yatin was found dead with injuries consistent with a iron rod at Cherian Chowk. Neighbours reported a quarrel between Yatin and Zayan shortly before 02:21 PM.
995,100100037202500008,Social Media Abuse,Shivamogga,Charge Sheeted,Anya reports that Gautam created a fake profile impersonating her and posted defamatory content on social media.
996,100100037202500009,Excise Act Violation,Shivamogga,Under Investigation,Azaan was found transporting liquor without a valid permit near Oommen Zila around 05:30 PM.
997,100060024202300004,Theft,Kalaburagi,Charge Sheeted,The complainant reports that unidentified persons stole a laptop from Karnik Chowk sometime around 12:54 AM. No eyewitnesses have come forward yet.
998,100120048202500003,Social Media Abuse,Vijayapura,Charge Sheeted,Ryan reports that Nandini created a fake profile impersonating her and posted defamatory content on social media.
999,100100038202600010,Possession of Narcotics,Shivamogga,Under Investigation,"During a routine vehicle check near Ahluwalia Zila, Samarth was found in possession of a commercial quantity of contraband substance around 10:19 PM."
1000,100170067202500004,Hacking,Mandya,Charge Sheeted,Ira's email/social media account was accessed without authorization; unusual login activity was traced to an IP address outside Khosla Circle.
1001,100030012202300006,Arms Act Violation,Mysuru,Charge Sheeted,Sanya was found in possession of an unlicensed iron rod during a check near Sunder.
1002,100130053202600003,Cheating,Raichur,Charge Sheeted,"Brijesh paid Aadhya an advance for services/goods that were never delivered, related to a transaction near Thaker."
1003,800160064202600001,Online Financial Fraud,Hassan,Pending Trial,Reva received a call from an unidentified person claiming to be a bank official and lost money via UPI transfer after sharing an OTP. Transaction traced to an account linked to Raja Marg.
1004,300070026202400001,Excise Act Violation,Hubballi-Dharwad,Closed - Undetected,Vedhika was found transporting liquor without a valid permit near Bawa Road around 02:08 AM.
1005,300130052202500001,Unlawful Assembly,Raichur,Charge Sheeted,A group led by Sanaya gathered unlawfully near Bhavsar Nagar around 03:01 PM and caused a public nuisance.
1006,300110041202300002,Arms Act Violation,Davanagere,Charge Sheeted,Ayaan was found in possession of an unlicensed sharp weapon during a check near Chandran Road.
1007,100090034202600007,Kidnapping of Women,Tumakuru,Under Investigation,Fiyaz was allegedly abducted by Sai near Yogi Nagar around 02:20 AM while returning home.
1008,300070027202500001,Criminal Breach of Trust,Hubballi-Dharwad,Convicted,"Raksha, entrusted with funds belonging to Kashvi for a joint venture, allegedly misappropriated the amount."
1009,100070027202400009,Communal Disturbance,Hubballi-Dharwad,Under Investigation,"Tension arose near Rau Road following a social media post, leading to a communal disturbance around 01:36 AM."
1010,100080030202400009,Grievous Hurt,Ballari,Closed - Undetected,"A physical altercation between Manya and Ubika at Sood led to grievous injuries being caused with a country-made pistol, around 11:22 AM."
1011,100010005202400002,Murder,Bengaluru Urban,Charge Sheeted,"The complainant states that the accused Isha attacked Isaiah with a wooden stick near Basu Marg following a dispute, resulting in death. Body was found at the scene around 04:40 AM."
1012,100050019202400005,Culpable Homicide,Belagavi,Pending Trial,Qabil succumbed to injuries sustained during an altercation with Brinda at Sama Nagar near 09:26 AM.
1013,100010003202300004,Motor Vehicles Act Violation,Bengaluru Urban,Closed - False Case,Amaira was found driving a laptop at Vaidya Chowk without a valid licence and in a rash manner endangering pedestrians around 01:27 AM.
1014,100060023202300008,Counterfeiting,Kalaburagi,Closed - Undetected,Police recovered counterfeit currency notes from Aadi during a check near Kapadia Circle.
1015,400140056202400001,Dowry Harassment,Udupi,Under Investigation,Yachana has alleged continuous harassment for additional dowry by Vedant and in-laws at the matrimonial home in Barman.
1016,100080030202500007,Theft,Ballari,Convicted,"Isaiah's cash bag was stolen from outside Gade Path while unattended, around 11:08 AM."
1017,400050020202600001,Unlawful Assembly,Belagavi,Convicted,A group led by Ekani gathered unlawfully near Vaidya Circle around 01:51 AM and caused a public nuisance.
1018,100020009202300005,Theft,Bengaluru Rural,Under Investigation,"Maanav's wallet was stolen from outside Chatterjee Zila while unattended, around 04:02 AM."
1019,100150058202600004,Counterfeiting,Chikkamagaluru,Under Investigation,Police recovered counterfeit currency notes from Benjamin during a check near Agate Circle.
1020,100080030202300009,Grievous Hurt,Ballari,Closed - Undetected,"A physical altercation between Meera and Qasim at Lanka Marg led to grievous injuries being caused with a country-made pistol, around 09:39 AM."
1021,100170068202400001,Robbery,Mandya,Closed - Undetected,"Chandran accosted Dipta near Dash Zila around 06:56 PM, snatched a cash bag at knife-point, and fled on a two-wheeler."
1022,800050020202500001,Dowry Harassment,Belagavi,Convicted,Farhan has alleged continuous harassment for additional dowry by Pahal and in-laws at the matrimonial home in Karan Nagar.
1023,100170067202600007,Grievous Hurt,Mandya,Closed - Undetected,"A physical altercation between Ladli and Daksh at Amble Chowk led to grievous injuries being caused with a wooden stick, around 06:08 AM."
1024,100150058202500003,Illicit Liquor,Chikkamagaluru,Under Investigation,Krisha was found manufacturing/selling illicit liquor from premises at Mahal Marg.
1025,100100037202500010,Theft,Shivamogga,Closed - False Case,The complainant reports that unidentified persons stole a cash bag from Balakrishnan Circle sometime around 06:29 PM. No eyewitnesses have come forward yet.
1026,300200076202300001,Excise Act Violation,Bidar,Acquitted,Kala was found transporting liquor without a valid permit near Ravel Road around 03:45 AM.
1027,100050021202400005,Criminal Breach of Trust,Belagavi,Pending Trial,"Idika, entrusted with funds belonging to Gaurika for a joint venture, allegedly misappropriated the amount."
1028,800180070202600001,Arms Act Violation,Kolar,Pending Trial,Deepa was found in possession of an unlicensed country-made pistol during a check near Desai Marg.
1029,100180071202500007,Theft,Kolar,Closed - False Case,"George's laptop was stolen from outside Krishnamurthy Circle while unattended, around 10:21 AM."
1030,100030012202500001,Domestic Violence,Mysuru,Charge Sheeted,Joshua has reported repeated physical abuse by Rohan at the shared household in Ghose Zila.
1031,100010005202300001,Hacking,Bengaluru Urban,Charge Sheeted,Varenya's email/social media account was accessed without authorization; unusual login activity was traced to an IP address outside Sani Ganj.
1032,100100038202300007,Motor Vehicles Act Violation,Shivamogga,Convicted,Viraj was found driving a wallet at Nair Circle without a valid licence and in a rash manner endangering pedestrians around 10:44 AM.
1033,100070026202600004,Identity Theft,Hubballi-Dharwad,Pending Trial,Bhavika discovered that Unni had used her Aadhaar/PAN details to fraudulently open an account in Dhingra Path.
1034,100100038202500004,Drug Trafficking,Shivamogga,Under Investigation,"Acting on a tip-off, police intercepted Omkaar near Handa Nagar and recovered narcotics being transported for sale."
1035,300200077202600001,Murder,Bidar,Closed - Undetected,Yatin was found dead with injuries consistent with a country-made pistol at Narasimhan Road. Neighbours reported a quarrel between Yatin and Benjamin shortly before 02:51 AM.
1036,100150061202500004,Online Financial Fraud,Chikkamagaluru,Closed - Undetected,Advik received a call from an unidentified person claiming to be a bank official and lost money via UPI transfer after sharing an OTP. Transaction traced to an account linked to Varma Zila.
1037,100140055202600004,Criminal Trespass,Udupi,Closed - Undetected,Jagvi entered the premises at Lala Road without permission and refused to leave when asked by Aachal.
1038,100130050202600001,Possession of Narcotics,Raichur,Under Investigation,"During a routine vehicle check near Kumer Circle, Yadavi was found in possession of a commercial quantity of contraband substance around 02:36 AM."
1039,100050019202500004,Culpable Homicide,Belagavi,Acquitted,Parth succumbed to injuries sustained during an altercation with Amrita at Jani Street near 07:51 AM.
1040,100070027202600005,Communal Disturbance,Hubballi-Dharwad,Charge Sheeted,"Tension arose near Varma Circle following a social media post, leading to a communal disturbance around 03:17 PM."
1041,300040014202600001,Criminal Breach of Trust,Mangaluru (Dakshina Kannada),Under Investigation,"Triya, entrusted with funds belonging to Libni for a joint venture, allegedly misappropriated the amount."
1042,100040015202400002,Hacking,Mangaluru (Dakshina Kannada),Under Investigation,Ranbir's email/social media account was accessed without authorization; unusual login activity was traced to an IP address outside Chander Marg.
1043,100020009202400003,Online Financial Fraud,Bengaluru Rural,Closed - Undetected,Lakshit received a call from an unidentified person claiming to be a bank official and lost money via UPI transfer after sharing an OTP. Transaction traced to an account linked to More Path.
1044,100060023202300009,Grievous Hurt,Kalaburagi,Acquitted,"A physical altercation between Aarush and Qabil at Mallick Path led to grievous injuries being caused with a iron rod, around 04:25 PM."
1045,100150060202400007,Social Media Abuse,Chikkamagaluru,Closed - Undetected,George reports that Ethan created a fake profile impersonating her and posted defamatory content on social media.
1046,100010006202600002,Illicit Liquor,Bengaluru Urban,Convicted,Mohini was found manufacturing/selling illicit liquor from premises at Luthra.
1047,100050020202600004,Possession of Narcotics,Belagavi,Closed - Undetected,"During a routine vehicle check near Kaur Circle, Alexander was found in possession of a commercial quantity of contraband substance around 01:26 AM."
1048,100030012202500002,Robbery,Mysuru,Closed - False Case,"A group of unidentified men robbed Januja of a gold chain near Sanghvi Path, threatening with a sickle."
1049,100170067202300008,Drug Trafficking,Mandya,Charge Sheeted,"Acting on a tip-off, police intercepted Gagan near Sankar Street and recovered narcotics being transported for sale."
1050,100050019202300005,Theft,Belagavi,Convicted,"Jyoti's mobile phone was stolen from outside Shenoy Zila while unattended, around 05:27 AM."
1051,800090033202600001,Identity Theft,Tumakuru,Under Investigation,Vidhi discovered that Tanmayi had used her Aadhaar/PAN details to fraudulently open an account in Chana Road.
1052,100050020202500006,Cheating,Belagavi,Closed - Undetected,"Rajata paid Amaira an advance for services/goods that were never delivered, related to a transaction near Gaba Street."
1053,300170068202500001,Illicit Liquor,Mandya,Under Investigation,Kashish was found manufacturing/selling illicit liquor from premises at Bath Chowk.
1054,100060023202600004,Counterfeiting,Kalaburagi,Charge Sheeted,Police recovered counterfeit currency notes from Aarnav during a check near Dhaliwal.
1055,100150059202500004,Counterfeiting,Chikkamagaluru,Under Investigation,Police recovered counterfeit currency notes from Nimrat during a check near Bera Road.
1056,100010003202300005,Culpable Homicide,Bengaluru Urban,Closed - False Case,Zinal succumbed to injuries sustained during an altercation with Zansi at Dyal Street near 08:39 AM.
1057,100200076202300002,Robbery,Bidar,Closed - False Case,"Laban accosted Gautam near Bora Marg around 02:44 AM, snatched a laptop at knife-point, and fled on a two-wheeler."
1058,100080030202400010,Arms Act Violation,Ballari,Charge Sheeted,Kamya was found in possession of an unlicensed wooden stick during a check near Gokhale Nagar.
1059,100010004202300004,Social Media Abuse,Bengaluru Urban,Convicted,Divya reports that Quincy created a fake profile impersonating her and posted defamatory content on social media.
1060,100050021202600003,Theft,Belagavi,Under Investigation,The complainant reports that unidentified persons stole a cash bag from Murthy Marg sometime around 02:47 PM. No eyewitnesses have come forward yet.
1061,100180071202600005,Social Media Abuse,Kolar,Closed - False Case,Upadhriti reports that Odika created a fake profile impersonating her and posted defamatory content on social media.
1062,100140056202300008,Murder,Udupi,Under Investigation,"The complainant states that the accused Fitan attacked Deepa with a wooden stick near Bobal Ganj following a dispute, resulting in death. Body was found at the scene around 10:36 PM."
1063,100130051202400004,Murder,Raichur,Pending Trial,"The complainant states that the accused Upadhriti attacked Ekapad with a sickle near Kala Road following a dispute, resulting in death. Body was found at the scene around 01:54 PM."
1064,100090034202300002,Excise Act Violation,Tumakuru,Charge Sheeted,Sara was found transporting liquor without a valid permit near Kanda Ganj around 04:27 AM.
1065,300080030202400001,Kidnapping of Women,Ballari,Charge Sheeted,Champak was allegedly abducted by Ganga near Bera Path around 08:10 AM while returning home.
1066,100030012202300007,Murder,Mysuru,Convicted,Saumya was found dead with injuries consistent with a sickle at Buch Path. Neighbours reported a quarrel between Saumya and Gautami shortly before 06:08 AM.
1067,100140056202600005,Counterfeiting,Udupi,Charge Sheeted,Police recovered counterfeit currency notes from Brijesh during a check near More Chowk.
1068,100180071202400009,Hacking,Kolar,Acquitted,Lopa's email/social media account was accessed without authorization; unusual login activity was traced to an IP address outside Ganguly Street.
1069,100150061202500005,Drug Trafficking,Chikkamagaluru,Convicted,"Acting on a tip-off, police intercepted Advaith near Sahni Street and recovered narcotics being transported for sale."
1070,100030011202600005,Illicit Liquor,Mysuru,Closed - False Case,Idika was found manufacturing/selling illicit liquor from premises at Lad.
1071,100180071202400010,Murder,Kolar,Closed - Undetected,"The complainant states that the accused Vihaan attacked Ayaan with a sharp weapon near Bava Zila following a dispute, resulting in death. Body was found at the scene around 05:11 PM."
1072,300140055202300004,Drug Trafficking,Udupi,Under Investigation,"Acting on a tip-off, police intercepted Tanish near Bath Marg and recovered narcotics being transported for sale."
1073,100150061202300003,Criminal Breach of Trust,Chikkamagaluru,Charge Sheeted,"Yagnesh, entrusted with funds belonging to Hiral for a joint venture, allegedly misappropriated the amount."
1074,300010006202300002,Possession of Narcotics,Bengaluru Urban,Closed - False Case,"During a routine vehicle check near Lall Chowk, Reva was found in possession of a commercial quantity of contraband substance around 11:53 PM."
1075,400100038202300001,Cheating,Shivamogga,Pending Trial,"Tara paid Krishna an advance for services/goods that were never delivered, related to a transaction near Natt Street."
1076,100160065202300003,Murder,Hassan,Under Investigation,Ladli was found dead with injuries consistent with a wooden stick at De Road. Neighbours reported a quarrel between Ladli and Dhriti shortly before 02:03 PM.
1077,800070027202600003,Cheating,Hubballi-Dharwad,Pending Trial,"Timothy paid Darika an advance for services/goods that were never delivered, related to a transaction near Chandran Path."
1078,100100037202400005,Attempt to Murder,Shivamogga,Charge Sheeted,"Tanmayi allegedly attacked Gaurika with a knife at Seshadri Path around 11:58 AM, causing serious injuries. The victim was rushed to hospital and is under treatment."
1079,100070027202600006,Dowry Harassment,Hubballi-Dharwad,Charge Sheeted,Praneel has alleged continuous harassment for additional dowry by Abhiram and in-laws at the matrimonial home in Shankar Street.
1080,100020009202500009,Sexual Assault,Bengaluru Rural,Closed - False Case,Turvi has alleged that Ubika sexually assaulted her at Date Nagar around 04:24 PM. Medical examination has been conducted.
1081,100080029202300005,Domestic Violence,Ballari,Convicted,Hardik has reported repeated physical abuse by Onveer at the shared household in Pandit Zila.
1082,100110041202300002,Possession of Narcotics,Davanagere,Charge Sheeted,"During a routine vehicle check near Ganesh Chowk, Ubika was found in possession of a commercial quantity of contraband substance around 03:33 AM."
1083,100050020202600005,Attempt to Murder,Belagavi,Under Investigation,"Yashoda allegedly attacked Mohammed with a wooden stick at Srinivasan around 11:19 PM, causing serious injuries. The victim was rushed to hospital and is under treatment."
1084,100030012202500003,Excise Act Violation,Mysuru,Charge Sheeted,Vansha was found transporting liquor without a valid permit near Agarwal Street around 09:31 AM.
1085,100060024202400007,Murder,Kalaburagi,Charge Sheeted,Arya was found dead with injuries consistent with a iron rod at Kakar Road. Neighbours reported a quarrel between Arya and Vidhi shortly before 01:43 PM.
1086,100070026202300005,Arms Act Violation,Hubballi-Dharwad,Closed - False Case,Aradhana was found in possession of an unlicensed knife during a check near Kanda Street.
1087,100090035202600005,Grievous Hurt,Tumakuru,Closed - False Case,"A physical altercation between Benjamin and Rishi at Thakur Street led to grievous injuries being caused with a wooden stick, around 03:19 AM."
1088,100030012202400003,Hacking,Mysuru,Convicted,Dakshesh's email/social media account was accessed without authorization; unusual login activity was traced to an IP address outside Kashyap.
1089,300150058202500001,Dacoity,Chikkamagaluru,Under Investigation,A gang of five to six persons armed with sickles robbed the Baria of cash and a mobile phone around 10:42 PM.
1090,100150059202400007,Robbery,Chikkamagaluru,Charge Sheeted,"Vidhi accosted Oni near Thaker Nagar around 12:37 AM, snatched a cash bag at knife-point, and fled on a two-wheeler."
1091,100170068202500006,Possession of Narcotics,Mandya,Under Investigation,"During a routine vehicle check near Pathak Marg, Yauvani was found in possession of a commercial quantity of contraband substance around 01:03 AM."
1092,100140055202600005,Hacking,Udupi,Acquitted,Ranbir's email/social media account was accessed without authorization; unusual login activity was traced to an IP address outside Saha.
1093,100170067202300009,Unlawful Assembly,Mandya,Closed - Undetected,A group led by Krish gathered unlawfully near Dalal Marg around 03:34 AM and caused a public nuisance.
1094,100040017202500003,Social Media Abuse,Mangaluru (Dakshina Kannada),Closed - False Case,Amaira reports that Matthew created a fake profile impersonating her and posted defamatory content on social media.
1095,100130052202600004,Unlawful Assembly,Raichur,Under Investigation,A group led by Dakshesh gathered unlawfully near Wali Path around 07:46 AM and caused a public nuisance.
1096,100130050202500005,Drug Trafficking,Raichur,Convicted,"Acting on a tip-off, police intercepted Kashvi near Pingle Road and recovered narcotics being transported for sale."
1097,100200076202300003,Dowry Harassment,Bidar,Under Investigation,Rajeshri has alleged continuous harassment for additional dowry by Kamala and in-laws at the matrimonial home in Sodhi.
1098,100130051202500004,Criminal Trespass,Raichur,Convicted,Peter entered the premises at Mangal Path without permission and refused to leave when asked by Farhan.
1099,800060023202300001,Kidnapping of Women,Kalaburagi,Under Investigation,Mohini was allegedly abducted by Luke near Prabhu Path around 04:51 AM while returning home.
1100,100030011202400002,Online Financial Fraud,Mysuru,Charge Sheeted,"Bhavika was defrauded via a fake investment app promoted online, transferring funds over several weeks before realizing the platform was fraudulent."
1101,100090034202400005,Dowry Harassment,Tumakuru,Convicted,Jairaj has alleged continuous harassment for additional dowry by Warhi and in-laws at the matrimonial home in Parekh Circle.
1102,400070027202300002,Dacoity,Hubballi-Dharwad,Under Investigation,A gang of five to six persons armed with iron rods robbed the Mammen Path of cash and a gold chain around 06:23 AM.
1103,100170067202400001,Online Financial Fraud,Mandya,Pending Trial,"Turvi was defrauded via a fake investment app promoted online, transferring funds over several weeks before realizing the platform was fraudulent."
1104,300120046202400001,Possession of Narcotics,Vijayapura,Closed - False Case,"During a routine vehicle check near Nanda Path, Aryan was found in possession of a commercial quantity of contraband substance around 12:47 PM."
1105,100120047202300003,Drug Trafficking,Vijayapura,Convicted,"Acting on a tip-off, police intercepted Ekaja near Hayer Chowk and recovered narcotics being transported for sale."
1106,100180071202300007,Criminal Breach of Trust,Kolar,Charge Sheeted,"Mitesh, entrusted with funds belonging to Indali for a joint venture, allegedly misappropriated the amount."
1107,100190074202400005,Online Financial Fraud,Chitradurga,Closed - False Case,Omkaar received a call from an unidentified person claiming to be a bank official and lost money via UPI transfer after sharing an OTP. Transaction traced to an account linked to Karan Chowk.
1108,100150061202600004,Murder,Chikkamagaluru,Charge Sheeted,"The complainant states that the accused Gavin attacked Mekhala with a sharp weapon near Sharaf Nagar following a dispute, resulting in death. Body was found at the scene around 08:30 PM."
1109,100200076202500004,Online Financial Fraud,Bidar,Under Investigation,"Meghana was defrauded via a fake investment app promoted online, transferring funds over several weeks before realizing the platform was fraudulent."
1110,100100037202300010,Illicit Liquor,Shivamogga,Convicted,Ekta was found manufacturing/selling illicit liquor from premises at Lala Chowk.
1111,100170068202300006,Attempt to Murder,Mandya,Pending Trial,"Brinda allegedly attacked Hitesh with a wooden stick at Dube Road around 06:57 PM, causing serious injuries. The victim was rushed to hospital and is under treatment."
1112,300060024202400001,Dowry Harassment,Kalaburagi,Under Investigation,Chandran has alleged continuous harassment for additional dowry by Lopa and in-laws at the matrimonial home in Srinivas Ganj.
1113,100190074202400006,Communal Disturbance,Chitradurga,Under Investigation,"Tension arose near Mody Circle following a social media post, leading to a communal disturbance around 11:44 AM."
1114,100200076202300004,Possession of Narcotics,Bidar,Closed - Undetected,"During a routine vehicle check near Murthy Zila, Libni was found in possession of a commercial quantity of contraband substance around 04:11 AM."
1115,100070026202400007,Counterfeiting,Hubballi-Dharwad,Convicted,Police recovered counterfeit currency notes from Eiravati during a check near Bora Road.
1116,800160064202600002,Kidnapping of Women,Hassan,Pending Trial,Anay was allegedly abducted by Gavin near Prashad around 11:43 PM while returning home.
1117,100140056202400007,Excise Act Violation,Udupi,Charge Sheeted,Radhika was found transporting liquor without a valid permit near Aurora Street around 01:58 PM.
1118,100010004202500006,Arms Act Violation,Bengaluru Urban,Under Investigation,Urvi was found in possession of an unlicensed knife during a check near Borah Ganj.
1119,100160065202300004,Murder,Hassan,Charge Sheeted,Indira was found dead with injuries consistent with a sharp weapon at More Ganj. Neighbours reported a quarrel between Indira and Warjas shortly before 09:21 AM.
1120,100100038202500005,Possession of Narcotics,Shivamogga,Under Investigation,"During a routine vehicle check near Dutt Nagar, Maanav was found in possession of a commercial quantity of contraband substance around 07:09 PM."
1121,100150061202300004,Forgery,Chikkamagaluru,Under Investigation,Abhimanyu discovered that Chandresh had forged signatures on property documents related to land in Dey Nagar.
1122,100010005202600006,Motor Vehicles Act Violation,Bengaluru Urban,Closed - Undetected,Idika was found driving a gold chain at Bandi Marg without a valid licence and in a rash manner endangering pedestrians around 05:28 PM.
1123,100050020202600006,Excise Act Violation,Belagavi,Closed - False Case,Ucchal was found transporting liquor without a valid permit near Brar Chowk around 07:25 AM.
1124,300050021202300001,Sexual Assault,Belagavi,Under Investigation,Unnati has alleged that Abhiram sexually assaulted her at Pillai Street around 07:30 PM. Medical examination has been conducted.
1125,100110041202600005,Drug Trafficking,Davanagere,Under Investigation,"Acting on a tip-off, police intercepted Gautami near Ramaswamy and recovered narcotics being transported for sale."
1126,100190074202400007,Illicit Liquor,Chitradurga,Pending Trial,Dalaja was found manufacturing/selling illicit liquor from premises at Dara.
1127,800110040202400001,Dacoity,Davanagere,Pending Trial,A gang of five to six persons armed with wooden sticks robbed the Krish Zila of cash and a two-wheeler around 11:38 AM.
1128,100020009202300006,Motor Vehicles Act Violation,Bengaluru Rural,Pending Trial,Bhavini was found driving a laptop at Prabhakar Marg without a valid licence and in a rash manner endangering pedestrians around 03:56 AM.
1129,100090033202600002,Dowry Harassment,Tumakuru,Charge Sheeted,Lohit has alleged continuous harassment for additional dowry by Ishani and in-laws at the matrimonial home in Deshpande Zila.
1130,100100038202400010,Dowry Harassment,Shivamogga,Acquitted,Geetika has alleged continuous harassment for additional dowry by Urishilla and in-laws at the matrimonial home in Sani Nagar.
1131,100140056202300009,Grievous Hurt,Udupi,Under Investigation,"A physical altercation between Elijah and Frado at Prabhakar Ganj led to grievous injuries being caused with a knife, around 02:37 AM."
1132,300170067202400001,Dowry Harassment,Mandya,Charge Sheeted,Alka has alleged continuous harassment for additional dowry by Niharika and in-laws at the matrimonial home in Chokshi Ganj.
1133,100060023202500005,Drug Trafficking,Kalaburagi,Charge Sheeted,"Acting on a tip-off, police intercepted Lohit near Mand and recovered narcotics being transported for sale."
1134,100060023202400007,Forgery,Kalaburagi,Pending Trial,Adya discovered that Raghav had forged signatures on property documents related to land in Mittal Nagar.
1135,100190074202300007,Possession of Narcotics,Chitradurga,Under Investigation,"During a routine vehicle check near Raman Marg, Avni was found in possession of a commercial quantity of contraband substance around 01:33 PM."
1136,100090033202500003,Grievous Hurt,Tumakuru,Under Investigation,"A physical altercation between Nandini and Ganga at Chokshi led to grievous injuries being caused with a sickle, around 05:26 AM."
1137,100120045202400003,Counterfeiting,Vijayapura,Under Investigation,Police recovered counterfeit currency notes from Priya during a check near Patla Chowk.
1138,100140056202300010,Possession of Narcotics,Udupi,Closed - False Case,"During a routine vehicle check near Kade Path, Arunima was found in possession of a commercial quantity of contraband substance around 10:23 PM."
1139,100200077202500006,Arms Act Violation,Bidar,Closed - Undetected,Wahab was found in possession of an unlicensed country-made pistol during a check near Kalita Nagar.
1140,100050020202600007,Cheating,Belagavi,Under Investigation,"Ekansh paid Amol an advance for services/goods that were never delivered, related to a transaction near Sha Zila."
1141,100060023202500006,Kidnapping of Women,Kalaburagi,Charge Sheeted,Qadim was allegedly abducted by Aishani near Raju Nagar around 12:36 PM while returning home.
1142,100060024202500004,Hacking,Kalaburagi,Under Investigation,Edhitha's email/social media account was accessed without authorization; unusual login activity was traced to an IP address outside Oza.
1143,100130053202600004,Cheating,Raichur,Closed - False Case,"Champak paid Jagdish an advance for services/goods that were never delivered, related to a transaction near Shankar Circle."
1144,100150061202500006,Domestic Violence,Chikkamagaluru,Convicted,Matthew has reported repeated physical abuse by Indira at the shared household in Krishnamurthy Zila.
1145,100160065202400005,Murder,Hassan,Under Investigation,Qabil was found dead with injuries consistent with a sharp weapon at Patel Nagar. Neighbours reported a quarrel between Qabil and Nihal shortly before 01:57 AM.
1146,100190073202600009,Excise Act Violation,Chitradurga,Closed - False Case,Rehaan was found transporting liquor without a valid permit near Agarwal Ganj around 01:21 AM.
1147,100130053202400005,Online Financial Fraud,Raichur,Closed - Undetected,Zilmil received a call from an unidentified person claiming to be a bank official and lost money via UPI transfer after sharing an OTP. Transaction traced to an account linked to Narayanan Circle.
1148,800200077202300001,Arms Act Violation,Bidar,Under Investigation,Ekbal was found in possession of an unlicensed sickle during a check near Munshi.
1149,100160064202500003,Grievous Hurt,Hassan,Charge Sheeted,"A physical altercation between Oeshi and Edhitha at Loyal Ganj led to grievous injuries being caused with a iron rod, around 07:05 AM."
1150,100040014202500006,Hacking,Mangaluru (Dakshina Kannada),Charge Sheeted,Lucky's email/social media account was accessed without authorization; unusual login activity was traced to an IP address outside Pillay Nagar.
1151,100060024202600007,Social Media Abuse,Kalaburagi,Convicted,Neelima reports that Viraj created a fake profile impersonating her and posted defamatory content on social media.
1152,100130053202300004,Communal Disturbance,Raichur,Charge Sheeted,"Tension arose near Varkey Road following a social media post, leading to a communal disturbance around 11:58 PM."
1153,300180071202400002,Cheating,Kolar,Under Investigation,"Anjali paid Udarsh an advance for services/goods that were never delivered, related to a transaction near Bhatt Street."
1154,100160064202500004,Unlawful Assembly,Hassan,Charge Sheeted,A group led by Kashish gathered unlawfully near Dube Circle around 07:28 PM and caused a public nuisance.
1155,100120046202500004,Possession of Narcotics,Vijayapura,Under Investigation,"During a routine vehicle check near Basak Nagar, Kiaan was found in possession of a commercial quantity of contraband substance around 09:16 AM."
1156,100050020202300004,Excise Act Violation,Belagavi,Under Investigation,Mohini was found transporting liquor without a valid permit near Dani Road around 07:49 AM.
1157,100130053202300005,Online Financial Fraud,Raichur,Convicted,"Lohit was defrauded via a fake investment app promoted online, transferring funds over several weeks before realizing the platform was fraudulent."
1158,100040017202300006,Rioting,Mangaluru (Dakshina Kannada),Charge Sheeted,"A clash broke out between two groups near Manda Zila around 03:00 AM, resulting in property damage and minor injuries."
1159,100200076202400006,Arms Act Violation,Bidar,Under Investigation,Naveen was found in possession of an unlicensed sharp weapon during a check near Issac Circle.
1160,100030011202600006,Arms Act Violation,Mysuru,Convicted,David was found in possession of an unlicensed iron rod during a check near Pall Nagar.
1161,100040017202400005,Culpable Homicide,Mangaluru (Dakshina Kannada),Charge Sheeted,Wahab succumbed to injuries sustained during an altercation with Aarav at Edwin Path near 11:20 AM.
1162,800030011202400001,Unlawful Assembly,Mysuru,Under Investigation,A group led by Yagnesh gathered unlawfully near Goel Ganj around 11:46 AM and caused a public nuisance.
1163,100090032202400003,Burglary,Tumakuru,Under Investigation,Unknown persons broke into the premises at Rau Circle during the night and decamped with a wallet. Entry appears to have been made by breaking a window lock.
1164,100070026202500004,Dowry Harassment,Hubballi-Dharwad,Under Investigation,Yashasvi has alleged continuous harassment for additional dowry by Naksh and in-laws at the matrimonial home in Kara Ganj.
1165,300150058202600001,Arms Act Violation,Chikkamagaluru,Closed - False Case,Eshana was found in possession of an unlicensed knife during a check near Ravi Nagar.
1166,100030012202500004,Motor Vehicles Act Violation,Mysuru,Under Investigation,Joshua was found driving a gold chain at Saxena Chowk without a valid licence and in a rash manner endangering pedestrians around 04:06 PM.
1167,100010004202600004,Drug Trafficking,Bengaluru Urban,Under Investigation,"Acting on a tip-off, police intercepted Pranav near Dora Nagar and recovered narcotics being transported for sale."
1168,100180071202300008,Communal Disturbance,Kolar,Closed - Undetected,"Tension arose near Morar Ganj following a social media post, leading to a communal disturbance around 03:24 PM."
1169,100150059202400008,Kidnapping of Women,Chikkamagaluru,Charge Sheeted,Laban was allegedly abducted by Arin near Loyal Chowk around 08:57 PM while returning home.
1170,100080029202600004,Identity Theft,Ballari,Charge Sheeted,Anthony discovered that Aarush had used her Aadhaar/PAN details to fraudulently open an account in Shankar Circle.
1171,100180071202400011,Theft,Kolar,Charge Sheeted,The complainant reports that unidentified persons stole a wallet from Kibe Chowk sometime around 06:52 AM. No eyewitnesses have come forward yet.
1172,100040014202400004,Arms Act Violation,Mangaluru (Dakshina Kannada),Under Investigation,Alka was found in possession of an unlicensed iron rod during a check near Mutti Road.
1173,100010003202600005,Illicit Liquor,Bengaluru Urban,Closed - Undetected,Balveer was found manufacturing/selling illicit liquor from premises at Ratta Marg.
1174,100110041202300003,Domestic Violence,Davanagere,Closed - Undetected,Vasudha has reported repeated physical abuse by Dalaja at the shared household in Khalsa Circle.
1175,100110040202600004,Communal Disturbance,Davanagere,Under Investigation,"Tension arose near Pai Nagar following a social media post, leading to a communal disturbance around 09:29 AM."
1176,100150061202400002,Robbery,Chikkamagaluru,Charge Sheeted,"A group of unidentified men robbed Ishita of a cash bag near Chatterjee Road, threatening with a wooden stick."
1177,100170067202500005,Criminal Breach of Trust,Mandya,Charge Sheeted,"Neel, entrusted with funds belonging to Urmi for a joint venture, allegedly misappropriated the amount."
1178,100140056202300011,Identity Theft,Udupi,Charge Sheeted,Chakrika discovered that Chavvi had used her Aadhaar/PAN details to fraudulently open an account in Deep Road.
1179,300130052202600001,Grievous Hurt,Raichur,Closed - False Case,"A physical altercation between Balvan and Charvi at Dhar Marg led to grievous injuries being caused with a country-made pistol, around 02:35 AM."
1180,100010003202600006,Possession of Narcotics,Bengaluru Urban,Under Investigation,"During a routine vehicle check near Dash Street, Qarin was found in possession of a commercial quantity of contraband substance around 03:23 PM."
1181,100070026202500005,Forgery,Hubballi-Dharwad,Charge Sheeted,Chavvi discovered that Bhavya had forged signatures on property documents related to land in Pradhan Path.
1182,100100037202300011,Criminal Trespass,Shivamogga,Closed - False Case,Harsh entered the premises at Bhalla Street without permission and refused to leave when asked by Tejas.
1183,800100038202400001,Grievous Hurt,Shivamogga,Closed - Undetected,"A physical altercation between Dalaja and Pratyush at Pal Street led to grievous injuries being caused with a knife, around 05:35 PM."
1184,100180071202500008,Communal Disturbance,Kolar,Closed - Undetected,"Tension arose near Wadhwa Nagar following a social media post, leading to a communal disturbance around 08:53 PM."
1185,100190073202500007,Hacking,Chitradurga,Charge Sheeted,Urishilla's email/social media account was accessed without authorization; unusual login activity was traced to an IP address outside Kala Path.
1186,100090032202300002,Rioting,Tumakuru,Closed - False Case,"A clash broke out between two groups near Jani around 01:24 AM, resulting in property damage and minor injuries."
1187,300100037202400001,Culpable Homicide,Shivamogga,Pending Trial,Jeet succumbed to injuries sustained during an altercation with Teerth at Chacko Marg near 07:02 PM.
1188,100110040202400002,Domestic Violence,Davanagere,Closed - Undetected,Owen has reported repeated physical abuse by Varsha at the shared household in Soman Circle.
1189,100140056202400008,Cheating,Udupi,Under Investigation,"Falak paid Upkaar an advance for services/goods that were never delivered, related to a transaction near Vala Chowk."
1190,100150060202500004,Rioting,Chikkamagaluru,Under Investigation,"A clash broke out between two groups near Chahal Chowk around 07:57 PM, resulting in property damage and minor injuries."
1191,100100038202600011,Identity Theft,Shivamogga,Acquitted,Meghana discovered that Laban had used her Aadhaar/PAN details to fraudulently open an account in Kurian.
1192,100090035202500004,Murder,Tumakuru,Closed - False Case,"The complainant states that the accused Isaac attacked Balhaar with a wooden stick near Walia Nagar following a dispute, resulting in death. Body was found at the scene around 02:00 AM."
1193,100040017202600005,Theft,Mangaluru (Dakshina Kannada),Closed - False Case,The complainant reports that unidentified persons stole a gold chain from Prabhakar sometime around 11:00 PM. No eyewitnesses have come forward yet.
1194,100030012202400004,Drug Trafficking,Mysuru,Under Investigation,"Acting on a tip-off, police intercepted Jonathan near Choudhry Circle and recovered narcotics being transported for sale."
1195,400070026202300001,Arms Act Violation,Hubballi-Dharwad,Charge Sheeted,Siya was found in possession of an unlicensed wooden stick during a check near Shere Zila.
1196,100070026202500006,Attempt to Murder,Hubballi-Dharwad,Closed - Undetected,"Ishaan allegedly attacked Radha with a sharp weapon at Korpal Zila around 08:17 PM, causing serious injuries. The victim was rushed to hospital and is under treatment."
1197,100040014202300002,Illicit Liquor,Mangaluru (Dakshina Kannada),Under Investigation,Champak was found manufacturing/selling illicit liquor from premises at Mutti Path.
1198,100060024202600008,Murder,Kalaburagi,Charge Sheeted,Ansh was found dead with injuries consistent with a sickle at Nagar Nagar. Neighbours reported a quarrel between Ansh and Ucchal shortly before 12:06 AM.
1199,100110041202600006,Social Media Abuse,Davanagere,Charge Sheeted,Pooja reports that Brijesh created a fake profile impersonating her and posted defamatory content on social media.
1200,100110043202600003,Burglary,Davanagere,Pending Trial,Unknown persons broke into the premises at Mistry Street during the night and decamped with a cash bag. Entry appears to have been made by breaking a window lock.
1201,100130053202400006,Hacking,Raichur,Under Investigation,Farhan's email/social media account was accessed without authorization; unusual login activity was traced to an IP address outside Upadhyay Path.
1202,100120046202600001,Forgery,Vijayapura,Under Investigation,Qushi discovered that Gautam had forged signatures on property documents related to land in Manne Path.
1203,800050020202600001,Motor Vehicles Act Violation,Belagavi,Closed - Undetected,Idika was found driving a laptop at Chaudhuri Zila without a valid licence and in a rash manner endangering pedestrians around 08:45 PM.
1204,100150058202600005,Cheating,Chikkamagaluru,Under Investigation,"Zaid paid Chakrika an advance for services/goods that were never delivered, related to a transaction near Verma Street."
1205,100070026202600005,Unlawful Assembly,Hubballi-Dharwad,Charge Sheeted,A group led by Brijesh gathered unlawfully near Dash Path around 06:51 AM and caused a public nuisance.
1206,100160065202400006,Excise Act Violation,Hassan,Pending Trial,Krish was found transporting liquor without a valid permit near Chaudry Circle around 05:10 PM.
1207,100190073202600010,Theft,Chitradurga,Under Investigation,The complainant reports that unidentified persons stole a two-wheeler from Basu sometime around 04:09 AM. No eyewitnesses have come forward yet.
1208,100090034202500003,Motor Vehicles Act Violation,Tumakuru,Convicted,Yashasvi was found driving a mobile phone at Mall Circle without a valid licence and in a rash manner endangering pedestrians around 02:33 PM.
1209,300160063202400001,Attempt to Murder,Hassan,Convicted,"Dhruv allegedly attacked Yahvi with a knife at Tak Circle around 02:11 PM, causing serious injuries. The victim was rushed to hospital and is under treatment."
1210,100060023202500007,Hacking,Kalaburagi,Charge Sheeted,Bhanumati's email/social media account was accessed without authorization; unusual login activity was traced to an IP address outside Atwal Chowk.
1211,100030011202500006,Attempt to Murder,Mysuru,Pending Trial,"Arin allegedly attacked Oni with a sickle at Datta Street around 11:59 PM, causing serious injuries. The victim was rushed to hospital and is under treatment."
1212,100190074202400008,Grievous Hurt,Chitradurga,Under Investigation,"A physical altercation between Frederick and Viraj at Banerjee led to grievous injuries being caused with a knife, around 08:48 AM."
1213,100090032202600004,Motor Vehicles Act Violation,Tumakuru,Under Investigation,Tanveer was found driving a laptop at Madan Street without a valid licence and in a rash manner endangering pedestrians around 11:37 PM.
1214,100100038202500006,Forgery,Shivamogga,Charge Sheeted,Aadhya discovered that Niharika had forged signatures on property documents related to land in Goswami Ganj.
1215,100120048202500004,Illicit Liquor,Vijayapura,Under Investigation,Harish was found manufacturing/selling illicit liquor from premises at Walla Zila.
1216,100010003202300006,Communal Disturbance,Bengaluru Urban,Under Investigation,"Tension arose near Arora Chowk following a social media post, leading to a communal disturbance around 10:47 AM."
1217,100040015202600003,Identity Theft,Mangaluru (Dakshina Kannada),Under Investigation,Ronith discovered that Nimrat had used her Aadhaar/PAN details to fraudulently open an account in Balasubramanian Circle.
1218,800160064202300002,Illicit Liquor,Hassan,Under Investigation,Atharv was found manufacturing/selling illicit liquor from premises at Kalita Chowk.
1219,100180071202400012,Drug Trafficking,Kolar,Under Investigation,"Acting on a tip-off, police intercepted Lajita near Barman and recovered narcotics being transported for sale."
1220,100070026202600006,Criminal Trespass,Hubballi-Dharwad,Closed - False Case,Ekapad entered the premises at Ahuja Chowk without permission and refused to leave when asked by Oliver.
1221,100150060202300003,Drug Trafficking,Chikkamagaluru,Under Investigation,"Acting on a tip-off, police intercepted Karan near Patel Street and recovered narcotics being transported for sale."
1222,100080030202300010,Social Media Abuse,Ballari,Acquitted,Pratyush reports that Tanish created a fake profile impersonating her and posted defamatory content on social media.
1223,100120047202600006,Unlawful Assembly,Vijayapura,Closed - Undetected,A group led by Sathvik gathered unlawfully near Salvi Street around 04:11 PM and caused a public nuisance.
1224,100190074202300008,Motor Vehicles Act Violation,Chitradurga,Charge Sheeted,Arjun was found driving a laptop at Madan Street without a valid licence and in a rash manner endangering pedestrians around 01:49 AM.
1225,100140056202500004,Dacoity,Udupi,Under Investigation,A gang of five to six persons armed with wooden sticks robbed the Sangha Chowk of cash and a wallet around 10:20 AM.
1226,100090032202500004,Rioting,Tumakuru,Closed - Undetected,"A clash broke out between two groups near Manne Chowk around 07:35 AM, resulting in property damage and minor injuries."
1227,800190074202500001,Motor Vehicles Act Violation,Chitradurga,Acquitted,Rudra was found driving a two-wheeler at Karpe Path without a valid licence and in a rash manner endangering pedestrians around 05:16 AM.
1228,800100038202400002,Possession of Narcotics,Shivamogga,Closed - Undetected,"During a routine vehicle check near Wable, Udarsh was found in possession of a commercial quantity of contraband substance around 03:17 AM."
1229,100010006202500002,Social Media Abuse,Bengaluru Urban,Under Investigation,Ojas reports that Ryan created a fake profile impersonating her and posted defamatory content on social media.
1230,100200077202400002,Burglary,Bidar,Charge Sheeted,Unknown persons broke into the premises at Verma Circle during the night and decamped with a wallet. Entry appears to have been made by breaking a window lock.
1231,100110042202600002,Online Financial Fraud,Davanagere,Charge Sheeted,Warda received a call from an unidentified person claiming to be a bank official and lost money via UPI transfer after sharing an OTP. Transaction traced to an account linked to Wali Chowk.
1232,100120048202400002,Unlawful Assembly,Vijayapura,Convicted,A group led by Pavani gathered unlawfully near Kuruvilla Chowk around 02:48 PM and caused a public nuisance.
1233,100080030202400011,Dowry Harassment,Ballari,Acquitted,George has alleged continuous harassment for additional dowry by Kala and in-laws at the matrimonial home in Narayan Road.
1234,100030012202300008,Kidnapping of Women,Mysuru,Convicted,Advik was allegedly abducted by Ekapad near Jani Path around 06:36 AM while returning home.
1235,800050020202600002,Rioting,Belagavi,Acquitted,"A clash broke out between two groups near Bhardwaj Zila around 07:25 PM, resulting in property damage and minor injuries."
1236,100170067202400002,Social Media Abuse,Mandya,Charge Sheeted,Manthan reports that Mahika created a fake profile impersonating her and posted defamatory content on social media.
1237,100170067202400003,Drug Trafficking,Mandya,Under Investigation,"Acting on a tip-off, police intercepted Hredhaan near D’Alia Circle and recovered narcotics being transported for sale."
1238,300080029202600001,Forgery,Ballari,Under Investigation,Azad discovered that Darsh had forged signatures on property documents related to land in Ghose Chowk.
1239,400030011202500002,Communal Disturbance,Mysuru,Convicted,"Tension arose near Gill Zila following a social media post, leading to a communal disturbance around 10:09 PM."
1240,100060023202400008,Online Financial Fraud,Kalaburagi,Under Investigation,"Kavya was defrauded via a fake investment app promoted online, transferring funds over several weeks before realizing the platform was fraudulent."
1241,100200076202400007,Hacking,Bidar,Under Investigation,Chakradhar's email/social media account was accessed without authorization; unusual login activity was traced to an IP address outside Dhawan Street.
1242,100160063202600006,Possession of Narcotics,Hassan,Charge Sheeted,"During a routine vehicle check near Chhabra Nagar, Leela was found in possession of a commercial quantity of contraband substance around 04:54 PM."
1243,100050020202400003,Excise Act Violation,Belagavi,Charge Sheeted,Nimrat was found transporting liquor without a valid permit near Gara Circle around 12:34 AM.
1244,300200076202400002,Forgery,Bidar,Charge Sheeted,Yashodhara discovered that Manya had forged signatures on property documents related to land in Ram Marg.
1245,100150060202600004,Identity Theft,Chikkamagaluru,Under Investigation,Darpan discovered that Sarthak had used her Aadhaar/PAN details to fraudulently open an account in Aurora Path.
1246,100080029202500003,Dowry Harassment,Ballari,Pending Trial,Wahab has alleged continuous harassment for additional dowry by Dhriti and in-laws at the matrimonial home in Kadakia Road.
1247,100150058202500004,Dacoity,Chikkamagaluru,Closed - Undetected,A gang of five to six persons armed with wooden sticks robbed the Kunda Path of cash and a cash bag around 02:39 AM.
1248,300040016202600001,Criminal Trespass,Mangaluru (Dakshina Kannada),Charge Sheeted,Harrison entered the premises at Tailor without permission and refused to leave when asked by Jatin.
1249,100100038202300008,Excise Act Violation,Shivamogga,Under Investigation,Pushti was found transporting liquor without a valid permit near Mohanty Ganj around 05:02 PM.
1250,100110040202300008,Drug Trafficking,Davanagere,Under Investigation,"Acting on a tip-off, police intercepted Andrew near Chaudhari Path and recovered narcotics being transported for sale."
1251,100010005202500004,Possession of Narcotics,Bengaluru Urban,Pending Trial,"During a routine vehicle check near Behl Marg, Jagat was found in possession of a commercial quantity of contraband substance around 12:29 AM."
1252,100050021202600004,Domestic Violence,Belagavi,Charge Sheeted,Henry has reported repeated physical abuse by Sanya at the shared household in Bawa Circle.
1253,100080030202400012,Robbery,Ballari,Under Investigation,"Isha accosted Nachiket near Behl around 01:30 AM, snatched a two-wheeler at knife-point, and fled on a two-wheeler."
1254,300100038202400002,Kidnapping of Women,Shivamogga,Under Investigation,Udant was allegedly abducted by Geetika near Gandhi Circle around 11:33 AM while returning home.
1255,100110041202400002,Drug Trafficking,Davanagere,Convicted,"Acting on a tip-off, police intercepted Daksh near Sidhu Ganj and recovered narcotics being transported for sale."
1256,400150061202500001,Kidnapping of Women,Chikkamagaluru,Charge Sheeted,Kai was allegedly abducted by Samaksh near Rajagopalan around 10:08 AM while returning home.
1257,100090035202400004,Dowry Harassment,Tumakuru,Under Investigation,Abhimanyu has alleged continuous harassment for additional dowry by Qabil and in-laws at the matrimonial home in Aurora Road.
1258,100150061202300005,Dacoity,Chikkamagaluru,Under Investigation,A gang of five to six persons armed with iron rods robbed the Grewal Marg of cash and a cash bag around 10:30 PM.
1259,100050021202300003,Forgery,Belagavi,Charge Sheeted,Yatan discovered that Janya had forged signatures on property documents related to land in Chakraborty Street.
1260,100080030202300011,Possession of Narcotics,Ballari,Pending Trial,"During a routine vehicle check near Hora Ganj, Aditya was found in possession of a commercial quantity of contraband substance around 10:13 AM."
1261,100040016202300004,Forgery,Mangaluru (Dakshina Kannada),Closed - False Case,Siddharth discovered that Isaiah had forged signatures on property documents related to land in Yohannan.
1262,100030011202600007,Dacoity,Mysuru,Charge Sheeted,A gang of five to six persons armed with wooden sticks robbed the Karnik Path of cash and a two-wheeler around 10:53 AM.
1263,100130053202400007,Grievous Hurt,Raichur,Charge Sheeted,"A physical altercation between Netra and Bina at Kashyap Ganj led to grievous injuries being caused with a knife, around 01:27 PM."
1264,100190073202600011,Cheating,Chitradurga,Under Investigation,"Aashi paid Nachiket an advance for services/goods that were never delivered, related to a transaction near Tiwari Chowk."
1265,100150061202500007,Excise Act Violation,Chikkamagaluru,Convicted,Saumya was found transporting liquor without a valid permit near Narayan Chowk around 02:34 AM.
1266,100190073202500008,Unlawful Assembly,Chitradurga,Convicted,A group led by Triya gathered unlawfully near Karan Street around 03:09 PM and caused a public nuisance.
1267,100050020202300005,Identity Theft,Belagavi,Under Investigation,Turvi discovered that Upadhriti had used her Aadhaar/PAN details to fraudulently open an account in Bansal Street.
1268,100140055202500003,Criminal Trespass,Udupi,Under Investigation,Darsh entered the premises at Sheth Circle without permission and refused to leave when asked by Samar.
1269,100150060202300004,Social Media Abuse,Chikkamagaluru,Charge Sheeted,Amol reports that Quincy created a fake profile impersonating her and posted defamatory content on social media.
1270,300170067202300002,Illicit Liquor,Mandya,Under Investigation,Gaurangi was found manufacturing/selling illicit liquor from premises at Ramesh Road.
1271,100120048202300003,Communal Disturbance,Vijayapura,Closed - Undetected,"Tension arose near Jhaveri Marg following a social media post, leading to a communal disturbance around 03:13 AM."
1272,100070026202600007,Theft,Hubballi-Dharwad,Charge Sheeted,The complainant reports that unidentified persons stole a mobile phone from Dass sometime around 11:06 PM. No eyewitnesses have come forward yet.
1273,100060023202400009,Culpable Homicide,Kalaburagi,Closed - Undetected,Dakshesh succumbed to injuries sustained during an altercation with Gaurika at Keer Path near 07:37 PM.
1274,100150060202500005,Drug Trafficking,Chikkamagaluru,Pending Trial,"Acting on a tip-off, police intercepted Dalbir near Tella Chowk and recovered narcotics being transported for sale."
1275,300150059202300002,Excise Act Violation,Chikkamagaluru,Convicted,Pranit was found transporting liquor without a valid permit near Goda Nagar around 09:10 PM.
1276,100010005202300002,Drug Trafficking,Bengaluru Urban,Under Investigation,"Acting on a tip-off, police intercepted Pallavi near Bhandari Street and recovered narcotics being transported for sale."
1277,100100038202300009,Illicit Liquor,Shivamogga,Under Investigation,Abhiram was found manufacturing/selling illicit liquor from premises at Gola Ganj.
1278,100010003202600007,Illicit Liquor,Bengaluru Urban,Closed - False Case,Pahal was found manufacturing/selling illicit liquor from premises at Bakshi Circle.
1279,100160063202500004,Dacoity,Hassan,Convicted,A gang of five to six persons armed with sharp weapons robbed the Bali Nagar of cash and a gold chain around 11:03 PM.
1280,100190073202600012,Murder,Chitradurga,Under Investigation,Qadim was found dead with injuries consistent with a wooden stick at Puri Road. Neighbours reported a quarrel between Qadim and Zehaan shortly before 03:43 AM.
1281,100180070202500004,Communal Disturbance,Kolar,Under Investigation,"Tension arose near Kar following a social media post, leading to a communal disturbance around 06:12 AM."
1282,100200076202500005,Possession of Narcotics,Bidar,Charge Sheeted,"During a routine vehicle check near Narula Marg, Sneha was found in possession of a commercial quantity of contraband substance around 05:06 AM."
1283,100030012202600004,Rioting,Mysuru,Closed - False Case,"A clash broke out between two groups near Tiwari Nagar around 07:50 PM, resulting in property damage and minor injuries."
1284,400140055202500002,Attempt to Murder,Udupi,Closed - Undetected,"Advaith allegedly attacked Chaitanya with a knife at Garg Zila around 11:13 AM, causing serious injuries. The victim was rushed to hospital and is under treatment."
1285,100130053202400008,Domestic Violence,Raichur,Under Investigation,Oscar has reported repeated physical abuse by Naksh at the shared household in Hans Path.
1286,100070027202600007,Robbery,Hubballi-Dharwad,Convicted,"A group of unidentified men robbed Upkaar of a wallet near Narasimhan Road, threatening with a country-made pistol."
1287,100180070202600008,Drug Trafficking,Kolar,Under Investigation,"Acting on a tip-off, police intercepted Reyansh near Menon Street and recovered narcotics being transported for sale."
1288,100170067202300010,Illicit Liquor,Mandya,Pending Trial,Jason was found manufacturing/selling illicit liquor from premises at Luthra Street.
1289,100060023202500008,Drug Trafficking,Kalaburagi,Under Investigation,"Acting on a tip-off, police intercepted Jacob near Kibe Street and recovered narcotics being transported for sale."
1290,100050021202300004,Online Financial Fraud,Belagavi,Closed - False Case,"Nathaniel was defrauded via a fake investment app promoted online, transferring funds over several weeks before realizing the platform was fraudulent."
1291,100110043202500003,Criminal Trespass,Davanagere,Under Investigation,Harish entered the premises at Pradhan Chowk without permission and refused to leave when asked by Veer.
1292,100160063202300003,Drug Trafficking,Hassan,Under Investigation,"Acting on a tip-off, police intercepted Jai near Karnik Chowk and recovered narcotics being transported for sale."
1293,400110040202400002,Online Financial Fraud,Davanagere,Under Investigation,Isha received a call from an unidentified person claiming to be a bank official and lost money via UPI transfer after sharing an OTP. Transaction traced to an account linked to Chandra Path.
1294,300130051202300002,Grievous Hurt,Raichur,Pending Trial,"A physical altercation between Kavya and Jonathan at Deep Road led to grievous injuries being caused with a knife, around 03:23 AM."
1295,100020009202500010,Domestic Violence,Bengaluru Rural,Pending Trial,Lavanya has reported repeated physical abuse by Rushil at the shared household in Keer Ganj.
1296,100140056202600006,Dacoity,Udupi,Charge Sheeted,A gang of five to six persons armed with knifes robbed the Deshmukh Chowk of cash and a mobile phone around 07:18 AM.
1297,100020008202400003,Illicit Liquor,Bengaluru Rural,Under Investigation,Tarak was found manufacturing/selling illicit liquor from premises at Prakash Path.
1298,100140055202600006,Online Financial Fraud,Udupi,Charge Sheeted,Qadim received a call from an unidentified person claiming to be a bank official and lost money via UPI transfer after sharing an OTP. Transaction traced to an account linked to Ganguly Marg.
1299,100080030202400013,Burglary,Ballari,Charge Sheeted,Unknown persons broke into the premises at Gill Road during the night and decamped with a cash bag. Entry appears to have been made by breaking a window lock.
1300,100180071202500009,Counterfeiting,Kolar,Charge Sheeted,Police recovered counterfeit currency notes from Charles during a check near Patel.
1301,800020008202500004,Sexual Assault,Bengaluru Rural,Pending Trial,Sai has alleged that Peter sexually assaulted her at Dyal Street around 07:49 AM. Medical examination has been conducted.
1302,100100037202300012,Sexual Assault,Shivamogga,Closed - False Case,Mugdha has alleged that Avni sexually assaulted her at Choudhry Marg around 04:03 AM. Medical examination has been conducted.
1303,100020009202600005,Possession of Narcotics,Bengaluru Rural,Under Investigation,"During a routine vehicle check near Ghose Chowk, Vedant was found in possession of a commercial quantity of contraband substance around 11:02 PM."
1304,100070027202600008,Counterfeiting,Hubballi-Dharwad,Charge Sheeted,Police recovered counterfeit currency notes from Udant during a check near Jha Zila.
1305,100030011202500007,Motor Vehicles Act Violation,Mysuru,Acquitted,Pranav was found driving a cash bag at Singhal Chowk without a valid licence and in a rash manner endangering pedestrians around 10:37 AM.
1306,300190073202400001,Social Media Abuse,Chitradurga,Closed - Undetected,Sathvik reports that Zayan created a fake profile impersonating her and posted defamatory content on social media.
1307,100120045202500004,Burglary,Vijayapura,Under Investigation,Unknown persons broke into the premises at Ganguly Chowk during the night and decamped with a cash bag. Entry appears to have been made by breaking a window lock.
1308,800070026202400001,Hacking,Hubballi-Dharwad,Charge Sheeted,Kritika's email/social media account was accessed without authorization; unusual login activity was traced to an IP address outside Barman Marg.
1309,100120045202300007,Illicit Liquor,Vijayapura,Charge Sheeted,Harinakshi was found manufacturing/selling illicit liquor from premises at Tella Ganj.
1310,100150058202600006,Dowry Harassment,Chikkamagaluru,Convicted,Ekani has alleged continuous harassment for additional dowry by Amol and in-laws at the matrimonial home in Kannan Nagar.
1311,400020009202600002,Sexual Assault,Bengaluru Rural,Under Investigation,Tanvi has alleged that Charan sexually assaulted her at Prashad Marg around 12:36 AM. Medical examination has been conducted.
1312,100080029202600005,Attempt to Murder,Ballari,Charge Sheeted,"Manthan allegedly attacked Darpan with a iron rod at Soman Chowk around 01:53 PM, causing serious injuries. The victim was rushed to hospital and is under treatment."
1313,100090032202600005,Arms Act Violation,Tumakuru,Charge Sheeted,Lekha was found in possession of an unlicensed iron rod during a check near Mannan Nagar.
1314,100060023202600005,Robbery,Kalaburagi,Closed - False Case,"A group of unidentified men robbed Sachi of a laptop near Upadhyay Marg, threatening with a sharp weapon."
1315,100140055202600007,Domestic Violence,Udupi,Acquitted,Urishilla has reported repeated physical abuse by Jai at the shared household in Deshmukh Circle.
1316,100040017202600006,Murder,Mangaluru (Dakshina Kannada),Charge Sheeted,"The complainant states that the accused Forum attacked Yadavi with a iron rod near Batra following a dispute, resulting in death. Body was found at the scene around 10:03 AM."
1317,100150058202300003,Domestic Violence,Chikkamagaluru,Closed - Undetected,Chasmum has reported repeated physical abuse by Lakshit at the shared household in Dalal Street.
1318,100150058202600007,Rioting,Chikkamagaluru,Pending Trial,"A clash broke out between two groups near Handa Chowk around 05:07 PM, resulting in property damage and minor injuries."
1319,100140056202600007,Criminal Breach of Trust,Udupi,Closed - False Case,"Omya, entrusted with funds belonging to Mitesh for a joint venture, allegedly misappropriated the amount."
1320,100110041202400003,Unlawful Assembly,Davanagere,Closed - Undetected,A group led by Ayushman gathered unlawfully near Wason Ganj around 05:12 AM and caused a public nuisance.
1321,100150059202500005,Criminal Breach of Trust,Chikkamagaluru,Under Investigation,"Shivani, entrusted with funds belonging to Omya for a joint venture, allegedly misappropriated the amount."
1322,100070026202600008,Unlawful Assembly,Hubballi-Dharwad,Charge Sheeted,A group led by Faqid gathered unlawfully near Yohannan Chowk around 07:21 AM and caused a public nuisance.
1323,100110041202600007,Communal Disturbance,Davanagere,Under Investigation,"Tension arose near Dhar following a social media post, leading to a communal disturbance around 01:51 AM."
1324,100090032202500005,Communal Disturbance,Tumakuru,Under Investigation,"Tension arose near Jani Nagar following a social media post, leading to a communal disturbance around 02:01 AM."
1325,100100038202500007,Communal Disturbance,Shivamogga,Closed - Undetected,"Tension arose near Shankar Nagar following a social media post, leading to a communal disturbance around 04:08 AM."
1326,100080029202300006,Counterfeiting,Ballari,Closed - Undetected,Police recovered counterfeit currency notes from Lekha during a check near Garg Zila.
1327,100040016202600001,Possession of Narcotics,Mangaluru (Dakshina Kannada),Charge Sheeted,"During a routine vehicle check near Gill Nagar, Tanmayi was found in possession of a commercial quantity of contraband substance around 11:35 PM."
1328,100080030202500008,Theft,Ballari,Under Investigation,The complainant reports that unidentified persons stole a gold chain from Sundaram Circle sometime around 10:46 AM. No eyewitnesses have come forward yet.
1329,100110042202600003,Sexual Assault,Davanagere,Convicted,Gautam has alleged that Nachiket sexually assaulted her at Shanker Ganj around 07:17 PM. Medical examination has been conducted.
1330,100030011202600008,Criminal Breach of Trust,Mysuru,Convicted,"Chaaya, entrusted with funds belonging to Kevin for a joint venture, allegedly misappropriated the amount."
1331,100070026202600009,Cheating,Hubballi-Dharwad,Under Investigation,"Yachana paid Fariq an advance for services/goods that were never delivered, related to a transaction near Sarraf Circle."
1332,100140056202600008,Criminal Breach of Trust,Udupi,Charge Sheeted,"Manan, entrusted with funds belonging to Yashvi for a joint venture, allegedly misappropriated the amount."
1333,100160065202500006,Sexual Assault,Hassan,Closed - False Case,Ubika has alleged that Nikita sexually assaulted her at Borah Road around 08:58 PM. Medical examination has been conducted.
1334,100130050202300005,Criminal Trespass,Raichur,Under Investigation,Sudiksha entered the premises at Reddy without permission and refused to leave when asked by Elijah.
1335,800020008202600002,Domestic Violence,Bengaluru Rural,Under Investigation,Mugdha has reported repeated physical abuse by Yutika at the shared household in Tandon Chowk.
1336,100160065202500007,Social Media Abuse,Hassan,Charge Sheeted,Jairaj reports that Yatin created a fake profile impersonating her and posted defamatory content on social media.
1337,800040014202400001,Criminal Trespass,Mangaluru (Dakshina Kannada),Charge Sheeted,Ryan entered the premises at Wable without permission and refused to leave when asked by Falak.
1338,100020008202400004,Forgery,Bengaluru Rural,Under Investigation,Ayushman discovered that Aayush had forged signatures on property documents related to land in Mann Zila.
1339,100030011202600009,Hacking,Mysuru,Charge Sheeted,Kevin's email/social media account was accessed without authorization; unusual login activity was traced to an IP address outside Zachariah.
1340,300040015202500001,Illicit Liquor,Mangaluru (Dakshina Kannada),Charge Sheeted,Advay was found manufacturing/selling illicit liquor from premises at Dora Path.
1341,100150059202300002,Forgery,Chikkamagaluru,Under Investigation,Priya discovered that Harsh had forged signatures on property documents related to land in Lal.
1342,100090032202400004,Motor Vehicles Act Violation,Tumakuru,Convicted,Janya was found driving a mobile phone at Agate Ganj without a valid licence and in a rash manner endangering pedestrians around 12:56 PM.
1343,100180070202500005,Excise Act Violation,Kolar,Under Investigation,Vritti was found transporting liquor without a valid permit near Dara Road around 04:00 PM.
1344,100200077202400003,Unlawful Assembly,Bidar,Convicted,A group led by Warhi gathered unlawfully near Gara Ganj around 02:00 AM and caused a public nuisance.
1345,100200076202500006,Excise Act Violation,Bidar,Closed - Undetected,Zaitra was found transporting liquor without a valid permit near Hari Chowk around 06:09 AM.
1346,100170067202400004,Criminal Breach of Trust,Mandya,Under Investigation,"Wakeeta, entrusted with funds belonging to Anika for a joint venture, allegedly misappropriated the amount."
1347,100180070202400010,Communal Disturbance,Kolar,Under Investigation,"Tension arose near Bora following a social media post, leading to a communal disturbance around 05:52 PM."
1348,100040015202500003,Identity Theft,Mangaluru (Dakshina Kannada),Under Investigation,Reyansh discovered that Aadhya had used her Aadhaar/PAN details to fraudulently open an account in Borah Nagar.
1349,100150060202600005,Kidnapping of Women,Chikkamagaluru,Under Investigation,Jasmit was allegedly abducted by Yuvraj near Dada around 11:18 AM while returning home.
1350,100080029202600006,Arms Act Violation,Ballari,Closed - Undetected,Deepa was found in possession of an unlicensed knife during a check near Muni Path.
1351,300080030202400002,Possession of Narcotics,Ballari,Closed - Undetected,"During a routine vehicle check near Prabhu Circle, William was found in possession of a commercial quantity of contraband substance around 06:25 AM."
1352,100160064202300006,Identity Theft,Hassan,Closed - Undetected,Barkha discovered that Rajeshri had used her Aadhaar/PAN details to fraudulently open an account in Jhaveri.
1353,100050020202600008,Theft,Belagavi,Charge Sheeted,"Yahvi's mobile phone was stolen from outside Sankaran Nagar while unattended, around 08:13 PM."
1354,100150061202600005,Domestic Violence,Chikkamagaluru,Under Investigation,Madhavi has reported repeated physical abuse by Kritika at the shared household in Char Zila.
1355,100160065202600004,Cheating,Hassan,Acquitted,"Mohini paid Wridesh an advance for services/goods that were never delivered, related to a transaction near Dar Street."
1356,800060024202300001,Rioting,Kalaburagi,Charge Sheeted,"A clash broke out between two groups near Patla Road around 03:37 PM, resulting in property damage and minor injuries."
1357,100040014202600006,Theft,Mangaluru (Dakshina Kannada),Under Investigation,The complainant reports that unidentified persons stole a mobile phone from Magar sometime around 06:29 PM. No eyewitnesses have come forward yet.
1358,400040015202500001,Burglary,Mangaluru (Dakshina Kannada),Closed - Undetected,Unknown persons broke into the premises at Prashad Path during the night and decamped with a cash bag. Entry appears to have been made by breaking a window lock.
1359,800050021202600001,Online Financial Fraud,Belagavi,Under Investigation,"Kai was defrauded via a fake investment app promoted online, transferring funds over several weeks before realizing the platform was fraudulent."
1360,100080030202300012,Excise Act Violation,Ballari,Under Investigation,Meghana was found transporting liquor without a valid permit near Khare Marg around 09:23 AM.
1361,100160063202300004,Illicit Liquor,Hassan,Pending Trial,Caleb was found manufacturing/selling illicit liquor from premises at Dani.
1362,100100038202600012,Robbery,Shivamogga,Under Investigation,"A group of unidentified men robbed Harinakshi of a gold chain near Sharma Ganj, threatening with a iron rod."
1363,100080029202300007,Attempt to Murder,Ballari,Under Investigation,"Ikshita allegedly attacked Ubika with a wooden stick at Merchant Chowk around 10:07 PM, causing serious injuries. The victim was rushed to hospital and is under treatment."
1364,100050021202500008,Online Financial Fraud,Belagavi,Charge Sheeted,"Forum was defrauded via a fake investment app promoted online, transferring funds over several weeks before realizing the platform was fraudulent."
1365,100110043202400003,Dowry Harassment,Davanagere,Under Investigation,Naksh has alleged continuous harassment for additional dowry by Oliver and in-laws at the matrimonial home in Prabhakar.
1366,100010006202600003,Communal Disturbance,Bengaluru Urban,Under Investigation,"Tension arose near Anne Chowk following a social media post, leading to a communal disturbance around 09:59 AM."
1367,100040014202500007,Unlawful Assembly,Mangaluru (Dakshina Kannada),Under Investigation,A group led by Ridhi gathered unlawfully near Chana Ganj around 12:17 PM and caused a public nuisance.
1368,100100037202500011,Burglary,Shivamogga,Closed - False Case,Unknown persons broke into the premises at Narain during the night and decamped with a laptop. Entry appears to have been made by breaking a window lock.
1369,800170068202300002,Motor Vehicles Act Violation,Mandya,Closed - Undetected,Triveni was found driving a laptop at Buch Zila without a valid licence and in a rash manner endangering pedestrians around 12:44 PM.
1370,800160063202400002,Sexual Assault,Hassan,Closed - False Case,Warda has alleged that Aishani sexually assaulted her at Sharma Circle around 06:28 AM. Medical examination has been conducted.
1371,100140056202600009,Forgery,Udupi,Under Investigation,Rachana discovered that Vrinda had forged signatures on property documents related to land in Kalla Ganj.
1372,100160065202300005,Burglary,Hassan,Under Investigation,Unknown persons broke into the premises at Grover Marg during the night and decamped with a wallet. Entry appears to have been made by breaking a window lock.
1373,100170068202300007,Dacoity,Mandya,Under Investigation,A gang of five to six persons armed with wooden sticks robbed the Sampath Zila of cash and a mobile phone around 03:11 AM.
1374,100010005202600007,Unlawful Assembly,Bengaluru Urban,Under Investigation,A group led by Jonathan gathered unlawfully near Bhandari Marg around 02:52 PM and caused a public nuisance.
1375,100040017202600007,Dowry Harassment,Mangaluru (Dakshina Kannada),Under Investigation,Tanay has alleged continuous harassment for additional dowry by Mohammed and in-laws at the matrimonial home in Sankaran Street.
1376,100100037202500012,Domestic Violence,Shivamogga,Pending Trial,Oeshi has reported repeated physical abuse by Yashawini at the shared household in Rao Nagar.
1377,100100037202600006,Murder,Shivamogga,Convicted,Gautami was found dead with injuries consistent with a knife at Thakur Street. Neighbours reported a quarrel between Gautami and Dhriti shortly before 04:19 AM.
1378,300090032202500002,Motor Vehicles Act Violation,Tumakuru,Charge Sheeted,Anamika was found driving a cash bag at Saraf Nagar without a valid licence and in a rash manner endangering pedestrians around 04:49 AM.
1379,100150061202600006,Dacoity,Chikkamagaluru,Charge Sheeted,A gang of five to six persons armed with wooden sticks robbed the Parikh Circle of cash and a wallet around 06:05 PM.
1380,100060024202400008,Criminal Breach of Trust,Kalaburagi,Pending Trial,"Divya, entrusted with funds belonging to Amara for a joint venture, allegedly misappropriated the amount."
1381,800060024202300002,Excise Act Violation,Kalaburagi,Closed - False Case,Chaman was found transporting liquor without a valid permit near Datta Ganj around 09:08 PM.
1382,100180070202600009,Motor Vehicles Act Violation,Kolar,Under Investigation,Harinakshi was found driving a cash bag at Krishnamurthy Ganj without a valid licence and in a rash manner endangering pedestrians around 09:10 PM.
1383,300120045202600001,Drug Trafficking,Vijayapura,Charge Sheeted,"Acting on a tip-off, police intercepted Neel near Rao Path and recovered narcotics being transported for sale."
1384,100180071202600006,Communal Disturbance,Kolar,Under Investigation,"Tension arose near Bose Marg following a social media post, leading to a communal disturbance around 02:48 PM."
1385,100170068202300008,Sexual Assault,Mandya,Under Investigation,Reyansh has alleged that Wyatt sexually assaulted her at Saxena Nagar around 07:32 PM. Medical examination has been conducted.
1386,100040016202300005,Kidnapping of Women,Mangaluru (Dakshina Kannada),Charge Sheeted,Abhimanyu was allegedly abducted by Hardik near Naidu Marg around 06:55 AM while returning home.
1387,100090035202300005,Dowry Harassment,Tumakuru,Closed - False Case,Aachal has alleged continuous harassment for additional dowry by Upma and in-laws at the matrimonial home in Maharaj Marg.
1388,100100037202400006,Unlawful Assembly,Shivamogga,Pending Trial,A group led by Lavanya gathered unlawfully near Kumer Path around 07:04 PM and caused a public nuisance.
1389,100150061202600007,Excise Act Violation,Chikkamagaluru,Closed - Undetected,Chaman was found transporting liquor without a valid permit near Dhawan Nagar around 05:28 PM.
1390,100110040202400003,Culpable Homicide,Davanagere,Under Investigation,Anmol succumbed to injuries sustained during an altercation with Yatan at Hari Marg near 10:45 AM.
1391,400050019202600001,Online Financial Fraud,Belagavi,Charge Sheeted,Ekapad received a call from an unidentified person claiming to be a bank official and lost money via UPI transfer after sharing an OTP. Transaction traced to an account linked to Arora Road.
1392,800200077202300002,Forgery,Bidar,Acquitted,Irya discovered that Krishna had forged signatures on property documents related to land in Mistry Chowk.
1393,100120046202400003,Drug Trafficking,Vijayapura,Charge Sheeted,"Acting on a tip-off, police intercepted Aarav near Krishna Street and recovered narcotics being transported for sale."
1394,100140055202300004,Criminal Trespass,Udupi,Under Investigation,Rajeshri entered the premises at Patil Chowk without permission and refused to leave when asked by Bhavika.
1395,100100037202400007,Criminal Breach of Trust,Shivamogga,Convicted,"Xiti, entrusted with funds belonging to Aarush for a joint venture, allegedly misappropriated the amount."
1396,400090035202600001,Criminal Breach of Trust,Tumakuru,Under Investigation,"Pushti, entrusted with funds belonging to Om for a joint venture, allegedly misappropriated the amount."
1397,100170067202300011,Kidnapping of Women,Mandya,Under Investigation,Qabil was allegedly abducted by Tanay near Prabhu Zila around 01:20 AM while returning home.
1398,100030011202400003,Robbery,Mysuru,Under Investigation,"A group of unidentified men robbed Thomas of a cash bag near Seshadri Zila, threatening with a country-made pistol."
1399,100110041202300004,Robbery,Davanagere,Under Investigation,"Unnati accosted Avni near Naidu Chowk around 02:47 AM, snatched a gold chain at knife-point, and fled on a two-wheeler."
1400,100040015202300005,Excise Act Violation,Mangaluru (Dakshina Kannada),Acquitted,Ira was found transporting liquor without a valid permit near Bhattacharyya around 06:56 AM.
1401,100180071202600007,Drug Trafficking,Kolar,Closed - Undetected,"Acting on a tip-off, police intercepted Yashasvi near Vala Road and recovered narcotics being transported for sale."
1402,100120046202500005,Grievous Hurt,Vijayapura,Pending Trial,"A physical altercation between Wazir and Matthew at Rastogi led to grievous injuries being caused with a knife, around 11:02 PM."
1403,100170067202500006,Hacking,Mandya,Closed - False Case,Lila's email/social media account was accessed without authorization; unusual login activity was traced to an IP address outside Desai Circle.
1404,100190074202600009,Counterfeiting,Chitradurga,Charge Sheeted,Police recovered counterfeit currency notes from Rajeshri during a check near Sha Road.
1405,100200076202600004,Rioting,Bidar,Closed - Undetected,"A clash broke out between two groups near Garde Zila around 04:08 AM, resulting in property damage and minor injuries."
1406,100090032202500006,Rioting,Tumakuru,Under Investigation,"A clash broke out between two groups near Vohra Zila around 08:52 AM, resulting in property damage and minor injuries."
1407,800060023202300002,Cheating,Kalaburagi,Charge Sheeted,"Yashodhara paid Shaurya an advance for services/goods that were never delivered, related to a transaction near Bose Zila."
1408,100140056202300012,Burglary,Udupi,Charge Sheeted,Unknown persons broke into the premises at Sekhon during the night and decamped with a mobile phone. Entry appears to have been made by breaking a window lock.
1409,300190074202300002,Robbery,Chitradurga,Under Investigation,"Aryan accosted Chaaya near Sampath Ganj around 08:36 AM, snatched a gold chain at knife-point, and fled on a two-wheeler."
1410,100070026202300006,Robbery,Hubballi-Dharwad,Under Investigation,"A group of unidentified men robbed Sathvik of a two-wheeler near Tara Path, threatening with a sickle."
1411,100050021202400006,Dacoity,Belagavi,Convicted,A gang of five to six persons armed with iron rods robbed the Pillay Circle of cash and a two-wheeler around 02:24 PM.
1412,300200076202600001,Forgery,Bidar,Closed - Undetected,Arjun discovered that Unnati had forged signatures on property documents related to land in Mital Ganj.
1413,100050021202600005,Robbery,Belagavi,Pending Trial,"A group of unidentified men robbed Amrita of a mobile phone near Bhatt Marg, threatening with a knife."
1414,100130052202400007,Possession of Narcotics,Raichur,Closed - Undetected,"During a routine vehicle check near Chaudhary Road, Ekbal was found in possession of a commercial quantity of contraband substance around 01:42 AM."
1415,100150059202400009,Arms Act Violation,Chikkamagaluru,Pending Trial,Ijaya was found in possession of an unlicensed sharp weapon during a check near Rajagopalan Nagar.
1416,800200076202300001,Murder,Bidar,Under Investigation,"The complainant states that the accused Odika attacked Ojasvi with a country-made pistol near Brahmbhatt Marg following a dispute, resulting in death. Body was found at the scene around 11:52 AM."
1417,100070027202500003,Kidnapping of Women,Hubballi-Dharwad,Convicted,Kabir was allegedly abducted by Kiaan near Luthra Ganj around 01:37 AM while returning home.
1418,100120045202400004,Forgery,Vijayapura,Pending Trial,Amol discovered that Girindra had forged signatures on property documents related to land in Sethi Chowk.
1419,100140055202400005,Criminal Breach of Trust,Udupi,Charge Sheeted,"Krisha, entrusted with funds belonging to Logan for a joint venture, allegedly misappropriated the amount."
1420,100060024202600009,Online Financial Fraud,Kalaburagi,Charge Sheeted,Qadim received a call from an unidentified person claiming to be a bank official and lost money via UPI transfer after sharing an OTP. Transaction traced to an account linked to Prashad Chowk.
1421,300200076202300002,Hacking,Bidar,Under Investigation,Gaurika's email/social media account was accessed without authorization; unusual login activity was traced to an IP address outside Joshi Zila.
1422,100140056202600010,Dowry Harassment,Udupi,Charge Sheeted,Vivaan has alleged continuous harassment for additional dowry by Dominic and in-laws at the matrimonial home in Patel Road.
1423,100070026202400008,Illicit Liquor,Hubballi-Dharwad,Charge Sheeted,Zansi was found manufacturing/selling illicit liquor from premises at Nadig Chowk.
1424,100090034202600008,Possession of Narcotics,Tumakuru,Pending Trial,"During a routine vehicle check near Bhasin Nagar, Yadavi was found in possession of a commercial quantity of contraband substance around 06:42 AM."
1425,100040014202600007,Attempt to Murder,Mangaluru (Dakshina Kannada),Under Investigation,"Zashil allegedly attacked Dhruv with a country-made pistol at Sant Ganj around 11:07 PM, causing serious injuries. The victim was rushed to hospital and is under treatment."
1426,100070027202600009,Online Financial Fraud,Hubballi-Dharwad,Under Investigation,"Ekaja was defrauded via a fake investment app promoted online, transferring funds over several weeks before realizing the platform was fraudulent."
1427,100010006202300001,Hacking,Bengaluru Urban,Under Investigation,Qasim's email/social media account was accessed without authorization; unusual login activity was traced to an IP address outside Goyal Nagar.
1428,100130053202400009,Criminal Breach of Trust,Raichur,Closed - Undetected,"Lucky, entrusted with funds belonging to Ekaja for a joint venture, allegedly misappropriated the amount."
1429,100080030202400014,Possession of Narcotics,Ballari,Under Investigation,"During a routine vehicle check near Bala Street, Krishna was found in possession of a commercial quantity of contraband substance around 04:14 AM."
1430,100170068202500007,Attempt to Murder,Mandya,Closed - False Case,"Reyansh allegedly attacked Harrison with a country-made pistol at Ghosh Ganj around 02:10 PM, causing serious injuries. The victim was rushed to hospital and is under treatment."
1431,100020008202600004,Online Financial Fraud,Bengaluru Rural,Closed - Undetected,Gauri received a call from an unidentified person claiming to be a bank official and lost money via UPI transfer after sharing an OTP. Transaction traced to an account linked to Modi Ganj.
1432,100070027202400010,Dowry Harassment,Hubballi-Dharwad,Closed - Undetected,Yug has alleged continuous harassment for additional dowry by Rajeshri and in-laws at the matrimonial home in Solanki Chowk.
1433,100110042202400003,Motor Vehicles Act Violation,Davanagere,Under Investigation,Nidhi was found driving a two-wheeler at Natt Zila without a valid licence and in a rash manner endangering pedestrians around 07:55 AM.
1434,100120048202600003,Identity Theft,Vijayapura,Under Investigation,Charita discovered that Henry had used her Aadhaar/PAN details to fraudulently open an account in Solanki Road.
1435,800150060202300001,Grievous Hurt,Chikkamagaluru,Convicted,"A physical altercation between Radha and Meera at Kaul Path led to grievous injuries being caused with a knife, around 06:21 PM."
1436,100100038202500008,Kidnapping of Women,Shivamogga,Closed - False Case,Chameli was allegedly abducted by Harshil near Soman Path around 04:59 PM while returning home.
1437,100030011202600010,Culpable Homicide,Mysuru,Closed - Undetected,Xiti succumbed to injuries sustained during an altercation with Pushti at Bal Ganj near 10:33 PM.
1438,100130052202400008,Identity Theft,Raichur,Closed - Undetected,Ayush discovered that Yash had used her Aadhaar/PAN details to fraudulently open an account in Tank Nagar.
1439,100200076202500007,Drug Trafficking,Bidar,Charge Sheeted,"Acting on a tip-off, police intercepted Pallavi near Bahl Chowk and recovered narcotics being transported for sale."
1440,100090034202400006,Motor Vehicles Act Violation,Tumakuru,Under Investigation,Maanas was found driving a mobile phone at Gala without a valid licence and in a rash manner endangering pedestrians around 03:32 AM.
1441,100160065202300006,Sexual Assault,Hassan,Under Investigation,Charita has alleged that Advay sexually assaulted her at Rana Ganj around 11:34 AM. Medical examination has been conducted.
1442,100110042202500002,Possession of Narcotics,Davanagere,Closed - False Case,"During a routine vehicle check near Kapur Circle, Nisha was found in possession of a commercial quantity of contraband substance around 06:40 PM."
1443,100200077202600005,Possession of Narcotics,Bidar,Charge Sheeted,"During a routine vehicle check near Magar Road, Vincent was found in possession of a commercial quantity of contraband substance around 11:49 AM."
1444,100020009202300007,Rioting,Bengaluru Rural,Under Investigation,"A clash broke out between two groups near Walla Road around 01:42 AM, resulting in property damage and minor injuries."
1445,100150060202300005,Cheating,Chikkamagaluru,Charge Sheeted,"Tarak paid Baljiwan an advance for services/goods that were never delivered, related to a transaction near Krishnamurthy Zila."
1446,100150059202500006,Murder,Chikkamagaluru,Closed - Undetected,Aryan was found dead with injuries consistent with a knife at Edwin Road. Neighbours reported a quarrel between Aryan and Champak shortly before 08:29 PM.
1447,100130050202600002,Criminal Breach of Trust,Raichur,Convicted,"Omisha, entrusted with funds belonging to Omisha for a joint venture, allegedly misappropriated the amount."
1448,100130050202400002,Criminal Trespass,Raichur,Charge Sheeted,Forum entered the premises at Lal Road without permission and refused to leave when asked by Yachana.
1449,100130050202300006,Cheating,Raichur,Pending Trial,"Hardik paid Gabriel an advance for services/goods that were never delivered, related to a transaction near D’Alia Chowk."
1450,100080030202600007,Illicit Liquor,Ballari,Under Investigation,Ucchal was found manufacturing/selling illicit liquor from premises at Edwin Nagar.
1451,100070026202600010,Burglary,Hubballi-Dharwad,Charge Sheeted,Unknown persons broke into the premises at Buch Circle during the night and decamped with a wallet. Entry appears to have been made by breaking a window lock.
1452,100200076202600005,Domestic Violence,Bidar,Closed - False Case,Bhanumati has reported repeated physical abuse by Chanakya at the shared household in Khanna Zila.
1453,100170068202400002,Culpable Homicide,Mandya,Acquitted,Devika succumbed to injuries sustained during an altercation with Falan at Dewan Nagar near 01:37 AM.
1454,100090034202300003,Communal Disturbance,Tumakuru,Charge Sheeted,"Tension arose near Seth Marg following a social media post, leading to a communal disturbance around 10:41 AM."
1455,100110042202500003,Cheating,Davanagere,Convicted,"Chaman paid Madhav an advance for services/goods that were never delivered, related to a transaction near Sen Street."
1456,800190074202400002,Communal Disturbance,Chitradurga,Closed - Undetected,"Tension arose near Bal Path following a social media post, leading to a communal disturbance around 12:59 PM."
1457,100050020202400004,Rioting,Belagavi,Charge Sheeted,"A clash broke out between two groups near Vala Nagar around 08:59 AM, resulting in property damage and minor injuries."
1458,100030012202600005,Criminal Trespass,Mysuru,Closed - Undetected,Anita entered the premises at Sunder Zila without permission and refused to leave when asked by Daniel.
1459,100180070202500006,Drug Trafficking,Kolar,Charge Sheeted,"Acting on a tip-off, police intercepted Indali near Dey Street and recovered narcotics being transported for sale."
1460,100110043202600004,Communal Disturbance,Davanagere,Closed - Undetected,"Tension arose near Mishra Path following a social media post, leading to a communal disturbance around 10:22 AM."
1461,100070026202400009,Excise Act Violation,Hubballi-Dharwad,Charge Sheeted,Idika was found transporting liquor without a valid permit near Murthy Nagar around 06:07 PM.
1462,300160064202500001,Sexual Assault,Hassan,Pending Trial,Vrishti has alleged that Banjeet sexually assaulted her at Shetty around 04:21 PM. Medical examination has been conducted.
1463,100060024202300005,Motor Vehicles Act Violation,Kalaburagi,Closed - False Case,Harsh was found driving a cash bag at Mani without a valid licence and in a rash manner endangering pedestrians around 06:29 PM.
1464,100090035202400005,Identity Theft,Tumakuru,Charge Sheeted,Bhavna discovered that Kabir had used her Aadhaar/PAN details to fraudulently open an account in Bansal Circle.
1465,100070027202600010,Criminal Trespass,Hubballi-Dharwad,Under Investigation,Sai entered the premises at Khatri Road without permission and refused to leave when asked by Tristan.
1466,100050019202300006,Criminal Trespass,Belagavi,Convicted,Arunima entered the premises at Acharya Street without permission and refused to leave when asked by Ansh.
1467,100080029202300008,Dacoity,Ballari,Closed - Undetected,A gang of five to six persons armed with country-made pistols robbed the Narula Marg of cash and a wallet around 02:51 AM.
1468,100070027202400011,Counterfeiting,Hubballi-Dharwad,Closed - False Case,Police recovered counterfeit currency notes from Mohini during a check near Dhawan Path.
1469,300160065202300001,Sexual Assault,Hassan,Charge Sheeted,Ishita has alleged that Thomas sexually assaulted her at Vala Nagar around 02:27 AM. Medical examination has been conducted.
1470,100100038202600013,Robbery,Shivamogga,Convicted,"Aditya accosted Ekantika near Manda Circle around 03:28 PM, snatched a laptop at knife-point, and fled on a two-wheeler."
1471,100090032202500007,Unlawful Assembly,Tumakuru,Charge Sheeted,A group led by Jonathan gathered unlawfully near Choudhry Road around 09:12 PM and caused a public nuisance.
1472,800100038202400003,Communal Disturbance,Shivamogga,Charge Sheeted,"Tension arose near Manda Chowk following a social media post, leading to a communal disturbance around 03:37 PM."
1473,400080029202600001,Criminal Breach of Trust,Ballari,Acquitted,"Hamsini, entrusted with funds belonging to Maanas for a joint venture, allegedly misappropriated the amount."
1474,300070027202500002,Illicit Liquor,Hubballi-Dharwad,Under Investigation,Radhika was found manufacturing/selling illicit liquor from premises at Gour Marg.
1475,100190074202600010,Illicit Liquor,Chitradurga,Closed - False Case,Vedika was found manufacturing/selling illicit liquor from premises at Dugar Road.
1476,800020009202600001,Grievous Hurt,Bengaluru Rural,Under Investigation,"A physical altercation between Wridesh and Jagrati at Goda led to grievous injuries being caused with a sickle, around 06:00 PM."
1477,100030012202600006,Motor Vehicles Act Violation,Mysuru,Pending Trial,Abhimanyu was found driving a wallet at Dora Street without a valid licence and in a rash manner endangering pedestrians around 09:55 AM.
1478,300190074202500001,Illicit Liquor,Chitradurga,Pending Trial,Vrishti was found manufacturing/selling illicit liquor from premises at Sur.
1479,100080029202500004,Cheating,Ballari,Charge Sheeted,"Krisha paid Madhav an advance for services/goods that were never delivered, related to a transaction near Oak Street."
1480,100040017202600008,Criminal Breach of Trust,Mangaluru (Dakshina Kannada),Under Investigation,"Dayamai, entrusted with funds belonging to Irya for a joint venture, allegedly misappropriated the amount."
1481,100070026202400010,Drug Trafficking,Hubballi-Dharwad,Closed - Undetected,"Acting on a tip-off, police intercepted Upadhriti near Warrior Chowk and recovered narcotics being transported for sale."
1482,100170067202600008,Motor Vehicles Act Violation,Mandya,Under Investigation,Jagat was found driving a cash bag at Merchant without a valid licence and in a rash manner endangering pedestrians around 01:50 PM.
1483,100150058202400003,Dowry Harassment,Chikkamagaluru,Under Investigation,Harini has alleged continuous harassment for additional dowry by Dalbir and in-laws at the matrimonial home in Goel Path.
1484,100110041202600008,Robbery,Davanagere,Convicted,"Nachiket accosted Darpan near Korpal Street around 06:48 AM, snatched a mobile phone at knife-point, and fled on a two-wheeler."
1485,100010005202500005,Criminal Breach of Trust,Bengaluru Urban,Charge Sheeted,"Matthew, entrusted with funds belonging to Krishna for a joint venture, allegedly misappropriated the amount."
1486,100160063202600007,Possession of Narcotics,Hassan,Charge Sheeted,"During a routine vehicle check near Pillai Circle, Bhavani was found in possession of a commercial quantity of contraband substance around 06:02 PM."
1487,100010003202600008,Arms Act Violation,Bengaluru Urban,Closed - Undetected,Devika was found in possession of an unlicensed sharp weapon during a check near Bains Ganj.
1488,800150058202600001,Excise Act Violation,Chikkamagaluru,Closed - False Case,Lajita was found transporting liquor without a valid permit near Joshi around 12:46 PM.
1489,100160064202600006,Criminal Trespass,Hassan,Pending Trial,Ekbal entered the premises at Kade Path without permission and refused to leave when asked by Hema.
1490,100110043202600005,Counterfeiting,Davanagere,Charge Sheeted,Police recovered counterfeit currency notes from Maya during a check near Gour Road.
1491,800170067202600001,Cheating,Mandya,Pending Trial,"Yuvraj paid Vrinda an advance for services/goods that were never delivered, related to a transaction near Ramanathan Path."
1492,100040017202500004,Criminal Breach of Trust,Mangaluru (Dakshina Kannada),Closed - False Case,"Nathaniel, entrusted with funds belonging to Pooja for a joint venture, allegedly misappropriated the amount."
1493,100090033202600003,Counterfeiting,Tumakuru,Under Investigation,Police recovered counterfeit currency notes from Imaran during a check near Bhagat Street.
1494,100190073202400010,Forgery,Chitradurga,Closed - Undetected,Karan discovered that Imaran had forged signatures on property documents related to land in Sarkar Road.
1495,100120048202500005,Dowry Harassment,Vijayapura,Charge Sheeted,Wakeeta has alleged continuous harassment for additional dowry by Triya and in-laws at the matrimonial home in Ahuja Circle.
1496,100130050202600003,Arms Act Violation,Raichur,Acquitted,Girik was found in possession of an unlicensed iron rod during a check near Sethi Road.
1497,100090035202300006,Rioting,Tumakuru,Charge Sheeted,"A clash broke out between two groups near Rana Zila around 07:31 PM, resulting in property damage and minor injuries."
1498,100130053202400010,Hacking,Raichur,Under Investigation,Max's email/social media account was accessed without authorization; unusual login activity was traced to an IP address outside Vasa Nagar.
1499,100150060202400008,Rioting,Chikkamagaluru,Under Investigation,"A clash broke out between two groups near Nayak Nagar around 03:46 PM, resulting in property damage and minor injuries."
1500,300010005202500001,Possession of Narcotics,Bengaluru Urban,Charge Sheeted,"During a routine vehicle check near Acharya Nagar, Kavya was found in possession of a commercial quantity of contraband substance around 12:32 AM."
