case_master_id,crime_no,case_no,crime_registered_date,police_person_id,police_station_id,case_category_id,gravity_offence_id,crime_major_head_id,crime_minor_head_id,case_status_id,court_id,incident_from_date,incident_to_date,info_received_ps_date,latitude,longitude,brief_facts
1,100030011202600001,202600001,2026-01-21,7,11,1,2,2,9,2,6.0,2026-01-20 22:22:47,2026-01-20 22:22:47,2026-01-21 09:22:47,13.857298,74.923498,Xiti entered the premises at Pandya Circle without permission and refused to leave when asked by Victor.
2,100100038202400001,202400001,2024-07-05,295,38,1,2,6,22,4,,2024-07-03 08:41:39,2024-07-03 09:41:39,2024-07-03 21:41:39,13.640602,75.901501,"A clash broke out between two groups near Nair Nagar around 08:41 AM, resulting in property damage and minor injuries."
3,100150061202600001,202600001,2026-04-16,182,61,1,2,2,5,4,,2026-04-16 09:34:13,2026-04-16 15:34:13,2026-04-17 02:34:13,14.644373,77.316101,"Farhan's two-wheeler was stolen from outside Nori Road while unattended, around 09:34 AM."
4,100100038202400002,202400002,2024-07-21,154,38,1,1,2,8,4,19.0,2024-07-18 20:08:32,2024-07-18 22:08:32,2024-07-19 13:08:32,14.987726,74.612926,A gang of five to six persons armed with knifes robbed the Ghose Ganj of cash and a wallet around 08:08 PM.
5,100130050202400001,202400001,2024-04-18,251,50,1,1,3,12,1,26.0,2024-04-17 18:21:42,2024-04-17 22:21:42,2024-04-18 01:21:42,14.73688,77.484854,Riya was allegedly abducted by Chavvi near Bhalla Road around 06:21 PM while returning home.
6,100060023202400001,202400001,2024-03-13,197,23,1,2,1,3,7,11.0,2024-03-11 23:53:06,2024-03-12 05:53:06,2024-03-12 19:53:06,14.269033,76.974849,"A physical altercation between Faraj and Bhavini at Tripathi Zila led to grievous injuries being caused with a sickle, around 11:53 PM."
7,400150059202300001,202300001,2023-10-13,225,59,4,2,8,29,1,,2023-10-12 12:54:42,2023-10-12 14:54:42,2023-10-12 15:54:42,12.910851,78.559445,Frado was found in possession of an unlicensed country-made pistol during a check near Gera Circle.
8,100160063202500001,202500001,2025-09-01,189,63,1,2,2,5,2,,2025-08-30 14:38:22,2025-08-30 17:38:22,2025-08-31 07:38:22,14.208156,77.409778,The complainant reports that unidentified persons stole a wallet from Mukherjee Path sometime around 02:38 PM. No eyewitnesses have come forward yet.
9,400150058202600001,202600001,2026-02-09,191,58,4,1,3,12,1,29.0,2026-02-08 14:52:16,2026-02-08 19:52:16,2026-02-09 04:52:16,14.771189,74.758936,Yashoda was allegedly abducted by Janaki near Patil Nagar around 02:52 PM while returning home.
10,400110040202600001,202600001,2026-05-15,53,40,4,2,4,17,1,,2026-05-15 02:25:08,2026-05-15 05:25:08,2026-05-15 07:25:08,15.583461,75.185646,Upkaar discovered that Laksh had used her Aadhaar/PAN details to fraudulently open an account in Brahmbhatt Street.
11,100200077202300001,202300001,2023-11-26,254,77,1,2,4,17,1,39.0,2023-11-24 16:55:37,2023-11-24 17:55:37,2023-11-25 09:55:37,13.343786,77.690412,Caleb discovered that Nirja had used her Aadhaar/PAN details to fraudulently open an account in Khanna Path.
12,100030012202400001,202400001,2024-01-23,62,12,1,1,2,8,3,5.0,2024-01-22 04:43:21,2024-01-22 04:43:21,2024-01-22 17:43:21,12.980241,74.556753,A gang of five to six persons armed with country-made pistols robbed the Devi Ganj of cash and a two-wheeler around 04:43 AM.
13,100020009202400001,202400001,2024-03-10,139,9,1,2,7,25,1,4.0,2024-03-10 08:02:12,2024-03-10 12:02:12,2024-03-11 10:02:12,14.500376,75.097005,"Shravya, entrusted with funds belonging to Tristan for a joint venture, allegedly misappropriated the amount."
14,100070026202600001,202600001,2026-01-05,158,26,1,1,1,3,1,,2026-01-04 10:25:47,2026-01-04 14:25:47,2026-01-05 01:25:47,14.354351,75.690838,"A physical altercation between Madhav and Gautami at Barad Street led to grievous injuries being caused with a iron rod, around 10:25 AM."
15,100040015202500001,202500001,2025-06-07,47,15,1,2,4,17,1,7.0,2025-06-07 05:58:17,2025-06-07 09:58:17,2025-06-07 20:58:17,14.901192,78.631933,Pallavi discovered that Indrajit had used her Aadhaar/PAN details to fraudulently open an account in Khanna Road.
16,100150059202500001,202500001,2025-02-17,196,59,1,2,3,13,5,29.0,2025-02-17 09:02:26,2025-02-17 12:02:26,2025-02-17 13:02:26,13.104825,75.573581,Jalsa has reported repeated physical abuse by Ekansh at the shared household in Tripathi Circle.
17,400180070202500001,202500001,2025-07-06,14,70,4,1,6,23,2,35.0,2025-07-03 09:58:58,2025-07-03 15:58:58,2025-07-04 06:58:58,13.266571,78.978824,"Tension arose near Bir Path following a social media post, leading to a communal disturbance around 09:58 AM."
18,100180071202300001,202300001,2023-02-05,67,71,1,2,4,14,2,35.0,2023-02-04 18:15:35,2023-02-04 19:15:35,2023-02-05 14:15:35,13.12111,78.512122,"Diya was defrauded via a fake investment app promoted online, transferring funds over several weeks before realizing the platform was fraudulent."
19,800060023202600001,202600001,2026-06-15,73,23,3,1,6,23,1,12.0,2026-06-12 04:48:53,2026-06-12 04:48:53,2026-06-12 09:48:53,12.772323,76.234051,"Tension arose near Nori Marg following a social media post, leading to a communal disturbance around 04:48 AM."
20,100190073202300001,202300001,2023-11-07,193,73,1,1,6,22,7,37.0,2023-11-07 05:01:59,2023-11-07 07:01:59,2023-11-07 07:01:59,12.762508,79.209171,"A clash broke out between two groups near Narang Zila around 05:01 AM, resulting in property damage and minor injuries."
21,100010004202500001,202500001,2025-02-01,136,4,1,1,5,19,2,,2025-01-30 07:41:59,2025-01-30 13:41:59,2025-01-30 16:41:59,14.404441,75.424406,"Acting on a tip-off, police intercepted Yochana near Balasubramanian Street and recovered narcotics being transported for sale."
22,300020009202600001,202600001,2026-04-14,18,9,2,2,8,29,1,,2026-04-12 11:40:40,2026-04-12 15:40:40,2026-04-12 22:40:40,15.651593,78.502252,Janaki was found in possession of an unlicensed sharp weapon during a check near Bali Marg.
23,100010006202400001,202400001,2024-02-27,275,6,1,2,2,5,2,2.0,2024-02-24 13:19:18,2024-02-24 17:19:18,2024-02-25 11:19:18,15.572627,75.820683,"Dipta's cash bag was stolen from outside Comar Ganj while unattended, around 01:19 PM."
24,300090035202300001,202300001,2023-12-04,97,35,2,2,8,29,1,17.0,2023-12-03 05:44:06,2023-12-03 06:44:06,2023-12-03 15:44:06,15.697015,76.535852,Sanaya was found in possession of an unlicensed wooden stick during a check near Mangal Ganj.
25,100160065202500001,202500001,2025-03-05,114,65,1,2,2,7,1,31.0,2025-03-04 03:03:26,2025-03-04 08:03:26,2025-03-05 06:03:26,14.871933,75.845418,"A group of unidentified men robbed Owen of a cash bag near Kapur Circle, threatening with a knife."
26,100040017202500001,202500001,2025-09-06,153,17,1,2,5,20,4,,2025-09-05 01:46:32,2025-09-05 07:46:32,2025-09-05 15:46:32,14.310528,75.70151,Mitali was found manufacturing/selling illicit liquor from premises at Vora Chowk.
27,100100037202500001,202500001,2025-10-09,216,37,1,2,6,23,1,20.0,2025-10-06 16:13:45,2025-10-06 22:13:45,2025-10-07 03:13:45,13.65961,75.802796,"Tension arose near Bhakta Circle following a social media post, leading to a communal disturbance around 04:13 PM."
28,300050020202400001,202400001,2024-10-29,108,20,2,1,3,12,3,10.0,2024-10-29 02:15:28,2024-10-29 05:15:28,2024-10-29 15:15:28,13.09012,78.322419,Zilmil was allegedly abducted by Bhanumati near Krishna Zila around 02:15 AM while returning home.
29,100030011202500001,202500001,2025-06-27,176,11,1,2,6,22,6,,2025-06-24 07:32:28,2025-06-24 11:32:28,2025-06-25 03:32:28,14.215625,78.250578,"A clash broke out between two groups near Lanka around 07:32 AM, resulting in property damage and minor injuries."
30,100040016202400001,202400001,2024-06-11,103,16,1,2,2,7,1,7.0,2024-06-11 02:44:20,2024-06-11 06:44:20,2024-06-12 05:44:20,15.410246,79.365599,"A group of unidentified men robbed Ojasvi of a wallet near Jani Chowk, threatening with a sharp weapon."
31,100040017202300001,202300001,2023-10-30,136,17,1,1,2,7,3,8.0,2023-10-28 00:42:39,2023-10-28 00:42:39,2023-10-28 23:42:39,12.849331,75.373509,"Hemani accosted Eiravati near De Marg around 12:42 AM, snatched a two-wheeler at knife-point, and fled on a two-wheeler."
32,100060023202600001,202600001,2026-02-22,31,23,1,2,7,25,1,,2026-02-20 17:50:02,2026-02-20 22:50:02,2026-02-21 13:50:02,15.455224,75.018566,"Lohit, entrusted with funds belonging to Yug for a joint venture, allegedly misappropriated the amount."
33,100180070202400001,202400001,2024-07-15,143,70,1,1,3,10,4,36.0,2024-07-12 20:13:52,2024-07-13 02:13:52,2024-07-13 17:13:52,13.279473,77.716587,Yashasvi has alleged continuous harassment for additional dowry by Tanvi and in-laws at the matrimonial home in Kale Ganj.
34,800030012202400001,202400001,2024-09-11,187,12,3,1,1,2,5,6.0,2024-09-08 19:16:36,2024-09-08 21:16:36,2024-09-09 08:16:36,12.899082,78.2966,"Abhiram allegedly attacked Bhavika with a wooden stick at Sankar Zila around 07:16 PM, causing serious injuries. The victim was rushed to hospital and is under treatment."
35,100190073202600001,202600001,2026-03-30,261,73,1,1,1,1,2,38.0,2026-03-28 03:34:55,2026-03-28 04:34:55,2026-03-28 19:34:55,15.685635,77.959089,"The complainant states that the accused Bhavya attacked Janani with a iron rod near Raju Zila following a dispute, resulting in death. Body was found at the scene around 03:34 AM."
36,100180071202400001,202400001,2024-03-19,92,71,1,2,5,20,1,,2024-03-17 22:25:19,2024-03-18 02:25:19,2024-03-19 00:25:19,14.930092,76.111907,Rushil was found manufacturing/selling illicit liquor from premises at Upadhyay.
37,100020009202300001,202300001,2023-05-20,148,9,1,2,4,17,1,,2023-05-17 22:09:45,2023-05-17 22:09:45,2023-05-18 17:09:45,12.66443,76.407913,Gauri discovered that Urvi had used her Aadhaar/PAN details to fraudulently open an account in Shan Circle.
38,100200077202500001,202500001,2025-01-29,48,77,1,1,3,10,4,40.0,2025-01-27 15:17:53,2025-01-27 19:17:53,2025-01-28 02:17:53,15.591889,77.816672,Vedant has alleged continuous harassment for additional dowry by Charan and in-laws at the matrimonial home in Srinivasan.
39,100170068202500001,202500001,2025-12-15,276,68,1,2,2,5,1,,2025-12-14 20:35:29,2025-12-14 22:35:29,2025-12-15 14:35:29,14.694266,75.553907,The complainant reports that unidentified persons stole a wallet from Thaker Marg sometime around 08:35 PM. No eyewitnesses have come forward yet.
40,100080030202600001,202600001,2026-05-03,300,30,1,1,1,4,3,15.0,2026-05-01 06:01:31,2026-05-01 09:01:31,2026-05-01 19:01:31,15.468879,76.288501,Tripti succumbed to injuries sustained during an altercation with Hema at Pandya Circle near 06:01 AM.
41,100180070202300001,202300001,2023-08-11,177,70,1,1,2,7,1,,2023-08-09 08:07:27,2023-08-09 12:07:27,2023-08-10 05:07:27,15.669698,78.757294,"Ikshita accosted Varsha near Mahal Circle around 08:07 AM, snatched a gold chain at knife-point, and fled on a two-wheeler."
42,100110043202500001,202500001,2025-09-27,127,43,1,2,6,22,7,22.0,2025-09-26 12:29:53,2025-09-26 16:29:53,2025-09-27 10:29:53,14.992697,77.704193,"A clash broke out between two groups near Kunda Chowk around 12:29 PM, resulting in property damage and minor injuries."
43,800030011202300001,202300001,2023-11-12,77,11,3,2,4,14,2,6.0,2023-11-10 11:22:34,2023-11-10 17:22:34,2023-11-11 11:22:34,13.281573,78.360724,"Chandresh was defrauded via a fake investment app promoted online, transferring funds over several weeks before realizing the platform was fraudulent."
44,800130053202300001,202300001,2023-01-16,193,53,3,2,5,20,1,25.0,2023-01-14 18:56:19,2023-01-14 18:56:19,2023-01-15 16:56:19,13.778539,77.766683,Ekani was found manufacturing/selling illicit liquor from premises at Bhargava Road.
45,100040017202600001,202600001,2026-02-10,69,17,1,1,1,2,1,7.0,2026-02-10 01:57:05,2026-02-10 06:57:05,2026-02-10 19:57:05,12.637168,77.361346,"Quincy allegedly attacked Warhi with a wooden stick at Barad Road around 01:57 AM, causing serious injuries. The victim was rushed to hospital and is under treatment."
46,100040014202600001,202600001,2026-06-10,48,14,1,2,3,13,6,7.0,2026-06-09 16:50:07,2026-06-09 20:50:07,2026-06-09 23:50:07,12.956151,77.517373,Isaiah has reported repeated physical abuse by Ganga at the shared household in Shanker Street.
47,100140056202300001,202300001,2023-08-13,162,56,1,1,1,4,3,,2023-08-10 17:13:50,2023-08-10 17:13:50,2023-08-11 09:13:50,12.873041,76.630358,Yutika succumbed to injuries sustained during an altercation with Falak at Rattan Zila near 05:13 PM.
48,100070027202300001,202300001,2023-03-04,46,27,1,1,2,6,2,,2023-03-02 09:11:12,2023-03-02 14:11:12,2023-03-02 14:11:12,13.276196,74.900199,Unknown persons broke into the premises at Narayan Road during the night and decamped with a wallet. Entry appears to have been made by breaking a window lock.
49,100130051202300001,202300001,2023-12-23,233,51,1,2,6,22,7,25.0,2023-12-23 12:21:16,2023-12-23 16:21:16,2023-12-24 01:21:16,14.512174,75.805538,"A clash broke out between two groups near Deol Ganj around 12:21 PM, resulting in property damage and minor injuries."
50,100080030202500001,202500001,2025-07-20,39,30,1,2,5,18,1,16.0,2025-07-17 18:10:05,2025-07-17 18:10:05,2025-07-18 16:10:05,13.1247,76.069364,"During a routine vehicle check near Narang Street, Mason was found in possession of a commercial quantity of contraband substance around 06:10 PM."
51,400160063202500001,202500001,2025-06-04,258,63,4,1,3,10,2,31.0,2025-06-03 08:30:20,2025-06-03 14:30:20,2025-06-04 08:30:20,15.5114,78.37952,Tanmayi has alleged continuous harassment for additional dowry by Dalbir and in-laws at the matrimonial home in Shere Circle.
52,100150059202400001,202400001,2024-11-12,243,59,1,2,4,17,5,29.0,2024-11-11 16:48:25,2024-11-11 21:48:25,2024-11-12 05:48:25,13.118125,76.997989,Hemangini discovered that Devansh had used her Aadhaar/PAN details to fraudulently open an account in Bhasin Circle.
53,100130052202400001,202400001,2024-12-03,176,52,1,2,7,27,5,25.0,2024-12-02 07:44:52,2024-12-02 12:44:52,2024-12-02 22:44:52,13.609074,75.956782,Police recovered counterfeit currency notes from Ijaya during a check near Gokhale Zila.
54,100040014202600002,202600002,2026-04-17,44,14,1,2,7,24,1,,2026-04-17 05:53:11,2026-04-17 05:53:11,2026-04-18 05:53:11,15.59915,76.046853,"Ladli paid Victor an advance for services/goods that were never delivered, related to a transaction near Sharma Ganj."
55,100140056202300002,202300002,2023-08-01,200,56,1,2,7,27,1,,2023-07-30 22:42:28,2023-07-30 23:42:28,2023-07-31 12:42:28,13.272073,74.896049,Police recovered counterfeit currency notes from Daksh during a check near Thakur Street.
56,100070027202600001,202600001,2026-03-14,29,27,1,2,6,21,5,,2026-03-11 15:50:09,2026-03-11 20:50:09,2026-03-11 21:50:09,13.873476,77.21596,A group led by Prisha gathered unlawfully near Tandon Circle around 03:50 PM and caused a public nuisance.
57,100100037202300001,202300001,2023-12-02,300,37,1,2,7,26,1,,2023-12-01 06:52:22,2023-12-01 06:52:22,2023-12-01 13:52:22,15.262003,74.544649,Qarin discovered that Urvashi had forged signatures on property documents related to land in Kar Ganj.
58,100150060202600001,202600001,2026-02-06,36,60,1,2,6,22,4,29.0,2026-02-03 20:25:10,2026-02-03 21:25:10,2026-02-04 14:25:10,14.072845,78.597093,"A clash broke out between two groups near Chanda Path around 08:25 PM, resulting in property damage and minor injuries."
59,100140056202300003,202300003,2023-01-18,251,56,1,2,4,14,2,28.0,2023-01-17 08:02:01,2023-01-17 09:02:01,2023-01-17 10:02:01,14.954599,75.779693,"Sathvik was defrauded via a fake investment app promoted online, transferring funds over several weeks before realizing the platform was fraudulent."
60,300020008202300001,202300001,2023-03-25,292,8,2,2,4,17,1,3.0,2023-03-23 02:20:03,2023-03-23 02:20:03,2023-03-23 05:20:03,13.126143,78.245972,Mekhala discovered that Wriddhish had used her Aadhaar/PAN details to fraudulently open an account in Nagy Circle.
61,100140056202400001,202400001,2024-05-25,146,56,1,2,6,22,2,27.0,2024-05-22 17:50:28,2024-05-22 22:50:28,2024-05-23 06:50:28,14.311633,79.46706,"A clash broke out between two groups near Nagarajan Chowk around 05:50 PM, resulting in property damage and minor injuries."
62,100160065202300001,202300001,2023-08-20,172,65,1,2,7,24,4,,2023-08-18 13:57:24,2023-08-18 13:57:24,2023-08-19 12:57:24,15.359996,76.582609,"Rohan paid Forum an advance for services/goods that were never delivered, related to a transaction near Raghavan Ganj."
63,100050019202400001,202400001,2024-07-08,166,19,1,2,4,15,1,10.0,2024-07-06 09:11:42,2024-07-06 14:11:42,2024-07-07 08:11:42,14.516064,75.062649,Qarin reports that Daniel created a fake profile impersonating her and posted defamatory content on social media.
64,100080029202400001,202400001,2024-10-21,148,29,1,1,1,2,7,,2024-10-20 20:35:26,2024-10-20 20:35:26,2024-10-21 19:35:26,14.928283,75.05639,"Laksh allegedly attacked Nitara with a knife at Bir Ganj around 08:35 PM, causing serious injuries. The victim was rushed to hospital and is under treatment."
65,100090032202300001,202300001,2023-01-26,198,32,1,1,6,21,1,,2023-01-24 19:44:11,2023-01-25 00:44:11,2023-01-25 08:44:11,13.832454,79.38306,A group led by Nisha gathered unlawfully near Badal Nagar around 07:44 PM and caused a public nuisance.
66,100120047202500001,202500001,2025-11-12,116,47,1,2,7,24,7,,2025-11-12 00:23:23,2025-11-12 05:23:23,2025-11-12 13:23:23,15.640114,77.784659,"Rehaan paid Zayyan an advance for services/goods that were never delivered, related to a transaction near Loke Path."
67,800050021202400001,202400001,2024-05-03,16,21,3,2,2,6,1,,2024-05-02 23:16:45,2024-05-03 03:16:45,2024-05-03 20:16:45,15.580462,76.570201,Unknown persons broke into the premises at Soni Circle during the night and decamped with a two-wheeler. Entry appears to have been made by breaking a window lock.
68,100020009202300002,202300002,2023-12-26,225,9,1,2,4,15,1,,2023-12-24 23:40:48,2023-12-25 02:40:48,2023-12-25 09:40:48,14.2148,76.124478,Vaishnavi reports that Anika created a fake profile impersonating her and posted defamatory content on social media.
69,100100038202600001,202600001,2026-02-27,93,38,1,2,3,13,5,19.0,2026-02-26 22:05:43,2026-02-27 03:05:43,2026-02-27 19:05:43,15.782449,77.980571,Chandani has reported repeated physical abuse by Nicholas at the shared household in Khosla.
70,100130053202400001,202400001,2024-12-20,215,53,1,1,3,11,5,25.0,2024-12-18 12:48:43,2024-12-18 16:48:43,2024-12-19 13:48:43,15.055566,79.304831,Rajeshri has alleged that Vincent sexually assaulted her at Oak Zila around 12:48 PM. Medical examination has been conducted.
71,100200077202300002,202300002,2023-01-20,294,77,1,1,3,12,3,,2023-01-19 12:00:19,2023-01-19 15:00:19,2023-01-19 20:00:19,13.120967,76.776689,Frederick was allegedly abducted by Chakrika near Borah Ganj around 12:00 PM while returning home.
72,100190073202500001,202500001,2025-06-15,253,73,1,2,6,21,3,38.0,2025-06-14 04:25:41,2025-06-14 06:25:41,2025-06-14 22:25:41,15.592823,75.663608,A group led by Abdul gathered unlawfully near Saxena Road around 04:25 AM and caused a public nuisance.
73,300130050202400001,202400001,2024-05-08,275,50,2,2,8,28,3,26.0,2024-05-06 13:37:17,2024-05-06 18:37:17,2024-05-07 09:37:17,14.118645,78.570833,Harshil was found driving a cash bag at Chakraborty Nagar without a valid licence and in a rash manner endangering pedestrians around 01:37 PM.
74,100190074202300001,202300001,2023-12-02,191,74,1,1,1,3,2,37.0,2023-12-01 03:35:50,2023-12-01 08:35:50,2023-12-01 18:35:50,15.827544,75.580699,"A physical altercation between Lipika and Odika at Kibe Zila led to grievous injuries being caused with a knife, around 03:35 AM."
75,100070026202300001,202300001,2023-01-02,12,26,1,2,2,7,2,14.0,2022-12-31 23:18:24,2022-12-31 23:18:24,2023-01-01 20:18:24,13.5925,78.960678,"A group of unidentified men robbed Dev of a gold chain near Majumdar Marg, threatening with a iron rod."
76,100200077202300003,202300003,2023-02-20,92,77,1,1,1,1,2,40.0,2023-02-20 09:22:39,2023-02-20 12:22:39,2023-02-21 09:22:39,15.619466,77.647353,Tanvi was found dead with injuries consistent with a wooden stick at Modi Street. Neighbours reported a quarrel between Tanvi and Hredhaan shortly before 09:22 AM.
77,100130051202500001,202500001,2025-11-03,88,51,1,1,1,1,2,26.0,2025-11-01 14:57:01,2025-11-01 17:57:01,2025-11-02 08:57:01,13.720154,77.373391,"The complainant states that the accused Dipta attacked Varenya with a sickle near Rao Street following a dispute, resulting in death. Body was found at the scene around 02:57 PM."
78,100190074202400001,202400001,2024-03-08,228,74,1,2,8,28,2,37.0,2024-03-07 20:16:24,2024-03-08 01:16:24,2024-03-08 23:16:24,15.845592,74.848038,Ryan was found driving a wallet at Gole without a valid licence and in a rash manner endangering pedestrians around 08:16 PM.
79,100030011202600002,202600002,2026-06-14,1,11,1,2,1,3,6,,2026-06-13 22:16:24,2026-06-14 04:16:24,2026-06-14 13:16:24,15.372636,76.296223,"A physical altercation between Pallavi and Mitesh at Borah Marg led to grievous injuries being caused with a iron rod, around 10:16 PM."
80,100050019202600001,202600001,2026-06-17,197,19,1,2,7,25,2,10.0,2026-06-14 14:36:08,2026-06-14 20:36:08,2026-06-15 18:36:08,13.150269,77.522866,"Ojas, entrusted with funds belonging to Isha for a joint venture, allegedly misappropriated the amount."
81,100150058202300001,202300001,2023-04-06,176,58,1,2,2,9,4,29.0,2023-04-03 17:43:17,2023-04-03 22:43:17,2023-04-04 21:43:17,12.537742,76.770174,Tristan entered the premises at Venkataraman Circle without permission and refused to leave when asked by Aarna.
82,100090032202400001,202400001,2024-12-19,249,32,1,1,6,21,1,,2024-12-18 16:02:25,2024-12-18 21:02:25,2024-12-19 11:02:25,14.345861,74.665453,A group led by Henry gathered unlawfully near Sagar Road around 04:02 PM and caused a public nuisance.
83,100150061202300001,202300001,2023-02-07,131,61,1,2,7,26,1,29.0,2023-02-04 23:30:04,2023-02-05 04:30:04,2023-02-05 15:30:04,13.869038,78.365755,Chaitanya discovered that Ishwar had forged signatures on property documents related to land in Oza Nagar.
84,100040014202400001,202400001,2024-05-26,233,14,1,2,2,6,1,7.0,2024-05-23 00:11:11,2024-05-23 06:11:11,2024-05-23 11:11:11,13.467342,76.634917,Unknown persons broke into the premises at Hora Nagar during the night and decamped with a two-wheeler. Entry appears to have been made by breaking a window lock.
85,100040014202500001,202500001,2025-10-29,137,14,1,1,3,10,7,,2025-10-27 11:22:31,2025-10-27 11:22:31,2025-10-28 02:22:31,13.654408,76.456652,Rachit has alleged continuous harassment for additional dowry by Jasmit and in-laws at the matrimonial home in Hegde Path.
86,100120048202600001,202600001,2026-05-23,200,48,1,1,4,14,4,24.0,2026-05-22 18:51:32,2026-05-22 19:51:32,2026-05-22 20:51:32,14.391932,76.038654,"Kashvi was defrauded via a fake investment app promoted online, transferring funds over several weeks before realizing the platform was fraudulent."
87,100050019202300001,202300001,2023-12-18,59,19,1,2,8,30,1,9.0,2023-12-16 17:03:51,2023-12-16 23:03:51,2023-12-17 02:03:51,15.297113,75.602863,Logan was found transporting liquor without a valid permit near Murty Street around 05:03 PM.
88,100200077202300004,202300004,2023-12-08,146,77,1,1,1,2,7,,2023-12-06 00:43:02,2023-12-06 00:43:02,2023-12-06 00:43:02,15.325941,78.362814,"Sachi allegedly attacked Ojasvi with a iron rod at Ganesh Chowk around 12:43 AM, causing serious injuries. The victim was rushed to hospital and is under treatment."
89,100180070202400002,202400002,2024-04-17,28,70,1,2,3,13,2,35.0,2024-04-17 02:28:57,2024-04-17 03:28:57,2024-04-17 06:28:57,13.497726,76.673358,Tanvi has reported repeated physical abuse by Warhi at the shared household in Vaidya Circle.
90,100070027202300002,202300002,2023-04-19,81,27,1,2,8,29,1,14.0,2023-04-19 06:25:13,2023-04-19 06:25:13,2023-04-19 20:25:13,14.732997,77.55764,Shaurya was found in possession of an unlicensed country-made pistol during a check near Panchal.
91,400010006202300001,202300001,2023-07-02,51,6,4,2,7,27,5,,2023-06-30 02:48:01,2023-06-30 02:48:01,2023-06-30 15:48:01,13.34179,77.292435,Police recovered counterfeit currency notes from Avni during a check near Yohannan.
92,100130052202500001,202500001,2025-06-15,264,52,1,2,4,14,3,25.0,2025-06-13 23:41:48,2025-06-14 04:41:48,2025-06-14 23:41:48,14.861285,78.93989,Kevin received a call from an unidentified person claiming to be a bank official and lost money via UPI transfer after sharing an OTP. Transaction traced to an account linked to Nagy Street.
93,100180071202500001,202500001,2025-11-07,56,71,1,2,2,5,2,35.0,2025-11-07 07:38:39,2025-11-07 08:38:39,2025-11-07 22:38:39,12.892086,75.23977,The complainant reports that unidentified persons stole a gold chain from Bhatnagar Path sometime around 07:38 AM. No eyewitnesses have come forward yet.
94,100020008202600001,202600001,2026-02-02,79,8,1,1,5,18,7,,2026-02-01 11:18:29,2026-02-01 16:18:29,2026-02-02 09:18:29,12.909211,79.468865,"During a routine vehicle check near Dugar Zila, Amol was found in possession of a commercial quantity of contraband substance around 11:18 AM."
95,100150060202600002,202600002,2026-06-24,113,60,1,1,2,7,1,,2026-06-24 14:07:01,2026-06-24 15:07:01,2026-06-25 12:07:01,12.823684,74.775168,"Pushti accosted Vivaan near Chandran Zila around 02:07 PM, snatched a cash bag at knife-point, and fled on a two-wheeler."
96,300140055202300001,202300001,2023-02-25,46,55,2,1,6,21,7,28.0,2023-02-24 16:48:54,2023-02-24 18:48:54,2023-02-25 09:48:54,14.735821,75.866644,A group led by Harshil gathered unlawfully near Pillai Path around 04:48 PM and caused a public nuisance.
97,400090034202600001,202600001,2026-01-25,253,34,4,2,8,30,3,18.0,2026-01-23 14:42:23,2026-01-23 17:42:23,2026-01-23 22:42:23,12.733537,78.227828,Tanay was found transporting liquor without a valid permit near Sabharwal Street around 02:42 PM.
98,300180071202500001,202500001,2025-04-16,249,71,2,2,6,21,1,36.0,2025-04-14 12:10:51,2025-04-14 12:10:51,2025-04-15 05:10:51,15.723176,75.315146,A group led by Avi gathered unlawfully near Jha Road around 12:10 PM and caused a public nuisance.
99,100160064202300001,202300001,2023-01-13,6,64,1,2,8,28,6,32.0,2023-01-11 00:39:00,2023-01-11 04:39:00,2023-01-11 05:39:00,15.238298,79.10049,Orinder was found driving a cash bag at Bora Chowk without a valid licence and in a rash manner endangering pedestrians around 12:39 AM.
100,100190073202300002,202300002,2023-03-12,161,73,1,2,4,15,2,,2023-03-10 08:37:49,2023-03-10 11:37:49,2023-03-11 00:37:49,12.886107,75.179562,Pallavi reports that Neelima created a fake profile impersonating her and posted defamatory content on social media.
101,400060023202600001,202600001,2026-05-11,87,23,4,2,2,5,1,11.0,2026-05-10 23:11:31,2026-05-11 02:11:31,2026-05-11 16:11:31,15.913226,76.193158,"Eta's mobile phone was stolen from outside Bhatti while unattended, around 11:11 PM."
102,100010003202300001,202300001,2023-07-13,40,3,1,2,6,21,1,,2023-07-13 07:57:13,2023-07-13 08:57:13,2023-07-13 20:57:13,14.319821,76.960938,A group led by Dayamai gathered unlawfully near Dar Street around 07:57 AM and caused a public nuisance.
103,100130052202500002,202500002,2025-05-05,175,52,1,1,1,2,5,25.0,2025-05-05 04:06:57,2025-05-05 04:06:57,2025-05-05 22:06:57,13.998519,79.459728,"Jagvi allegedly attacked Yasti with a knife at Tata Nagar around 04:06 AM, causing serious injuries. The victim was rushed to hospital and is under treatment."
104,100190074202300002,202300002,2023-11-10,174,74,1,2,4,16,2,,2023-11-08 08:08:58,2023-11-08 08:08:58,2023-11-09 06:08:58,13.548323,79.347139,Chakradhar's email/social media account was accessed without authorization; unusual login activity was traced to an IP address outside Rajagopal Path.
105,100140055202300001,202300001,2023-09-11,281,55,1,2,7,26,1,28.0,2023-09-09 10:45:47,2023-09-09 14:45:47,2023-09-09 23:45:47,12.565112,78.016658,Jagdish discovered that Yadavi had forged signatures on property documents related to land in Gola Nagar.
106,300140056202300001,202300001,2023-09-04,208,56,2,1,5,19,3,27.0,2023-09-03 02:37:56,2023-09-03 08:37:56,2023-09-03 21:37:56,13.024868,74.638521,"Acting on a tip-off, police intercepted Deepa near Chadha Path and recovered narcotics being transported for sale."
107,100040014202500002,202500002,2025-07-12,121,14,1,2,2,7,1,8.0,2025-07-12 08:15:34,2025-07-12 09:15:34,2025-07-13 04:15:34,13.263029,75.03407,"Abeer accosted Matthew near Bajwa Marg around 08:15 AM, snatched a two-wheeler at knife-point, and fled on a two-wheeler."
108,300040015202600001,202600001,2026-01-02,83,15,2,2,2,6,1,,2025-12-31 10:39:31,2025-12-31 12:39:31,2025-12-31 21:39:31,14.709734,78.897336,Unknown persons broke into the premises at Shanker Path during the night and decamped with a mobile phone. Entry appears to have been made by breaking a window lock.
109,100060023202400002,202400002,2024-11-24,168,23,1,2,8,29,5,11.0,2024-11-22 18:14:36,2024-11-23 00:14:36,2024-11-23 10:14:36,13.195323,76.572482,Maya was found in possession of an unlicensed sharp weapon during a check near Nadkarni Path.
110,100040014202600003,202600003,2026-05-31,148,14,1,2,8,28,1,8.0,2026-05-28 18:06:56,2026-05-29 00:06:56,2026-05-29 21:06:56,13.837257,76.656543,Niharika was found driving a cash bag at Wason Zila without a valid licence and in a rash manner endangering pedestrians around 06:06 PM.
111,100180070202400003,202400003,2024-07-01,155,70,1,2,1,1,1,,2024-06-30 00:24:29,2024-06-30 04:24:29,2024-07-01 01:24:29,14.849417,75.161191,"The complainant states that the accused Ishani attacked Yuvraj with a iron rod near Varghese Marg following a dispute, resulting in death. Body was found at the scene around 12:24 AM."
112,100090034202600001,202600001,2026-06-23,226,34,1,2,8,28,2,,2026-06-22 11:09:07,2026-06-22 13:09:07,2026-06-23 12:09:07,13.020173,75.649303,Zaid was found driving a laptop at Shere Zila without a valid licence and in a rash manner endangering pedestrians around 11:09 AM.
113,100190073202300003,202300003,2023-04-06,63,73,1,2,6,21,1,,2023-04-03 23:21:12,2023-04-04 04:21:12,2023-04-04 07:21:12,14.566185,79.256099,A group led by Frado gathered unlawfully near Lad around 11:21 PM and caused a public nuisance.
114,100050019202600002,202600002,2026-05-23,263,19,1,1,3,12,3,,2026-05-22 06:29:33,2026-05-22 11:29:33,2026-05-23 06:29:33,14.059048,76.440448,Pooja was allegedly abducted by Orinder near Kala Path around 06:29 AM while returning home.
115,100170067202600001,202600001,2026-01-16,292,67,1,1,3,12,5,34.0,2026-01-13 20:01:12,2026-01-13 22:01:12,2026-01-14 02:01:12,12.767864,74.725475,Yatan was allegedly abducted by Chakrika near Sabharwal Chowk around 08:01 PM while returning home.
116,100040017202300002,202300002,2023-06-03,250,17,1,1,8,29,4,,2023-06-02 19:03:00,2023-06-02 19:03:00,2023-06-03 00:03:00,15.345964,77.583724,Anirudh was found in possession of an unlicensed knife during a check near Parmer Marg.
117,100130050202300001,202300001,2023-09-02,119,50,1,2,5,18,2,26.0,2023-08-31 12:50:45,2023-08-31 15:50:45,2023-09-01 06:50:45,14.349081,76.610023,"During a routine vehicle check near Parmar Circle, Urmi was found in possession of a commercial quantity of contraband substance around 12:50 PM."
118,400100038202500001,202500001,2025-11-06,67,38,4,2,4,16,4,20.0,2025-11-03 15:00:10,2025-11-03 21:00:10,2025-11-04 02:00:10,13.047099,76.960929,Isha's email/social media account was accessed without authorization; unusual login activity was traced to an IP address outside Khalsa Street.
119,100200076202600001,202600001,2026-06-05,53,76,1,2,2,5,4,,2026-06-02 17:32:55,2026-06-02 23:32:55,2026-06-03 23:32:55,12.646893,75.027055,The complainant reports that unidentified persons stole a gold chain from Kanda sometime around 05:32 PM. No eyewitnesses have come forward yet.
120,100140056202400002,202400002,2024-02-28,265,56,1,2,3,13,2,28.0,2024-02-26 02:07:08,2024-02-26 05:07:08,2024-02-26 12:07:08,13.76621,74.648815,Daniel has reported repeated physical abuse by Anthony at the shared household in Dhar Street.
121,800130051202300001,202300001,2023-01-15,267,51,3,1,3,12,1,26.0,2023-01-12 12:35:13,2023-01-12 14:35:13,2023-01-13 02:35:13,14.724899,74.617109,Joshua was allegedly abducted by Peter near Raman Nagar around 12:35 PM while returning home.
122,100180070202500001,202500001,2025-09-17,233,70,1,2,4,14,1,36.0,2025-09-16 07:10:01,2025-09-16 12:10:01,2025-09-17 00:10:01,14.990741,78.642188,Oliver received a call from an unidentified person claiming to be a bank official and lost money via UPI transfer after sharing an OTP. Transaction traced to an account linked to Sekhon Path.
123,100040015202300001,202300001,2023-10-17,293,15,1,2,2,9,5,8.0,2023-10-17 01:50:59,2023-10-17 05:50:59,2023-10-17 16:50:59,14.329721,75.088711,Ojas entered the premises at Tailor Marg without permission and refused to leave when asked by Oni.
124,100150061202500001,202500001,2025-02-04,227,61,1,2,7,26,2,,2025-02-02 12:28:33,2025-02-02 15:28:33,2025-02-02 22:28:33,14.760708,78.829768,Eiravati discovered that Advika had forged signatures on property documents related to land in Borah Zila.
125,100030012202300001,202300001,2023-07-10,132,12,1,1,3,13,1,6.0,2023-07-10 18:51:38,2023-07-10 20:51:38,2023-07-11 09:51:38,15.929251,77.208896,Naksh has reported repeated physical abuse by Chatresh at the shared household in Narula Zila.
126,100040014202400002,202400002,2024-07-10,34,14,1,2,7,24,1,8.0,2024-07-07 17:54:05,2024-07-07 23:54:05,2024-07-08 15:54:05,13.926228,75.668702,"Maya paid Vritti an advance for services/goods that were never delivered, related to a transaction near Bhagat Street."
127,100160064202600001,202600001,2026-03-10,154,64,1,1,5,18,1,31.0,2026-03-09 02:43:34,2026-03-09 06:43:34,2026-03-09 22:43:34,14.944503,78.652491,"During a routine vehicle check near Morar Zila, Urvashi was found in possession of a commercial quantity of contraband substance around 02:43 AM."
128,800030011202600001,202600001,2026-05-11,5,11,3,1,6,22,1,,2026-05-10 21:53:34,2026-05-10 23:53:34,2026-05-11 11:53:34,13.796682,75.464954,"A clash broke out between two groups near Luthra Ganj around 09:53 PM, resulting in property damage and minor injuries."
129,100190073202400001,202400001,2024-10-16,273,73,1,2,4,16,1,,2024-10-16 08:58:35,2024-10-16 09:58:35,2024-10-16 17:58:35,14.882381,78.91551,Megha's email/social media account was accessed without authorization; unusual login activity was traced to an IP address outside Varughese Circle.
130,400010004202600001,202600001,2026-01-15,15,4,4,2,6,22,1,,2026-01-14 03:55:02,2026-01-14 04:55:02,2026-01-14 09:55:02,15.328207,77.462654,"A clash broke out between two groups near Jaggi Marg around 03:55 AM, resulting in property damage and minor injuries."
131,100020008202300001,202300001,2023-10-31,29,8,1,2,1,3,3,3.0,2023-10-31 06:47:30,2023-10-31 06:47:30,2023-10-31 20:47:30,13.532209,76.407277,"A physical altercation between Tara and Zinal at Virk Nagar led to grievous injuries being caused with a sharp weapon, around 06:47 AM."
132,100170068202600001,202600001,2026-05-21,263,68,1,2,3,10,1,34.0,2026-05-19 08:59:17,2026-05-19 09:59:17,2026-05-19 16:59:17,15.140308,76.055941,Leela has alleged continuous harassment for additional dowry by Vedika and in-laws at the matrimonial home in Solanki.
133,300150060202500001,202500001,2025-08-28,22,60,2,2,3,10,2,,2025-08-26 16:29:50,2025-08-26 19:29:50,2025-08-27 05:29:50,15.719838,77.693835,Wazir has alleged continuous harassment for additional dowry by Chandran and in-laws at the matrimonial home in Luthra Chowk.
134,100010004202400001,202400001,2024-03-26,135,4,1,2,6,23,1,1.0,2024-03-24 15:42:56,2024-03-24 20:42:56,2024-03-25 01:42:56,12.573478,77.887262,"Tension arose near Nagi Chowk following a social media post, leading to a communal disturbance around 03:42 PM."
135,100100037202300002,202300002,2023-09-02,34,37,1,2,8,28,4,,2023-08-31 23:59:03,2023-09-01 05:59:03,2023-09-01 09:59:03,13.858405,78.91211,Dominic was found driving a laptop at Toor Road without a valid licence and in a rash manner endangering pedestrians around 11:59 PM.
136,100180070202300002,202300002,2023-04-25,219,70,1,2,4,14,2,,2023-04-23 06:02:48,2023-04-23 10:02:48,2023-04-23 21:02:48,14.01377,76.33756,"Bachittar was defrauded via a fake investment app promoted online, transferring funds over several weeks before realizing the platform was fraudulent."
137,100070027202500001,202500001,2025-04-08,279,27,1,2,5,18,4,,2025-04-06 12:23:21,2025-04-06 17:23:21,2025-04-07 17:23:21,12.529869,75.997371,"During a routine vehicle check near Sehgal, Vrinda was found in possession of a commercial quantity of contraband substance around 12:23 PM."
138,100120047202600001,202600001,2026-05-14,72,47,1,1,5,19,2,23.0,2026-05-12 00:53:10,2026-05-12 06:53:10,2026-05-13 06:53:10,15.834231,76.151253,"Acting on a tip-off, police intercepted Timothy near Jhaveri Ganj and recovered narcotics being transported for sale."
139,100180071202300002,202300002,2023-06-01,82,71,1,1,5,19,5,,2023-05-30 23:40:35,2023-05-31 00:40:35,2023-05-31 06:40:35,15.78704,77.43746,"Acting on a tip-off, police intercepted Tripti near Kamdar Road and recovered narcotics being transported for sale."
140,100130051202300002,202300002,2023-06-02,35,51,1,2,5,20,2,,2023-06-02 15:09:50,2023-06-02 16:09:50,2023-06-02 21:09:50,15.028433,75.586274,Aradhana was found manufacturing/selling illicit liquor from premises at Malhotra Path.
141,300050020202400002,202400002,2024-03-07,87,20,2,1,3,12,1,,2024-03-07 04:00:20,2024-03-07 08:00:20,2024-03-07 11:00:20,15.172562,77.886916,Chakrika was allegedly abducted by Aashi near Ravel Marg around 04:00 AM while returning home.
142,800130051202500001,202500001,2025-12-19,33,51,3,1,1,4,1,25.0,2025-12-18 16:13:24,2025-12-18 17:13:24,2025-12-18 19:13:24,15.588001,78.484621,Vamakshi succumbed to injuries sustained during an altercation with Jagrati at Mital Circle near 04:13 PM.
143,100070027202600002,202600002,2026-01-20,69,27,1,1,3,12,7,14.0,2026-01-17 22:29:08,2026-01-18 04:29:08,2026-01-18 22:29:08,14.723737,78.919835,Garima was allegedly abducted by Kamya near Menon Road around 10:29 PM while returning home.
144,100150060202500001,202500001,2025-09-07,176,60,1,1,5,18,1,,2025-09-07 17:48:21,2025-09-07 21:48:21,2025-09-08 10:48:21,14.387591,79.03316,"During a routine vehicle check near Iyer Street, Matthew was found in possession of a commercial quantity of contraband substance around 05:48 PM."
145,100080029202600001,202600001,2026-03-02,296,29,1,2,4,17,1,16.0,2026-03-01 14:31:21,2026-03-01 19:31:21,2026-03-02 01:31:21,14.724613,75.859304,Aayush discovered that Siya had used her Aadhaar/PAN details to fraudulently open an account in Kadakia Road.
146,100050021202400001,202400001,2024-12-21,192,21,1,1,6,22,2,10.0,2024-12-20 18:58:06,2024-12-20 18:58:06,2024-12-20 18:58:06,13.577338,79.43761,"A clash broke out between two groups near Barad Nagar around 06:58 PM, resulting in property damage and minor injuries."
147,800200077202400001,202400001,2024-04-08,204,77,3,2,3,10,1,40.0,2024-04-07 11:08:10,2024-04-07 15:08:10,2024-04-08 09:08:10,15.90951,74.901742,Harshil has alleged continuous harassment for additional dowry by Leela and in-laws at the matrimonial home in Mohan Circle.
148,100140055202400001,202400001,2024-09-30,96,55,1,1,3,10,2,,2024-09-29 17:11:43,2024-09-29 18:11:43,2024-09-30 09:11:43,15.124705,78.545893,Hema has alleged continuous harassment for additional dowry by Vrishti and in-laws at the matrimonial home in Guha Path.
149,100080030202300001,202300001,2023-01-04,193,30,1,1,1,1,1,15.0,2023-01-04 09:36:27,2023-01-04 11:36:27,2023-01-05 11:36:27,15.954139,78.30682,Vedant was found dead with injuries consistent with a wooden stick at Kakar Street. Neighbours reported a quarrel between Vedant and Udarsh shortly before 09:36 AM.
150,100160065202400001,202400001,2024-01-02,228,65,1,1,6,21,7,,2023-12-31 12:09:55,2023-12-31 12:09:55,2024-01-01 08:09:55,14.195877,78.196023,A group led by Sachi gathered unlawfully near Dasgupta Marg around 12:09 PM and caused a public nuisance.
151,100030011202300001,202300001,2023-03-04,64,11,1,2,5,18,4,,2023-03-02 12:30:03,2023-03-02 15:30:03,2023-03-03 15:30:03,15.729577,77.667741,"During a routine vehicle check near Tank Zila, Ishaan was found in possession of a commercial quantity of contraband substance around 12:30 PM."
152,100140056202400003,202400003,2024-07-20,152,56,1,1,1,4,1,,2024-07-19 16:26:02,2024-07-19 16:26:02,2024-07-20 04:26:02,14.249414,76.778923,Agastya succumbed to injuries sustained during an altercation with Gaurav at Tak Zila near 04:26 PM.
153,800080029202400001,202400001,2024-11-28,281,29,3,2,5,20,6,15.0,2024-11-26 03:45:25,2024-11-26 08:45:25,2024-11-26 20:45:25,13.978531,76.867108,Jagvi was found manufacturing/selling illicit liquor from premises at Sandhu Path.
154,100130053202400002,202400002,2024-12-25,223,53,1,2,8,28,7,26.0,2024-12-25 07:48:32,2024-12-25 07:48:32,2024-12-25 18:48:32,14.694404,76.51997,Mugdha was found driving a mobile phone at Magar Chowk without a valid licence and in a rash manner endangering pedestrians around 07:48 AM.
155,100170067202600002,202600002,2026-02-23,223,67,1,1,3,13,2,,2026-02-22 15:39:00,2026-02-22 21:39:00,2026-02-23 15:39:00,12.938328,76.126145,Omaja has reported repeated physical abuse by Vasudha at the shared household in Sarma.
156,800100037202500001,202500001,2025-09-13,181,37,3,2,8,30,1,,2025-09-11 03:47:38,2025-09-11 06:47:38,2025-09-11 10:47:38,14.287066,77.939652,Rachita was found transporting liquor without a valid permit near Subramaniam Ganj around 03:47 AM.
157,100050021202500001,202500001,2025-09-03,195,21,1,1,3,13,5,10.0,2025-09-02 21:06:16,2025-09-03 02:06:16,2025-09-03 13:06:16,14.612625,74.887623,Yashasvi has reported repeated physical abuse by Upasna at the shared household in Gandhi Chowk.
158,100100038202300001,202300001,2023-03-08,273,38,1,1,3,12,5,,2023-03-06 15:28:52,2023-03-06 21:28:52,2023-03-07 09:28:52,15.587074,76.513256,Kritika was allegedly abducted by Neha near Brar Ganj around 03:28 PM while returning home.
159,100110040202300001,202300001,2023-10-11,6,40,1,1,1,1,4,22.0,2023-10-10 05:39:19,2023-10-10 05:39:19,2023-10-10 10:39:19,13.983943,77.043412,"The complainant states that the accused Daksha attacked Gavin with a sharp weapon near Jhaveri Circle following a dispute, resulting in death. Body was found at the scene around 05:39 AM."
160,400200077202400001,202400001,2024-03-08,58,77,4,2,6,21,2,40.0,2024-03-08 12:23:11,2024-03-08 14:23:11,2024-03-08 18:23:11,14.876721,78.658632,A group led by Ishaan gathered unlawfully near Kapadia Zila around 12:23 PM and caused a public nuisance.
161,100100038202500001,202500001,2025-12-12,211,38,1,1,1,1,2,19.0,2025-12-11 18:13:50,2025-12-11 21:13:50,2025-12-12 08:13:50,14.205943,75.278152,Bishakha was found dead with injuries consistent with a sharp weapon at Bath Zila. Neighbours reported a quarrel between Bishakha and Kashvi shortly before 06:13 PM.
162,100160065202500002,202500002,2025-10-19,65,65,1,2,7,25,1,31.0,2025-10-17 13:39:55,2025-10-17 17:39:55,2025-10-18 16:39:55,14.250003,78.336925,"Tanveer, entrusted with funds belonging to Maya for a joint venture, allegedly misappropriated the amount."
163,100080030202300002,202300002,2023-09-30,141,30,1,2,4,15,1,15.0,2023-09-27 15:08:40,2023-09-27 19:08:40,2023-09-28 00:08:40,15.751844,76.631515,Tanvi reports that Yamini created a fake profile impersonating her and posted defamatory content on social media.
164,800080030202400001,202400001,2024-01-16,221,30,3,1,6,21,1,15.0,2024-01-16 21:06:51,2024-01-16 21:06:51,2024-01-17 18:06:51,15.819149,76.317906,A group led by Ekanta gathered unlawfully near Rajagopalan Circle around 09:06 PM and caused a public nuisance.
165,100040015202300002,202300002,2023-01-16,155,15,1,2,8,28,1,8.0,2023-01-15 22:30:38,2023-01-15 23:30:38,2023-01-16 21:30:38,15.963756,75.509996,Kiaan was found driving a mobile phone at Sachar Street without a valid licence and in a rash manner endangering pedestrians around 10:30 PM.
166,100020008202600002,202600002,2026-04-07,206,8,1,2,2,6,2,4.0,2026-04-04 06:59:16,2026-04-04 12:59:16,2026-04-05 04:59:16,13.224236,74.518003,Unknown persons broke into the premises at Thakur Street during the night and decamped with a cash bag. Entry appears to have been made by breaking a window lock.
167,800020008202500001,202500001,2025-12-27,189,8,3,2,4,15,2,4.0,2025-12-26 09:34:38,2025-12-26 11:34:38,2025-12-26 12:34:38,15.812497,78.919932,Bhavika reports that Pahal created a fake profile impersonating her and posted defamatory content on social media.
168,100060023202600002,202600002,2026-05-22,97,23,1,1,1,3,1,12.0,2026-05-21 16:37:23,2026-05-21 21:37:23,2026-05-22 06:37:23,12.75217,75.726269,"A physical altercation between Jagrati and Bachittar at Chaudry Chowk led to grievous injuries being caused with a sickle, around 04:37 PM."
169,100050019202500001,202500001,2025-09-01,73,19,1,1,1,1,2,10.0,2025-08-29 19:35:31,2025-08-29 19:35:31,2025-08-29 19:35:31,13.285095,75.633376,Jhalak was found dead with injuries consistent with a wooden stick at Menon Ganj. Neighbours reported a quarrel between Jhalak and Ronith shortly before 07:35 PM.
170,100050021202400002,202400002,2024-05-31,143,21,1,2,2,5,2,,2024-05-29 07:39:06,2024-05-29 12:39:06,2024-05-30 03:39:06,13.630687,75.137679,"Abdul's two-wheeler was stolen from outside Dubey Chowk while unattended, around 07:39 AM."
171,400010004202300001,202300001,2023-05-21,151,4,4,2,2,5,6,1.0,2023-05-18 18:47:53,2023-05-18 21:47:53,2023-05-19 01:47:53,15.423383,77.257502,"Thomas's gold chain was stolen from outside Bir Circle while unattended, around 06:47 PM."
172,100060024202500001,202500001,2025-07-02,31,24,1,2,8,30,4,11.0,2025-06-30 10:26:13,2025-06-30 15:26:13,2025-07-01 01:26:13,12.612417,78.255665,Jalsa was found transporting liquor without a valid permit near Kamdar Road around 10:26 AM.
173,100160064202600002,202600002,2026-06-10,40,64,1,1,6,23,2,31.0,2026-06-08 15:16:53,2026-06-08 16:16:53,2026-06-08 17:16:53,15.22579,76.177358,"Tension arose near Trivedi Circle following a social media post, leading to a communal disturbance around 03:16 PM."
174,400030011202400001,202400001,2024-12-09,230,11,4,1,3,11,7,6.0,2024-12-08 08:13:29,2024-12-08 14:13:29,2024-12-09 11:13:29,13.686572,76.301582,Mitesh has alleged that Arjun sexually assaulted her at Narula Chowk around 08:13 AM. Medical examination has been conducted.
175,800150059202600001,202600001,2026-01-08,67,59,3,2,7,27,5,,2026-01-06 18:30:54,2026-01-07 00:30:54,2026-01-07 09:30:54,14.293677,77.62316,Police recovered counterfeit currency notes from Rachita during a check near Badal Path.
176,100150058202600001,202600001,2026-01-29,221,58,1,2,1,4,1,,2026-01-28 03:08:36,2026-01-28 05:08:36,2026-01-28 23:08:36,13.246973,75.557464,Urvi succumbed to injuries sustained during an altercation with Naksh at Kannan Circle near 03:08 AM.
177,400140056202500001,202500001,2025-03-05,224,56,4,1,8,29,2,,2025-03-04 20:33:40,2025-03-04 22:33:40,2025-03-05 11:33:40,14.925155,76.44569,Abdul was found in possession of an unlicensed country-made pistol during a check near Ramesh.
178,100190073202400002,202400002,2024-06-12,296,73,1,2,7,25,1,,2024-06-09 07:19:30,2024-06-09 13:19:30,2024-06-09 18:19:30,13.795897,76.318972,"Pratyush, entrusted with funds belonging to Ishwar for a joint venture, allegedly misappropriated the amount."
179,100180071202600001,202600001,2026-05-04,211,71,1,2,2,5,5,35.0,2026-05-02 15:09:14,2026-05-02 20:09:14,2026-05-03 15:09:14,15.124803,77.619128,The complainant reports that unidentified persons stole a wallet from Chaudhry Ganj sometime around 03:09 PM. No eyewitnesses have come forward yet.
180,100060024202600001,202600001,2026-02-07,207,24,1,2,7,25,7,11.0,2026-02-05 07:51:45,2026-02-05 13:51:45,2026-02-05 14:51:45,14.31047,76.687008,"Jagvi, entrusted with funds belonging to Aradhana for a joint venture, allegedly misappropriated the amount."
181,100120046202400001,202400001,2024-04-25,12,46,1,2,7,26,3,23.0,2024-04-24 07:31:06,2024-04-24 11:31:06,2024-04-24 18:31:06,14.527741,75.017096,Ronith discovered that Adya had forged signatures on property documents related to land in Borra Zila.
182,100190073202500002,202500002,2025-05-15,99,73,1,1,1,2,2,37.0,2025-05-13 03:15:30,2025-05-13 07:15:30,2025-05-14 02:15:30,14.37584,77.089975,"Manya allegedly attacked Jasmit with a wooden stick at Mannan Ganj around 03:15 AM, causing serious injuries. The victim was rushed to hospital and is under treatment."
183,400070027202300001,202300001,2023-08-15,164,27,4,2,8,29,6,14.0,2023-08-14 00:59:45,2023-08-14 01:59:45,2023-08-14 07:59:45,14.625535,76.646565,Madhav was found in possession of an unlicensed sickle during a check near Parmer Chowk.
184,100010005202500001,202500001,2025-03-25,270,5,1,2,4,14,2,,2025-03-22 13:30:12,2025-03-22 17:30:12,2025-03-23 03:30:12,14.463355,78.081328,Kala received a call from an unidentified person claiming to be a bank official and lost money via UPI transfer after sharing an OTP. Transaction traced to an account linked to Jhaveri Nagar.
185,100050020202300001,202300001,2023-05-12,205,20,1,1,2,8,4,10.0,2023-05-11 22:42:05,2023-05-11 22:42:05,2023-05-12 13:42:05,15.211147,76.969093,A gang of five to six persons armed with wooden sticks robbed the Ghosh of cash and a laptop around 10:42 PM.
186,100140055202400002,202400002,2024-10-08,57,55,1,1,1,1,1,,2024-10-06 06:10:29,2024-10-06 12:10:29,2024-10-07 05:10:29,13.565015,75.818636,Faras was found dead with injuries consistent with a sickle at Puri Road. Neighbours reported a quarrel between Faras and Zansi shortly before 06:10 AM.
187,100080029202300001,202300001,2023-07-12,175,29,1,2,4,17,5,15.0,2023-07-11 19:03:35,2023-07-11 20:03:35,2023-07-11 20:03:35,14.566831,77.138223,Victor discovered that Faraj had used her Aadhaar/PAN details to fraudulently open an account in Mand Circle.
188,100070027202400001,202400001,2024-08-18,128,27,1,2,8,30,2,,2024-08-17 05:56:22,2024-08-17 09:56:22,2024-08-18 04:56:22,13.268529,74.765689,Joshua was found transporting liquor without a valid permit near Dyal around 05:56 AM.
189,100110040202500001,202500001,2025-12-16,40,40,1,1,8,29,1,22.0,2025-12-14 01:23:20,2025-12-14 02:23:20,2025-12-14 02:23:20,15.160913,74.548669,Tarak was found in possession of an unlicensed country-made pistol during a check near Sinha Chowk.
190,100110043202500002,202500002,2025-07-31,155,43,1,2,5,19,2,,2025-07-30 14:25:59,2025-07-30 19:25:59,2025-07-31 10:25:59,15.619803,78.372631,"Acting on a tip-off, police intercepted Aishani near Oommen Street and recovered narcotics being transported for sale."
191,100090034202500001,202500001,2025-11-20,239,34,1,2,6,22,1,17.0,2025-11-20 08:02:33,2025-11-20 11:02:33,2025-11-21 01:02:33,14.331152,75.948909,"A clash broke out between two groups near Char Street around 08:02 AM, resulting in property damage and minor injuries."
192,100020009202500001,202500001,2025-11-01,222,9,1,2,3,10,4,3.0,2025-10-30 07:11:03,2025-10-30 12:11:03,2025-10-31 12:11:03,12.782513,75.594289,Kalpit has alleged continuous harassment for additional dowry by Aarav and in-laws at the matrimonial home in Vig Marg.
193,100050021202500002,202500002,2025-07-15,287,21,1,1,7,27,2,9.0,2025-07-13 18:53:51,2025-07-13 21:53:51,2025-07-14 08:53:51,15.183694,74.942145,Police recovered counterfeit currency notes from Viraj during a check near Mander Zila.
194,100040016202500001,202500001,2025-08-08,28,16,1,1,1,1,4,,2025-08-06 01:18:52,2025-08-06 06:18:52,2025-08-06 16:18:52,14.306924,77.310246,Jacob was found dead with injuries consistent with a iron rod at Prashad Nagar. Neighbours reported a quarrel between Jacob and Zinal shortly before 01:18 AM.
195,400130053202400001,202400001,2024-11-22,95,53,4,2,8,30,3,25.0,2024-11-20 00:24:23,2024-11-20 02:24:23,2024-11-20 21:24:23,15.106095,75.703409,Zehaan was found transporting liquor without a valid permit near Wason Road around 12:24 AM.
196,100150061202400001,202400001,2024-05-18,90,61,1,2,4,16,6,29.0,2024-05-16 06:26:59,2024-05-16 12:26:59,2024-05-17 04:26:59,13.731535,78.096046,Hemangini's email/social media account was accessed without authorization; unusual login activity was traced to an IP address outside Dani Street.
197,300020008202400001,202400001,2024-03-30,122,8,2,2,8,30,2,,2024-03-30 11:38:26,2024-03-30 16:38:26,2024-03-30 19:38:26,15.582644,78.140816,Lopa was found transporting liquor without a valid permit near Chand Nagar around 11:38 AM.
198,300070026202300001,202300001,2023-05-20,271,26,2,1,2,7,1,,2023-05-18 11:21:05,2023-05-18 15:21:05,2023-05-19 08:21:05,15.41341,77.35185,"A group of unidentified men robbed Bhavini of a cash bag near Talwar Street, threatening with a wooden stick."
199,300120045202400001,202400001,2024-04-21,299,45,2,2,4,16,2,23.0,2024-04-21 11:59:51,2024-04-21 15:59:51,2024-04-22 09:59:51,15.71087,75.815265,Jagvi's email/social media account was accessed without authorization; unusual login activity was traced to an IP address outside Dugar Nagar.
200,100160063202300001,202300001,2023-02-10,11,63,1,2,4,16,2,31.0,2023-02-10 05:55:15,2023-02-10 08:55:15,2023-02-11 00:55:15,12.592238,78.409113,Ijaya's email/social media account was accessed without authorization; unusual login activity was traced to an IP address outside Kara Road.
201,800110043202400001,202400001,2024-03-31,275,43,3,2,4,17,4,,2024-03-30 15:42:29,2024-03-30 19:42:29,2024-03-30 19:42:29,15.968286,74.574493,Elijah discovered that Yahvi had used her Aadhaar/PAN details to fraudulently open an account in Oak Road.
202,100100038202500002,202500002,2025-12-04,211,38,1,2,6,23,2,20.0,2025-12-03 04:23:46,2025-12-03 08:23:46,2025-12-03 16:23:46,14.676551,75.898919,"Tension arose near Shanker Path following a social media post, leading to a communal disturbance around 04:23 AM."
203,100090035202300001,202300001,2023-01-24,23,35,1,2,7,27,1,18.0,2023-01-22 17:37:52,2023-01-22 23:37:52,2023-01-23 18:37:52,13.827644,77.799628,Police recovered counterfeit currency notes from Thomas during a check near Mutti Ganj.
204,100190074202600001,202600001,2026-04-01,278,74,1,2,5,20,7,37.0,2026-03-31 11:55:37,2026-03-31 12:55:37,2026-03-31 12:55:37,14.498789,74.693031,Dipta was found manufacturing/selling illicit liquor from premises at Kamdar Path.
205,100120048202400001,202400001,2024-06-07,226,48,1,2,5,20,2,,2024-06-07 09:31:46,2024-06-07 13:31:46,2024-06-07 15:31:46,15.180919,75.880722,Alka was found manufacturing/selling illicit liquor from premises at Karnik Ganj.
206,100030012202300002,202300002,2023-04-03,145,12,1,1,6,23,2,,2023-04-01 22:48:06,2023-04-02 00:48:06,2023-04-02 18:48:06,13.642892,78.440822,"Tension arose near Maharaj following a social media post, leading to a communal disturbance around 10:48 PM."
207,400130050202400001,202400001,2024-08-07,242,50,4,2,7,24,5,25.0,2024-08-04 21:55:55,2024-08-05 01:55:55,2024-08-05 21:55:55,14.321176,76.084697,"Pallavi paid Vanya an advance for services/goods that were never delivered, related to a transaction near Bali Circle."
208,100040014202400003,202400003,2024-08-11,215,14,1,2,4,15,5,7.0,2024-08-09 01:49:07,2024-08-09 06:49:07,2024-08-10 06:49:07,14.441026,79.150626,Harrison reports that Eshana created a fake profile impersonating her and posted defamatory content on social media.
209,800120048202600001,202600001,2026-05-24,78,48,3,2,8,30,1,23.0,2026-05-22 12:54:01,2026-05-22 14:54:01,2026-05-23 14:54:01,14.577437,76.34937,Janya was found transporting liquor without a valid permit near Mammen Marg around 12:54 PM.
210,100140056202500001,202500001,2025-10-22,51,56,1,2,4,17,2,28.0,2025-10-21 04:32:58,2025-10-21 05:32:58,2025-10-21 06:32:58,13.079574,75.939216,Warinder discovered that Rachana had used her Aadhaar/PAN details to fraudulently open an account in Hayre Marg.
211,300090032202500001,202500001,2025-10-12,233,32,2,2,4,14,1,18.0,2025-10-11 13:19:14,2025-10-11 15:19:14,2025-10-11 17:19:14,14.294954,78.385228,"Hardik was defrauded via a fake investment app promoted online, transferring funds over several weeks before realizing the platform was fraudulent."
212,100100037202300003,202300003,2023-07-20,20,37,1,1,2,8,2,19.0,2023-07-19 09:19:22,2023-07-19 09:19:22,2023-07-19 22:19:22,13.420758,76.401451,A gang of five to six persons armed with wooden sticks robbed the Dara Marg of cash and a wallet around 09:19 AM.
213,100110043202600001,202600001,2026-03-24,158,43,1,1,5,19,4,21.0,2026-03-22 10:34:20,2026-03-22 12:34:20,2026-03-22 13:34:20,13.274585,78.87811,"Acting on a tip-off, police intercepted Ekbal near Edwin Zila and recovered narcotics being transported for sale."
214,100120047202400001,202400001,2024-01-06,145,47,1,2,2,9,2,23.0,2024-01-06 03:08:32,2024-01-06 09:08:32,2024-01-06 09:08:32,13.305018,78.362058,Qarin entered the premises at Dass Nagar without permission and refused to leave when asked by Oliver.
215,100190074202500001,202500001,2025-11-01,296,74,1,1,1,3,1,38.0,2025-10-31 01:36:10,2025-10-31 04:36:10,2025-10-31 20:36:10,13.519335,74.965312,"A physical altercation between Chatura and Urvashi at Ranganathan Nagar led to grievous injuries being caused with a wooden stick, around 01:36 AM."
216,300110041202300001,202300001,2023-02-07,268,41,2,2,8,30,1,22.0,2023-02-04 02:05:24,2023-02-04 03:05:24,2023-02-04 09:05:24,14.483237,75.662149,Onkar was found transporting liquor without a valid permit near Banerjee Nagar around 02:05 AM.
217,100170068202600002,202600002,2026-03-19,139,68,1,2,7,26,4,,2026-03-19 12:21:55,2026-03-19 14:21:55,2026-03-19 17:21:55,14.652852,76.358159,Nitara discovered that Abha had forged signatures on property documents related to land in Mitter Street.
218,100070026202500001,202500001,2025-02-06,177,26,1,2,3,10,2,13.0,2025-02-06 11:48:13,2025-02-06 15:48:13,2025-02-07 05:48:13,15.747578,75.872903,Qushi has alleged continuous harassment for additional dowry by Brinda and in-laws at the matrimonial home in Kashyap.
219,400190074202600001,202600001,2026-02-10,74,74,4,2,4,14,7,,2026-02-09 18:26:23,2026-02-09 18:26:23,2026-02-10 01:26:23,15.561149,76.116689,Kritika received a call from an unidentified person claiming to be a bank official and lost money via UPI transfer after sharing an OTP. Transaction traced to an account linked to Buch Road.
220,300090033202600001,202600001,2026-04-06,239,33,2,2,7,26,1,,2026-04-04 20:00:04,2026-04-05 01:00:04,2026-04-05 04:00:04,13.71097,76.62039,Ekapad discovered that Qabil had forged signatures on property documents related to land in Mann Street.
221,100160065202600001,202600001,2026-02-03,79,65,1,2,2,5,2,,2026-02-01 05:49:53,2026-02-01 10:49:53,2026-02-02 06:49:53,13.119177,78.754716,The complainant reports that unidentified persons stole a laptop from Kaul Nagar sometime around 05:49 AM. No eyewitnesses have come forward yet.
222,100090034202600002,202600002,2026-04-21,96,34,1,2,2,5,6,17.0,2026-04-20 20:52:45,2026-04-21 00:52:45,2026-04-21 14:52:45,14.693187,74.600537,The complainant reports that unidentified persons stole a mobile phone from Handa Street sometime around 08:52 PM. No eyewitnesses have come forward yet.
223,800060023202600002,202600002,2026-01-31,148,23,3,2,7,26,3,,2026-01-28 09:38:03,2026-01-28 13:38:03,2026-01-28 19:38:03,14.948788,77.018826,Rushil discovered that Triveni had forged signatures on property documents related to land in Verma Zila.
224,100060024202300001,202300001,2023-06-20,173,24,1,2,7,27,2,12.0,2023-06-18 01:51:27,2023-06-18 05:51:27,2023-06-18 23:51:27,13.904036,74.700645,Police recovered counterfeit currency notes from Charles during a check near Chowdhury Ganj.
225,100100038202400003,202400003,2024-11-29,192,38,1,1,4,15,4,,2024-11-28 00:55:23,2024-11-28 03:55:23,2024-11-28 05:55:23,13.057654,74.999567,Yuvraj reports that Nakul created a fake profile impersonating her and posted defamatory content on social media.
226,100070026202600002,202600002,2026-01-19,18,26,1,1,3,13,1,14.0,2026-01-17 05:42:50,2026-01-17 08:42:50,2026-01-18 04:42:50,15.84256,75.39759,Zashil has reported repeated physical abuse by Balveer at the shared household in Sarma Chowk.
227,100040017202600002,202600002,2026-05-19,273,17,1,2,6,21,4,,2026-05-17 12:16:11,2026-05-17 18:16:11,2026-05-18 11:16:11,15.5461,74.900046,A group led by Anvi gathered unlawfully near Dyal around 12:16 PM and caused a public nuisance.
228,100140056202300004,202300004,2023-07-30,58,56,1,1,6,22,1,27.0,2023-07-29 08:46:57,2023-07-29 09:46:57,2023-07-29 18:46:57,12.628143,78.193402,"A clash broke out between two groups near Raghavan Circle around 08:46 AM, resulting in property damage and minor injuries."
229,100120045202300001,202300001,2023-05-29,95,45,1,2,6,23,4,23.0,2023-05-26 14:41:13,2023-05-26 19:41:13,2023-05-26 21:41:13,13.399003,77.764477,"Tension arose near Tank Circle following a social media post, leading to a communal disturbance around 02:41 PM."
230,100100038202400004,202400004,2024-01-08,163,38,1,1,5,19,2,,2024-01-06 01:28:23,2024-01-06 06:28:23,2024-01-06 10:28:23,13.286887,78.045043,"Acting on a tip-off, police intercepted Pranav near Jaggi Nagar and recovered narcotics being transported for sale."
231,400140056202300001,202300001,2023-10-19,64,56,4,2,8,28,2,28.0,2023-10-18 07:26:51,2023-10-18 11:26:51,2023-10-19 10:26:51,13.264069,79.460655,Ojasvi was found driving a gold chain at Bhardwaj Path without a valid licence and in a rash manner endangering pedestrians around 07:26 AM.
232,400190074202600002,202600002,2026-02-06,12,74,4,1,3,10,2,,2026-02-06 13:13:15,2026-02-06 17:13:15,2026-02-07 00:13:15,13.374793,77.346531,Hitesh has alleged continuous harassment for additional dowry by Ishita and in-laws at the matrimonial home in Sane Chowk.
233,100190074202600002,202600002,2026-02-16,82,74,1,2,2,9,5,,2026-02-16 01:15:34,2026-02-16 04:15:34,2026-02-16 20:15:34,15.027162,74.849211,Saanvi entered the premises at Murty Path without permission and refused to leave when asked by Nakul.
234,100140056202400004,202400004,2024-11-04,126,56,1,2,2,7,3,28.0,2024-11-02 10:05:32,2024-11-02 11:05:32,2024-11-02 19:05:32,13.69855,77.945971,"A group of unidentified men robbed Bhavani of a laptop near Deshmukh Circle, threatening with a sickle."
235,100130052202300001,202300001,2023-11-27,265,52,1,2,3,10,1,,2023-11-26 08:08:28,2023-11-26 12:08:28,2023-11-26 21:08:28,14.66461,75.352051,Lakshit has alleged continuous harassment for additional dowry by Alka and in-laws at the matrimonial home in Krish Path.
236,100080030202400001,202400001,2024-04-18,7,30,1,2,6,22,2,,2024-04-17 11:05:20,2024-04-17 16:05:20,2024-04-17 22:05:20,15.460111,78.415437,"A clash broke out between two groups near Ghose Chowk around 11:05 AM, resulting in property damage and minor injuries."
237,100190073202400003,202400003,2024-09-24,283,73,1,2,8,28,1,,2024-09-23 13:27:39,2024-09-23 14:27:39,2024-09-24 12:27:39,15.100887,78.166686,Gaurika was found driving a gold chain at Saraf Path without a valid licence and in a rash manner endangering pedestrians around 01:27 PM.
238,300190074202300001,202300001,2023-10-07,139,74,2,2,4,17,7,38.0,2023-10-05 06:42:48,2023-10-05 12:42:48,2023-10-06 08:42:48,13.117862,77.036465,Dalaja discovered that Benjamin had used her Aadhaar/PAN details to fraudulently open an account in Zacharia Path.
239,100040017202400001,202400001,2024-03-16,53,17,1,2,4,16,2,8.0,2024-03-15 15:26:27,2024-03-15 21:26:27,2024-03-16 04:26:27,15.74643,75.55146,Gautam's email/social media account was accessed without authorization; unusual login activity was traced to an IP address outside Mann Marg.
240,100140056202300005,202300005,2023-10-24,141,56,1,1,6,23,5,,2023-10-21 21:25:51,2023-10-21 21:25:51,2023-10-22 10:25:51,14.965186,75.543045,"Tension arose near Srivastava Street following a social media post, leading to a communal disturbance around 09:25 PM."
241,100130053202600001,202600001,2026-01-12,57,53,1,2,6,22,2,26.0,2026-01-12 00:26:11,2026-01-12 00:26:11,2026-01-12 20:26:11,15.582974,74.869944,"A clash broke out between two groups near Naik Marg around 12:26 AM, resulting in property damage and minor injuries."
242,100040017202600003,202600003,2026-06-04,259,17,1,2,1,3,1,7.0,2026-06-04 17:24:05,2026-06-04 23:24:05,2026-06-05 15:24:05,13.644745,77.194047,"A physical altercation between Riya and Inaya at Dhingra led to grievous injuries being caused with a wooden stick, around 05:24 PM."
243,100030011202500002,202500002,2025-06-26,10,11,1,1,7,24,2,6.0,2025-06-23 13:01:31,2025-06-23 19:01:31,2025-06-24 17:01:31,13.628345,75.252475,"Xavier paid Manbir an advance for services/goods that were never delivered, related to a transaction near Atwal Road."
244,100080029202300002,202300002,2023-02-23,107,29,1,1,1,4,5,,2023-02-20 23:50:31,2023-02-20 23:50:31,2023-02-21 11:50:31,14.063843,76.495891,Aarna succumbed to injuries sustained during an altercation with Vasudha at Dhaliwal near 11:50 PM.
245,100140056202300006,202300006,2023-09-10,128,56,1,2,5,20,3,27.0,2023-09-08 13:28:17,2023-09-08 16:28:17,2023-09-08 16:28:17,12.532459,77.09311,Jagvi was found manufacturing/selling illicit liquor from premises at Bahl Zila.
246,100010003202600001,202600001,2026-01-07,48,3,1,2,7,25,1,1.0,2026-01-06 21:29:22,2026-01-07 00:29:22,2026-01-07 01:29:22,12.73214,79.343652,"Tanvi, entrusted with funds belonging to Xiti for a joint venture, allegedly misappropriated the amount."
247,100040017202300003,202300003,2023-04-08,68,17,1,1,5,19,4,8.0,2023-04-06 20:06:25,2023-04-06 22:06:25,2023-04-07 03:06:25,13.811697,75.226105,"Acting on a tip-off, police intercepted Warinder near Majumdar Circle and recovered narcotics being transported for sale."
248,100040016202500002,202500002,2025-01-25,57,16,1,1,1,2,1,,2025-01-23 14:18:00,2025-01-23 17:18:00,2025-01-24 13:18:00,14.994434,75.131496,"Pooja allegedly attacked Michael with a sharp weapon at Narayan Road around 02:18 PM, causing serious injuries. The victim was rushed to hospital and is under treatment."
249,100120046202400002,202400002,2024-05-25,78,46,1,1,3,11,5,,2024-05-24 14:19:59,2024-05-24 14:19:59,2024-05-25 11:19:59,15.842957,76.620079,Maanav has alleged that Nakul sexually assaulted her at Bir Path around 02:19 PM. Medical examination has been conducted.
250,100080030202600002,202600002,2026-01-24,267,30,1,1,3,12,4,15.0,2026-01-24 04:25:06,2026-01-24 05:25:06,2026-01-24 19:25:06,12.859143,77.642729,Atharv was allegedly abducted by Jagrati near Sood Zila around 04:25 AM while returning home.
251,100080029202500001,202500001,2025-04-04,142,29,1,2,7,27,1,16.0,2025-04-02 02:00:35,2025-04-02 08:00:35,2025-04-03 06:00:35,14.740929,76.144148,Police recovered counterfeit currency notes from Reyansh during a check near Bali Ganj.
252,100020009202600001,202600001,2026-06-15,222,9,1,1,1,4,5,,2026-06-13 01:41:37,2026-06-13 05:41:37,2026-06-13 21:41:37,12.589742,77.33465,Dhriti succumbed to injuries sustained during an altercation with Meera at Yadav near 01:41 AM.
253,100120046202500001,202500001,2025-02-09,104,46,1,1,6,23,2,24.0,2025-02-08 21:10:02,2025-02-09 02:10:02,2025-02-09 14:10:02,14.975886,76.25297,"Tension arose near Sami Street following a social media post, leading to a communal disturbance around 09:10 PM."
254,400030012202600001,202600001,2026-06-10,126,12,4,2,3,12,1,5.0,2026-06-10 05:03:49,2026-06-10 06:03:49,2026-06-10 23:03:49,14.041246,78.557627,Aryan was allegedly abducted by Praneel near Jaggi Chowk around 05:03 AM while returning home.
255,100190073202600002,202600002,2026-04-14,284,73,1,2,4,16,4,,2026-04-13 06:57:28,2026-04-13 06:57:28,2026-04-14 01:57:28,13.283873,75.845667,Leena's email/social media account was accessed without authorization; unusual login activity was traced to an IP address outside Dutta.
256,100090032202600001,202600001,2026-03-25,170,32,1,1,8,29,2,,2026-03-24 22:48:48,2026-03-25 01:48:48,2026-03-25 07:48:48,15.294457,77.039775,Maanav was found in possession of an unlicensed country-made pistol during a check near Behl Street.
257,100110040202600001,202600001,2026-04-22,160,40,1,2,7,27,1,21.0,2026-04-20 10:02:50,2026-04-20 16:02:50,2026-04-21 05:02:50,14.97542,78.895323,Police recovered counterfeit currency notes from Zehaan during a check near Shanker Nagar.
258,300190074202400001,202400001,2024-03-14,80,74,2,2,4,16,1,,2024-03-11 13:46:49,2024-03-11 14:46:49,2024-03-12 07:46:49,14.508948,78.957184,Riya's email/social media account was accessed without authorization; unusual login activity was traced to an IP address outside Ahuja.
259,400070026202500001,202500001,2025-06-26,188,26,4,2,8,28,3,13.0,2025-06-23 15:48:15,2025-06-23 21:48:15,2025-06-24 09:48:15,15.861355,76.953841,Ikshita was found driving a mobile phone at Dhillon Nagar without a valid licence and in a rash manner endangering pedestrians around 03:48 PM.
260,100160064202300002,202300002,2023-07-24,161,64,1,2,5,20,4,31.0,2023-07-24 16:07:24,2023-07-24 17:07:24,2023-07-24 19:07:24,14.370022,74.736038,Peter was found manufacturing/selling illicit liquor from premises at Parsa Chowk.
261,300010006202600001,202600001,2026-02-23,203,6,2,1,8,29,3,,2026-02-22 23:58:40,2026-02-23 05:58:40,2026-02-24 05:58:40,15.184943,75.144441,Shaurya was found in possession of an unlicensed sickle during a check near Bhardwaj Ganj.
262,100180071202300003,202300003,2023-07-02,124,71,1,2,4,14,5,35.0,2023-06-29 13:59:45,2023-06-29 13:59:45,2023-06-29 16:59:45,13.798157,78.191732,"Watika was defrauded via a fake investment app promoted online, transferring funds over several weeks before realizing the platform was fraudulent."
263,100080030202400002,202400002,2024-07-31,165,30,1,1,2,8,2,15.0,2024-07-29 19:33:33,2024-07-29 19:33:33,2024-07-29 22:33:33,13.002203,75.018963,A gang of five to six persons armed with sharp weapons robbed the Kala Path of cash and a mobile phone around 07:33 PM.
264,100180071202500002,202500002,2025-09-05,74,71,1,1,3,12,4,36.0,2025-09-04 12:08:20,2025-09-04 15:08:20,2025-09-04 23:08:20,13.9363,78.899025,Harita was allegedly abducted by Meghana near Balakrishnan around 12:08 PM while returning home.
265,100180071202500003,202500003,2025-03-24,27,71,1,2,2,9,3,36.0,2025-03-22 20:05:30,2025-03-22 21:05:30,2025-03-23 12:05:30,13.681891,78.949623,Chandani entered the premises at Mutti without permission and refused to leave when asked by Daksh.
266,100020008202300002,202300002,2023-01-09,104,8,1,2,6,21,1,,2023-01-09 07:04:41,2023-01-09 13:04:41,2023-01-09 14:04:41,15.852848,76.037809,A group led by Noah gathered unlawfully near Ramachandran around 07:04 AM and caused a public nuisance.
267,100050020202300002,202300002,2023-02-22,226,20,1,2,8,28,4,10.0,2023-02-20 15:52:18,2023-02-20 18:52:18,2023-02-21 06:52:18,13.136418,78.96994,Parth was found driving a wallet at Prasad Zila without a valid licence and in a rash manner endangering pedestrians around 03:52 PM.
268,100080030202600003,202600003,2026-03-07,6,30,1,2,8,30,1,15.0,2026-03-07 07:56:49,2026-03-07 09:56:49,2026-03-08 08:56:49,12.567243,76.403356,Zaitra was found transporting liquor without a valid permit near Jha Street around 07:56 AM.
269,100050019202400002,202400002,2024-05-25,175,19,1,2,4,14,5,9.0,2024-05-24 16:13:52,2024-05-24 17:13:52,2024-05-25 11:13:52,14.661112,75.281219,"Devika was defrauded via a fake investment app promoted online, transferring funds over several weeks before realizing the platform was fraudulent."
270,100060023202400003,202400003,2024-04-12,165,23,1,2,4,14,4,11.0,2024-04-11 11:46:33,2024-04-11 15:46:33,2024-04-12 09:46:33,13.297004,76.47334,"Anusha was defrauded via a fake investment app promoted online, transferring funds over several weeks before realizing the platform was fraudulent."
271,100090034202600003,202600003,2026-03-13,117,34,1,2,8,29,2,,2026-03-11 07:23:28,2026-03-11 09:23:28,2026-03-12 09:23:28,12.649448,76.264475,Urishilla was found in possession of an unlicensed wooden stick during a check near Cherian Nagar.
272,100190073202300004,202300004,2023-06-01,282,73,1,2,6,21,1,38.0,2023-05-30 11:06:08,2023-05-30 12:06:08,2023-05-30 20:06:08,13.164811,77.534125,A group led by Rudra gathered unlawfully near Brar Circle around 11:06 AM and caused a public nuisance.
273,100030011202600003,202600003,2026-02-17,244,11,1,2,4,16,3,,2026-02-16 16:57:18,2026-02-16 18:57:18,2026-02-17 16:57:18,14.442485,77.386099,Sudiksha's email/social media account was accessed without authorization; unusual login activity was traced to an IP address outside Bhattacharyya Nagar.
274,300200076202400001,202400001,2024-12-24,193,76,2,1,1,2,2,39.0,2024-12-24 02:35:36,2024-12-24 04:35:36,2024-12-25 03:35:36,15.365053,74.55457,"Leena allegedly attacked Vasatika with a iron rod at Oak Zila around 02:35 AM, causing serious injuries. The victim was rushed to hospital and is under treatment."
275,100160064202600003,202600003,2026-04-17,18,64,1,2,6,22,1,,2026-04-17 16:46:41,2026-04-17 21:46:41,2026-04-18 10:46:41,13.63405,78.282457,"A clash broke out between two groups near Ravi Road around 04:46 PM, resulting in property damage and minor injuries."
276,100080030202400003,202400003,2024-10-21,203,30,1,1,6,22,2,,2024-10-20 08:59:27,2024-10-20 09:59:27,2024-10-20 13:59:27,15.179378,76.961136,"A clash broke out between two groups near Modi around 08:59 AM, resulting in property damage and minor injuries."
277,100100038202600002,202600002,2026-02-09,103,38,1,2,7,24,4,,2026-02-08 18:27:31,2026-02-08 18:27:31,2026-02-08 19:27:31,15.074959,75.993049,"Azaan paid Wahab an advance for services/goods that were never delivered, related to a transaction near Ramesh Marg."
278,100010003202300002,202300002,2023-04-17,217,3,1,2,7,25,1,1.0,2023-04-17 12:01:16,2023-04-17 14:01:16,2023-04-18 04:01:16,13.804873,75.899893,"Amol, entrusted with funds belonging to Ekbal for a joint venture, allegedly misappropriated the amount."
279,300080030202500001,202500001,2025-04-15,204,30,2,2,8,28,4,15.0,2025-04-15 19:12:19,2025-04-16 00:12:19,2025-04-16 18:12:19,12.604643,76.987117,Ojasvi was found driving a laptop at Sandal Chowk without a valid licence and in a rash manner endangering pedestrians around 07:12 PM.
280,400120048202500001,202500001,2025-02-27,71,48,4,2,7,26,7,24.0,2025-02-24 17:02:27,2025-02-24 22:02:27,2025-02-25 15:02:27,13.75534,76.832776,Isaiah discovered that Vasatika had forged signatures on property documents related to land in Dhar Zila.
281,100060023202500001,202500001,2025-07-09,113,23,1,2,6,23,7,12.0,2025-07-09 09:29:16,2025-07-09 11:29:16,2025-07-10 10:29:16,15.124392,77.939005,"Tension arose near Muni Circle following a social media post, leading to a communal disturbance around 09:29 AM."
282,100100037202500002,202500002,2025-11-17,107,37,1,1,2,6,1,19.0,2025-11-16 09:43:09,2025-11-16 13:43:09,2025-11-17 09:43:09,15.216237,74.856681,Unknown persons broke into the premises at Vala Chowk during the night and decamped with a laptop. Entry appears to have been made by breaking a window lock.
283,800140056202600001,202600001,2026-01-06,49,56,3,1,2,8,1,27.0,2026-01-04 07:21:29,2026-01-04 07:21:29,2026-01-04 22:21:29,15.121683,75.706893,A gang of five to six persons armed with wooden sticks robbed the Bala Road of cash and a mobile phone around 07:21 AM.
284,100060024202400001,202400001,2024-03-27,60,24,1,2,8,28,4,,2024-03-25 23:27:00,2024-03-26 05:27:00,2024-03-27 02:27:00,12.987219,78.201782,Advika was found driving a laptop at Sundaram Ganj without a valid licence and in a rash manner endangering pedestrians around 11:27 PM.
285,800130051202400001,202400001,2024-02-16,192,51,3,1,3,11,2,,2024-02-16 20:54:11,2024-02-16 21:54:11,2024-02-16 23:54:11,14.172579,79.354327,Wazir has alleged that Ria sexually assaulted her at Kade Street around 08:54 PM. Medical examination has been conducted.
286,100160064202400001,202400001,2024-05-30,75,64,1,2,2,6,3,,2024-05-27 17:05:39,2024-05-27 22:05:39,2024-05-28 18:05:39,12.737979,77.066923,Unknown persons broke into the premises at Kaur Circle during the night and decamped with a cash bag. Entry appears to have been made by breaking a window lock.
287,100150059202400002,202400002,2024-07-05,222,59,1,1,3,11,2,29.0,2024-07-02 11:00:47,2024-07-02 14:00:47,2024-07-03 10:00:47,13.960608,77.308433,Radhika has alleged that Advik sexually assaulted her at Sen Road around 11:00 AM. Medical examination has been conducted.
288,100110041202500001,202500001,2025-04-29,72,41,1,2,7,26,1,21.0,2025-04-28 23:22:00,2025-04-29 05:22:00,2025-04-29 15:22:00,14.909163,75.44983,Triya discovered that Wyatt had forged signatures on property documents related to land in Hayer.
289,100090035202500001,202500001,2025-07-18,251,35,1,2,5,18,7,,2025-07-15 11:58:07,2025-07-15 14:58:07,2025-07-15 20:58:07,14.167289,76.434423,"During a routine vehicle check near Hans Road, Bhanumati was found in possession of a commercial quantity of contraband substance around 11:58 AM."
290,300180071202400001,202400001,2024-01-09,105,71,2,2,4,15,5,,2024-01-06 23:56:50,2024-01-07 03:56:50,2024-01-07 13:56:50,12.561042,75.301979,Qarin reports that Zehaan created a fake profile impersonating her and posted defamatory content on social media.
291,100010005202600001,202600001,2026-03-26,106,5,1,1,1,4,2,2.0,2026-03-23 23:56:16,2026-03-24 01:56:16,2026-03-24 11:56:16,14.962097,77.504768,David succumbed to injuries sustained during an altercation with Lavanya at Natarajan Marg near 11:56 PM.
292,100060023202400004,202400004,2024-11-24,48,23,1,1,1,2,1,,2024-11-24 08:22:59,2024-11-24 11:22:59,2024-11-24 22:22:59,14.434884,75.751956,"Raagini allegedly attacked Maanas with a iron rod at Cherian Ganj around 08:22 AM, causing serious injuries. The victim was rushed to hospital and is under treatment."
293,100150060202400001,202400001,2024-07-26,257,60,1,2,6,21,4,29.0,2024-07-25 07:02:48,2024-07-25 08:02:48,2024-07-25 08:02:48,12.698975,75.174746,A group led by Madhavi gathered unlawfully near Doshi Road around 07:02 AM and caused a public nuisance.
294,100170068202600003,202600003,2026-05-26,189,68,1,2,3,13,1,33.0,2026-05-25 14:51:20,2026-05-25 18:51:20,2026-05-26 07:51:20,12.904377,79.020826,Vasatika has reported repeated physical abuse by Jairaj at the shared household in Wason.
295,300100038202600001,202600001,2026-01-08,52,38,2,1,6,21,1,19.0,2026-01-06 07:51:26,2026-01-06 07:51:26,2026-01-06 18:51:26,14.988868,75.848043,A group led by Jagrati gathered unlawfully near Chad Chowk around 07:51 AM and caused a public nuisance.
296,100050020202600001,202600001,2026-05-23,22,20,1,1,4,14,3,9.0,2026-05-21 14:48:11,2026-05-21 15:48:11,2026-05-21 19:48:11,12.542402,75.16471,"Dev was defrauded via a fake investment app promoted online, transferring funds over several weeks before realizing the platform was fraudulent."
297,100190074202500002,202500002,2025-07-24,223,74,1,2,5,20,4,37.0,2025-07-23 18:17:06,2025-07-23 23:17:06,2025-07-24 20:17:06,13.648538,77.044175,Viraj was found manufacturing/selling illicit liquor from premises at Bansal Zila.
298,100020009202600002,202600002,2026-01-30,203,9,1,2,6,22,1,4.0,2026-01-28 16:54:22,2026-01-28 19:54:22,2026-01-28 19:54:22,13.918612,78.74725,"A clash broke out between two groups near Shan Zila around 04:54 PM, resulting in property damage and minor injuries."
299,100050019202400003,202400003,2024-01-13,170,19,1,1,6,23,2,10.0,2024-01-12 23:38:34,2024-01-13 01:38:34,2024-01-13 12:38:34,15.987104,74.911729,"Tension arose near Dara Path following a social media post, leading to a communal disturbance around 11:38 PM."
300,100110041202400001,202400001,2024-09-30,65,41,1,1,1,1,1,,2024-09-29 07:37:18,2024-09-29 07:37:18,2024-09-29 09:37:18,12.757048,78.351834,Yagnesh was found dead with injuries consistent with a iron rod at Chaudhry Street. Neighbours reported a quarrel between Yagnesh and Banjeet shortly before 07:37 AM.
301,100090035202600001,202600001,2026-04-01,162,35,1,2,6,22,1,18.0,2026-03-29 22:05:05,2026-03-30 04:05:05,2026-03-31 02:05:05,15.130299,78.840669,"A clash broke out between two groups near Mander Zila around 10:05 PM, resulting in property damage and minor injuries."
302,100110042202400001,202400001,2024-06-17,171,42,1,1,5,20,7,22.0,2024-06-17 16:54:46,2024-06-17 19:54:46,2024-06-18 18:54:46,14.562621,79.325429,Gaurang was found manufacturing/selling illicit liquor from premises at Pall Road.
303,100180071202500004,202500004,2025-10-26,200,71,1,2,4,16,4,,2025-10-26 08:40:31,2025-10-26 11:40:31,2025-10-27 05:40:31,13.650056,77.225316,Aradhana's email/social media account was accessed without authorization; unusual login activity was traced to an IP address outside Chowdhury Ganj.
304,300050019202300001,202300001,2023-04-04,257,19,2,2,5,18,1,9.0,2023-04-03 16:46:51,2023-04-03 22:46:51,2023-04-04 22:46:51,15.228381,76.826486,"During a routine vehicle check near Natt Road, Radhika was found in possession of a commercial quantity of contraband substance around 04:46 PM."
305,100130051202600001,202600001,2026-05-31,102,51,1,2,8,30,4,26.0,2026-05-30 20:36:02,2026-05-31 01:36:02,2026-05-31 08:36:02,12.627328,75.440403,Eshana was found transporting liquor without a valid permit near Chaudhari Ganj around 08:36 PM.
306,100100038202300002,202300002,2023-01-22,39,38,1,2,5,19,7,20.0,2023-01-20 17:49:34,2023-01-20 22:49:34,2023-01-21 02:49:34,13.773248,76.991435,"Acting on a tip-off, police intercepted Pranav near Prakash Marg and recovered narcotics being transported for sale."
307,100160063202500002,202500002,2025-06-07,9,63,1,1,3,11,1,31.0,2025-06-04 19:05:19,2025-06-04 19:05:19,2025-06-05 03:05:19,15.05062,75.133307,Omya has alleged that Onveer sexually assaulted her at Kannan Path around 07:05 PM. Medical examination has been conducted.
308,300190073202300001,202300001,2023-09-18,37,73,2,1,1,2,7,,2023-09-17 07:23:41,2023-09-17 08:23:41,2023-09-18 06:23:41,12.965367,75.590678,"Radha allegedly attacked Falak with a knife at Kapadia around 07:23 AM, causing serious injuries. The victim was rushed to hospital and is under treatment."
309,100090035202300002,202300002,2023-06-18,148,35,1,1,1,4,2,17.0,2023-06-15 19:35:13,2023-06-15 20:35:13,2023-06-15 21:35:13,13.477648,76.630761,Meera succumbed to injuries sustained during an altercation with Varenya at Sethi Zila near 07:35 PM.
310,100090032202500001,202500001,2025-10-17,285,32,1,2,2,6,6,17.0,2025-10-15 17:58:46,2025-10-15 17:58:46,2025-10-15 19:58:46,14.510448,79.122153,Unknown persons broke into the premises at Srinivasan Nagar during the night and decamped with a wallet. Entry appears to have been made by breaking a window lock.
311,100120045202400001,202400001,2024-12-11,253,45,1,1,6,22,2,24.0,2024-12-10 10:47:50,2024-12-10 12:47:50,2024-12-10 13:47:50,15.851256,74.582157,"A clash broke out between two groups near Wali Path around 10:47 AM, resulting in property damage and minor injuries."
312,100070026202400001,202400001,2024-08-25,4,26,1,2,4,14,2,13.0,2024-08-24 23:08:50,2024-08-24 23:08:50,2024-08-25 07:08:50,14.213423,79.461285,"Januja was defrauded via a fake investment app promoted online, transferring funds over several weeks before realizing the platform was fraudulent."
313,100100038202300003,202300003,2023-11-20,56,38,1,1,1,2,2,20.0,2023-11-19 21:53:54,2023-11-20 00:53:54,2023-11-20 12:53:54,13.05137,74.866065,"Ekani allegedly attacked Umang with a sharp weapon at Loke Path around 09:53 PM, causing serious injuries. The victim was rushed to hospital and is under treatment."
314,100040017202400002,202400002,2024-01-21,124,17,1,2,4,15,1,7.0,2024-01-18 18:25:37,2024-01-18 19:25:37,2024-01-19 12:25:37,12.792488,77.125379,Gagan reports that Faris created a fake profile impersonating her and posted defamatory content on social media.
315,100110040202300002,202300002,2023-10-30,43,40,1,1,1,1,1,21.0,2023-10-30 19:34:12,2023-10-31 01:34:12,2023-10-31 22:34:12,14.18273,78.526866,Samarth was found dead with injuries consistent with a sickle at Saha Road. Neighbours reported a quarrel between Samarth and Arin shortly before 07:34 PM.
316,100160064202300003,202300003,2023-02-28,241,64,1,1,5,20,3,32.0,2023-02-27 13:28:54,2023-02-27 19:28:54,2023-02-28 19:28:54,14.021415,74.631257,Nisha was found manufacturing/selling illicit liquor from premises at Oza.
317,300120047202600001,202600001,2026-05-22,286,47,2,1,1,4,1,24.0,2026-05-22 11:10:51,2026-05-22 15:10:51,2026-05-23 13:10:51,13.74277,79.493705,Abha succumbed to injuries sustained during an altercation with Utkarsh at Prabhu Chowk near 11:10 AM.
318,100170068202500002,202500002,2025-10-30,200,68,1,1,1,4,1,,2025-10-28 22:14:01,2025-10-28 22:14:01,2025-10-29 12:14:01,15.811496,76.368325,Jonathan succumbed to injuries sustained during an altercation with Ridhi at Pingle Road near 10:14 PM.
319,100170067202300001,202300001,2023-05-24,239,67,1,1,3,12,1,,2023-05-22 19:28:26,2023-05-22 23:28:26,2023-05-23 21:28:26,14.940167,77.868389,Nicholas was allegedly abducted by Charvi near Bakshi Zila around 07:28 PM while returning home.
320,100070027202600003,202600003,2026-05-06,259,27,1,2,7,24,4,,2026-05-04 08:23:20,2026-05-04 09:23:20,2026-05-04 10:23:20,15.865953,79.45711,"Isaiah paid Varenya an advance for services/goods that were never delivered, related to a transaction near Dewan Nagar."
321,100120047202300001,202300001,2023-01-30,277,47,1,2,2,9,3,23.0,2023-01-28 23:43:10,2023-01-29 03:43:10,2023-01-29 05:43:10,13.309723,77.149443,Gagan entered the premises at Ramesh Circle without permission and refused to leave when asked by Sanaya.
322,100100037202600001,202600001,2026-05-26,220,37,1,1,1,3,1,,2026-05-25 20:56:58,2026-05-26 02:56:58,2026-05-26 13:56:58,15.267562,74.731792,"A physical altercation between Prisha and Manbir at Raju Path led to grievous injuries being caused with a sickle, around 08:56 PM."
323,100140055202300002,202300002,2023-07-08,149,55,1,1,3,11,7,,2023-07-05 22:07:35,2023-07-06 01:07:35,2023-07-07 01:07:35,12.641196,75.710501,Bhavya has alleged that Nihal sexually assaulted her at Sachdeva Marg around 10:07 PM. Medical examination has been conducted.
324,100120048202300001,202300001,2023-08-24,232,48,1,2,2,7,1,23.0,2023-08-23 23:21:57,2023-08-24 03:21:57,2023-08-24 14:21:57,14.540147,75.328005,"A group of unidentified men robbed Gautami of a cash bag near Prashad, threatening with a country-made pistol."
325,800070026202300001,202300001,2023-03-13,209,26,3,2,3,13,2,13.0,2023-03-12 15:54:06,2023-03-12 17:54:06,2023-03-13 17:54:06,12.580362,77.289543,Daksha has reported repeated physical abuse by Wakeeta at the shared household in Sheth Circle.
326,800120048202300001,202300001,2023-02-25,76,48,3,2,6,21,2,,2023-02-22 07:47:19,2023-02-22 11:47:19,2023-02-23 00:47:19,15.170868,77.222502,A group led by Ayush gathered unlawfully near Malhotra Zila around 07:47 AM and caused a public nuisance.
327,100170068202300001,202300001,2023-04-08,160,68,1,2,7,25,1,,2023-04-07 20:09:46,2023-04-08 02:09:46,2023-04-08 10:09:46,13.451655,78.99497,"Jagdish, entrusted with funds belonging to Vamakshi for a joint venture, allegedly misappropriated the amount."
328,300170067202600001,202600001,2026-05-05,254,67,2,1,1,3,1,33.0,2026-05-03 12:16:41,2026-05-03 17:16:41,2026-05-03 21:16:41,14.595925,76.45369,"A physical altercation between Bimala and Chanakya at Wagle Road led to grievous injuries being caused with a sharp weapon, around 12:16 PM."
329,100030011202300002,202300002,2023-03-27,193,11,1,1,6,21,2,6.0,2023-03-24 18:01:34,2023-03-24 19:01:34,2023-03-25 11:01:34,13.263888,74.87168,A group led by Nicholas gathered unlawfully near Kamdar Zila around 06:01 PM and caused a public nuisance.
330,100190073202400004,202400004,2024-04-11,225,73,1,1,6,23,5,,2024-04-08 15:36:47,2024-04-08 18:36:47,2024-04-08 23:36:47,13.991072,78.631669,"Tension arose near Dewan Path following a social media post, leading to a communal disturbance around 03:36 PM."
331,100010005202600002,202600002,2026-01-21,90,5,1,1,3,10,2,,2026-01-19 23:52:25,2026-01-20 02:52:25,2026-01-20 20:52:25,14.497164,76.136963,Brijesh has alleged continuous harassment for additional dowry by Ronith and in-laws at the matrimonial home in Bali Zila.
332,100100038202600003,202600003,2026-06-07,230,38,1,2,8,28,2,20.0,2026-06-07 04:04:56,2026-06-07 09:04:56,2026-06-08 05:04:56,13.185961,78.345537,Madhav was found driving a mobile phone at Pall Road without a valid licence and in a rash manner endangering pedestrians around 04:04 AM.
333,100170067202300002,202300002,2023-11-04,122,67,1,1,1,4,3,,2023-11-01 04:15:18,2023-11-01 06:15:18,2023-11-02 03:15:18,14.934256,78.915102,Teerth succumbed to injuries sustained during an altercation with Rehaan at Garg Road near 04:15 AM.
334,100060024202600002,202600002,2026-02-04,176,24,1,2,3,13,7,11.0,2026-02-02 18:04:02,2026-02-02 21:04:02,2026-02-03 02:04:02,15.235889,76.350259,Zinal has reported repeated physical abuse by Laban at the shared household in Patel Chowk.
335,800170067202300001,202300001,2023-12-21,171,67,3,2,3,10,1,,2023-12-19 08:58:57,2023-12-19 12:58:57,2023-12-20 03:58:57,13.441968,74.688453,Lekha has alleged continuous harassment for additional dowry by Bhanumati and in-laws at the matrimonial home in Muni Chowk.
336,100170067202600003,202600003,2026-03-28,56,67,1,1,5,18,4,,2026-03-27 04:41:39,2026-03-27 04:41:39,2026-03-27 04:41:39,15.194158,74.935685,"During a routine vehicle check near Cheema Chowk, Agastya was found in possession of a commercial quantity of contraband substance around 04:41 AM."
337,100150060202400002,202400002,2024-02-23,217,60,1,2,6,23,6,30.0,2024-02-21 01:17:42,2024-02-21 06:17:42,2024-02-21 16:17:42,15.288109,76.086636,"Tension arose near Mahajan Road following a social media post, leading to a communal disturbance around 01:17 AM."
338,100110040202500002,202500002,2025-05-13,146,40,1,2,4,17,2,21.0,2025-05-10 11:22:30,2025-05-10 11:22:30,2025-05-11 03:22:30,15.478927,77.123959,Krish discovered that Ayushman had used her Aadhaar/PAN details to fraudulently open an account in Bera Zila.
339,100070026202400002,202400002,2024-10-01,4,26,1,1,3,11,5,13.0,2024-09-28 21:59:28,2024-09-29 03:59:28,2024-09-29 06:59:28,14.684238,74.794922,Faraj has alleged that Zinal sexually assaulted her at Shukla Chowk around 09:59 PM. Medical examination has been conducted.
340,100040017202400003,202400003,2024-10-05,102,17,1,2,8,28,1,,2024-10-03 14:56:22,2024-10-03 14:56:22,2024-10-04 10:56:22,15.01018,75.58635,Peter was found driving a mobile phone at Mitter Circle without a valid licence and in a rash manner endangering pedestrians around 02:56 PM.
341,100100038202600004,202600004,2026-05-21,11,38,1,2,8,28,1,19.0,2026-05-19 06:44:52,2026-05-19 11:44:52,2026-05-20 10:44:52,13.413633,75.769481,Daksh was found driving a cash bag at Lall Marg without a valid licence and in a rash manner endangering pedestrians around 06:44 AM.
342,100170067202300003,202300003,2023-11-12,136,67,1,2,7,24,2,33.0,2023-11-11 23:22:41,2023-11-12 00:22:41,2023-11-12 11:22:41,14.211309,78.554164,"Harita paid Lajita an advance for services/goods that were never delivered, related to a transaction near Sangha Zila."
343,100050021202500003,202500003,2025-09-15,262,21,1,2,4,17,1,,2025-09-15 18:00:23,2025-09-15 18:00:23,2025-09-16 03:00:23,14.642281,75.481663,Triveni discovered that Pahal had used her Aadhaar/PAN details to fraudulently open an account in Varma.
344,100020009202500002,202500002,2025-09-14,110,9,1,1,4,15,7,,2025-09-12 04:39:20,2025-09-12 10:39:20,2025-09-13 00:39:20,14.501593,76.657243,Yadavi reports that Harinakshi created a fake profile impersonating her and posted defamatory content on social media.
345,100180071202400002,202400002,2024-12-24,9,71,1,2,6,21,1,35.0,2024-12-22 06:00:03,2024-12-22 12:00:03,2024-12-22 12:00:03,14.569904,78.003128,A group led by Faqid gathered unlawfully near Kala Circle around 06:00 AM and caused a public nuisance.
346,800090032202400001,202400001,2024-01-10,286,32,3,2,7,24,2,17.0,2024-01-10 05:02:01,2024-01-10 08:02:01,2024-01-10 09:02:01,12.711081,77.495334,"Vaishnavi paid Prisha an advance for services/goods that were never delivered, related to a transaction near Palan Ganj."
347,300100038202400001,202400001,2024-04-07,285,38,2,1,3,12,2,19.0,2024-04-05 01:06:38,2024-04-05 07:06:38,2024-04-05 10:06:38,12.914784,78.418003,Radha was allegedly abducted by Darpan near Iyer Circle around 01:06 AM while returning home.
348,100150058202300002,202300002,2023-12-04,232,58,1,1,1,4,1,30.0,2023-12-03 17:22:42,2023-12-03 19:22:42,2023-12-04 17:22:42,12.688591,78.063106,Radhika succumbed to injuries sustained during an altercation with Nirja at Bhatt Path near 05:22 PM.
349,100070026202500002,202500002,2025-03-19,202,26,1,2,3,13,7,,2025-03-18 05:29:10,2025-03-18 09:29:10,2025-03-18 21:29:10,13.021197,76.266169,Ishaan has reported repeated physical abuse by Mason at the shared household in Bala Ganj.
350,300170067202500001,202500001,2025-09-09,225,67,2,2,8,30,1,34.0,2025-09-06 11:36:00,2025-09-06 14:36:00,2025-09-07 09:36:00,15.347829,76.411106,Vedika was found transporting liquor without a valid permit near Bhakta Nagar around 11:36 AM.
351,300040017202300001,202300001,2023-10-04,277,17,2,2,3,10,1,8.0,2023-10-02 22:32:18,2023-10-02 23:32:18,2023-10-03 12:32:18,12.869919,76.55371,Jai has alleged continuous harassment for additional dowry by Zayan and in-laws at the matrimonial home in Chana Chowk.
352,400040014202300001,202300001,2023-10-11,37,14,4,2,5,20,2,,2023-10-09 01:00:37,2023-10-09 05:00:37,2023-10-10 01:00:37,15.748265,78.970818,Parth was found manufacturing/selling illicit liquor from premises at Maharaj Ganj.
353,100190074202600003,202600003,2026-04-19,182,74,1,2,7,27,3,37.0,2026-04-17 00:20:21,2026-04-17 01:20:21,2026-04-17 15:20:21,12.912699,79.023608,Police recovered counterfeit currency notes from Bakhshi during a check near Khatri Nagar.
354,100090035202400001,202400001,2024-01-26,297,35,1,2,6,21,2,18.0,2024-01-23 19:36:22,2024-01-23 19:36:22,2024-01-23 23:36:22,15.389319,76.533155,A group led by Anusha gathered unlawfully near Swamy Zila around 07:36 PM and caused a public nuisance.
355,100140055202600001,202600001,2026-05-20,206,55,1,1,3,11,1,27.0,2026-05-18 14:06:44,2026-05-18 14:06:44,2026-05-19 00:06:44,15.405206,74.609654,Qarin has alleged that Sachi sexually assaulted her at Aggarwal Street around 02:06 PM. Medical examination has been conducted.
356,100160065202400002,202400002,2024-09-28,50,65,1,1,1,1,5,31.0,2024-09-27 13:17:12,2024-09-27 17:17:12,2024-09-28 10:17:12,14.049978,76.568497,"The complainant states that the accused Nirja attacked Kalpit with a wooden stick near Seth Path following a dispute, resulting in death. Body was found at the scene around 01:17 PM."
357,400110042202300001,202300001,2023-02-12,185,42,4,1,3,10,5,,2023-02-12 08:17:43,2023-02-12 12:17:43,2023-02-12 16:17:43,15.750619,78.945769,Jhalak has alleged continuous harassment for additional dowry by Qabil and in-laws at the matrimonial home in Purohit Marg.
358,100170068202500003,202500003,2025-12-24,221,68,1,2,5,20,5,,2025-12-22 11:45:38,2025-12-22 14:45:38,2025-12-23 11:45:38,12.675008,78.44589,Manthan was found manufacturing/selling illicit liquor from premises at Pillai Zila.
359,100120047202600002,202600002,2026-06-02,204,47,1,2,3,13,1,23.0,2026-06-01 10:20:42,2026-06-01 16:20:42,2026-06-02 12:20:42,14.612777,76.235117,Rayaan has reported repeated physical abuse by Amaira at the shared household in Talwar Road.
360,100030011202300003,202300003,2023-02-05,31,11,1,1,5,20,4,,2023-02-03 21:17:59,2023-02-04 03:17:59,2023-02-04 19:17:59,15.66553,77.184252,Madhav was found manufacturing/selling illicit liquor from premises at Mannan Nagar.
361,100160064202500001,202500001,2025-09-28,87,64,1,1,1,4,2,,2025-09-26 10:14:17,2025-09-26 16:14:17,2025-09-27 16:14:17,13.426545,77.070281,Aahana succumbed to injuries sustained during an altercation with Elijah at Bhargava Zila near 10:14 AM.
362,800040015202400001,202400001,2024-12-28,44,15,3,2,8,30,7,,2024-12-26 14:36:49,2024-12-26 16:36:49,2024-12-27 16:36:49,15.654096,76.49072,Chasmum was found transporting liquor without a valid permit near Prabhakar Marg around 02:36 PM.
363,100090034202400001,202400001,2024-01-13,137,34,1,2,6,23,2,,2024-01-11 20:26:51,2024-01-12 00:26:51,2024-01-12 07:26:51,13.30303,78.738852,"Tension arose near Dada Road following a social media post, leading to a communal disturbance around 08:26 PM."
364,100090035202400002,202400002,2024-11-14,8,35,1,1,2,8,3,17.0,2024-11-11 09:49:13,2024-11-11 11:49:13,2024-11-12 09:49:13,14.778188,79.051742,A gang of five to six persons armed with sickles robbed the Sarin Path of cash and a gold chain around 09:49 AM.
365,100130051202300003,202300003,2023-12-01,286,51,1,2,5,18,1,,2023-11-28 20:00:16,2023-11-29 01:00:16,2023-11-29 13:00:16,14.573375,75.31367,"During a routine vehicle check near Talwar Zila, Rajata was found in possession of a commercial quantity of contraband substance around 08:00 PM."
366,100040014202500003,202500003,2025-03-15,164,14,1,2,5,18,6,8.0,2025-03-13 13:52:39,2025-03-13 16:52:39,2025-03-13 18:52:39,14.744036,74.925262,"During a routine vehicle check near Koshy Zila, Omaja was found in possession of a commercial quantity of contraband substance around 01:52 PM."
367,100190074202300003,202300003,2023-05-09,217,74,1,2,7,27,7,,2023-05-09 14:56:28,2023-05-09 19:56:28,2023-05-09 20:56:28,12.75839,79.024935,Police recovered counterfeit currency notes from Triveni during a check near Setty Chowk.
368,100180070202600001,202600001,2026-01-31,242,70,1,1,1,2,2,35.0,2026-01-29 21:25:04,2026-01-30 01:25:04,2026-01-30 15:25:04,14.887449,77.704194,"Ekantika allegedly attacked Barkha with a knife at Bobal Nagar around 09:25 PM, causing serious injuries. The victim was rushed to hospital and is under treatment."
369,100150059202500002,202500002,2025-01-31,185,59,1,2,6,21,7,,2025-01-28 15:09:28,2025-01-28 21:09:28,2025-01-28 21:09:28,13.600241,79.286685,A group led by Gaurav gathered unlawfully near Joshi Nagar around 03:09 PM and caused a public nuisance.
370,100050020202400001,202400001,2024-02-24,136,20,1,1,2,8,1,,2024-02-22 04:24:24,2024-02-22 06:24:24,2024-02-22 22:24:24,13.782545,79.081239,A gang of five to six persons armed with wooden sticks robbed the Char Path of cash and a cash bag around 04:24 AM.
371,400090035202400001,202400001,2024-12-23,83,35,4,2,5,18,1,17.0,2024-12-20 03:45:22,2024-12-20 07:45:22,2024-12-20 17:45:22,15.009769,75.701852,"During a routine vehicle check near Om Circle, Banjeet was found in possession of a commercial quantity of contraband substance around 03:45 AM."
372,100040014202600004,202600004,2026-01-16,23,14,1,1,4,17,1,7.0,2026-01-16 11:53:07,2026-01-16 16:53:07,2026-01-17 03:53:07,12.748081,76.65094,Upadhriti discovered that Rajeshri had used her Aadhaar/PAN details to fraudulently open an account in Sridhar Zila.
373,100140056202500002,202500002,2025-04-19,264,56,1,2,7,24,7,,2025-04-16 20:44:04,2025-04-17 02:44:04,2025-04-17 05:44:04,15.920915,75.510923,"Faraj paid Chakradev an advance for services/goods that were never delivered, related to a transaction near Chokshi Circle."
374,100070027202400002,202400002,2024-05-11,223,27,1,1,1,4,5,,2024-05-10 05:45:01,2024-05-10 08:45:01,2024-05-11 00:45:01,14.002434,75.468781,Amol succumbed to injuries sustained during an altercation with Ishaan at Gola Chowk near 05:45 AM.
375,100120048202500001,202500001,2025-02-01,277,48,1,2,4,15,4,23.0,2025-01-30 04:13:42,2025-01-30 07:13:42,2025-01-30 12:13:42,15.658097,76.122762,Siddharth reports that Qasim created a fake profile impersonating her and posted defamatory content on social media.
376,300110042202300001,202300001,2023-01-05,178,42,2,1,1,1,1,21.0,2023-01-04 06:34:20,2023-01-04 12:34:20,2023-01-05 01:34:20,14.791367,77.931968,Jeremiah was found dead with injuries consistent with a sickle at Halder Nagar. Neighbours reported a quarrel between Jeremiah and Krishna shortly before 06:34 AM.
377,100120047202400002,202400002,2024-09-15,156,47,1,2,7,26,7,,2024-09-15 11:33:01,2024-09-15 11:33:01,2024-09-15 11:33:01,12.542717,77.950147,Maanav discovered that Wyatt had forged signatures on property documents related to land in Yohannan Marg.
378,100180070202600002,202600002,2026-05-20,112,70,1,1,1,2,7,35.0,2026-05-17 22:03:45,2026-05-18 01:03:45,2026-05-18 09:03:45,14.495966,75.94488,"Manya allegedly attacked Chaitaly with a knife at Nath Nagar around 10:03 PM, causing serious injuries. The victim was rushed to hospital and is under treatment."
379,100190073202400005,202400005,2024-03-25,293,73,1,1,2,5,1,,2024-03-24 19:41:28,2024-03-24 21:41:28,2024-03-25 07:41:28,15.632606,76.608774,The complainant reports that unidentified persons stole a two-wheeler from Sura sometime around 07:41 PM. No eyewitnesses have come forward yet.
380,100110043202400001,202400001,2024-02-04,215,43,1,2,7,26,1,21.0,2024-02-03 04:40:24,2024-02-03 08:40:24,2024-02-04 07:40:24,15.588069,78.486698,Ansh discovered that Neel had forged signatures on property documents related to land in Handa Road.
381,100190073202300005,202300005,2023-07-15,292,73,1,2,6,22,2,38.0,2023-07-13 02:32:18,2023-07-13 03:32:18,2023-07-13 20:32:18,14.915936,76.852226,"A clash broke out between two groups near Johal Street around 02:32 AM, resulting in property damage and minor injuries."
382,100050019202600003,202600003,2026-02-01,118,19,1,2,4,16,2,,2026-02-01 13:22:05,2026-02-01 13:22:05,2026-02-01 18:22:05,15.8093,74.795798,Ojasvi's email/social media account was accessed without authorization; unusual login activity was traced to an IP address outside Keer Road.
383,800020009202400001,202400001,2024-03-26,53,9,3,1,8,29,2,,2024-03-25 09:23:28,2024-03-25 10:23:28,2024-03-26 08:23:28,15.012483,74.707144,Owen was found in possession of an unlicensed knife during a check near Balay Circle.
384,100030012202300003,202300003,2023-12-01,278,12,1,2,4,14,7,5.0,2023-11-30 09:22:44,2023-11-30 13:22:44,2023-12-01 12:22:44,12.734083,76.435497,Hemang received a call from an unidentified person claiming to be a bank official and lost money via UPI transfer after sharing an OTP. Transaction traced to an account linked to Shankar Chowk.
385,100090034202600004,202600004,2026-03-25,291,34,1,2,5,20,4,,2026-03-23 16:52:00,2026-03-23 17:52:00,2026-03-24 14:52:00,12.529876,77.736116,Mitesh was found manufacturing/selling illicit liquor from premises at Natt Path.
386,100050021202500004,202500004,2025-12-19,69,21,1,2,7,26,1,9.0,2025-12-18 23:57:09,2025-12-19 04:57:09,2025-12-19 23:57:09,15.86842,75.908667,Oeshi discovered that Jalsa had forged signatures on property documents related to land in Doshi Ganj.
387,100160064202600004,202600004,2026-04-24,289,64,1,2,6,21,2,32.0,2026-04-23 12:48:35,2026-04-23 17:48:35,2026-04-24 17:48:35,15.500362,76.465137,A group led by Zansi gathered unlawfully near Chad Zila around 12:48 PM and caused a public nuisance.
388,100150060202500002,202500002,2025-10-29,279,60,1,2,7,24,7,30.0,2025-10-29 02:24:57,2025-10-29 04:24:57,2025-10-29 09:24:57,13.367343,78.986303,"Dipta paid Hemangini an advance for services/goods that were never delivered, related to a transaction near Mammen Nagar."
389,100180071202400003,202400003,2024-05-20,256,71,1,1,7,27,1,,2024-05-19 10:03:26,2024-05-19 15:03:26,2024-05-19 20:03:26,14.24027,77.714079,Police recovered counterfeit currency notes from Madhavi during a check near Venkatesh Street.
390,300020009202600002,202600002,2026-04-15,19,9,2,1,6,23,2,,2026-04-14 22:38:51,2026-04-14 22:38:51,2026-04-15 09:38:51,13.031941,78.781674,"Tension arose near Kuruvilla Circle following a social media post, leading to a communal disturbance around 10:38 PM."
391,100050021202400003,202400003,2024-12-18,181,21,1,2,3,13,4,10.0,2024-12-17 22:02:41,2024-12-18 02:02:41,2024-12-18 22:02:41,15.509324,77.914428,Saumya has reported repeated physical abuse by Chanchal at the shared household in Ahluwalia.
392,100170067202600004,202600004,2026-06-02,64,67,1,1,3,11,2,34.0,2026-06-02 08:56:13,2026-06-02 14:56:13,2026-06-03 06:56:13,12.849218,77.724031,Zinal has alleged that Yug sexually assaulted her at Narang Zila around 08:56 AM. Medical examination has been conducted.
393,100170067202500001,202500001,2025-04-09,208,67,1,1,3,11,1,,2025-04-08 18:10:48,2025-04-08 20:10:48,2025-04-09 13:10:48,13.140642,78.942139,David has alleged that Pavani sexually assaulted her at Soni Street around 06:10 PM. Medical examination has been conducted.
394,100010003202600002,202600002,2026-02-03,188,3,1,2,5,20,2,2.0,2026-02-01 18:17:52,2026-02-01 23:17:52,2026-02-02 00:17:52,13.598408,75.884244,Ria was found manufacturing/selling illicit liquor from premises at Saha Chowk.
395,100190074202600004,202600004,2026-03-11,8,74,1,1,1,2,1,37.0,2026-03-10 12:14:54,2026-03-10 12:14:54,2026-03-11 03:14:54,15.53407,76.980652,"Bachittar allegedly attacked Urvashi with a sickle at Pingle Street around 12:14 PM, causing serious injuries. The victim was rushed to hospital and is under treatment."
396,100180071202600002,202600002,2026-03-10,196,71,1,2,4,16,1,,2026-03-09 04:22:54,2026-03-09 10:22:54,2026-03-10 06:22:54,13.159316,79.269065,Ayaan's email/social media account was accessed without authorization; unusual login activity was traced to an IP address outside Sama Street.
397,800070027202600001,202600001,2026-05-15,241,27,3,1,1,1,2,13.0,2026-05-14 22:33:05,2026-05-15 00:33:05,2026-05-15 10:33:05,14.561022,76.430605,Vasana was found dead with injuries consistent with a sharp weapon at Sethi. Neighbours reported a quarrel between Vasana and Dayita shortly before 10:33 PM.
398,100040015202600001,202600001,2026-03-22,269,15,1,2,4,14,5,,2026-03-21 05:10:06,2026-03-21 08:10:06,2026-03-21 17:10:06,14.458569,77.349584,"Triveni was defrauded via a fake investment app promoted online, transferring funds over several weeks before realizing the platform was fraudulent."
399,100130051202400001,202400001,2024-11-19,210,51,1,1,8,29,1,,2024-11-18 10:25:28,2024-11-18 12:25:28,2024-11-19 06:25:28,14.340386,77.880108,Chakradev was found in possession of an unlicensed iron rod during a check near Mall Chowk.
400,100160064202500002,202500002,2025-03-16,68,64,1,2,7,26,1,,2025-03-15 08:14:49,2025-03-15 13:14:49,2025-03-16 11:14:49,12.939813,75.722169,Anirudh discovered that Jai had forged signatures on property documents related to land in Gole Circle.
401,100160063202600001,202600001,2026-06-06,97,63,1,2,4,14,1,32.0,2026-06-06 02:59:54,2026-06-06 06:59:54,2026-06-07 01:59:54,13.645396,76.439431,Rajeshri received a call from an unidentified person claiming to be a bank official and lost money via UPI transfer after sharing an OTP. Transaction traced to an account linked to Bajwa Marg.
402,100130050202500001,202500001,2025-10-04,46,50,1,2,7,24,1,,2025-10-03 06:43:21,2025-10-03 10:43:21,2025-10-03 18:43:21,15.902976,76.690771,"Mitesh paid Damyanti an advance for services/goods that were never delivered, related to a transaction near Gara Marg."
403,100010004202300001,202300001,2023-03-25,35,4,1,1,1,2,1,2.0,2023-03-24 14:51:00,2023-03-24 14:51:00,2023-03-24 21:51:00,12.929995,79.004518,"Samaksh allegedly attacked Charles with a knife at Khalsa Ganj around 02:51 PM, causing serious injuries. The victim was rushed to hospital and is under treatment."
404,100060023202500002,202500002,2025-11-13,68,23,1,1,1,2,1,,2025-11-11 08:16:28,2025-11-11 09:16:28,2025-11-11 16:16:28,14.390643,76.792263,"Eesha allegedly attacked Darsh with a sharp weapon at Ray Chowk around 08:16 AM, causing serious injuries. The victim was rushed to hospital and is under treatment."
405,100150059202600001,202600001,2026-05-03,198,59,1,2,2,6,1,30.0,2026-05-02 08:59:25,2026-05-02 10:59:25,2026-05-03 02:59:25,14.368218,78.063058,Unknown persons broke into the premises at Agarwal Nagar during the night and decamped with a gold chain. Entry appears to have been made by breaking a window lock.
406,400170068202300001,202300001,2023-04-02,38,68,4,2,7,24,3,,2023-03-31 16:56:27,2023-03-31 21:56:27,2023-04-01 14:56:27,12.673193,78.621896,"Aadi paid Darpan an advance for services/goods that were never delivered, related to a transaction near Mahajan Chowk."
407,100180071202300004,202300004,2023-05-21,134,71,1,1,2,8,1,,2023-05-19 13:07:19,2023-05-19 14:07:19,2023-05-19 18:07:19,14.761171,78.749987,A gang of five to six persons armed with sickles robbed the Rana Zila of cash and a gold chain around 01:07 PM.
408,100200076202400001,202400001,2024-03-03,88,76,1,1,5,18,2,40.0,2024-03-01 10:55:10,2024-03-01 13:55:10,2024-03-01 20:55:10,13.755425,75.268055,"During a routine vehicle check near Deol Nagar, Falguni was found in possession of a commercial quantity of contraband substance around 10:55 AM."
409,100060023202300001,202300001,2023-05-11,115,23,1,2,1,3,1,11.0,2023-05-09 19:31:07,2023-05-09 23:31:07,2023-05-10 15:31:07,15.160991,74.702237,"A physical altercation between Krisha and Ira at Parmar led to grievous injuries being caused with a country-made pistol, around 07:31 PM."
410,100010003202400001,202400001,2024-08-09,206,3,1,2,8,28,5,2.0,2024-08-06 16:56:45,2024-08-06 19:56:45,2024-08-07 09:56:45,15.545757,78.244672,Rehaan was found driving a cash bag at Mitter Zila without a valid licence and in a rash manner endangering pedestrians around 04:56 PM.
411,100190073202600003,202600003,2026-01-30,264,73,1,2,5,20,4,37.0,2026-01-28 15:00:31,2026-01-28 19:00:31,2026-01-29 14:00:31,12.888128,77.247764,Shaurya was found manufacturing/selling illicit liquor from premises at Hayre Nagar.
412,100080029202300003,202300003,2023-12-30,290,29,1,2,3,13,5,,2023-12-28 08:47:29,2023-12-28 12:47:29,2023-12-29 10:47:29,12.718567,76.755509,Vedant has reported repeated physical abuse by Anusha at the shared household in Bajaj Ganj.
413,100180071202600003,202600003,2026-01-21,259,71,1,2,5,18,1,35.0,2026-01-20 01:11:34,2026-01-20 04:11:34,2026-01-20 21:11:34,13.203938,75.628044,"During a routine vehicle check near Dara Road, Niharika was found in possession of a commercial quantity of contraband substance around 01:11 AM."
414,300180070202500001,202500001,2025-04-07,258,70,2,2,8,30,2,36.0,2025-04-06 16:35:00,2025-04-06 20:35:00,2025-04-07 00:35:00,13.733202,77.467104,Diya was found transporting liquor without a valid permit near Ramanathan Nagar around 04:35 PM.
415,100110041202600001,202600001,2026-05-02,228,41,1,1,5,18,2,,2026-05-02 22:58:18,2026-05-03 04:58:18,2026-05-03 18:58:18,14.163128,78.324161,"During a routine vehicle check near Srinivasan Nagar, Gunbir was found in possession of a commercial quantity of contraband substance around 10:58 PM."
416,100200077202600001,202600001,2026-02-17,195,77,1,2,6,21,2,39.0,2026-02-15 14:16:49,2026-02-15 20:16:49,2026-02-16 10:16:49,14.54498,74.639772,A group led by Gauri gathered unlawfully near Khalsa Circle around 02:16 PM and caused a public nuisance.
417,300010004202300001,202300001,2023-05-09,55,4,2,2,4,17,1,,2023-05-06 13:42:16,2023-05-06 15:42:16,2023-05-07 12:42:16,13.955979,78.827469,David discovered that Riya had used her Aadhaar/PAN details to fraudulently open an account in Mitra Nagar.
418,100100038202300004,202300004,2023-07-15,16,38,1,2,2,9,2,19.0,2023-07-12 16:04:16,2023-07-12 21:04:16,2023-07-12 21:04:16,15.125421,76.638634,Leena entered the premises at Sangha Chowk without permission and refused to leave when asked by Sudiksha.
419,100110041202500002,202500002,2025-06-20,167,41,1,1,5,19,6,22.0,2025-06-20 14:09:10,2025-06-20 16:09:10,2025-06-21 07:09:10,13.279931,76.685367,"Acting on a tip-off, police intercepted Quincy near Devan Ganj and recovered narcotics being transported for sale."
420,100150061202500002,202500002,2025-07-28,284,61,1,1,6,23,1,,2025-07-25 07:33:01,2025-07-25 12:33:01,2025-07-25 19:33:01,13.133306,77.842967,"Tension arose near Oza Road following a social media post, leading to a communal disturbance around 07:33 AM."
421,100150058202500001,202500001,2025-09-30,262,58,1,2,5,20,1,30.0,2025-09-28 08:10:11,2025-09-28 09:10:11,2025-09-28 17:10:11,13.277859,75.124059,Unni was found manufacturing/selling illicit liquor from premises at Narula.
422,100100038202400005,202400005,2024-12-25,183,38,1,2,8,30,1,19.0,2024-12-24 03:22:18,2024-12-24 08:22:18,2024-12-24 15:22:18,14.174282,75.962687,Unnati was found transporting liquor without a valid permit near Kala around 03:22 AM.
423,100190073202300006,202300006,2023-01-19,175,73,1,1,6,22,1,37.0,2023-01-16 21:28:56,2023-01-17 01:28:56,2023-01-17 18:28:56,14.964951,77.201513,"A clash broke out between two groups near Mannan Street around 09:28 PM, resulting in property damage and minor injuries."
424,100100037202600002,202600002,2026-06-24,135,37,1,2,6,23,2,,2026-06-24 02:18:33,2026-06-24 05:18:33,2026-06-24 05:18:33,15.338098,78.449538,"Tension arose near Lala Street following a social media post, leading to a communal disturbance around 02:18 AM."
425,100060023202300002,202300002,2023-05-24,46,23,1,2,7,27,2,12.0,2023-05-23 04:26:20,2023-05-23 05:26:20,2023-05-23 22:26:20,14.799475,78.222568,Police recovered counterfeit currency notes from Radha during a check near Dani Zila.
426,100020009202400002,202400002,2024-04-26,106,9,1,2,4,17,1,4.0,2024-04-25 03:01:18,2024-04-25 08:01:18,2024-04-25 22:01:18,13.907199,79.075063,Shaurya discovered that Finn had used her Aadhaar/PAN details to fraudulently open an account in Bhattacharyya Chowk.
427,100200076202400002,202400002,2024-07-02,210,76,1,1,1,2,2,40.0,2024-06-29 13:02:29,2024-06-29 14:02:29,2024-06-30 04:02:29,15.699394,75.974926,"Siya allegedly attacked Samaksh with a wooden stick at Randhawa Ganj around 01:02 PM, causing serious injuries. The victim was rushed to hospital and is under treatment."
428,100050020202600002,202600002,2026-01-27,271,20,1,2,5,20,1,9.0,2026-01-24 08:58:50,2026-01-24 14:58:50,2026-01-24 17:58:50,13.304709,76.084943,Yauvani was found manufacturing/selling illicit liquor from premises at Nayar.
429,300150059202300001,202300001,2023-06-26,139,59,2,2,7,24,4,,2023-06-24 17:02:42,2023-06-24 18:02:42,2023-06-24 18:02:42,15.179833,74.675574,"Lavanya paid Aryan an advance for services/goods that were never delivered, related to a transaction near Sathe Street."
430,800200076202500001,202500001,2025-03-16,179,76,3,2,7,24,1,39.0,2025-03-14 05:54:11,2025-03-14 11:54:11,2025-03-15 07:54:11,13.084006,74.697596,"Jagvi paid Balvan an advance for services/goods that were never delivered, related to a transaction near Iyer Circle."
431,100020009202500003,202500003,2025-02-08,78,9,1,2,5,20,7,4.0,2025-02-07 14:47:45,2025-02-07 15:47:45,2025-02-08 15:47:45,15.940373,78.827751,Netra was found manufacturing/selling illicit liquor from premises at Arora Marg.
432,100140055202500001,202500001,2025-03-18,16,55,1,1,1,1,1,28.0,2025-03-16 04:23:15,2025-03-16 08:23:15,2025-03-17 02:23:15,14.232265,75.182807,"The complainant states that the accused Shivani attacked Reva with a sharp weapon near Balan Circle following a dispute, resulting in death. Body was found at the scene around 04:23 AM."
433,100160063202600002,202600002,2026-01-28,144,63,1,2,5,19,5,,2026-01-27 17:15:41,2026-01-27 17:15:41,2026-01-27 17:15:41,15.273215,79.493968,"Acting on a tip-off, police intercepted Harinakshi near Saini Ganj and recovered narcotics being transported for sale."
434,100160063202300002,202300002,2023-03-22,241,63,1,1,6,22,1,,2023-03-21 21:58:33,2023-03-22 00:58:33,2023-03-22 20:58:33,14.78041,77.513389,"A clash broke out between two groups near Chopra Chowk around 09:58 PM, resulting in property damage and minor injuries."
435,100100038202600005,202600005,2026-06-03,5,38,1,1,3,11,2,,2026-05-31 22:05:24,2026-06-01 03:05:24,2026-06-01 16:05:24,13.44232,76.780933,Peter has alleged that Azad sexually assaulted her at Suresh around 10:05 PM. Medical examination has been conducted.
436,100180071202500005,202500005,2025-06-24,141,71,1,2,2,6,2,36.0,2025-06-24 04:25:29,2025-06-24 08:25:29,2025-06-24 13:25:29,13.01812,78.778415,Unknown persons broke into the premises at Raman Marg during the night and decamped with a mobile phone. Entry appears to have been made by breaking a window lock.
437,100170067202300004,202300004,2023-06-07,78,67,1,2,2,8,2,,2023-06-07 18:00:01,2023-06-07 18:00:01,2023-06-08 12:00:01,12.986023,76.972361,A gang of five to six persons armed with country-made pistols robbed the Majumdar Chowk of cash and a wallet around 06:00 PM.
438,100110041202500003,202500003,2025-02-28,123,41,1,2,5,20,1,22.0,2025-02-28 04:51:30,2025-02-28 05:51:30,2025-03-01 01:51:30,13.938905,76.732388,Ojasvi was found manufacturing/selling illicit liquor from premises at Gola Ganj.
439,100050020202500001,202500001,2025-07-14,184,20,1,2,6,21,2,,2025-07-14 03:46:02,2025-07-14 06:46:02,2025-07-14 14:46:02,13.174287,76.057865,A group led by Bishakha gathered unlawfully near Kalla Zila around 03:46 AM and caused a public nuisance.
440,100140055202400003,202400003,2024-08-06,90,55,1,2,8,28,1,,2024-08-04 19:05:46,2024-08-04 23:05:46,2024-08-05 03:05:46,15.664278,77.338992,Chaitanya was found driving a mobile phone at Bala Chowk without a valid licence and in a rash manner endangering pedestrians around 07:05 PM.
441,800100037202600001,202600001,2026-03-23,171,37,3,1,5,19,5,19.0,2026-03-22 04:30:14,2026-03-22 10:30:14,2026-03-23 06:30:14,13.780828,78.095892,"Acting on a tip-off, police intercepted Ishwar near Narain Street and recovered narcotics being transported for sale."
442,300130051202500001,202500001,2025-01-30,243,51,2,2,8,30,5,26.0,2025-01-28 09:51:20,2025-01-28 12:51:20,2025-01-29 05:51:20,12.781819,75.298218,Neel was found transporting liquor without a valid permit near Badami Street around 09:51 AM.
443,100040017202300004,202300004,2023-07-26,257,17,1,2,1,4,1,8.0,2023-07-25 13:06:34,2023-07-25 16:06:34,2023-07-25 23:06:34,14.259416,75.393851,Harshil succumbed to injuries sustained during an altercation with Madhavi at Sawhney Road near 01:06 PM.
444,100080030202600004,202600004,2026-01-11,42,30,1,1,1,2,1,15.0,2026-01-10 23:23:54,2026-01-11 00:23:54,2026-01-11 05:23:54,13.466079,79.191792,"Dev allegedly attacked Rehaan with a sharp weapon at Char Ganj around 11:23 PM, causing serious injuries. The victim was rushed to hospital and is under treatment."
445,100150060202400003,202400003,2024-10-01,240,60,1,2,3,13,2,29.0,2024-09-30 14:58:13,2024-09-30 14:58:13,2024-10-01 05:58:13,12.696833,75.633488,Hitesh has reported repeated physical abuse by Ishanvi at the shared household in Ghose Path.
446,100010004202300002,202300002,2023-09-19,151,4,1,2,8,30,1,2.0,2023-09-16 17:40:42,2023-09-16 19:40:42,2023-09-17 06:40:42,15.188113,75.566436,Jyoti was found transporting liquor without a valid permit near Bhavsar Nagar around 05:40 PM.
447,100050019202300002,202300002,2023-11-22,112,19,1,2,7,24,1,,2023-11-20 13:31:34,2023-11-20 15:31:34,2023-11-20 19:31:34,12.662472,79.205085,"Vasatika paid Ekansh an advance for services/goods that were never delivered, related to a transaction near Badami Path."
448,100100037202300004,202300004,2023-11-13,194,37,1,1,1,2,1,,2023-11-13 02:28:19,2023-11-13 04:28:19,2023-11-13 11:28:19,13.776549,78.537714,"Yahvi allegedly attacked Viraj with a wooden stick at Arya around 02:28 AM, causing serious injuries. The victim was rushed to hospital and is under treatment."
449,100080030202300003,202300003,2023-02-23,191,30,1,2,8,29,1,15.0,2023-02-20 06:12:54,2023-02-20 12:12:54,2023-02-20 14:12:54,14.242127,74.992312,Kavya was found in possession of an unlicensed iron rod during a check near Minhas Chowk.
450,100080030202300004,202300004,2023-03-26,227,30,1,1,5,18,2,,2023-03-25 14:02:51,2023-03-25 17:02:51,2023-03-26 03:02:51,12.755136,76.008571,"During a routine vehicle check near Kibe Path, Garima was found in possession of a commercial quantity of contraband substance around 02:02 PM."
451,800050020202400001,202400001,2024-05-11,112,20,3,2,7,27,2,9.0,2024-05-10 06:47:11,2024-05-10 11:47:11,2024-05-11 04:47:11,14.009331,77.019749,Police recovered counterfeit currency notes from Reyansh during a check near Dhaliwal Nagar.
452,100070027202500002,202500002,2025-08-20,165,27,1,1,1,3,1,,2025-08-18 03:48:41,2025-08-18 06:48:41,2025-08-18 14:48:41,12.702206,76.86845,"A physical altercation between Nitesh and Deepa at Konda Ganj led to grievous injuries being caused with a sickle, around 03:48 AM."
453,100060023202300003,202300003,2023-10-23,252,23,1,1,6,23,6,11.0,2023-10-23 09:24:34,2023-10-23 15:24:34,2023-10-24 05:24:34,13.075336,78.397189,"Tension arose near Purohit Marg following a social media post, leading to a communal disturbance around 09:24 AM."
454,800060023202600003,202600003,2026-04-21,32,23,3,2,5,18,3,11.0,2026-04-18 12:02:57,2026-04-18 12:02:57,2026-04-18 15:02:57,12.588456,74.857264,"During a routine vehicle check near Raj Nagar, Vasatika was found in possession of a commercial quantity of contraband substance around 12:02 PM."
455,800020008202500002,202500002,2025-02-12,93,8,3,2,4,15,2,4.0,2025-02-11 01:23:49,2025-02-11 06:23:49,2025-02-12 01:23:49,12.804523,78.974038,Laban reports that Upasna created a fake profile impersonating her and posted defamatory content on social media.
456,100090034202300001,202300001,2023-07-16,212,34,1,1,1,4,4,,2023-07-13 12:08:38,2023-07-13 15:08:38,2023-07-14 00:08:38,12.575951,74.722974,Leena succumbed to injuries sustained during an altercation with Vrishti at Bobal Road near 12:08 PM.
457,100130052202400002,202400002,2024-08-30,202,52,1,2,4,15,5,25.0,2024-08-29 06:03:58,2024-08-29 12:03:58,2024-08-30 12:03:58,14.572334,75.161313,Janaki reports that Ayaan created a fake profile impersonating her and posted defamatory content on social media.
458,100200076202400003,202400003,2024-06-02,66,76,1,2,4,14,2,40.0,2024-05-31 05:32:36,2024-05-31 05:32:36,2024-06-01 03:32:36,15.492398,75.870347,"Xiti was defrauded via a fake investment app promoted online, transferring funds over several weeks before realizing the platform was fraudulent."
459,100050019202300003,202300003,2023-04-27,134,19,1,2,8,29,6,9.0,2023-04-26 01:39:38,2023-04-26 06:39:38,2023-04-26 07:39:38,15.908387,76.371809,Gunbir was found in possession of an unlicensed iron rod during a check near Sahni Zila.
460,100200076202600002,202600002,2026-05-20,270,76,1,2,7,26,1,40.0,2026-05-17 05:43:12,2026-05-17 10:43:12,2026-05-17 19:43:12,15.403398,77.207429,Vidhi discovered that Qabil had forged signatures on property documents related to land in Choudhary Circle.
461,300060023202300001,202300001,2023-10-21,208,23,2,1,6,23,4,,2023-10-20 15:56:31,2023-10-20 19:56:31,2023-10-21 00:56:31,15.59023,75.999379,"Tension arose near Buch Street following a social media post, leading to a communal disturbance around 03:56 PM."
462,100060024202600003,202600003,2026-03-19,146,24,1,2,1,3,2,12.0,2026-03-19 09:09:12,2026-03-19 11:09:12,2026-03-19 21:09:12,12.565671,75.657997,"A physical altercation between Vedhika and Vanya at Andra Zila led to grievous injuries being caused with a sickle, around 09:09 AM."
463,100160065202600002,202600002,2026-02-24,201,65,1,2,7,24,2,31.0,2026-02-22 10:29:32,2026-02-22 10:29:32,2026-02-23 07:29:32,14.98049,78.066141,"Geetika paid Pushti an advance for services/goods that were never delivered, related to a transaction near Prabhakar Path."
464,100070027202400003,202400003,2024-08-30,52,27,1,2,7,24,2,,2024-08-30 00:04:43,2024-08-30 06:04:43,2024-08-30 14:04:43,14.044831,79.490027,"Jyoti paid Siya an advance for services/goods that were never delivered, related to a transaction near Soman."
465,100130052202300002,202300002,2023-03-06,71,52,1,2,6,23,1,,2023-03-04 09:38:40,2023-03-04 15:38:40,2023-03-05 00:38:40,14.48737,75.90437,"Tension arose near Bumb Marg following a social media post, leading to a communal disturbance around 09:38 AM."
466,100020009202600003,202600003,2026-05-24,109,9,1,2,8,30,7,4.0,2026-05-23 14:51:05,2026-05-23 16:51:05,2026-05-23 23:51:05,13.886628,76.375882,Sanaya was found transporting liquor without a valid permit near Subramaniam Zila around 02:51 PM.
467,100100037202600003,202600003,2026-01-07,109,37,1,1,4,17,1,19.0,2026-01-05 16:01:54,2026-01-05 16:01:54,2026-01-05 23:01:54,14.190664,76.700158,Jatin discovered that Laban had used her Aadhaar/PAN details to fraudulently open an account in Swamy Circle.
468,100070027202400004,202400004,2024-09-27,166,27,1,2,8,29,1,,2024-09-24 17:41:27,2024-09-24 22:41:27,2024-09-25 17:41:27,15.453449,77.684003,Gagan was found in possession of an unlicensed knife during a check near Chakraborty Zila.
469,800160063202400001,202400001,2024-10-24,252,63,3,2,2,9,5,,2024-10-22 01:30:47,2024-10-22 07:30:47,2024-10-23 02:30:47,13.038715,78.01214,Ekaja entered the premises at Date Path without permission and refused to leave when asked by Pallavi.
470,100100037202500003,202500003,2025-10-29,175,37,1,2,8,28,7,19.0,2025-10-26 00:20:18,2025-10-26 04:20:18,2025-10-26 17:20:18,14.037162,74.509959,Madhav was found driving a cash bag at Nagarajan Nagar without a valid licence and in a rash manner endangering pedestrians around 12:20 AM.
471,100020008202500001,202500001,2025-12-09,24,8,1,1,2,7,1,,2025-12-08 23:21:00,2025-12-09 05:21:00,2025-12-10 01:21:00,12.690397,77.495385,"Umang accosted Shivansh near Gola Nagar around 11:21 PM, snatched a laptop at knife-point, and fled on a two-wheeler."
472,800010006202300001,202300001,2023-10-07,272,6,3,1,3,13,2,1.0,2023-10-05 06:43:52,2023-10-05 12:43:52,2023-10-05 15:43:52,12.558601,77.624502,Karan has reported repeated physical abuse by Ekiya at the shared household in Bhagat.
473,300010005202400001,202400001,2024-04-25,115,5,2,2,4,17,2,1.0,2024-04-24 23:57:10,2024-04-25 04:57:10,2024-04-25 15:57:10,13.370254,75.413198,Janaki discovered that Harsh had used her Aadhaar/PAN details to fraudulently open an account in Puri Street.
474,300080030202500002,202500002,2025-11-23,128,30,2,1,2,7,5,16.0,2025-11-20 16:05:49,2025-11-20 20:05:49,2025-11-21 00:05:49,13.467558,78.061501,"A group of unidentified men robbed Netra of a gold chain near Dani Nagar, threatening with a iron rod."
475,100070027202600004,202600004,2026-06-17,191,27,1,2,8,30,2,,2026-06-15 20:56:38,2026-06-16 00:56:38,2026-06-16 16:56:38,14.018399,76.005539,Umang was found transporting liquor without a valid permit near Srinivasan Nagar around 08:56 PM.
476,100050021202300001,202300001,2023-11-04,289,21,1,1,4,14,5,,2023-11-03 02:47:28,2023-11-03 07:47:28,2023-11-04 03:47:28,13.551816,74.583413,"Qasim was defrauded via a fake investment app promoted online, transferring funds over several weeks before realizing the platform was fraudulent."
477,100200077202300005,202300005,2023-09-10,126,77,1,2,3,10,1,,2023-09-08 02:26:40,2023-09-08 05:26:40,2023-09-08 22:26:40,12.509724,77.578435,Neel has alleged continuous harassment for additional dowry by Gagan and in-laws at the matrimonial home in Kunda Circle.
478,100160064202400002,202400002,2024-01-29,24,64,1,2,4,17,1,31.0,2024-01-26 19:58:07,2024-01-26 21:58:07,2024-01-26 22:58:07,13.667341,77.610069,Charita discovered that Chakradhar had used her Aadhaar/PAN details to fraudulently open an account in Memon Circle.
479,100090035202600002,202600002,2026-05-26,3,35,1,2,4,16,7,,2026-05-23 18:17:09,2026-05-23 21:17:09,2026-05-24 01:17:09,14.146526,76.106764,Yashvi's email/social media account was accessed without authorization; unusual login activity was traced to an IP address outside Basu Zila.
480,100120045202300002,202300002,2023-10-11,188,45,1,1,5,19,4,,2023-10-10 14:01:28,2023-10-10 16:01:28,2023-10-11 06:01:28,14.832419,79.109128,"Acting on a tip-off, police intercepted Aadhya near Raj Road and recovered narcotics being transported for sale."
481,100130051202300004,202300004,2023-04-03,11,51,1,2,7,26,3,,2023-03-31 22:25:22,2023-04-01 00:25:22,2023-04-01 17:25:22,14.369624,74.562238,Luke discovered that Samar had forged signatures on property documents related to land in Luthra Zila.
482,100100037202400001,202400001,2024-09-21,288,37,1,1,7,24,1,20.0,2024-09-20 15:02:41,2024-09-20 21:02:41,2024-09-21 09:02:41,13.070533,76.496703,"Forum paid Gaurav an advance for services/goods that were never delivered, related to a transaction near Nath Path."
483,800050021202300001,202300001,2023-06-22,296,21,3,2,2,9,2,,2023-06-22 00:27:03,2023-06-22 02:27:03,2023-06-22 14:27:03,15.567397,76.929588,Jatin entered the premises at Vyas Street without permission and refused to leave when asked by Henry.
484,100130050202300002,202300002,2023-06-02,67,50,1,2,7,25,2,25.0,2023-06-01 12:28:51,2023-06-01 12:28:51,2023-06-02 00:28:51,15.604848,74.93865,"Chanakya, entrusted with funds belonging to Hardik for a joint venture, allegedly misappropriated the amount."
485,100190074202500003,202500003,2025-03-31,274,74,1,2,3,13,1,,2025-03-31 05:32:52,2025-03-31 09:32:52,2025-04-01 05:32:52,12.965668,79.33504,Kritika has reported repeated physical abuse by Amara at the shared household in Prabhakar Nagar.
486,100130053202400003,202400003,2024-08-19,195,53,1,1,8,30,2,26.0,2024-08-17 22:32:34,2024-08-17 23:32:34,2024-08-18 02:32:34,15.893276,76.541944,Dalaja was found transporting liquor without a valid permit near Mody Zila around 10:32 PM.
487,300140056202500001,202500001,2025-06-14,155,56,2,2,8,30,1,28.0,2025-06-14 02:56:44,2025-06-14 04:56:44,2025-06-14 20:56:44,13.358532,76.131986,Noah was found transporting liquor without a valid permit near Bhandari around 02:56 AM.
488,100130051202600002,202600002,2026-06-21,203,51,1,2,4,16,4,26.0,2026-06-21 06:12:47,2026-06-21 10:12:47,2026-06-21 17:12:47,12.524205,77.933324,Yutika's email/social media account was accessed without authorization; unusual login activity was traced to an IP address outside Atwal Marg.
489,100050019202600004,202600004,2026-02-26,236,19,1,1,3,12,1,10.0,2026-02-24 18:17:03,2026-02-24 18:17:03,2026-02-24 23:17:03,15.508132,77.763704,Jeevika was allegedly abducted by Kiaan near Pandit Circle around 06:17 PM while returning home.
490,800170067202300002,202300002,2023-11-07,65,67,3,2,2,7,5,,2023-11-05 00:42:05,2023-11-05 02:42:05,2023-11-05 12:42:05,12.701526,79.129904,"A group of unidentified men robbed Jacob of a laptop near Subramanian Road, threatening with a country-made pistol."
491,100160064202400003,202400003,2024-03-20,15,64,1,2,1,4,2,32.0,2024-03-19 18:06:23,2024-03-19 21:06:23,2024-03-20 20:06:23,14.050324,75.536677,Ubika succumbed to injuries sustained during an altercation with Vinaya at Parekh Nagar near 06:06 PM.
492,800120048202500001,202500001,2025-06-09,54,48,3,2,8,29,1,23.0,2025-06-09 11:36:17,2025-06-09 13:36:17,2025-06-10 07:36:17,13.261563,77.435373,Raagini was found in possession of an unlicensed country-made pistol during a check near Hora Chowk.
493,100040015202300003,202300003,2023-09-14,3,15,1,2,5,20,7,7.0,2023-09-13 23:36:45,2023-09-14 01:36:45,2023-09-14 20:36:45,13.138584,76.75215,Chandani was found manufacturing/selling illicit liquor from premises at Sangha Path.
494,100190074202500004,202500004,2025-07-20,2,74,1,2,5,20,4,37.0,2025-07-17 21:04:25,2025-07-18 02:04:25,2025-07-18 16:04:25,15.50328,76.72387,Kiaan was found manufacturing/selling illicit liquor from premises at Sama Marg.
495,100090034202600005,202600005,2026-03-04,89,34,1,1,6,22,2,,2026-03-02 21:50:10,2026-03-03 03:50:10,2026-03-04 03:50:10,14.008337,74.528604,"A clash broke out between two groups near Tandon Chowk around 09:50 PM, resulting in property damage and minor injuries."
496,800170068202600001,202600001,2026-01-04,232,68,3,1,6,22,5,,2026-01-01 14:10:20,2026-01-01 20:10:20,2026-01-02 03:10:20,13.358026,75.469929,"A clash broke out between two groups near Arya Circle around 02:10 PM, resulting in property damage and minor injuries."
497,100110041202300001,202300001,2023-03-23,238,41,1,2,5,20,1,21.0,2023-03-21 12:57:51,2023-03-21 15:57:51,2023-03-22 10:57:51,15.137289,76.388204,Michael was found manufacturing/selling illicit liquor from premises at Grover Circle.
498,100120046202500002,202500002,2025-08-26,236,46,1,2,5,18,1,24.0,2025-08-26 00:29:51,2025-08-26 03:29:51,2025-08-26 09:29:51,14.364066,76.801379,"During a routine vehicle check near Handa Road, Balvan was found in possession of a commercial quantity of contraband substance around 12:29 AM."
499,100010005202600003,202600003,2026-05-20,228,5,1,2,7,27,1,1.0,2026-05-18 15:48:46,2026-05-18 16:48:46,2026-05-19 06:48:46,12.508707,76.514276,Police recovered counterfeit currency notes from Pooja during a check near Bhat Chowk.
500,100090035202500002,202500002,2025-11-11,228,35,1,2,6,23,1,,2025-11-09 01:59:59,2025-11-09 04:59:59,2025-11-09 22:59:59,13.598861,75.512625,"Tension arose near Chaudhuri Road following a social media post, leading to a communal disturbance around 01:59 AM."
501,100140055202400004,202400004,2024-01-07,93,55,1,1,3,11,2,,2024-01-05 00:27:54,2024-01-05 03:27:54,2024-01-05 05:27:54,14.710588,77.8395,Jalsa has alleged that Janaki sexually assaulted her at Wadhwa around 12:27 AM. Medical examination has been conducted.
502,100080030202400004,202400004,2024-05-30,156,30,1,2,4,16,6,16.0,2024-05-27 14:54:03,2024-05-27 18:54:03,2024-05-28 01:54:03,14.089425,74.731101,Benjamin's email/social media account was accessed without authorization; unusual login activity was traced to an IP address outside Sehgal Ganj.
503,100110042202300001,202300001,2023-09-22,114,42,1,1,1,3,1,22.0,2023-09-20 22:36:03,2023-09-21 01:36:03,2023-09-21 22:36:03,14.988179,75.900783,"A physical altercation between Caleb and Mitesh at Handa Street led to grievous injuries being caused with a wooden stick, around 10:36 PM."
504,100150061202300002,202300002,2023-12-06,135,61,1,2,5,20,1,30.0,2023-12-05 13:34:14,2023-12-05 14:34:14,2023-12-06 10:34:14,14.155601,78.551026,Mitali was found manufacturing/selling illicit liquor from premises at Walia Chowk.
505,100080029202400002,202400002,2024-10-02,156,29,1,2,2,7,2,,2024-10-02 19:55:40,2024-10-02 20:55:40,2024-10-03 14:55:40,15.985754,75.633843,"Nathaniel accosted Aarush near Kamdar around 07:55 PM, snatched a two-wheeler at knife-point, and fled on a two-wheeler."
506,100030012202300004,202300004,2023-03-04,51,12,1,1,2,8,2,6.0,2023-03-03 20:51:59,2023-03-03 20:51:59,2023-03-04 12:51:59,15.171229,78.688886,A gang of five to six persons armed with sickles robbed the Kade Ganj of cash and a laptop around 08:51 PM.
507,100130051202400002,202400002,2024-06-10,212,51,1,2,2,9,4,,2024-06-08 09:49:22,2024-06-08 12:49:22,2024-06-09 02:49:22,12.772858,75.197749,Patrick entered the premises at Babu Road without permission and refused to leave when asked by Ati.
508,100130050202300003,202300003,2023-08-28,185,50,1,2,6,21,2,,2023-08-27 15:49:09,2023-08-27 16:49:09,2023-08-27 23:49:09,13.575095,78.842769,A group led by Varenya gathered unlawfully near Tandon Zila around 03:49 PM and caused a public nuisance.
509,100100037202500004,202500004,2025-01-01,139,37,1,2,6,21,4,,2025-01-01 01:06:59,2025-01-01 06:06:59,2025-01-01 16:06:59,15.738759,75.77909,A group led by Nicholas gathered unlawfully near Ramesh Street around 01:06 AM and caused a public nuisance.
510,100120045202600001,202600001,2026-02-17,222,45,1,1,2,7,1,23.0,2026-02-16 19:26:06,2026-02-16 21:26:06,2026-02-17 03:26:06,13.943935,77.656537,"Agastya accosted Imaran near Deo Nagar around 07:26 PM, snatched a laptop at knife-point, and fled on a two-wheeler."
511,100070026202300002,202300002,2023-03-13,172,26,1,2,7,26,7,,2023-03-12 17:24:00,2023-03-12 17:24:00,2023-03-12 22:24:00,12.566034,76.132205,Sachi discovered that Nihal had forged signatures on property documents related to land in Narula Road.
512,100110041202600002,202600002,2026-03-24,17,41,1,2,3,11,1,21.0,2026-03-23 02:55:00,2026-03-23 03:55:00,2026-03-24 02:55:00,13.312375,79.386575,Daksh has alleged that Amara sexually assaulted her at Dasgupta Circle around 02:55 AM. Medical examination has been conducted.
513,300090034202600001,202600001,2026-05-12,227,34,2,2,4,16,1,18.0,2026-05-11 09:39:01,2026-05-11 11:39:01,2026-05-11 15:39:01,12.517418,75.818544,Prisha's email/social media account was accessed without authorization; unusual login activity was traced to an IP address outside Pandit Street.
514,300130052202300001,202300001,2023-04-14,262,52,2,1,3,12,4,,2023-04-12 07:23:02,2023-04-12 13:23:02,2023-04-13 01:23:02,15.706428,76.582446,Baghyawati was allegedly abducted by Ishanvi near Nath Zila around 07:23 AM while returning home.
515,100080029202600002,202600002,2026-04-06,215,29,1,2,6,22,1,,2026-04-06 02:31:37,2026-04-06 04:31:37,2026-04-06 07:31:37,15.107313,77.235261,"A clash broke out between two groups near Lanka Path around 02:31 AM, resulting in property damage and minor injuries."
516,100190073202300007,202300007,2023-06-11,101,73,1,2,2,5,2,,2023-06-10 18:41:43,2023-06-10 20:41:43,2023-06-11 03:41:43,12.809346,75.724216,"Ekalinga's gold chain was stolen from outside Sane while unattended, around 06:41 PM."
517,800130051202400002,202400002,2024-08-20,135,51,3,2,5,18,1,,2024-08-19 15:20:47,2024-08-19 18:20:47,2024-08-19 22:20:47,14.827303,79.467379,"During a routine vehicle check near Tank Marg, Leela was found in possession of a commercial quantity of contraband substance around 03:20 PM."
518,100040015202300004,202300004,2023-02-14,100,15,1,2,4,16,4,7.0,2023-02-11 23:43:20,2023-02-12 05:43:20,2023-02-13 03:43:20,13.452614,75.859484,Janaki's email/social media account was accessed without authorization; unusual login activity was traced to an IP address outside Badal Ganj.
519,100160065202300002,202300002,2023-04-08,13,65,1,1,7,24,7,31.0,2023-04-05 14:54:45,2023-04-05 14:54:45,2023-04-05 17:54:45,13.590427,78.994792,"Imaran paid Darpan an advance for services/goods that were never delivered, related to a transaction near Patel Path."
520,100190073202600004,202600004,2026-01-12,51,73,1,2,2,5,4,37.0,2026-01-11 23:50:40,2026-01-12 01:50:40,2026-01-12 16:50:40,13.58303,78.737979,The complainant reports that unidentified persons stole a gold chain from Borah Zila sometime around 11:50 PM. No eyewitnesses have come forward yet.
521,100100037202400002,202400002,2024-02-02,199,37,1,1,1,4,2,19.0,2024-01-31 06:02:04,2024-01-31 07:02:04,2024-01-31 17:02:04,14.417536,78.570744,Darpan succumbed to injuries sustained during an altercation with Azad at Ghose near 06:02 AM.
522,100010005202500002,202500002,2025-06-18,152,5,1,2,7,25,2,,2025-06-15 15:55:29,2025-06-15 17:55:29,2025-06-16 14:55:29,15.481082,75.421157,"Anita, entrusted with funds belonging to Naksh for a joint venture, allegedly misappropriated the amount."
523,100100038202400006,202400006,2024-01-02,263,38,1,2,7,25,1,,2023-12-31 23:28:34,2024-01-01 03:28:34,2024-01-01 23:28:34,15.328093,78.884744,"Daksh, entrusted with funds belonging to Nandini for a joint venture, allegedly misappropriated the amount."
524,100180070202400004,202400004,2024-04-20,153,70,1,1,8,29,5,36.0,2024-04-20 05:13:08,2024-04-20 09:13:08,2024-04-20 17:13:08,13.455218,74.695069,Nitesh was found in possession of an unlicensed country-made pistol during a check near Prabhu Nagar.
525,100170067202300005,202300005,2023-11-27,169,67,1,2,2,9,1,,2023-11-27 07:26:13,2023-11-27 07:26:13,2023-11-27 16:26:13,12.770205,76.164582,Dayamai entered the premises at Jaggi Ganj without permission and refused to leave when asked by Advay.
526,100010004202300003,202300003,2023-09-17,207,4,1,2,8,29,7,,2023-09-16 12:48:12,2023-09-16 12:48:12,2023-09-16 19:48:12,12.548093,78.571606,Dayamai was found in possession of an unlicensed sharp weapon during a check near Parikh Nagar.
527,100180070202400005,202400005,2024-09-03,83,70,1,2,4,17,4,,2024-09-03 12:47:57,2024-09-03 16:47:57,2024-09-04 00:47:57,15.471078,75.978805,Arjun discovered that Lavanya had used her Aadhaar/PAN details to fraudulently open an account in Barad Chowk.
528,100130050202500002,202500002,2025-05-03,8,50,1,1,1,4,1,26.0,2025-05-01 01:02:40,2025-05-01 03:02:40,2025-05-01 21:02:40,13.075898,76.760892,Harita succumbed to injuries sustained during an altercation with Sara at Nori Street near 01:02 AM.
529,100200077202300006,202300006,2023-06-21,14,77,1,2,5,18,3,,2023-06-21 01:32:05,2023-06-21 01:32:05,2023-06-21 16:32:05,13.925448,77.207871,"During a routine vehicle check near Dhar Nagar, Gunbir was found in possession of a commercial quantity of contraband substance around 01:32 AM."
530,100010004202500002,202500002,2025-06-17,144,4,1,1,3,12,2,,2025-06-16 14:33:53,2025-06-16 17:33:53,2025-06-16 21:33:53,12.723966,78.19981,Urvashi was allegedly abducted by Aahana near Dey Chowk around 02:33 PM while returning home.
531,800040016202500001,202500001,2025-03-18,175,16,3,1,8,29,2,8.0,2025-03-17 12:05:50,2025-03-17 12:05:50,2025-03-18 09:05:50,13.118783,76.854657,Fiyaz was found in possession of an unlicensed iron rod during a check near Toor Marg.
532,100070027202400005,202400005,2024-03-18,194,27,1,2,6,23,1,,2024-03-15 11:25:54,2024-03-15 11:25:54,2024-03-16 04:25:54,14.308859,75.922419,"Tension arose near Rastogi following a social media post, leading to a communal disturbance around 11:25 AM."
533,100180071202400004,202400004,2024-11-07,72,71,1,1,2,7,6,,2024-11-04 15:01:51,2024-11-04 18:01:51,2024-11-05 04:01:51,12.844266,75.873954,"Dhruv accosted Falguni near Oommen Path around 03:01 PM, snatched a laptop at knife-point, and fled on a two-wheeler."
534,100110043202600002,202600002,2026-02-20,189,43,1,2,5,20,2,22.0,2026-02-17 17:30:57,2026-02-17 20:30:57,2026-02-18 12:30:57,12.575881,76.53398,Nachiket was found manufacturing/selling illicit liquor from premises at Dhingra Chowk.
535,800070027202600002,202600002,2026-04-17,71,27,3,2,8,30,2,,2026-04-17 19:40:11,2026-04-17 21:40:11,2026-04-18 08:40:11,15.524066,75.956534,Fiyaz was found transporting liquor without a valid permit near Biswas Street around 07:40 PM.
536,100170068202300002,202300002,2023-01-27,266,68,1,1,1,1,6,,2023-01-26 10:52:27,2023-01-26 16:52:27,2023-01-26 20:52:27,15.713371,75.132501,Hema was found dead with injuries consistent with a iron rod at Issac Street. Neighbours reported a quarrel between Hema and Chameli shortly before 10:52 AM.
537,100010005202500003,202500003,2025-08-24,144,5,1,2,3,10,2,2.0,2025-08-23 01:49:29,2025-08-23 04:49:29,2025-08-23 23:49:29,15.418802,75.068623,Isha has alleged continuous harassment for additional dowry by Lopa and in-laws at the matrimonial home in Issac Nagar.
538,100030011202500003,202500003,2025-04-04,98,11,1,2,7,26,1,6.0,2025-04-04 15:30:46,2025-04-04 17:30:46,2025-04-05 05:30:46,14.790856,75.872202,Balhaar discovered that Tejas had forged signatures on property documents related to land in Salvi Ganj.
539,100150058202400001,202400001,2024-07-06,58,58,1,1,2,7,2,30.0,2024-07-06 07:43:00,2024-07-06 10:43:00,2024-07-06 12:43:00,14.499502,78.633009,"A group of unidentified men robbed Amol of a laptop near Thakkar Road, threatening with a wooden stick."
540,100150059202400003,202400003,2024-05-21,49,59,1,1,3,12,1,29.0,2024-05-20 09:40:45,2024-05-20 10:40:45,2024-05-21 04:40:45,15.218719,76.909889,Tara was allegedly abducted by Priya near Goel Path around 09:40 AM while returning home.
541,800170068202600002,202600002,2026-01-21,65,68,3,2,8,28,7,34.0,2026-01-20 10:18:15,2026-01-20 10:18:15,2026-01-21 03:18:15,15.448295,77.694543,Amol was found driving a cash bag at Sabharwal without a valid licence and in a rash manner endangering pedestrians around 10:18 AM.
542,100090033202500001,202500001,2025-07-09,229,33,1,2,6,23,3,,2025-07-08 17:30:13,2025-07-08 22:30:13,2025-07-08 23:30:13,12.828775,77.595218,"Tension arose near Raj Circle following a social media post, leading to a communal disturbance around 05:30 PM."
543,100200077202500002,202500002,2025-02-23,94,77,1,1,6,21,4,,2025-02-21 18:04:17,2025-02-21 23:04:17,2025-02-22 21:04:17,12.808852,74.879694,A group led by Amrita gathered unlawfully near Mohanty Road around 06:04 PM and caused a public nuisance.
544,100150060202400004,202400004,2024-03-26,56,60,1,2,4,16,2,29.0,2024-03-25 00:40:22,2024-03-25 02:40:22,2024-03-25 18:40:22,13.910219,77.350672,Reyansh's email/social media account was accessed without authorization; unusual login activity was traced to an IP address outside Sanghvi Nagar.
545,100100037202300005,202300005,2023-09-25,194,37,1,2,7,24,1,,2023-09-24 21:51:59,2023-09-24 21:51:59,2023-09-25 14:51:59,13.618703,77.446141,"Jagat paid Manya an advance for services/goods that were never delivered, related to a transaction near Dutt Road."
546,100020008202400001,202400001,2024-01-26,89,8,1,2,2,5,5,3.0,2024-01-23 16:51:08,2024-01-23 19:51:08,2024-01-24 11:51:08,15.93839,75.653205,"Farhan's mobile phone was stolen from outside De Nagar while unattended, around 04:51 PM."
547,100050019202600005,202600005,2026-04-11,235,19,1,2,5,19,6,,2026-04-11 14:58:09,2026-04-11 16:58:09,2026-04-12 16:58:09,15.551352,79.056803,"Acting on a tip-off, police intercepted Charan near Butala Road and recovered narcotics being transported for sale."
548,100010003202600003,202600003,2026-03-24,272,3,1,2,8,29,2,,2026-03-22 09:37:13,2026-03-22 14:37:13,2026-03-22 17:37:13,15.853667,76.545835,Pranit was found in possession of an unlicensed country-made pistol during a check near Brahmbhatt Zila.
549,800130050202500001,202500001,2025-03-07,290,50,3,1,1,4,1,26.0,2025-03-06 16:16:10,2025-03-06 20:16:10,2025-03-07 16:16:10,12.974527,76.206992,Oni succumbed to injuries sustained during an altercation with Keya at Seshadri Path near 04:16 PM.
550,100040016202300001,202300001,2023-01-22,268,16,1,2,1,2,1,7.0,2023-01-20 20:43:35,2023-01-21 02:43:35,2023-01-21 03:43:35,14.464123,78.944968,"Michael allegedly attacked Yauvani with a sharp weapon at Patla Ganj around 08:43 PM, causing serious injuries. The victim was rushed to hospital and is under treatment."
551,100070027202300003,202300003,2023-09-04,101,27,1,1,3,10,1,,2023-09-01 06:11:44,2023-09-01 06:11:44,2023-09-01 18:11:44,12.976355,75.808396,George has alleged continuous harassment for additional dowry by Ijaya and in-laws at the matrimonial home in Menon Circle.
552,800140056202400001,202400001,2024-09-15,281,56,3,2,5,20,4,28.0,2024-09-14 07:57:58,2024-09-14 11:57:58,2024-09-14 17:57:58,14.704934,78.77338,Kashvi was found manufacturing/selling illicit liquor from premises at Sengupta Zila.
553,100180071202400005,202400005,2024-10-11,101,71,1,2,4,16,1,,2024-10-11 13:20:36,2024-10-11 13:20:36,2024-10-12 03:20:36,14.9393,76.734183,Kamya's email/social media account was accessed without authorization; unusual login activity was traced to an IP address outside Murthy Street.
554,400010005202300001,202300001,2023-09-13,72,5,4,2,5,18,1,,2023-09-12 13:23:09,2023-09-12 17:23:09,2023-09-12 20:23:09,14.588188,78.358893,"During a routine vehicle check near Kala Road, Lekha was found in possession of a commercial quantity of contraband substance around 01:23 PM."
555,100110040202600002,202600002,2026-01-08,156,40,1,2,6,21,1,,2026-01-08 12:58:13,2026-01-08 16:58:13,2026-01-08 23:58:13,13.751177,78.278994,A group led by Jagdish gathered unlawfully near Sethi Zila around 12:58 PM and caused a public nuisance.
556,100050019202600006,202600006,2026-03-14,15,19,1,2,3,13,1,10.0,2026-03-12 11:32:16,2026-03-12 16:32:16,2026-03-13 15:32:16,14.340017,77.05582,Andrew has reported repeated physical abuse by Aayush at the shared household in Mane Chowk.
557,100070027202300004,202300004,2023-04-30,206,27,1,2,5,20,1,13.0,2023-04-28 04:08:28,2023-04-28 06:08:28,2023-04-28 08:08:28,12.661693,77.897609,Wakeeta was found manufacturing/selling illicit liquor from premises at Prakash Zila.
558,100070026202400003,202400003,2024-09-08,81,26,1,2,6,21,6,13.0,2024-09-06 15:30:53,2024-09-06 16:30:53,2024-09-07 05:30:53,14.548395,76.918221,A group led by Onkar gathered unlawfully near Halder Zila around 03:30 PM and caused a public nuisance.
559,100080029202400003,202400003,2024-06-03,59,29,1,2,8,28,3,16.0,2024-05-31 04:57:45,2024-05-31 04:57:45,2024-05-31 14:57:45,13.756447,77.3244,Forum was found driving a laptop at Raghavan without a valid licence and in a rash manner endangering pedestrians around 04:57 AM.
560,100120045202500001,202500001,2025-07-15,140,45,1,1,7,24,1,,2025-07-13 05:17:23,2025-07-13 08:17:23,2025-07-14 08:17:23,15.233049,78.443395,"Sanya paid Jason an advance for services/goods that were never delivered, related to a transaction near Wable Circle."
561,100080029202400004,202400004,2024-09-23,114,29,1,2,7,24,4,,2024-09-22 16:58:47,2024-09-22 22:58:47,2024-09-23 19:58:47,12.531632,77.187355,"Xavier paid Samesh an advance for services/goods that were never delivered, related to a transaction near Borde Zila."
562,100010006202400002,202400002,2024-04-14,42,6,1,2,6,21,1,2.0,2024-04-11 12:12:29,2024-04-11 14:12:29,2024-04-11 14:12:29,15.587534,77.420704,A group led by Harini gathered unlawfully near Wable Ganj around 12:12 PM and caused a public nuisance.
563,100050020202500002,202500002,2025-06-05,13,20,1,2,7,27,7,9.0,2025-06-05 02:39:08,2025-06-05 03:39:08,2025-06-06 02:39:08,14.230466,76.793832,Police recovered counterfeit currency notes from Sneha during a check near Varghese.
564,100100037202300006,202300006,2023-05-26,216,37,1,2,4,14,3,,2023-05-25 12:27:44,2023-05-25 14:27:44,2023-05-26 06:27:44,15.730786,75.809659,Manan received a call from an unidentified person claiming to be a bank official and lost money via UPI transfer after sharing an OTP. Transaction traced to an account linked to Choudhary Zila.
565,100080029202400005,202400005,2024-10-17,115,29,1,2,2,6,2,16.0,2024-10-16 06:51:59,2024-10-16 12:51:59,2024-10-17 10:51:59,12.652884,75.821112,Unknown persons broke into the premises at Chad Circle during the night and decamped with a wallet. Entry appears to have been made by breaking a window lock.
566,300150060202600001,202600001,2026-06-23,55,60,2,2,8,30,3,29.0,2026-06-22 04:09:34,2026-06-22 08:09:34,2026-06-23 03:09:34,12.886326,77.231426,Yashoda was found transporting liquor without a valid permit near Bera Path around 04:09 AM.
567,100040015202500002,202500002,2025-11-20,112,15,1,2,7,24,2,8.0,2025-11-18 13:17:13,2025-11-18 16:17:13,2025-11-18 21:17:13,14.461938,74.855153,"Pahal paid Rishi an advance for services/goods that were never delivered, related to a transaction near Gulati Road."
568,300140055202400001,202400001,2024-01-30,24,55,2,1,6,22,2,,2024-01-28 08:35:23,2024-01-28 12:35:23,2024-01-29 04:35:23,14.60718,74.781412,"A clash broke out between two groups near Choudhry Ganj around 08:35 AM, resulting in property damage and minor injuries."
569,100150060202400005,202400005,2024-05-05,55,60,1,2,5,19,5,,2024-05-02 08:30:50,2024-05-02 08:30:50,2024-05-03 04:30:50,15.970102,78.033342,"Acting on a tip-off, police intercepted Harrison near Loyal Ganj and recovered narcotics being transported for sale."
570,100020008202600003,202600003,2026-04-27,186,8,1,2,6,23,1,4.0,2026-04-24 23:01:24,2026-04-25 03:01:24,2026-04-26 00:01:24,14.527532,76.82407,"Tension arose near Goyal Zila following a social media post, leading to a communal disturbance around 11:01 PM."
571,400070026202600001,202600001,2026-02-07,151,26,4,2,8,30,1,13.0,2026-02-05 01:17:42,2026-02-05 04:17:42,2026-02-05 04:17:42,14.972215,75.401298,Rachit was found transporting liquor without a valid permit near Shah Path around 01:17 AM.
572,100180070202500002,202500002,2025-04-23,81,70,1,2,5,18,3,,2025-04-22 06:45:36,2025-04-22 07:45:36,2025-04-22 16:45:36,13.356278,78.68392,"During a routine vehicle check near Garde Zila, Aishani was found in possession of a commercial quantity of contraband substance around 06:45 AM."
573,100110040202300003,202300003,2023-07-17,137,40,1,2,2,5,3,22.0,2023-07-16 14:13:26,2023-07-16 17:13:26,2023-07-16 19:13:26,14.522675,79.450383,The complainant reports that unidentified persons stole a wallet from Chandra Street sometime around 02:13 PM. No eyewitnesses have come forward yet.
574,100200076202500001,202500001,2025-02-19,263,76,1,1,3,12,1,39.0,2025-02-17 19:00:57,2025-02-18 00:00:57,2025-02-18 20:00:57,13.445556,75.456577,Janya was allegedly abducted by Tara near Pandit Nagar around 07:00 PM while returning home.
575,100060024202400002,202400002,2024-05-29,296,24,1,2,6,21,2,11.0,2024-05-28 07:31:14,2024-05-28 11:31:14,2024-05-28 21:31:14,13.070812,78.295591,A group led by Lucky gathered unlawfully near Tank Path around 07:31 AM and caused a public nuisance.
576,100100038202600006,202600006,2026-03-25,235,38,1,2,5,19,1,,2026-03-23 01:32:41,2026-03-23 05:32:41,2026-03-23 22:32:41,15.492979,74.611245,"Acting on a tip-off, police intercepted Mahika near Sahni and recovered narcotics being transported for sale."
577,100060023202400005,202400005,2024-05-22,143,23,1,2,6,21,6,,2024-05-20 14:25:29,2024-05-20 18:25:29,2024-05-21 10:25:29,15.682659,77.728565,A group led by Mason gathered unlawfully near Mann Circle around 02:25 PM and caused a public nuisance.
578,100130052202300003,202300003,2023-09-02,209,52,1,2,4,16,2,,2023-08-31 04:25:45,2023-08-31 10:25:45,2023-09-01 10:25:45,15.538603,77.855866,Chatresh's email/social media account was accessed without authorization; unusual login activity was traced to an IP address outside Ahluwalia Road.
579,100200077202600002,202600002,2026-05-26,46,77,1,2,2,6,1,40.0,2026-05-24 19:14:37,2026-05-24 20:14:37,2026-05-24 23:14:37,15.447743,79.010882,Unknown persons broke into the premises at Kothari Path during the night and decamped with a gold chain. Entry appears to have been made by breaking a window lock.
580,300200077202500001,202500001,2025-11-01,258,77,2,2,5,20,1,40.0,2025-10-29 16:16:37,2025-10-29 22:16:37,2025-10-30 09:16:37,12.984181,76.270708,Liam was found manufacturing/selling illicit liquor from premises at Krishna Ganj.
581,100050019202500002,202500002,2025-05-14,103,19,1,2,7,26,1,,2025-05-13 01:46:08,2025-05-13 05:46:08,2025-05-13 15:46:08,12.955468,76.558089,Yahvi discovered that Ishita had forged signatures on property documents related to land in Pandya Chowk.
582,100030012202600001,202600001,2026-03-29,299,12,1,2,7,27,3,6.0,2026-03-26 20:59:15,2026-03-26 20:59:15,2026-03-27 12:59:15,14.849251,78.792497,Police recovered counterfeit currency notes from Maya during a check near Rau Street.
583,100090035202600003,202600003,2026-02-03,273,35,1,1,1,3,1,,2026-02-03 03:19:29,2026-02-03 03:19:29,2026-02-03 11:19:29,12.61281,76.922767,"A physical altercation between Gunbir and Gauri at Subramaniam Road led to grievous injuries being caused with a iron rod, around 03:19 AM."
584,100060023202600003,202600003,2026-05-06,209,23,1,2,2,9,6,,2026-05-05 02:34:08,2026-05-05 08:34:08,2026-05-05 19:34:08,15.739849,78.822638,Mohammed entered the premises at Mukhopadhyay Road without permission and refused to leave when asked by Udant.
585,400030011202600001,202600001,2026-03-06,92,11,4,1,2,8,2,,2026-03-04 05:16:21,2026-03-04 11:16:21,2026-03-05 03:16:21,13.219369,78.769073,A gang of five to six persons armed with country-made pistols robbed the Sule Marg of cash and a two-wheeler around 05:16 AM.
586,100030011202500004,202500004,2025-12-09,158,11,1,1,1,1,1,5.0,2025-12-07 21:55:47,2025-12-07 23:55:47,2025-12-08 05:55:47,14.074231,77.16412,"The complainant states that the accused Bimala attacked Bimala with a country-made pistol near Tailor Zila following a dispute, resulting in death. Body was found at the scene around 09:55 PM."
587,100200077202300007,202300007,2023-06-11,195,77,1,2,2,5,2,40.0,2023-06-10 07:29:54,2023-06-10 12:29:54,2023-06-10 14:29:54,12.826492,74.794367,The complainant reports that unidentified persons stole a gold chain from Saxena sometime around 07:29 AM. No eyewitnesses have come forward yet.
588,100010005202400001,202400001,2024-09-14,16,5,1,1,3,13,1,1.0,2024-09-12 05:44:28,2024-09-12 08:44:28,2024-09-12 12:44:28,14.75886,76.816513,Madhavi has reported repeated physical abuse by Yochana at the shared household in Ghosh Zila.
589,100180070202400006,202400006,2024-04-11,205,70,1,2,5,19,1,,2024-04-11 18:23:27,2024-04-11 21:23:27,2024-04-12 08:23:27,14.624455,76.205327,"Acting on a tip-off, police intercepted Yashica near Lad Circle and recovered narcotics being transported for sale."
590,100200076202600003,202600003,2026-05-08,51,76,1,1,3,11,5,39.0,2026-05-08 17:10:17,2026-05-08 20:10:17,2026-05-09 16:10:17,15.538477,77.280063,Vamakshi has alleged that Ekiya sexually assaulted her at Khalsa Ganj around 05:10 PM. Medical examination has been conducted.
591,100080030202400005,202400005,2024-08-16,114,30,1,1,7,27,1,16.0,2024-08-14 16:26:27,2024-08-14 16:26:27,2024-08-15 15:26:27,15.055538,76.967122,Police recovered counterfeit currency notes from Shivani during a check near Deol Marg.
592,100050019202300004,202300004,2023-06-19,249,19,1,2,7,26,4,,2023-06-16 22:10:26,2023-06-17 02:10:26,2023-06-17 12:10:26,14.736985,77.011909,Radha discovered that Rehaan had forged signatures on property documents related to land in Bajwa Zila.
593,100200077202600003,202600003,2026-02-23,81,77,1,2,5,20,2,,2026-02-23 05:16:34,2026-02-23 10:16:34,2026-02-23 12:16:34,13.631307,75.101502,Watika was found manufacturing/selling illicit liquor from premises at Johal Ganj.
594,100090033202500002,202500002,2025-10-22,246,33,1,2,4,16,4,,2025-10-20 00:25:03,2025-10-20 06:25:03,2025-10-21 05:25:03,14.43654,77.338628,Wishi's email/social media account was accessed without authorization; unusual login activity was traced to an IP address outside Zachariah Nagar.
595,100050019202400004,202400004,2024-06-02,210,19,1,2,2,5,2,10.0,2024-05-31 20:29:04,2024-06-01 00:29:04,2024-06-01 18:29:04,14.692881,77.914002,"Devika's wallet was stolen from outside Bhandari while unattended, around 08:29 PM."
596,100110040202300004,202300004,2023-08-24,154,40,1,1,8,29,2,22.0,2023-08-22 03:02:49,2023-08-22 03:02:49,2023-08-22 17:02:49,13.573866,78.403763,Forum was found in possession of an unlicensed sickle during a check near Keer Nagar.
597,100060023202500003,202500003,2025-10-26,238,23,1,2,4,16,5,12.0,2025-10-25 21:18:44,2025-10-26 00:18:44,2025-10-26 12:18:44,15.979383,77.819951,Balendra's email/social media account was accessed without authorization; unusual login activity was traced to an IP address outside Kar Circle.
598,100120048202500002,202500002,2025-11-20,61,48,1,1,2,8,2,24.0,2025-11-17 20:51:30,2025-11-17 22:51:30,2025-11-18 14:51:30,13.936906,75.691681,A gang of five to six persons armed with knifes robbed the Hari Path of cash and a laptop around 08:51 PM.
599,100160064202600005,202600005,2026-01-08,16,64,1,2,4,17,1,32.0,2026-01-07 13:48:12,2026-01-07 16:48:12,2026-01-07 16:48:12,12.637598,75.024301,Chakradev discovered that Alexander had used her Aadhaar/PAN details to fraudulently open an account in Bhandari Ganj.
600,100080030202400006,202400006,2024-05-17,183,30,1,2,8,28,2,,2024-05-16 00:38:40,2024-05-16 06:38:40,2024-05-16 19:38:40,14.580212,74.727377,Brinda was found driving a laptop at Rao Street without a valid licence and in a rash manner endangering pedestrians around 12:38 AM.
601,400150058202500001,202500001,2025-07-22,117,58,4,1,1,1,6,,2025-07-21 22:14:35,2025-07-21 23:14:35,2025-07-22 21:14:35,15.209628,76.684765,Brinda was found dead with injuries consistent with a iron rod at Loke Circle. Neighbours reported a quarrel between Brinda and Yash shortly before 10:14 PM.
602,300050020202500001,202500001,2025-06-03,93,20,2,1,5,19,6,,2025-06-01 11:16:36,2025-06-01 14:16:36,2025-06-01 22:16:36,15.366402,75.90082,"Acting on a tip-off, police intercepted Wahab near Setty Chowk and recovered narcotics being transported for sale."
603,100040015202600002,202600002,2026-04-10,85,15,1,1,5,19,7,7.0,2026-04-09 00:42:41,2026-04-09 06:42:41,2026-04-09 09:42:41,12.760753,77.809379,"Acting on a tip-off, police intercepted Charita near Bhasin Zila and recovered narcotics being transported for sale."
604,100180070202600003,202600003,2026-01-29,95,70,1,2,7,27,4,36.0,2026-01-27 01:51:54,2026-01-27 01:51:54,2026-01-27 16:51:54,14.246457,74.708983,Police recovered counterfeit currency notes from Ladli during a check near Sankar Street.
605,400090032202600001,202600001,2026-05-06,231,32,4,1,3,12,5,,2026-05-06 05:43:25,2026-05-06 06:43:25,2026-05-06 15:43:25,12.93184,74.845757,Harita was allegedly abducted by Radha near Bhandari Marg around 05:43 AM while returning home.
606,100060023202300004,202300004,2023-08-02,119,23,1,2,5,20,1,,2023-07-31 01:07:38,2023-07-31 04:07:38,2023-07-31 15:07:38,15.977791,77.226182,Nicholas was found manufacturing/selling illicit liquor from premises at Sibal Marg.
607,100190074202600005,202600005,2026-04-20,14,74,1,2,8,28,2,38.0,2026-04-20 21:58:09,2026-04-20 22:58:09,2026-04-21 08:58:09,13.708899,77.001585,Jeet was found driving a cash bag at Nagi Road without a valid licence and in a rash manner endangering pedestrians around 09:58 PM.
608,100160063202400001,202400001,2024-03-09,136,63,1,2,8,29,6,,2024-03-08 09:11:54,2024-03-08 13:11:54,2024-03-09 02:11:54,13.691001,78.397408,Dipta was found in possession of an unlicensed wooden stick during a check near Sastry Zila.
609,100020009202500004,202500004,2025-11-14,201,9,1,2,7,24,1,4.0,2025-11-12 22:50:58,2025-11-13 04:50:58,2025-11-13 19:50:58,14.073512,75.94965,"Utkarsh paid Owen an advance for services/goods that were never delivered, related to a transaction near Bawa Street."
610,100140056202400005,202400005,2024-12-24,226,56,1,2,3,13,4,28.0,2024-12-21 23:14:14,2024-12-21 23:14:14,2024-12-22 05:14:14,14.036615,76.372926,Darsh has reported repeated physical abuse by Aashi at the shared household in Babu Road.
611,100070026202400004,202400004,2024-03-24,15,26,1,2,7,24,4,,2024-03-23 13:14:16,2024-03-23 15:14:16,2024-03-23 23:14:16,15.831765,76.389229,"Faras paid Warjas an advance for services/goods that were never delivered, related to a transaction near Nanda Ganj."
612,100130052202500003,202500003,2025-04-22,267,52,1,2,6,21,1,,2025-04-19 17:32:08,2025-04-19 20:32:08,2025-04-20 20:32:08,13.395738,76.31055,A group led by Nikita gathered unlawfully near Singhal Path around 05:32 PM and caused a public nuisance.
613,100170068202300003,202300003,2023-04-08,243,68,1,2,6,22,1,,2023-04-07 21:03:58,2023-04-08 03:03:58,2023-04-08 12:03:58,14.521031,76.048548,"A clash broke out between two groups near Thakur Ganj around 09:03 PM, resulting in property damage and minor injuries."
614,100050021202300002,202300002,2023-02-01,71,21,1,2,6,22,1,10.0,2023-01-30 08:48:11,2023-01-30 10:48:11,2023-01-30 19:48:11,14.936616,74.777768,"A clash broke out between two groups near Narasimhan Ganj around 08:48 AM, resulting in property damage and minor injuries."
615,100020009202500005,202500005,2025-04-24,73,9,1,2,4,14,2,4.0,2025-04-21 15:56:34,2025-04-21 21:56:34,2025-04-22 03:56:34,14.910781,75.580837,Janaki received a call from an unidentified person claiming to be a bank official and lost money via UPI transfer after sharing an OTP. Transaction traced to an account linked to Tiwari Path.
616,100120045202600002,202600002,2026-04-07,62,45,1,1,1,2,2,23.0,2026-04-04 20:09:55,2026-04-05 01:09:55,2026-04-05 05:09:55,13.041581,78.119113,"Nikita allegedly attacked Yash with a iron rod at Devi around 08:09 PM, causing serious injuries. The victim was rushed to hospital and is under treatment."
617,100150059202400004,202400004,2024-05-29,92,59,1,2,2,9,7,29.0,2024-05-29 00:55:23,2024-05-29 02:55:23,2024-05-29 21:55:23,14.512867,79.383658,Upma entered the premises at Date Zila without permission and refused to leave when asked by Adya.
618,100090032202400002,202400002,2024-04-23,34,32,1,1,1,1,4,17.0,2024-04-21 07:03:54,2024-04-21 11:03:54,2024-04-22 00:03:54,13.740178,75.640273,Gayathri was found dead with injuries consistent with a wooden stick at Borah Nagar. Neighbours reported a quarrel between Gayathri and Hritik shortly before 07:03 AM.
619,100060024202300002,202300002,2023-04-11,268,24,1,2,7,24,5,,2023-04-08 20:33:23,2023-04-09 02:33:23,2023-04-09 12:33:23,15.714422,78.485926,"Kala paid Sudiksha an advance for services/goods that were never delivered, related to a transaction near Nagi Marg."
620,100150059202300001,202300001,2023-01-17,222,59,1,1,1,1,4,,2023-01-16 13:02:57,2023-01-16 14:02:57,2023-01-17 09:02:57,14.086489,74.837768,Chanakya was found dead with injuries consistent with a iron rod at Trivedi Circle. Neighbours reported a quarrel between Chanakya and Zarna shortly before 01:02 PM.
621,800120047202400001,202400001,2024-08-29,94,47,3,2,7,24,1,,2024-08-28 12:12:24,2024-08-28 14:12:24,2024-08-28 21:12:24,14.911114,75.372587,"Qushi paid Zilmil an advance for services/goods that were never delivered, related to a transaction near Murthy Road."
622,100090032202500002,202500002,2025-03-16,205,32,1,1,4,15,1,17.0,2025-03-13 17:06:23,2025-03-13 18:06:23,2025-03-13 19:06:23,13.369883,75.160345,Arya reports that Lohit created a fake profile impersonating her and posted defamatory content on social media.
623,100110043202300001,202300001,2023-08-19,249,43,1,2,2,6,1,21.0,2023-08-18 17:58:35,2023-08-18 19:58:35,2023-08-19 06:58:35,12.763787,74.955666,Unknown persons broke into the premises at Manda Ganj during the night and decamped with a wallet. Entry appears to have been made by breaking a window lock.
624,300140055202300002,202300002,2023-09-18,235,55,2,2,7,25,1,27.0,2023-09-15 21:26:41,2023-09-16 02:26:41,2023-09-16 13:26:41,12.756051,74.707678,"Laksh, entrusted with funds belonging to Gabriel for a joint venture, allegedly misappropriated the amount."
625,100170067202300006,202300006,2023-02-12,77,67,1,2,7,24,5,,2023-02-12 05:47:23,2023-02-12 05:47:23,2023-02-12 14:47:23,14.297055,77.004183,"Yashica paid Gautami an advance for services/goods that were never delivered, related to a transaction near Setty Road."
626,100190074202600006,202600006,2026-05-28,246,74,1,2,3,13,2,37.0,2026-05-25 09:00:35,2026-05-25 13:00:35,2026-05-26 13:00:35,15.000875,75.282965,Krisha has reported repeated physical abuse by Thomas at the shared household in Lanka Ganj.
627,100200076202300001,202300001,2023-04-12,231,76,1,1,1,4,2,40.0,2023-04-10 00:21:16,2023-04-10 03:21:16,2023-04-10 11:21:16,15.539391,76.188131,Pranav succumbed to injuries sustained during an altercation with Balvan at Lall Marg near 12:21 AM.
628,100160064202300004,202300004,2023-09-20,213,64,1,2,8,30,2,31.0,2023-09-19 21:09:41,2023-09-19 21:09:41,2023-09-20 09:09:41,13.4911,76.902433,Chakrika was found transporting liquor without a valid permit near Kanda Zila around 09:09 PM.
629,100080030202500002,202500002,2025-08-29,161,30,1,2,5,18,2,16.0,2025-08-28 00:28:38,2025-08-28 00:28:38,2025-08-28 15:28:38,13.946593,76.43743,"During a routine vehicle check near Rege Ganj, Yashica was found in possession of a commercial quantity of contraband substance around 12:28 AM."
630,300170067202300001,202300001,2023-12-25,23,67,2,2,3,10,1,34.0,2023-12-22 17:14:31,2023-12-22 23:14:31,2023-12-23 19:14:31,15.303633,78.749004,Vedika has alleged continuous harassment for additional dowry by Theodore and in-laws at the matrimonial home in Bath Path.
631,100150059202500003,202500003,2025-05-23,63,59,1,2,2,9,1,30.0,2025-05-23 07:36:23,2025-05-23 08:36:23,2025-05-23 10:36:23,15.257952,77.521414,Gautam entered the premises at Pandit Path without permission and refused to leave when asked by Ladli.
632,100080030202300005,202300005,2023-03-18,44,30,1,2,2,9,3,16.0,2023-03-18 13:31:56,2023-03-18 17:31:56,2023-03-18 20:31:56,13.310096,76.074314,Kashvi entered the premises at Sachdev Path without permission and refused to leave when asked by Neel.
633,100150060202600003,202600003,2026-04-27,136,60,1,2,8,30,1,30.0,2026-04-26 00:32:28,2026-04-26 06:32:28,2026-04-26 07:32:28,14.695857,77.567184,Charvi was found transporting liquor without a valid permit near Karpe Nagar around 12:32 AM.
634,100180070202600004,202600004,2026-02-16,171,70,1,2,2,5,7,,2026-02-16 10:10:22,2026-02-16 15:10:22,2026-02-16 16:10:22,15.253819,75.328718,The complainant reports that unidentified persons stole a laptop from Doshi Nagar sometime around 10:10 AM. No eyewitnesses have come forward yet.
635,300080030202300001,202300001,2023-01-21,114,30,2,1,1,1,2,,2023-01-19 09:11:22,2023-01-19 15:11:22,2023-01-20 05:11:22,13.596195,79.037266,"The complainant states that the accused Urishilla attacked Aishani with a knife near Manne Marg following a dispute, resulting in death. Body was found at the scene around 09:11 AM."
636,100190074202400002,202400002,2024-03-31,192,74,1,2,5,20,2,38.0,2024-03-30 00:46:18,2024-03-30 05:46:18,2024-03-31 02:46:18,13.300841,79.428192,Anay was found manufacturing/selling illicit liquor from premises at Ramesh Chowk.
637,300170068202400001,202400001,2024-11-20,124,68,2,2,7,27,3,33.0,2024-11-19 17:17:48,2024-11-19 23:17:48,2024-11-20 14:17:48,13.202654,75.12184,Police recovered counterfeit currency notes from Maanas during a check near Chandran Zila.
638,100120047202600003,202600003,2026-02-10,185,47,1,2,8,28,1,24.0,2026-02-07 16:16:02,2026-02-07 21:16:02,2026-02-08 16:16:02,15.464343,75.653883,Nisha was found driving a two-wheeler at Nazareth Road without a valid licence and in a rash manner endangering pedestrians around 04:16 PM.
639,400060024202300001,202300001,2023-01-19,37,24,4,1,1,1,5,12.0,2023-01-19 04:33:27,2023-01-19 10:33:27,2023-01-19 13:33:27,14.108856,77.309241,Shaurya was found dead with injuries consistent with a country-made pistol at Tata Circle. Neighbours reported a quarrel between Shaurya and Vrinda shortly before 04:33 AM.
640,100120047202300002,202300002,2023-08-24,270,47,1,1,3,11,1,23.0,2023-08-23 14:28:32,2023-08-23 15:28:32,2023-08-23 17:28:32,13.891723,75.937135,Jairaj has alleged that Ojas sexually assaulted her at Sarma Ganj around 02:28 PM. Medical examination has been conducted.
641,300030012202600001,202600001,2026-02-23,293,12,2,1,3,11,4,,2026-02-23 03:32:12,2026-02-23 09:32:12,2026-02-23 16:32:12,14.805062,79.387554,Mohini has alleged that Aditya sexually assaulted her at Dalal Road around 03:32 AM. Medical examination has been conducted.
642,100100037202600004,202600004,2026-02-20,163,37,1,2,1,3,2,20.0,2026-02-19 21:03:19,2026-02-20 01:03:19,2026-02-20 23:03:19,14.578413,77.79963,"A physical altercation between Ganga and Shivansh at Gala Street led to grievous injuries being caused with a sharp weapon, around 09:03 PM."
643,100010004202500003,202500003,2025-07-17,240,4,1,1,1,2,3,2.0,2025-07-15 23:36:48,2025-07-15 23:36:48,2025-07-16 16:36:48,15.025194,79.350857,"Raghav allegedly attacked Devika with a wooden stick at Chandra Ganj around 11:36 PM, causing serious injuries. The victim was rushed to hospital and is under treatment."
644,100100037202300007,202300007,2023-11-06,296,37,1,2,6,22,7,19.0,2023-11-06 06:45:24,2023-11-06 10:45:24,2023-11-06 11:45:24,14.698975,79.471131,"A clash broke out between two groups near Mohan Marg around 06:45 AM, resulting in property damage and minor injuries."
645,100060024202600004,202600004,2026-05-28,168,24,1,2,6,21,1,,2026-05-27 21:19:42,2026-05-28 02:19:42,2026-05-28 14:19:42,12.81981,78.046873,A group led by Aarnav gathered unlawfully near Kalita Ganj around 09:19 PM and caused a public nuisance.
646,100050021202600001,202600001,2026-03-06,213,21,1,2,7,25,5,9.0,2026-03-05 04:04:40,2026-03-05 08:04:40,2026-03-05 11:04:40,13.273897,76.610134,"Urmi, entrusted with funds belonging to Pavani for a joint venture, allegedly misappropriated the amount."
647,100130052202300004,202300004,2023-01-12,251,52,1,2,6,23,1,25.0,2023-01-10 00:28:12,2023-01-10 02:28:12,2023-01-10 11:28:12,12.999454,79.226854,"Tension arose near Nadig Circle following a social media post, leading to a communal disturbance around 12:28 AM."
648,800080030202300001,202300001,2023-09-29,187,30,3,1,3,12,4,,2023-09-28 00:13:20,2023-09-28 03:13:20,2023-09-28 15:13:20,12.872774,75.079057,Pranav was allegedly abducted by Aryan near Shukla Path around 12:13 AM while returning home.
649,400180070202300001,202300001,2023-04-09,159,70,4,1,1,4,1,35.0,2023-04-08 01:13:42,2023-04-08 07:13:42,2023-04-09 00:13:42,12.959362,77.545761,Rayaan succumbed to injuries sustained during an altercation with Lavanya at Gola Path near 01:13 AM.
650,100130050202500003,202500003,2025-07-26,93,50,1,1,2,7,3,,2025-07-23 14:36:53,2025-07-23 14:36:53,2025-07-24 14:36:53,13.217871,76.394578,"A group of unidentified men robbed Agastya of a mobile phone near Maharaj Nagar, threatening with a knife."
651,100170068202500004,202500004,2025-12-09,121,68,1,2,7,24,2,,2025-12-08 23:38:03,2025-12-09 03:38:03,2025-12-09 14:38:03,14.135941,77.983383,"Ayush paid Michael an advance for services/goods that were never delivered, related to a transaction near Deep Street."
652,100130052202400003,202400003,2024-04-25,133,52,1,1,2,8,1,,2024-04-23 05:56:05,2024-04-23 11:56:05,2024-04-23 22:56:05,14.529087,79.098016,A gang of five to six persons armed with country-made pistols robbed the Peri of cash and a cash bag around 05:56 AM.
653,100160065202600003,202600003,2026-05-07,162,65,1,2,8,29,7,31.0,2026-05-07 03:15:40,2026-05-07 09:15:40,2026-05-08 06:15:40,14.746715,74.51307,Sachi was found in possession of an unlicensed country-made pistol during a check near Majumdar Nagar.
654,100060024202500002,202500002,2025-11-11,97,24,1,2,8,28,1,,2025-11-10 12:08:26,2025-11-10 14:08:26,2025-11-11 09:08:26,12.947856,75.839192,Gaurang was found driving a mobile phone at Chana Zila without a valid licence and in a rash manner endangering pedestrians around 12:08 PM.
655,800190073202300001,202300001,2023-09-04,53,73,3,2,1,4,1,38.0,2023-09-03 19:23:43,2023-09-03 22:23:43,2023-09-04 19:23:43,13.09101,75.247136,Dayita succumbed to injuries sustained during an altercation with Chatresh at Mangat Marg near 07:23 PM.
656,100070026202600003,202600003,2026-03-21,267,26,1,1,1,3,3,13.0,2026-03-20 14:28:14,2026-03-20 18:28:14,2026-03-21 17:28:14,15.096406,75.720982,"A physical altercation between Isha and Vrishti at Patla led to grievous injuries being caused with a sickle, around 02:28 PM."
657,100020008202400002,202400002,2024-04-08,59,8,1,1,8,29,2,,2024-04-06 13:44:45,2024-04-06 17:44:45,2024-04-06 18:44:45,15.048405,77.256165,Amruta was found in possession of an unlicensed iron rod during a check near Varghese Zila.
658,100080030202500003,202500003,2025-03-12,86,30,1,2,6,22,3,16.0,2025-03-10 04:47:18,2025-03-10 10:47:18,2025-03-10 11:47:18,15.767363,74.810698,"A clash broke out between two groups near Soman Street around 04:47 AM, resulting in property damage and minor injuries."
659,100050021202500005,202500005,2025-03-10,281,21,1,2,8,30,2,10.0,2025-03-08 18:40:43,2025-03-08 21:40:43,2025-03-09 03:40:43,13.413049,76.707594,Nathan was found transporting liquor without a valid permit near Soman Marg around 06:40 PM.
660,100160063202600003,202600003,2026-01-07,194,63,1,2,7,24,4,32.0,2026-01-05 17:04:28,2026-01-05 20:04:28,2026-01-06 19:04:28,14.151825,78.849726,"Radhika paid Mohini an advance for services/goods that were never delivered, related to a transaction near Kohli Chowk."
661,400030011202500001,202500001,2025-08-04,205,11,4,1,1,1,2,,2025-08-04 21:49:42,2025-08-05 01:49:42,2025-08-05 15:49:42,15.644442,76.335095,"The complainant states that the accused Vivaan attacked Banjeet with a sharp weapon near Chokshi Circle following a dispute, resulting in death. Body was found at the scene around 09:49 PM."
662,100020009202300003,202300003,2023-07-12,148,9,1,1,1,2,1,4.0,2023-07-09 19:25:50,2023-07-10 00:25:50,2023-07-10 11:25:50,13.072153,78.313006,"Liam allegedly attacked Rushil with a sickle at Nath Street around 07:25 PM, causing serious injuries. The victim was rushed to hospital and is under treatment."
663,100060024202500003,202500003,2025-09-17,226,24,1,1,2,8,1,11.0,2025-09-16 22:03:25,2025-09-16 22:03:25,2025-09-17 07:03:25,15.794052,78.434523,A gang of five to six persons armed with iron rods robbed the Gera Ganj of cash and a mobile phone around 10:03 PM.
664,100150060202300001,202300001,2023-11-07,264,60,1,1,7,24,1,29.0,2023-11-05 17:58:03,2023-11-05 21:58:03,2023-11-06 06:58:03,15.846009,78.484819,"Mitesh paid Kavya an advance for services/goods that were never delivered, related to a transaction near Sood Nagar."
665,100030012202600002,202600002,2026-06-24,183,12,1,2,6,23,1,5.0,2026-06-21 11:38:18,2026-06-21 15:38:18,2026-06-22 08:38:18,13.942175,77.0004,"Tension arose near Dave Marg following a social media post, leading to a communal disturbance around 11:38 AM."
666,100180070202400007,202400007,2024-01-25,198,70,1,1,5,20,4,36.0,2024-01-24 10:44:20,2024-01-24 13:44:20,2024-01-25 10:44:20,13.110767,75.739533,Wahab was found manufacturing/selling illicit liquor from premises at Pathak Path.
667,100150061202600002,202600002,2026-04-25,232,61,1,2,8,29,1,30.0,2026-04-22 15:06:33,2026-04-22 19:06:33,2026-04-23 09:06:33,15.882667,75.678001,Siddharth was found in possession of an unlicensed country-made pistol during a check near Saran Road.
668,100150058202500002,202500002,2025-08-27,231,58,1,2,6,21,1,29.0,2025-08-25 20:16:08,2025-08-26 00:16:08,2025-08-26 00:16:08,13.548282,75.740379,A group led by Eiravati gathered unlawfully near Tripathi Street around 08:16 PM and caused a public nuisance.
669,100040015202400001,202400001,2024-07-30,203,15,1,2,3,13,2,,2024-07-30 01:46:42,2024-07-30 04:46:42,2024-07-30 21:46:42,13.616325,78.910022,Chatura has reported repeated physical abuse by Chavvi at the shared household in Kuruvilla Marg.
670,100130052202400004,202400004,2024-09-26,86,52,1,2,1,3,1,25.0,2024-09-23 04:14:12,2024-09-23 06:14:12,2024-09-23 20:14:12,14.391379,78.835239,"A physical altercation between Abhimanyu and Mason at Kuruvilla Path led to grievous injuries being caused with a sickle, around 04:14 AM."
671,100010006202400003,202400003,2024-11-15,218,6,1,1,6,23,4,2.0,2024-11-14 19:06:32,2024-11-14 21:06:32,2024-11-15 17:06:32,15.839139,75.145326,"Tension arose near Memon Street following a social media post, leading to a communal disturbance around 07:06 PM."
672,100110042202600001,202600001,2026-04-12,245,42,1,2,8,30,1,22.0,2026-04-11 01:00:11,2026-04-11 05:00:11,2026-04-11 19:00:11,14.38103,79.271702,Frado was found transporting liquor without a valid permit near Chandra Circle around 01:00 AM.
673,800200077202500001,202500001,2025-03-04,106,77,3,1,8,29,1,40.0,2025-03-01 19:08:16,2025-03-01 21:08:16,2025-03-01 22:08:16,12.950707,78.092054,Farhan was found in possession of an unlicensed country-made pistol during a check near Mittal Path.
674,100070027202400006,202400006,2024-05-06,37,27,1,2,3,13,2,14.0,2024-05-04 12:15:41,2024-05-04 15:15:41,2024-05-04 15:15:41,15.741008,76.329072,Advika has reported repeated physical abuse by Chavvi at the shared household in Varkey.
675,800080030202500001,202500001,2025-02-20,257,30,3,2,8,30,4,,2025-02-18 22:50:08,2025-02-18 23:50:08,2025-02-19 00:50:08,15.157576,76.471788,Kai was found transporting liquor without a valid permit near Loke Road around 10:50 PM.
676,100080029202300004,202300004,2023-11-02,224,29,1,1,5,18,4,15.0,2023-11-01 06:56:37,2023-11-01 11:56:37,2023-11-01 20:56:37,14.75395,78.471494,"During a routine vehicle check near Arora Chowk, Lopa was found in possession of a commercial quantity of contraband substance around 06:56 AM."
677,100090034202400002,202400002,2024-03-24,123,34,1,1,8,29,2,18.0,2024-03-21 22:47:05,2024-03-22 03:47:05,2024-03-22 08:47:05,12.949478,78.340016,Bachittar was found in possession of an unlicensed iron rod during a check near Brar.
678,100120046202300001,202300001,2023-09-20,49,46,1,2,2,6,1,23.0,2023-09-20 09:42:44,2023-09-20 13:42:44,2023-09-20 17:42:44,13.030616,78.301877,Unknown persons broke into the premises at Sankar during the night and decamped with a laptop. Entry appears to have been made by breaking a window lock.
679,400080030202500001,202500001,2025-08-19,177,30,4,2,8,28,1,16.0,2025-08-17 02:52:56,2025-08-17 05:52:56,2025-08-17 05:52:56,15.004454,76.76891,Indrajit was found driving a two-wheeler at Mann without a valid licence and in a rash manner endangering pedestrians around 02:52 AM.
680,400150058202600002,202600002,2026-06-16,207,58,4,2,7,27,1,30.0,2026-06-15 20:33:21,2026-06-15 20:33:21,2026-06-16 09:33:21,15.519319,79.33924,Police recovered counterfeit currency notes from Arya during a check near Patil Path.
681,100180070202400008,202400008,2024-04-04,278,70,1,1,1,4,1,36.0,2024-04-02 01:42:24,2024-04-02 03:42:24,2024-04-02 22:42:24,12.994806,76.369169,Mugdha succumbed to injuries sustained during an altercation with Bhavya at Walia Nagar near 01:42 AM.
682,100080029202400006,202400006,2024-06-08,265,29,1,1,5,19,2,,2024-06-07 08:36:39,2024-06-07 11:36:39,2024-06-07 22:36:39,14.178628,78.058556,"Acting on a tip-off, police intercepted Udarsh near Thakur Street and recovered narcotics being transported for sale."
683,100100037202300008,202300008,2023-01-29,102,37,1,2,2,5,1,,2023-01-27 00:32:07,2023-01-27 04:32:07,2023-01-27 16:32:07,12.766448,77.081985,The complainant reports that unidentified persons stole a laptop from Pillay Chowk sometime around 12:32 AM. No eyewitnesses have come forward yet.
684,100090034202500002,202500002,2025-11-26,45,34,1,1,7,27,1,17.0,2025-11-23 04:12:02,2025-11-23 06:12:02,2025-11-24 03:12:02,15.843484,77.717644,Police recovered counterfeit currency notes from Sachi during a check near Goel Ganj.
685,300190074202600001,202600001,2026-01-05,17,74,2,1,2,8,4,,2026-01-04 04:05:08,2026-01-04 06:05:08,2026-01-04 06:05:08,12.743716,76.559316,A gang of five to six persons armed with iron rods robbed the Singhal Circle of cash and a mobile phone around 04:05 AM.
686,300040016202500001,202500001,2025-04-10,244,16,2,2,7,27,2,7.0,2025-04-08 13:32:46,2025-04-08 17:32:46,2025-04-09 16:32:46,14.943573,76.268642,Police recovered counterfeit currency notes from Reva during a check near Bhasin Chowk.
687,100030011202600004,202600004,2026-01-03,39,11,1,1,3,12,3,6.0,2026-01-01 00:27:44,2026-01-01 04:27:44,2026-01-01 07:27:44,13.337927,78.782175,Isaac was allegedly abducted by Omkaar near Sachar Path around 12:27 AM while returning home.
688,100030012202400002,202400002,2024-12-09,38,12,1,2,8,28,3,6.0,2024-12-08 19:06:36,2024-12-09 01:06:36,2024-12-09 17:06:36,15.77603,76.938206,Ganga was found driving a mobile phone at Kuruvilla Chowk without a valid licence and in a rash manner endangering pedestrians around 07:06 PM.
689,400180071202400001,202400001,2024-04-03,254,71,4,2,8,29,2,,2024-04-01 00:55:04,2024-04-01 05:55:04,2024-04-02 02:55:04,12.697771,77.301587,Vaishnavi was found in possession of an unlicensed iron rod during a check near Menon Chowk.
690,100010004202600001,202600001,2026-01-02,223,4,1,2,4,17,2,2.0,2026-01-02 18:51:41,2026-01-02 21:51:41,2026-01-02 22:51:41,15.787272,75.623981,Zansi discovered that Nidra had used her Aadhaar/PAN details to fraudulently open an account in Garde Chowk.
691,100130052202600001,202600001,2026-04-02,229,52,1,2,5,18,4,25.0,2026-03-31 08:30:41,2026-03-31 10:30:41,2026-04-01 07:30:41,13.450062,76.883145,"During a routine vehicle check near Raghavan Chowk, Parth was found in possession of a commercial quantity of contraband substance around 08:30 AM."
692,100120045202400002,202400002,2024-07-06,209,45,1,2,6,21,2,,2024-07-06 03:18:54,2024-07-06 03:18:54,2024-07-07 02:18:54,13.231031,75.180015,A group led by Samaksh gathered unlawfully near Bali Path around 03:18 AM and caused a public nuisance.
693,100180071202400006,202400006,2024-04-07,64,71,1,2,8,28,1,35.0,2024-04-07 07:20:02,2024-04-07 08:20:02,2024-04-08 07:20:02,14.380922,78.553489,Yash was found driving a cash bag at Shan Ganj without a valid licence and in a rash manner endangering pedestrians around 07:20 AM.
694,100120047202400003,202400003,2024-02-07,16,47,1,2,4,17,3,24.0,2024-02-05 06:28:17,2024-02-05 09:28:17,2024-02-06 06:28:17,14.99651,77.646195,Ucchal discovered that Guneet had used her Aadhaar/PAN details to fraudulently open an account in Behl Circle.
695,100120045202300003,202300003,2023-02-19,269,45,1,2,7,27,5,,2023-02-17 20:52:21,2023-02-17 20:52:21,2023-02-18 08:52:21,14.84883,74.684118,Police recovered counterfeit currency notes from Saanvi during a check near Shan Ganj.
696,100060024202600005,202600005,2026-03-16,152,24,1,1,6,22,2,12.0,2026-03-15 03:12:41,2026-03-15 04:12:41,2026-03-15 07:12:41,14.868325,76.573161,"A clash broke out between two groups near Varkey Chowk around 03:12 AM, resulting in property damage and minor injuries."
697,100020008202300003,202300003,2023-01-07,180,8,1,2,4,17,3,3.0,2023-01-06 08:20:10,2023-01-06 13:20:10,2023-01-07 03:20:10,14.798841,76.806021,Yahvi discovered that Dayamai had used her Aadhaar/PAN details to fraudulently open an account in Choudhury Chowk.
698,100180070202500003,202500003,2025-08-27,12,70,1,1,2,8,7,,2025-08-25 13:14:46,2025-08-25 18:14:46,2025-08-26 02:14:46,14.234771,79.092286,A gang of five to six persons armed with sickles robbed the Yohannan Path of cash and a wallet around 01:14 PM.
699,100180071202300005,202300005,2023-10-17,284,71,1,1,1,3,2,35.0,2023-10-15 07:26:58,2023-10-15 08:26:58,2023-10-16 00:26:58,14.398121,78.969645,"A physical altercation between Harshil and Urmi at Kade Road led to grievous injuries being caused with a knife, around 07:26 AM."
700,100080030202400007,202400007,2024-05-19,183,30,1,2,6,21,7,15.0,2024-05-17 19:51:01,2024-05-17 23:51:01,2024-05-18 11:51:01,15.378906,77.022019,A group led by Adya gathered unlawfully near Mitter Chowk around 07:51 PM and caused a public nuisance.
701,400110040202400001,202400001,2024-10-09,36,40,4,2,6,23,4,,2024-10-07 05:21:35,2024-10-07 10:21:35,2024-10-07 20:21:35,15.660293,74.722072,"Tension arose near Pandya Marg following a social media post, leading to a communal disturbance around 05:21 AM."
702,100040014202500004,202500004,2025-11-11,198,14,1,2,2,9,1,7.0,2025-11-09 22:46:32,2025-11-10 04:46:32,2025-11-10 18:46:32,14.789265,74.953082,Chaitaly entered the premises at Bajwa Path without permission and refused to leave when asked by Aahana.
703,100070026202500003,202500003,2025-01-07,72,26,1,1,7,24,1,13.0,2025-01-05 02:59:31,2025-01-05 07:59:31,2025-01-05 10:59:31,13.181496,77.382437,"Eshana paid Varsha an advance for services/goods that were never delivered, related to a transaction near Singhal."
704,100050021202400004,202400004,2024-12-22,87,21,1,1,6,21,2,9.0,2024-12-21 18:39:42,2024-12-21 21:39:42,2024-12-22 15:39:42,14.440286,74.740331,A group led by Anya gathered unlawfully near Pingle Circle around 06:39 PM and caused a public nuisance.
705,300180070202600001,202600001,2026-05-03,84,70,2,1,7,24,7,36.0,2026-05-03 10:13:58,2026-05-03 14:13:58,2026-05-04 14:13:58,12.993436,74.744766,"Matthew paid Chandani an advance for services/goods that were never delivered, related to a transaction near Iyengar."
706,100110040202400001,202400001,2024-09-25,293,40,1,2,7,27,2,22.0,2024-09-23 10:48:16,2024-09-23 12:48:16,2024-09-23 22:48:16,14.20489,75.208298,Police recovered counterfeit currency notes from Upadhriti during a check near Sharma Ganj.
707,100160063202600004,202600004,2026-01-24,67,63,1,2,7,26,2,32.0,2026-01-22 11:22:41,2026-01-22 13:22:41,2026-01-23 10:22:41,14.060966,76.440422,Prisha discovered that Meghana had forged signatures on property documents related to land in Bava Chowk.
708,100050020202400002,202400002,2024-03-19,200,20,1,2,7,24,1,10.0,2024-03-18 01:50:02,2024-03-18 02:50:02,2024-03-18 12:50:02,14.084157,75.040002,"George paid Isaiah an advance for services/goods that were never delivered, related to a transaction near Dutt Circle."
709,800190074202400001,202400001,2024-10-08,276,74,3,2,2,7,5,,2024-10-08 05:29:58,2024-10-08 11:29:58,2024-10-08 19:29:58,14.199171,75.612228,"Sudiksha accosted Harinakshi near Sankaran Circle around 05:29 AM, snatched a wallet at knife-point, and fled on a two-wheeler."
710,100020009202500006,202500006,2025-03-05,232,9,1,2,7,25,3,4.0,2025-03-02 23:46:24,2025-03-03 01:46:24,2025-03-03 15:46:24,15.217057,78.854716,"Umang, entrusted with funds belonging to Abhiram for a joint venture, allegedly misappropriated the amount."
711,100090034202400003,202400003,2024-07-17,23,34,1,1,5,19,2,18.0,2024-07-14 20:51:20,2024-07-14 21:51:20,2024-07-14 21:51:20,14.391175,79.349344,"Acting on a tip-off, police intercepted Samuel near Golla Road and recovered narcotics being transported for sale."
712,100090033202300001,202300001,2023-01-06,196,33,1,2,5,19,1,,2023-01-04 20:54:34,2023-01-04 20:54:34,2023-01-05 04:54:34,13.733845,76.806804,"Acting on a tip-off, police intercepted Chavvi near Samra Street and recovered narcotics being transported for sale."
713,100120048202300002,202300002,2023-11-22,256,48,1,1,1,2,1,23.0,2023-11-19 21:30:36,2023-11-20 01:30:36,2023-11-20 13:30:36,13.260726,76.685525,"Mohini allegedly attacked Reva with a iron rod at Jha Ganj around 09:30 PM, causing serious injuries. The victim was rushed to hospital and is under treatment."
714,100150058202600002,202600002,2026-03-21,83,58,1,2,1,4,2,,2026-03-19 23:00:18,2026-03-20 02:00:18,2026-03-20 02:00:18,14.423685,75.273276,Edhitha succumbed to injuries sustained during an altercation with Ojasvi at Kade Ganj near 11:00 PM.
715,800060023202600004,202600004,2026-05-09,106,23,3,2,6,21,1,12.0,2026-05-07 02:26:32,2026-05-07 02:26:32,2026-05-07 10:26:32,14.323679,78.135021,A group led by Lajita gathered unlawfully near Ratta Marg around 02:26 AM and caused a public nuisance.
716,100160065202400003,202400003,2024-11-02,297,65,1,2,2,5,4,,2024-10-31 12:39:56,2024-10-31 14:39:56,2024-11-01 10:39:56,13.765004,79.424337,"Charita's cash bag was stolen from outside Ramakrishnan Zila while unattended, around 12:39 PM."
717,400160064202300001,202300001,2023-08-16,67,64,4,1,1,3,1,,2023-08-14 06:57:24,2023-08-14 07:57:24,2023-08-15 07:57:24,14.62732,74.56493,"A physical altercation between Zilmil and Kabir at Dey Street led to grievous injuries being caused with a knife, around 06:57 AM."
718,100040017202500002,202500002,2025-11-17,293,17,1,2,1,3,5,,2025-11-15 04:23:25,2025-11-15 09:23:25,2025-11-16 04:23:25,13.699195,79.028681,"A physical altercation between Pratyush and Max at Choudhary Path led to grievous injuries being caused with a sickle, around 04:23 AM."
719,400190074202500001,202500001,2025-12-20,101,74,4,1,2,7,2,,2025-12-18 22:44:02,2025-12-19 02:44:02,2025-12-19 17:44:02,15.567553,76.834526,"Upma accosted Ayush near Dhawan Nagar around 10:44 PM, snatched a mobile phone at knife-point, and fled on a two-wheeler."
720,400120048202600001,202600001,2026-06-17,27,48,4,2,4,17,1,,2026-06-15 20:10:33,2026-06-16 02:10:33,2026-06-16 08:10:33,13.202676,76.950011,Dominic discovered that Isaiah had used her Aadhaar/PAN details to fraudulently open an account in Shetty Chowk.
721,100050020202500003,202500003,2025-04-04,204,20,1,1,1,3,3,,2025-04-02 09:25:43,2025-04-02 12:25:43,2025-04-02 17:25:43,13.294467,77.618717,"A physical altercation between Luke and Kai at Butala Ganj led to grievous injuries being caused with a iron rod, around 09:25 AM."
722,100090032202600002,202600002,2026-02-10,112,32,1,1,2,7,1,,2026-02-10 07:09:33,2026-02-10 13:09:33,2026-02-10 21:09:33,15.963023,75.787839,"Turvi accosted Falguni near Venkatesh around 07:09 AM, snatched a two-wheeler at knife-point, and fled on a two-wheeler."
723,100050019202500003,202500003,2025-11-14,274,19,1,1,1,2,3,10.0,2025-11-14 09:49:13,2025-11-14 09:49:13,2025-11-14 11:49:13,15.558483,76.13949,"Bahadurjit allegedly attacked Luke with a country-made pistol at Edwin Ganj around 09:49 AM, causing serious injuries. The victim was rushed to hospital and is under treatment."
724,300190073202300002,202300002,2023-11-11,15,73,2,2,3,13,1,,2023-11-09 04:20:36,2023-11-09 09:20:36,2023-11-10 09:20:36,15.512511,76.851856,Ria has reported repeated physical abuse by Jacob at the shared household in Varkey Road.
725,800040015202400002,202400002,2024-07-12,251,15,3,2,1,3,6,7.0,2024-07-10 07:50:04,2024-07-10 11:50:04,2024-07-11 01:50:04,15.154731,77.639843,"A physical altercation between Atharv and Pooja at Date Circle led to grievous injuries being caused with a wooden stick, around 07:50 AM."
726,100060023202400006,202400006,2024-02-15,220,23,1,2,4,17,5,11.0,2024-02-13 07:53:42,2024-02-13 11:53:42,2024-02-14 03:53:42,14.317401,78.230563,Yamini discovered that Qabil had used her Aadhaar/PAN details to fraudulently open an account in Vaidya Marg.
727,100130051202400003,202400003,2024-12-19,16,51,1,1,6,22,7,,2024-12-18 05:11:12,2024-12-18 07:11:12,2024-12-18 19:11:12,14.749335,75.086697,"A clash broke out between two groups near Mallick Ganj around 05:11 AM, resulting in property damage and minor injuries."
728,300130051202300001,202300001,2023-04-27,153,51,2,1,1,2,6,26.0,2023-04-25 02:07:02,2023-04-25 08:07:02,2023-04-25 11:07:02,14.980858,75.587573,"Aadi allegedly attacked Charita with a sharp weapon at Krishnamurthy Zila around 02:07 AM, causing serious injuries. The victim was rushed to hospital and is under treatment."
729,300140056202500002,202500002,2025-12-04,271,56,2,1,3,12,2,28.0,2025-12-03 15:01:49,2025-12-03 19:01:49,2025-12-04 05:01:49,14.814842,74.896329,Xavier was allegedly abducted by Mahika near Saini Street around 03:01 PM while returning home.
730,100010004202500004,202500004,2025-06-08,185,4,1,2,6,21,2,,2025-06-06 14:34:58,2025-06-06 14:34:58,2025-06-06 21:34:58,13.733039,77.988846,A group led by Max gathered unlawfully near Sawhney Ganj around 02:34 PM and caused a public nuisance.
731,100190073202600005,202600005,2026-04-30,146,73,1,1,1,3,5,,2026-04-30 09:20:47,2026-04-30 09:20:47,2026-05-01 00:20:47,13.586889,77.939945,"A physical altercation between Raksha and Vincent at Dash Road led to grievous injuries being caused with a wooden stick, around 09:20 AM."
732,100140056202300007,202300007,2023-05-26,102,56,1,2,3,13,1,28.0,2023-05-25 06:53:02,2023-05-25 06:53:02,2023-05-25 10:53:02,15.796698,78.585179,Unnati has reported repeated physical abuse by Pooja at the shared household in Ganguly.
733,100190073202600006,202600006,2026-05-28,242,73,1,1,2,8,1,,2026-05-28 03:48:47,2026-05-28 05:48:47,2026-05-28 11:48:47,15.180855,74.967449,A gang of five to six persons armed with iron rods robbed the Chaudhuri Nagar of cash and a cash bag around 03:48 AM.
734,100030011202400001,202400001,2024-03-08,122,11,1,2,5,18,1,,2024-03-08 01:26:55,2024-03-08 02:26:55,2024-03-08 14:26:55,15.791509,76.667145,"During a routine vehicle check near Chokshi Nagar, Lavanya was found in possession of a commercial quantity of contraband substance around 01:26 AM."
735,100140056202400006,202400006,2024-10-17,96,56,1,1,1,2,1,,2024-10-15 23:21:35,2024-10-16 05:21:35,2024-10-16 09:21:35,15.100003,76.523788,"Triveni allegedly attacked Ria with a wooden stick at Virk around 11:21 PM, causing serious injuries. The victim was rushed to hospital and is under treatment."
736,400200076202500001,202500001,2025-04-07,101,76,4,2,6,22,2,,2025-04-07 08:50:37,2025-04-07 14:50:37,2025-04-08 00:50:37,12.535829,75.262982,"A clash broke out between two groups near Malhotra Ganj around 08:50 AM, resulting in property damage and minor injuries."
737,100130053202300001,202300001,2023-03-29,33,53,1,2,8,30,2,26.0,2023-03-27 12:39:31,2023-03-27 13:39:31,2023-03-27 20:39:31,13.947858,79.099588,Gauri was found transporting liquor without a valid permit near Yohannan Path around 12:39 PM.
738,800090034202500001,202500001,2025-03-25,182,34,3,2,8,28,2,18.0,2025-03-23 05:24:44,2025-03-23 06:24:44,2025-03-23 11:24:44,13.379586,75.765974,Indali was found driving a mobile phone at Sarma Path without a valid licence and in a rash manner endangering pedestrians around 05:24 AM.
739,300080030202500003,202500003,2025-01-20,289,30,2,2,5,18,6,,2025-01-17 09:53:02,2025-01-17 09:53:02,2025-01-18 05:53:02,15.751949,78.995214,"During a routine vehicle check near Minhas Circle, Dayita was found in possession of a commercial quantity of contraband substance around 09:53 AM."
740,100200077202300008,202300008,2023-11-08,248,77,1,2,4,14,1,,2023-11-06 20:04:04,2023-11-06 21:04:04,2023-11-07 07:04:04,15.638975,78.097723,Umang received a call from an unidentified person claiming to be a bank official and lost money via UPI transfer after sharing an OTP. Transaction traced to an account linked to Korpal Nagar.
741,100130053202400004,202400004,2024-06-25,224,53,1,1,1,3,6,,2024-06-23 22:03:39,2024-06-23 22:03:39,2024-06-23 22:03:39,12.645843,77.395236,"A physical altercation between Nitara and Rehaan at Venkataraman Street led to grievous injuries being caused with a knife, around 10:03 PM."
742,300110043202600001,202600001,2026-04-23,203,43,2,2,2,9,1,21.0,2026-04-22 09:49:59,2026-04-22 10:49:59,2026-04-22 14:49:59,13.942927,77.141603,Gopal entered the premises at Soni Circle without permission and refused to leave when asked by Kabir.
743,100020008202500002,202500002,2025-02-16,50,8,1,2,4,17,7,3.0,2025-02-14 06:59:18,2025-02-14 12:59:18,2025-02-14 20:59:18,12.537534,79.333285,Dhruv discovered that Onveer had used her Aadhaar/PAN details to fraudulently open an account in Sen Nagar.
744,100190073202300008,202300008,2023-01-23,38,73,1,1,2,8,3,37.0,2023-01-21 09:11:30,2023-01-21 14:11:30,2023-01-22 01:11:30,13.241588,78.946822,A gang of five to six persons armed with sharp weapons robbed the Deol Marg of cash and a wallet around 09:11 AM.
745,100060024202400003,202400003,2024-06-08,61,24,1,1,7,24,1,11.0,2024-06-08 08:43:15,2024-06-08 14:43:15,2024-06-08 18:43:15,14.622274,79.196455,"Ekavir paid Devansh an advance for services/goods that were never delivered, related to a transaction near Sachdev Circle."
746,400190073202400001,202400001,2024-02-27,292,73,4,2,4,16,2,,2024-02-27 19:32:35,2024-02-27 21:32:35,2024-02-28 00:32:35,14.820135,78.485403,Isha's email/social media account was accessed without authorization; unusual login activity was traced to an IP address outside Krishnan Marg.
747,100100037202500005,202500005,2025-05-31,103,37,1,1,3,12,1,19.0,2025-05-28 15:38:22,2025-05-28 21:38:22,2025-05-29 00:38:22,13.829882,75.770864,Harinakshi was allegedly abducted by Siya near Viswanathan Zila around 03:38 PM while returning home.
748,100170067202600005,202600005,2026-03-14,142,67,1,2,6,21,2,33.0,2026-03-13 09:33:06,2026-03-13 10:33:06,2026-03-13 20:33:06,15.846366,75.767906,A group led by Aayush gathered unlawfully near Rajagopalan Path around 09:33 AM and caused a public nuisance.
749,100120045202600003,202600003,2026-05-15,155,45,1,1,2,8,1,23.0,2026-05-12 21:19:26,2026-05-13 02:19:26,2026-05-13 17:19:26,14.742587,75.531979,A gang of five to six persons armed with sickles robbed the Dubey Zila of cash and a cash bag around 09:19 PM.
750,100190073202600007,202600007,2026-06-22,117,73,1,2,6,22,1,38.0,2026-06-20 09:17:28,2026-06-20 09:17:28,2026-06-21 01:17:28,14.527234,79.079348,"A clash broke out between two groups near Chokshi Road around 09:17 AM, resulting in property damage and minor injuries."
751,100110043202400002,202400002,2024-04-26,147,43,1,1,1,1,5,,2024-04-23 22:10:39,2024-04-24 00:10:39,2024-04-24 12:10:39,15.575763,75.306858,"The complainant states that the accused Vritti attacked Wriddhish with a wooden stick near Raval Ganj following a dispute, resulting in death. Body was found at the scene around 10:10 PM."
752,100100037202600005,202600005,2026-06-27,214,37,1,1,6,22,2,19.0,2026-06-27 00:12:46,2026-06-27 06:12:46,2026-06-28 01:12:46,15.269934,79.131689,"A clash broke out between two groups near Nagi Road around 12:12 AM, resulting in property damage and minor injuries."
753,400170068202300002,202300002,2023-05-08,51,68,4,2,6,23,1,,2023-05-06 09:04:16,2023-05-06 14:04:16,2023-05-07 14:04:16,15.044595,77.244021,"Tension arose near Mani Chowk following a social media post, leading to a communal disturbance around 09:04 AM."
754,100130051202500002,202500002,2025-11-28,16,51,1,1,3,10,6,,2025-11-28 01:34:26,2025-11-28 04:34:26,2025-11-28 14:34:26,13.556898,74.714792,Ayaan has alleged continuous harassment for additional dowry by Champak and in-laws at the matrimonial home in Rajan Road.
755,100100038202300005,202300005,2023-12-19,51,38,1,2,2,9,3,,2023-12-18 07:10:32,2023-12-18 08:10:32,2023-12-18 12:10:32,14.310838,78.913345,Quincy entered the premises at Nagarajan Ganj without permission and refused to leave when asked by Tanvi.
756,100080030202300006,202300006,2023-11-12,102,30,1,2,1,3,4,,2023-11-10 13:45:58,2023-11-10 16:45:58,2023-11-11 04:45:58,14.720682,77.805574,"A physical altercation between Nachiket and Chaitanya at Koshy Street led to grievous injuries being caused with a sickle, around 01:45 PM."
757,100160064202400004,202400004,2024-08-13,262,64,1,1,3,11,2,31.0,2024-08-10 16:39:39,2024-08-10 18:39:39,2024-08-11 16:39:39,15.677425,77.740521,Kabir has alleged that Udant sexually assaulted her at Contractor Zila around 04:39 PM. Medical examination has been conducted.
758,100190073202400006,202400006,2024-05-03,2,73,1,2,8,30,1,38.0,2024-05-02 11:57:04,2024-05-02 13:57:04,2024-05-03 11:57:04,13.812347,78.116071,Bhavani was found transporting liquor without a valid permit near Mangat Circle around 11:57 AM.
759,100120045202500002,202500002,2025-08-03,299,45,1,2,5,20,1,,2025-08-02 02:09:36,2025-08-02 07:09:36,2025-08-02 18:09:36,12.852876,78.585658,Zarna was found manufacturing/selling illicit liquor from premises at Singh Nagar.
760,800200076202500002,202500002,2025-10-13,73,76,3,2,8,28,2,,2025-10-12 22:08:23,2025-10-13 00:08:23,2025-10-13 02:08:23,13.412852,76.599046,Rajata was found driving a cash bag at Prabhakar without a valid licence and in a rash manner endangering pedestrians around 10:08 PM.
761,800040014202600001,202600001,2026-05-26,157,14,3,2,4,17,6,7.0,2026-05-24 19:32:45,2026-05-24 23:32:45,2026-05-25 12:32:45,15.8389,75.693028,Turvi discovered that Sai had used her Aadhaar/PAN details to fraudulently open an account in Raman Nagar.
762,100030011202500005,202500005,2025-01-10,33,11,1,1,1,2,2,,2025-01-07 08:13:57,2025-01-07 08:13:57,2025-01-07 22:13:57,14.425535,77.164794,"Bhavna allegedly attacked Yatan with a knife at Dyal Circle around 08:13 AM, causing serious injuries. The victim was rushed to hospital and is under treatment."
763,100010003202500001,202500001,2025-02-12,293,3,1,1,6,22,1,,2025-02-11 21:10:07,2025-02-11 21:10:07,2025-02-12 04:10:07,12.665638,76.861792,"A clash broke out between two groups near Chawla Street around 09:10 PM, resulting in property damage and minor injuries."
764,100190073202400007,202400007,2024-01-17,164,73,1,2,4,14,1,38.0,2024-01-15 17:51:22,2024-01-15 21:51:22,2024-01-16 12:51:22,14.25452,79.146964,Shivani received a call from an unidentified person claiming to be a bank official and lost money via UPI transfer after sharing an OTP. Transaction traced to an account linked to Krishna Chowk.
765,100080030202300007,202300007,2023-05-21,129,30,1,1,4,15,2,16.0,2023-05-20 00:15:40,2023-05-20 06:15:40,2023-05-20 15:15:40,13.937024,77.082811,Ansh reports that Rachana created a fake profile impersonating her and posted defamatory content on social media.
766,100020009202600004,202600004,2026-03-30,17,9,1,1,3,11,7,,2026-03-28 02:15:56,2026-03-28 07:15:56,2026-03-28 23:15:56,14.094362,75.199191,Oviya has alleged that Omisha sexually assaulted her at Sethi Chowk around 02:15 AM. Medical examination has been conducted.
767,100140056202600001,202600001,2026-02-19,255,56,1,1,3,12,1,,2026-02-18 12:13:46,2026-02-18 13:13:46,2026-02-19 02:13:46,13.405664,77.24307,Rayaan was allegedly abducted by Robert near Patla around 12:13 PM while returning home.
768,100190074202500005,202500005,2025-08-22,238,74,1,1,1,3,4,37.0,2025-08-22 00:06:32,2025-08-22 06:06:32,2025-08-22 12:06:32,14.581804,78.203431,"A physical altercation between Charita and Sneha at Sachar led to grievous injuries being caused with a sharp weapon, around 12:06 AM."
769,100160063202500003,202500003,2025-04-04,241,63,1,1,3,12,6,,2025-04-02 13:54:37,2025-04-02 15:54:37,2025-04-02 21:54:37,15.903767,78.469738,Orinder was allegedly abducted by Anjali near Dugal around 01:54 PM while returning home.
770,100060024202600006,202600006,2026-05-07,162,24,1,2,6,21,2,,2026-05-06 16:47:41,2026-05-06 21:47:41,2026-05-07 21:47:41,12.919717,78.662596,A group led by Chatresh gathered unlawfully near Chana Path around 04:47 PM and caused a public nuisance.
771,100060023202500004,202500004,2025-08-04,88,23,1,2,6,23,1,12.0,2025-08-02 15:28:14,2025-08-02 19:28:14,2025-08-03 02:28:14,12.605909,74.640092,"Tension arose near Chaudhuri Road following a social media post, leading to a communal disturbance around 03:28 PM."
772,100090033202600001,202600001,2026-02-24,70,33,1,1,1,4,2,,2026-02-24 13:40:04,2026-02-24 13:40:04,2026-02-25 02:40:04,14.412178,75.12953,Manan succumbed to injuries sustained during an altercation with Sai at Baral Zila near 01:40 PM.
773,300150059202500001,202500001,2025-11-11,73,59,2,2,7,24,1,29.0,2025-11-09 15:07:37,2025-11-09 20:07:37,2025-11-10 02:07:37,15.101106,76.843674,"Ladli paid Vansha an advance for services/goods that were never delivered, related to a transaction near Bahri Street."
774,100080030202500004,202500004,2025-04-14,256,30,1,2,6,21,4,15.0,2025-04-14 01:41:55,2025-04-14 04:41:55,2025-04-14 21:41:55,13.426084,76.570697,A group led by Harinakshi gathered unlawfully near Pingle Zila around 01:41 AM and caused a public nuisance.
775,100130050202500004,202500004,2025-10-03,173,50,1,2,5,18,1,,2025-10-03 19:15:58,2025-10-04 01:15:58,2025-10-04 22:15:58,12.847547,75.316853,"During a routine vehicle check near Sahni, Amol was found in possession of a commercial quantity of contraband substance around 07:15 PM."
776,100190073202500003,202500003,2025-02-16,35,73,1,2,7,24,2,,2025-02-16 06:37:34,2025-02-16 06:37:34,2025-02-16 10:37:34,15.629118,77.633202,"Gaurangi paid Azad an advance for services/goods that were never delivered, related to a transaction near Anne Street."
777,100180070202600005,202600005,2026-02-13,240,70,1,2,6,21,2,35.0,2026-02-12 23:30:28,2026-02-13 04:30:28,2026-02-13 22:30:28,15.403606,75.638677,A group led by Upma gathered unlawfully near Rama Marg around 11:30 PM and caused a public nuisance.
778,100040016202400002,202400002,2024-08-19,265,16,1,1,1,2,1,8.0,2024-08-17 20:04:13,2024-08-18 00:04:13,2024-08-18 13:04:13,15.811267,75.074939,"Vrinda allegedly attacked Reyansh with a country-made pistol at Loke Road around 08:04 PM, causing serious injuries. The victim was rushed to hospital and is under treatment."
779,100040016202500003,202500003,2025-08-29,66,16,1,2,7,27,3,,2025-08-26 21:53:27,2025-08-26 22:53:27,2025-08-27 05:53:27,14.255968,79.277175,Police recovered counterfeit currency notes from Agastya during a check near Bobal Path.
780,100130053202300002,202300002,2023-06-21,45,53,1,1,7,26,2,25.0,2023-06-18 13:11:41,2023-06-18 18:11:41,2023-06-19 11:11:41,14.759703,79.186201,Quincy discovered that Gavin had forged signatures on property documents related to land in Aggarwal Zila.
781,800120046202500001,202500001,2025-04-06,200,46,3,1,5,19,1,23.0,2025-04-04 12:47:17,2025-04-04 16:47:17,2025-04-04 16:47:17,15.306303,78.690014,"Acting on a tip-off, police intercepted Warhi near Grewal and recovered narcotics being transported for sale."
782,100050021202500006,202500006,2025-10-29,276,21,1,1,1,1,5,10.0,2025-10-27 04:03:06,2025-10-27 07:03:06,2025-10-27 07:03:06,14.786772,74.730889,"The complainant states that the accused Rachit attacked Raghav with a iron rod near Kari Path following a dispute, resulting in death. Body was found at the scene around 04:03 AM."
783,100100038202600007,202600007,2026-01-17,245,38,1,2,8,29,1,20.0,2026-01-15 00:14:10,2026-01-15 01:14:10,2026-01-15 17:14:10,15.299968,78.662246,Dhruv was found in possession of an unlicensed wooden stick during a check near Bhatnagar Nagar.
784,100200077202400001,202400001,2024-10-02,296,77,1,2,3,10,3,39.0,2024-09-30 21:30:49,2024-10-01 02:30:49,2024-10-01 20:30:49,15.420743,77.120764,Janaki has alleged continuous harassment for additional dowry by Dominic and in-laws at the matrimonial home in Lala.
785,100100038202600008,202600008,2026-04-06,247,38,1,2,6,22,4,20.0,2026-04-04 01:47:23,2026-04-04 07:47:23,2026-04-04 19:47:23,12.664041,76.263943,"A clash broke out between two groups near Rau Path around 01:47 AM, resulting in property damage and minor injuries."
786,100050020202500004,202500004,2025-02-25,275,20,1,2,2,9,2,9.0,2025-02-24 04:08:32,2025-02-24 04:08:32,2025-02-24 17:08:32,14.878035,77.726774,Lakshmi entered the premises at Ratta Street without permission and refused to leave when asked by Edhitha.
787,100010003202300003,202300003,2023-11-08,176,3,1,1,1,4,2,2.0,2023-11-05 08:35:39,2023-11-05 10:35:39,2023-11-06 07:35:39,13.619239,75.167149,Mahika succumbed to injuries sustained during an altercation with Urmi at Madan Street near 08:35 AM.
788,100040014202600005,202600005,2026-01-26,87,14,1,2,5,20,2,,2026-01-24 15:45:35,2026-01-24 21:45:35,2026-01-25 10:45:35,13.87667,78.926627,Ekalinga was found manufacturing/selling illicit liquor from premises at Sood Path.
789,100010004202600002,202600002,2026-01-31,181,4,1,2,6,23,1,2.0,2026-01-31 08:16:24,2026-01-31 09:16:24,2026-01-31 12:16:24,13.839418,78.631299,"Tension arose near Sanghvi Road following a social media post, leading to a communal disturbance around 08:16 AM."
790,100020009202500007,202500007,2025-01-26,26,9,1,1,3,12,2,4.0,2025-01-24 23:55:50,2025-01-25 00:55:50,2025-01-25 01:55:50,13.791754,78.299834,Dev was allegedly abducted by Andrew near Pingle Chowk around 11:55 PM while returning home.
791,100080030202500005,202500005,2025-04-10,173,30,1,2,8,28,2,15.0,2025-04-08 13:47:28,2025-04-08 16:47:28,2025-04-08 18:47:28,14.450957,75.033697,Vrinda was found driving a mobile phone at Singhal without a valid licence and in a rash manner endangering pedestrians around 01:47 PM.
792,100200077202500003,202500003,2025-11-12,23,77,1,2,4,14,5,,2025-11-10 02:42:29,2025-11-10 05:42:29,2025-11-10 11:42:29,15.716356,77.94328,Reyansh received a call from an unidentified person claiming to be a bank official and lost money via UPI transfer after sharing an OTP. Transaction traced to an account linked to Patla Street.
793,100190073202400008,202400008,2024-09-24,227,73,1,2,8,30,1,,2024-09-24 23:26:06,2024-09-25 04:26:06,2024-09-25 05:26:06,14.250791,76.095701,Krisha was found transporting liquor without a valid permit near Apte Marg around 11:26 PM.
794,100100038202600009,202600009,2026-01-24,216,38,1,1,5,19,3,20.0,2026-01-21 21:00:57,2026-01-21 22:00:57,2026-01-22 15:00:57,13.270768,78.058689,"Acting on a tip-off, police intercepted Dipta near Mahal Zila and recovered narcotics being transported for sale."
795,100040017202600004,202600004,2026-03-11,113,17,1,2,7,26,4,7.0,2026-03-08 16:56:47,2026-03-08 18:56:47,2026-03-09 12:56:47,13.601719,75.411692,Jatin discovered that Charles had forged signatures on property documents related to land in Sood Path.
796,100150059202600002,202600002,2026-03-22,95,59,1,2,5,18,7,29.0,2026-03-22 00:42:38,2026-03-22 02:42:38,2026-03-22 04:42:38,14.151524,77.225616,"During a routine vehicle check near Narain Street, Meghana was found in possession of a commercial quantity of contraband substance around 12:42 AM."
797,800100038202500001,202500001,2025-01-10,240,38,3,2,6,21,3,,2025-01-08 12:23:48,2025-01-08 18:23:48,2025-01-09 07:23:48,13.243462,79.493607,A group led by Logan gathered unlawfully near Chaudry Street around 12:23 PM and caused a public nuisance.
798,100190074202600007,202600007,2026-03-15,82,74,1,2,4,15,1,,2026-03-12 20:25:57,2026-03-13 02:25:57,2026-03-13 06:25:57,14.712025,76.020851,Saumya reports that Nathan created a fake profile impersonating her and posted defamatory content on social media.
799,100200077202300009,202300009,2023-05-27,87,77,1,2,7,27,7,,2023-05-25 06:12:29,2023-05-25 09:12:29,2023-05-25 14:12:29,13.377031,78.970668,Police recovered counterfeit currency notes from Viraj during a check near Devan Street.
800,100090035202300003,202300003,2023-11-09,283,35,1,2,8,29,3,,2023-11-08 17:29:33,2023-11-08 22:29:33,2023-11-09 04:29:33,12.818706,77.867243,Balendra was found in possession of an unlicensed knife during a check near Karpe Ganj.
801,100130051202500003,202500003,2025-10-26,63,51,1,2,3,10,1,25.0,2025-10-26 06:29:46,2025-10-26 10:29:46,2025-10-27 03:29:46,15.702987,76.919533,Nitesh has alleged continuous harassment for additional dowry by Mekhala and in-laws at the matrimonial home in Doshi Ganj.
802,100100038202300006,202300006,2023-06-30,17,38,1,2,8,28,1,19.0,2023-06-30 08:56:31,2023-06-30 13:56:31,2023-07-01 11:56:31,12.686301,77.616223,Qasim was found driving a cash bag at Barman Zila without a valid licence and in a rash manner endangering pedestrians around 08:56 AM.
803,100040014202500005,202500005,2025-10-09,52,14,1,2,4,15,6,7.0,2025-10-08 05:35:05,2025-10-08 06:35:05,2025-10-08 22:35:05,12.792044,76.729671,Teerth reports that Yasti created a fake profile impersonating her and posted defamatory content on social media.
804,100200077202300010,202300010,2023-09-16,84,77,1,2,6,22,1,40.0,2023-09-14 08:51:26,2023-09-14 08:51:26,2023-09-14 22:51:26,13.945012,76.946941,"A clash broke out between two groups near Mahal Nagar around 08:51 AM, resulting in property damage and minor injuries."
805,100170067202300007,202300007,2023-02-02,125,67,1,2,3,13,3,,2023-01-31 01:54:03,2023-01-31 02:54:03,2023-01-31 16:54:03,12.981409,75.436991,Chatresh has reported repeated physical abuse by Jhalak at the shared household in Halder Ganj.
806,100010004202600003,202600003,2026-03-03,40,4,1,2,8,30,4,2.0,2026-03-02 19:03:55,2026-03-02 19:03:55,2026-03-03 16:03:55,14.113109,77.841467,Lucky was found transporting liquor without a valid permit near Shan Road around 07:03 PM.
807,100140056202600002,202600002,2026-04-01,50,56,1,2,6,21,1,27.0,2026-03-29 21:45:43,2026-03-30 00:45:43,2026-03-30 02:45:43,14.488855,78.45074,A group led by Varsha gathered unlawfully near Dua Zila around 09:45 PM and caused a public nuisance.
808,100200076202500002,202500002,2025-09-30,295,76,1,1,1,2,4,39.0,2025-09-27 13:56:49,2025-09-27 18:56:49,2025-09-28 14:56:49,14.830924,75.477241,"Arjun allegedly attacked Amara with a wooden stick at Guha Road around 01:56 PM, causing serious injuries. The victim was rushed to hospital and is under treatment."
809,800100037202400001,202400001,2024-01-22,69,37,3,2,4,15,1,20.0,2024-01-22 09:48:46,2024-01-22 12:48:46,2024-01-23 01:48:46,13.894252,75.481226,Tanmayi reports that Urmi created a fake profile impersonating her and posted defamatory content on social media.
810,100100037202500006,202500006,2025-12-29,136,37,1,1,2,8,1,,2025-12-28 23:39:13,2025-12-28 23:39:13,2025-12-29 01:39:13,14.486702,76.890256,A gang of five to six persons armed with knifes robbed the Master Path of cash and a gold chain around 11:39 PM.
811,100060024202400004,202400004,2024-05-05,185,24,1,1,8,29,4,11.0,2024-05-04 09:31:22,2024-05-04 14:31:22,2024-05-05 09:31:22,12.50735,76.823589,Brijesh was found in possession of an unlicensed wooden stick during a check near Toor Path.
812,800180071202500001,202500001,2025-03-21,200,71,3,1,2,7,3,36.0,2025-03-21 14:13:11,2025-03-21 20:13:11,2025-03-22 16:13:11,12.592697,78.545013,"A group of unidentified men robbed Nitesh of a gold chain near Suresh Path, threatening with a sickle."
813,100140055202500002,202500002,2025-10-23,262,55,1,2,3,13,4,,2025-10-23 12:03:57,2025-10-23 13:03:57,2025-10-24 04:03:57,14.736051,75.0641,Upkaar has reported repeated physical abuse by Sudiksha at the shared household in Guha Street.
814,100090034202600006,202600006,2026-01-03,35,34,1,1,3,11,4,18.0,2026-01-01 04:30:04,2026-01-01 05:30:04,2026-01-01 20:30:04,13.738877,76.34107,Rayaan has alleged that Arjun sexually assaulted her at Balasubramanian Nagar around 04:30 AM. Medical examination has been conducted.
815,100150061202500003,202500003,2025-10-07,3,61,1,2,4,16,4,30.0,2025-10-07 01:52:07,2025-10-07 01:52:07,2025-10-07 12:52:07,15.360578,75.649427,Pahal's email/social media account was accessed without authorization; unusual login activity was traced to an IP address outside Anne Marg.
816,100100037202400003,202400003,2024-05-04,241,37,1,2,6,21,5,,2024-05-02 18:59:53,2024-05-02 20:59:53,2024-05-03 03:59:53,15.173247,79.226068,A group led by Pahal gathered unlawfully near Panchal around 06:59 PM and caused a public nuisance.
817,100150058202600003,202600003,2026-06-06,90,58,1,2,3,13,2,,2026-06-04 16:35:52,2026-06-04 22:35:52,2026-06-05 03:35:52,14.469128,78.303927,Fitan has reported repeated physical abuse by Yatan at the shared household in Sha Zila.
818,100030012202300005,202300005,2023-02-20,36,12,1,2,6,22,6,6.0,2023-02-18 13:27:41,2023-02-18 14:27:41,2023-02-19 03:27:41,13.206007,79.207942,"A clash broke out between two groups near Roy Ganj around 01:27 PM, resulting in property damage and minor injuries."
819,100070027202400007,202400007,2024-09-09,34,27,1,2,4,15,4,13.0,2024-09-07 17:01:43,2024-09-07 19:01:43,2024-09-08 14:01:43,15.315569,78.526999,Ubika reports that Anvi created a fake profile impersonating her and posted defamatory content on social media.
820,100160065202400004,202400004,2024-09-22,212,65,1,2,4,17,2,,2024-09-22 08:46:21,2024-09-22 08:46:21,2024-09-23 02:46:21,14.101898,76.818886,Bina discovered that Garima had used her Aadhaar/PAN details to fraudulently open an account in Choudhary Marg.
821,100120045202500003,202500003,2025-05-11,8,45,1,2,3,13,1,24.0,2025-05-11 12:06:48,2025-05-11 15:06:48,2025-05-11 15:06:48,13.485043,75.030618,Wakeeta has reported repeated physical abuse by Veer at the shared household in D’Alia Chowk.
822,100120046202300002,202300002,2023-03-04,154,46,1,2,5,20,7,23.0,2023-03-02 11:50:22,2023-03-02 15:50:22,2023-03-02 20:50:22,13.753828,74.912751,Rajata was found manufacturing/selling illicit liquor from premises at Sami Circle.
823,100170068202500005,202500005,2025-05-09,178,68,1,2,2,9,2,,2025-05-07 22:00:05,2025-05-08 01:00:05,2025-05-08 01:00:05,12.937273,77.924278,Gabriel entered the premises at Grover without permission and refused to leave when asked by Neel.
824,100160063202600005,202600005,2026-01-09,66,63,1,2,2,6,3,32.0,2026-01-08 00:53:43,2026-01-08 00:53:43,2026-01-08 13:53:43,15.110146,76.426706,Unknown persons broke into the premises at Din Ganj during the night and decamped with a two-wheeler. Entry appears to have been made by breaking a window lock.
825,300140055202300003,202300003,2023-03-27,39,55,2,2,7,25,1,28.0,2023-03-26 00:00:23,2023-03-26 04:00:23,2023-03-26 14:00:23,13.806175,77.534957,"Hardik, entrusted with funds belonging to Tanish for a joint venture, allegedly misappropriated the amount."
826,100060023202300005,202300005,2023-06-13,57,23,1,1,1,1,1,11.0,2023-06-12 12:55:03,2023-06-12 13:55:03,2023-06-12 20:55:03,13.213298,75.039596,"The complainant states that the accused Brijesh attacked Rachana with a country-made pistol near Rana Path following a dispute, resulting in death. Body was found at the scene around 12:55 PM."
827,100100037202500007,202500007,2025-11-07,241,37,1,1,1,1,1,,2025-11-07 12:09:13,2025-11-07 12:09:13,2025-11-07 21:09:13,13.263006,75.137305,"The complainant states that the accused Nakul attacked Niharika with a sharp weapon near Verma Ganj following a dispute, resulting in death. Body was found at the scene around 12:09 PM."
828,100180070202600006,202600006,2026-06-16,33,70,1,2,7,25,3,35.0,2026-06-14 15:39:54,2026-06-14 19:39:54,2026-06-15 16:39:54,12.828605,79.150588,"Frado, entrusted with funds belonging to Dominic for a joint venture, allegedly misappropriated the amount."
829,100200076202500003,202500003,2025-01-12,103,76,1,2,4,16,3,39.0,2025-01-11 19:41:37,2025-01-11 22:41:37,2025-01-12 09:41:37,13.378267,76.21475,Upma's email/social media account was accessed without authorization; unusual login activity was traced to an IP address outside Raju Chowk.
830,100010003202500002,202500002,2025-08-17,210,3,1,2,7,26,2,1.0,2025-08-14 13:10:51,2025-08-14 16:10:51,2025-08-15 07:10:51,14.041622,78.695725,Vedant discovered that Dhriti had forged signatures on property documents related to land in Khatri Path.
831,100110040202300005,202300005,2023-10-02,73,40,1,2,6,23,2,21.0,2023-10-02 03:01:59,2023-10-02 08:01:59,2023-10-02 19:01:59,14.475123,77.755864,"Tension arose near Nagi Path following a social media post, leading to a communal disturbance around 03:01 AM."
832,800180070202400001,202400001,2024-01-05,103,70,3,2,7,25,2,,2024-01-03 04:19:00,2024-01-03 07:19:00,2024-01-03 22:19:00,13.282408,78.371724,"Watika, entrusted with funds belonging to Qadim for a joint venture, allegedly misappropriated the amount."
833,100180071202400007,202400007,2024-10-06,49,71,1,2,7,24,1,35.0,2024-10-05 20:35:57,2024-10-06 02:35:57,2024-10-06 13:35:57,14.564289,75.380487,"Aarush paid Ekalinga an advance for services/goods that were never delivered, related to a transaction near Kumar Ganj."
834,100100038202500003,202500003,2025-08-25,29,38,1,1,1,1,1,,2025-08-22 19:39:56,2025-08-23 01:39:56,2025-08-24 00:39:56,15.738257,76.753723,Yasti was found dead with injuries consistent with a sharp weapon at Lata Ganj. Neighbours reported a quarrel between Yasti and Osha shortly before 07:39 PM.
835,100070026202400005,202400005,2024-12-28,101,26,1,1,3,12,3,13.0,2024-12-25 06:39:58,2024-12-25 11:39:58,2024-12-25 19:39:58,14.604073,78.799094,Janaki was allegedly abducted by Chatura near Boase Nagar around 06:39 AM while returning home.
836,800170068202300001,202300001,2023-12-14,241,68,3,1,1,2,2,,2023-12-13 05:57:20,2023-12-13 11:57:20,2023-12-13 20:57:20,14.368136,75.933851,"Aradhana allegedly attacked Geetika with a country-made pistol at Sani Road around 05:57 AM, causing serious injuries. The victim was rushed to hospital and is under treatment."
837,100200076202400004,202400004,2024-01-23,122,76,1,2,6,22,1,39.0,2024-01-23 03:37:25,2024-01-23 07:37:25,2024-01-23 21:37:25,12.545287,76.588229,"A clash broke out between two groups near Dash Chowk around 03:37 AM, resulting in property damage and minor injuries."
838,100150060202500003,202500003,2025-06-22,58,60,1,1,3,12,1,29.0,2025-06-20 14:48:36,2025-06-20 20:48:36,2025-06-21 05:48:36,13.778551,75.021142,Ati was allegedly abducted by Hredhaan near Khare Nagar around 02:48 PM while returning home.
839,100190073202500004,202500004,2025-09-30,154,73,1,2,8,29,2,37.0,2025-09-30 13:13:11,2025-09-30 14:13:11,2025-10-01 14:13:11,15.64982,76.384112,Lajita was found in possession of an unlicensed country-made pistol during a check near Magar Nagar.
840,100150060202400006,202400006,2024-12-12,241,60,1,1,1,2,4,30.0,2024-12-11 09:32:05,2024-12-11 14:32:05,2024-12-12 05:32:05,14.053651,78.851305,"Netra allegedly attacked Om with a country-made pistol at Kamdar Ganj around 09:32 AM, causing serious injuries. The victim was rushed to hospital and is under treatment."
841,100080030202300008,202300008,2023-03-20,5,30,1,2,7,27,1,,2023-03-20 00:19:58,2023-03-20 04:19:58,2023-03-20 08:19:58,14.06372,78.566621,Police recovered counterfeit currency notes from Panini during a check near Sarkar Zila.
842,100100038202400007,202400007,2024-03-22,203,38,1,2,6,23,2,20.0,2024-03-22 19:44:06,2024-03-22 23:44:06,2024-03-23 04:44:06,15.562925,75.567342,"Tension arose near Patla Marg following a social media post, leading to a communal disturbance around 07:44 PM."
843,100190073202600008,202600008,2026-06-06,199,73,1,2,4,14,1,37.0,2026-06-05 10:57:35,2026-06-05 12:57:35,2026-06-06 08:57:35,15.190112,76.657664,Arya received a call from an unidentified person claiming to be a bank official and lost money via UPI transfer after sharing an OTP. Transaction traced to an account linked to Rout Ganj.
844,300020008202300002,202300002,2023-04-26,103,8,2,1,2,8,1,,2023-04-23 19:43:49,2023-04-23 23:43:49,2023-04-23 23:43:49,14.719709,75.029761,A gang of five to six persons armed with wooden sticks robbed the Bose Ganj of cash and a gold chain around 07:43 PM.
845,100120045202300004,202300004,2023-05-15,114,45,1,2,7,27,1,23.0,2023-05-15 06:29:03,2023-05-15 12:29:03,2023-05-16 01:29:03,15.216711,76.99808,Police recovered counterfeit currency notes from Meera during a check near Ganesh Street.
846,100060024202400005,202400005,2024-05-09,70,24,1,1,1,4,4,,2024-05-09 13:38:16,2024-05-09 19:38:16,2024-05-10 05:38:16,15.713136,74.816777,Aadi succumbed to injuries sustained during an altercation with Bhavna at Wadhwa Chowk near 01:38 PM.
847,100170068202300004,202300004,2023-04-22,11,68,1,2,4,15,2,34.0,2023-04-19 16:31:42,2023-04-19 19:31:42,2023-04-20 15:31:42,12.700291,78.649368,Chanchal reports that Jack created a fake profile impersonating her and posted defamatory content on social media.
848,800040017202300001,202300001,2023-01-12,142,17,3,2,6,22,2,,2023-01-11 10:32:39,2023-01-11 15:32:39,2023-01-11 23:32:39,14.35485,76.14777,"A clash broke out between two groups near Sengupta Street around 10:32 AM, resulting in property damage and minor injuries."
849,100070026202300003,202300003,2023-06-06,215,26,1,2,6,22,7,14.0,2023-06-06 02:20:42,2023-06-06 03:20:42,2023-06-06 15:20:42,15.815019,79.176606,"A clash broke out between two groups near Sheth Ganj around 02:20 AM, resulting in property damage and minor injuries."
850,100080029202500002,202500002,2025-04-04,97,29,1,2,7,24,2,16.0,2025-04-02 10:01:55,2025-04-02 11:01:55,2025-04-03 10:01:55,15.32028,78.683412,"Rachita paid Faras an advance for services/goods that were never delivered, related to a transaction near Menon."
851,100190074202300004,202300004,2023-08-23,49,74,1,2,6,23,2,38.0,2023-08-21 14:48:31,2023-08-21 16:48:31,2023-08-22 04:48:31,12.609617,75.502853,"Tension arose near Mukherjee Ganj following a social media post, leading to a communal disturbance around 02:48 PM."
852,100170068202300005,202300005,2023-09-21,211,68,1,1,2,8,1,33.0,2023-09-18 20:06:22,2023-09-19 00:06:22,2023-09-19 18:06:22,15.171191,75.093574,A gang of five to six persons armed with wooden sticks robbed the Raval Chowk of cash and a cash bag around 08:06 PM.
853,100060024202300003,202300003,2023-08-31,189,24,1,1,5,18,4,12.0,2023-08-29 09:57:14,2023-08-29 09:57:14,2023-08-30 05:57:14,14.996418,74.808558,"During a routine vehicle check near Varkey Marg, Vinaya was found in possession of a commercial quantity of contraband substance around 09:57 AM."
854,100190074202400003,202400003,2024-03-09,137,74,1,1,6,23,4,37.0,2024-03-06 13:46:21,2024-03-06 17:46:21,2024-03-07 14:46:21,14.560416,76.927117,"Tension arose near Hayer Street following a social media post, leading to a communal disturbance around 01:46 PM."
855,300030011202500001,202500001,2025-03-14,286,11,2,1,1,4,4,5.0,2025-03-14 01:45:33,2025-03-14 03:45:33,2025-03-14 23:45:33,15.001504,74.510112,Nihal succumbed to injuries sustained during an altercation with Baljiwan at Subramanian Road near 01:45 AM.
856,100150058202400002,202400002,2024-10-14,151,58,1,1,5,18,7,29.0,2024-10-13 04:18:58,2024-10-13 04:18:58,2024-10-13 17:18:58,14.417153,75.003459,"During a routine vehicle check near Korpal Road, Zinal was found in possession of a commercial quantity of contraband substance around 04:18 AM."
857,100020008202300004,202300004,2023-06-01,122,8,1,2,6,21,3,3.0,2023-06-01 05:20:32,2023-06-01 07:20:32,2023-06-02 05:20:32,14.955501,78.854239,A group led by Yuvraj gathered unlawfully near Dua Chowk around 05:20 AM and caused a public nuisance.
858,100110041202600003,202600003,2026-06-27,171,41,1,1,1,3,2,21.0,2026-06-27 00:09:39,2026-06-27 03:09:39,2026-06-27 20:09:39,13.153768,75.61789,"A physical altercation between Dipta and Dominic at Sarin Nagar led to grievous injuries being caused with a sickle, around 12:09 AM."
859,100180071202500006,202500006,2025-04-23,89,71,1,2,4,16,7,36.0,2025-04-22 21:24:48,2025-04-22 22:24:48,2025-04-23 22:24:48,13.612873,76.485731,Gauri's email/social media account was accessed without authorization; unusual login activity was traced to an IP address outside Morar Zila.
860,100110040202600003,202600003,2026-03-24,40,40,1,1,5,19,4,22.0,2026-03-23 07:50:14,2026-03-23 07:50:14,2026-03-23 13:50:14,15.784779,78.522661,"Acting on a tip-off, police intercepted Eta near Puri and recovered narcotics being transported for sale."
861,800040015202300001,202300001,2023-07-09,169,15,3,1,1,1,1,7.0,2023-07-08 01:08:30,2023-07-08 01:08:30,2023-07-09 00:08:30,15.681775,77.03934,"The complainant states that the accused Charan attacked Max with a knife near Sinha Nagar following a dispute, resulting in death. Body was found at the scene around 01:08 AM."
862,100190073202300009,202300009,2023-10-30,39,73,1,2,7,27,2,37.0,2023-10-28 20:29:30,2023-10-28 20:29:30,2023-10-28 23:29:30,15.846034,75.953061,Police recovered counterfeit currency notes from Fitan during a check near Acharya Nagar.
863,100190073202400009,202400009,2024-01-31,215,73,1,1,6,22,7,37.0,2024-01-30 07:39:32,2024-01-30 12:39:32,2024-01-31 01:39:32,14.21839,78.803105,"A clash broke out between two groups near Kapur around 07:39 AM, resulting in property damage and minor injuries."
864,100190074202400004,202400004,2024-10-25,283,74,1,2,1,4,7,,2024-10-24 22:19:31,2024-10-25 04:19:31,2024-10-25 11:19:31,13.849418,74.970126,Damini succumbed to injuries sustained during an altercation with Chaaya at Sahota Marg near 10:19 PM.
865,100020008202500003,202500003,2025-11-23,89,8,1,1,8,30,2,3.0,2025-11-22 15:05:19,2025-11-22 20:05:19,2025-11-23 16:05:19,14.641694,76.364449,Daniel was found transporting liquor without a valid permit near Dalal around 03:05 PM.
866,800020008202400001,202400001,2024-12-13,216,8,3,1,8,29,1,,2024-12-10 11:50:33,2024-12-10 11:50:33,2024-12-10 13:50:33,13.536702,78.837735,Vasatika was found in possession of an unlicensed sickle during a check near Rout Marg.
867,800190073202600001,202600001,2026-05-05,50,73,3,1,8,29,3,37.0,2026-05-02 15:21:46,2026-05-02 20:21:46,2026-05-03 04:21:46,15.553689,75.976377,Zayyan was found in possession of an unlicensed wooden stick during a check near Grover Marg.
868,100160064202400005,202400005,2024-06-26,267,64,1,2,8,30,1,31.0,2024-06-23 16:06:58,2024-06-23 18:06:58,2024-06-24 05:06:58,13.704962,74.966172,Abhimanyu was found transporting liquor without a valid permit near Krishna Street around 04:06 PM.
869,100100038202400008,202400008,2024-05-23,296,38,1,2,5,19,4,20.0,2024-05-20 10:43:36,2024-05-20 16:43:36,2024-05-21 11:43:36,15.027934,75.722206,"Acting on a tip-off, police intercepted Arunima near Gole Ganj and recovered narcotics being transported for sale."
870,100170068202600004,202600004,2026-05-25,168,68,1,2,6,23,4,,2026-05-25 11:58:26,2026-05-25 17:58:26,2026-05-26 00:58:26,14.550214,78.021316,"Tension arose near Kakar Ganj following a social media post, leading to a communal disturbance around 11:58 AM."
871,100120047202600004,202600004,2026-05-12,11,47,1,1,8,30,3,23.0,2026-05-10 09:12:45,2026-05-10 13:12:45,2026-05-10 15:12:45,15.013346,75.116626,Bina was found transporting liquor without a valid permit near Shan Circle around 09:12 AM.
872,100010003202500003,202500003,2025-09-03,248,3,1,2,8,28,1,,2025-09-01 05:51:39,2025-09-01 09:51:39,2025-09-02 07:51:39,15.649326,75.964991,Omisha was found driving a laptop at Kashyap Chowk without a valid licence and in a rash manner endangering pedestrians around 05:51 AM.
873,100140056202600003,202600003,2026-05-13,67,56,1,2,4,16,6,,2026-05-10 11:18:35,2026-05-10 14:18:35,2026-05-11 04:18:35,15.415419,76.174032,Veer's email/social media account was accessed without authorization; unusual login activity was traced to an IP address outside Lanka Marg.
874,100190073202500005,202500005,2025-06-03,236,73,1,2,8,30,1,37.0,2025-06-01 01:24:13,2025-06-01 06:24:13,2025-06-01 19:24:13,15.775065,75.949155,Faqid was found transporting liquor without a valid permit near Wason Road around 01:24 AM.
875,100090035202300004,202300004,2023-03-13,91,35,1,2,4,17,3,18.0,2023-03-11 05:32:31,2023-03-11 05:32:31,2023-03-11 13:32:31,15.70785,76.168729,Yatan discovered that Varsha had used her Aadhaar/PAN details to fraudulently open an account in Chaudhary Nagar.
876,300150061202300001,202300001,2023-12-05,101,61,2,2,2,5,1,,2023-12-03 17:11:39,2023-12-03 23:11:39,2023-12-04 15:11:39,14.907393,76.882096,The complainant reports that unidentified persons stole a cash bag from Biswas Circle sometime around 05:11 PM. No eyewitnesses have come forward yet.
877,100200076202400005,202400005,2024-11-15,54,76,1,1,3,11,1,,2024-11-12 17:27:22,2024-11-12 17:27:22,2024-11-12 18:27:22,12.950418,77.046572,Siya has alleged that Geetika sexually assaulted her at Tella Zila around 05:27 PM. Medical examination has been conducted.
878,100120048202600002,202600002,2026-03-26,280,48,1,1,3,11,1,23.0,2026-03-24 16:39:51,2026-03-24 18:39:51,2026-03-25 11:39:51,14.215862,74.62916,Ishani has alleged that George sexually assaulted her at Goda Path around 04:39 PM. Medical examination has been conducted.
879,800020008202600001,202600001,2026-03-03,7,8,3,2,6,21,4,3.0,2026-03-01 06:05:43,2026-03-01 11:05:43,2026-03-01 20:05:43,12.536881,74.507542,A group led by Rachana gathered unlawfully near Vala Zila around 06:05 AM and caused a public nuisance.
880,100140055202300003,202300003,2023-05-14,256,55,1,1,8,29,1,,2023-05-14 22:57:47,2023-05-14 23:57:47,2023-05-15 05:57:47,15.954301,74.751394,Benjamin was found in possession of an unlicensed country-made pistol during a check near Sethi Nagar.
881,100030012202600003,202600003,2026-05-20,270,12,1,2,6,21,3,,2026-05-19 17:41:16,2026-05-19 20:41:16,2026-05-20 09:41:16,14.076402,75.997194,A group led by Jackson gathered unlawfully near Deshpande around 05:41 PM and caused a public nuisance.
882,100080030202600005,202600005,2026-03-13,241,30,1,2,2,9,4,,2026-03-11 15:33:10,2026-03-11 21:33:10,2026-03-11 23:33:10,14.224717,78.852365,Christopher entered the premises at Devan Road without permission and refused to leave when asked by Hredhaan.
883,100050021202600002,202600002,2026-01-21,209,21,1,2,4,15,7,,2026-01-20 07:42:29,2026-01-20 08:42:29,2026-01-21 03:42:29,13.207624,78.88641,Wishi reports that Darika created a fake profile impersonating her and posted defamatory content on social media.
884,100160065202500003,202500003,2025-09-03,127,65,1,1,3,13,7,32.0,2025-09-01 06:59:56,2025-09-01 10:59:56,2025-09-02 06:59:56,15.761886,76.778282,Laksh has reported repeated physical abuse by Harish at the shared household in Comar Path.
885,100010003202600004,202600004,2026-04-29,177,3,1,1,3,13,2,1.0,2026-04-28 15:50:38,2026-04-28 20:50:38,2026-04-29 01:50:38,13.331606,76.162832,Fariq has reported repeated physical abuse by Chameli at the shared household in Mishra Circle.
886,100010006202500001,202500001,2025-10-25,73,6,1,1,1,3,1,2.0,2025-10-23 23:35:07,2025-10-24 04:35:07,2025-10-24 21:35:07,13.259238,77.596068,"A physical altercation between Hredhaan and Aayush at Basak Chowk led to grievous injuries being caused with a sharp weapon, around 11:35 PM."
887,300060024202500001,202500001,2025-03-29,294,24,2,1,3,10,1,,2025-03-26 18:30:32,2025-03-26 22:30:32,2025-03-27 15:30:32,12.795649,76.865669,Om has alleged continuous harassment for additional dowry by Qasim and in-laws at the matrimonial home in Chawla.
888,100040017202400004,202400004,2024-07-27,180,17,1,2,7,24,7,8.0,2024-07-24 23:22:02,2024-07-25 02:22:02,2024-07-25 12:22:02,14.071158,75.717569,"Anjali paid Raghav an advance for services/goods that were never delivered, related to a transaction near Khanna Chowk."
889,100110042202400002,202400002,2024-03-23,24,42,1,1,5,19,4,,2024-03-21 05:48:30,2024-03-21 08:48:30,2024-03-22 00:48:30,13.035206,79.205998,"Acting on a tip-off, police intercepted Hemangini near Ravel Street and recovered narcotics being transported for sale."
890,100180071202400008,202400008,2024-02-20,124,71,1,1,1,4,1,,2024-02-17 23:50:05,2024-02-17 23:50:05,2024-02-18 11:50:05,14.771935,78.19551,Jagdish succumbed to injuries sustained during an altercation with Yuvraj at Baria Street near 11:50 PM.
891,100020008202300005,202300005,2023-10-31,209,8,1,1,3,12,1,,2023-10-30 07:00:34,2023-10-30 13:00:34,2023-10-31 09:00:34,13.367246,77.537343,Tejas was allegedly abducted by Aradhana near Agate Zila around 07:00 AM while returning home.
892,100070026202300004,202300004,2023-08-18,195,26,1,2,7,24,1,14.0,2023-08-15 11:04:11,2023-08-15 11:04:11,2023-08-15 23:04:11,14.877773,77.247579,"Ekta paid Nirja an advance for services/goods that were never delivered, related to a transaction near Venkataraman Marg."
893,100160065202500004,202500004,2025-07-09,113,65,1,1,1,4,1,,2025-07-08 04:07:22,2025-07-08 06:07:22,2025-07-08 07:07:22,13.67898,76.98018,Vrishti succumbed to injuries sustained during an altercation with Vrinda at Sarkar Road near 04:07 AM.
894,100200077202500004,202500004,2025-10-10,286,77,1,1,2,6,7,,2025-10-08 22:10:59,2025-10-09 00:10:59,2025-10-09 02:10:59,14.58228,76.925531,Unknown persons broke into the premises at Mander Street during the night and decamped with a gold chain. Entry appears to have been made by breaking a window lock.
895,100160064202300005,202300005,2023-05-01,98,64,1,2,5,18,4,31.0,2023-04-29 11:39:51,2023-04-29 13:39:51,2023-04-30 13:39:51,13.488452,76.12775,"During a routine vehicle check near Mitter Path, Suhani was found in possession of a commercial quantity of contraband substance around 11:39 AM."
896,100110040202300006,202300006,2023-07-18,201,40,1,1,3,10,2,21.0,2023-07-16 19:42:19,2023-07-17 00:42:19,2023-07-17 16:42:19,13.573986,77.961332,Thomas has alleged continuous harassment for additional dowry by Raksha and in-laws at the matrimonial home in Badal Street.
897,100130053202600002,202600002,2026-05-27,38,53,1,1,3,12,1,,2026-05-25 14:11:54,2026-05-25 18:11:54,2026-05-26 15:11:54,14.211443,77.686031,Aachal was allegedly abducted by Hardik near Varty Road around 02:11 PM while returning home.
898,100040017202300005,202300005,2023-05-13,50,17,1,2,4,15,1,8.0,2023-05-12 08:24:55,2023-05-12 10:24:55,2023-05-12 11:24:55,12.868901,76.514074,Aarush reports that Manthan created a fake profile impersonating her and posted defamatory content on social media.
899,100190074202300005,202300005,2023-05-20,219,74,1,1,2,7,2,38.0,2023-05-18 00:35:29,2023-05-18 01:35:29,2023-05-18 09:35:29,13.970837,75.416749,"A group of unidentified men robbed Ikbal of a two-wheeler near Krishnamurthy Marg, threatening with a knife."
900,100130051202300005,202300005,2023-01-15,215,51,1,2,6,21,5,26.0,2023-01-12 10:27:06,2023-01-12 14:27:06,2023-01-13 05:27:06,12.673662,77.166995,A group led by Amol gathered unlawfully near Chauhan Zila around 10:27 AM and caused a public nuisance.
901,100150059202400005,202400005,2024-06-28,107,59,1,1,6,21,1,,2024-06-27 03:43:07,2024-06-27 07:43:07,2024-06-27 10:43:07,14.512139,77.853105,A group led by Nilima gathered unlawfully near Mand Zila around 03:43 AM and caused a public nuisance.
902,100090035202600004,202600004,2026-04-27,9,35,1,1,6,22,7,,2026-04-24 11:55:32,2026-04-24 12:55:32,2026-04-25 03:55:32,15.713398,77.220773,"A clash broke out between two groups near Malhotra Chowk around 11:55 AM, resulting in property damage and minor injuries."
903,100100038202400009,202400009,2024-12-23,28,38,1,1,1,4,1,20.0,2024-12-22 16:59:51,2024-12-22 18:59:51,2024-12-22 23:59:51,13.224736,79.448462,Sneha succumbed to injuries sustained during an altercation with Nitesh at Chatterjee Nagar near 04:59 PM.
904,100120045202300005,202300005,2023-01-03,116,45,1,2,8,28,3,24.0,2023-01-01 10:56:16,2023-01-01 13:56:16,2023-01-02 13:56:16,13.791781,76.859213,Triveni was found driving a gold chain at Sengupta Nagar without a valid licence and in a rash manner endangering pedestrians around 10:56 AM.
905,100100037202300009,202300009,2023-07-13,253,37,1,2,3,13,5,,2023-07-11 18:11:53,2023-07-11 19:11:53,2023-07-11 23:11:53,14.871914,76.239379,Chandani has reported repeated physical abuse by Rachana at the shared household in Bhatnagar Street.
906,400100038202500002,202500002,2025-06-11,136,38,4,1,4,17,1,,2025-06-09 09:46:12,2025-06-09 10:46:12,2025-06-09 12:46:12,15.619743,74.502731,Ikbal discovered that Frado had used her Aadhaar/PAN details to fraudulently open an account in Kakar Street.
907,800160064202300001,202300001,2023-06-29,232,64,3,2,4,14,1,,2023-06-29 02:33:05,2023-06-29 05:33:05,2023-06-29 08:33:05,13.275798,74.952371,Ojas received a call from an unidentified person claiming to be a bank official and lost money via UPI transfer after sharing an OTP. Transaction traced to an account linked to Wali Circle.
908,300110042202600001,202600001,2026-05-21,106,42,2,1,3,12,1,22.0,2026-05-21 01:29:03,2026-05-21 06:29:03,2026-05-21 20:29:03,14.90975,76.014784,Tanveer was allegedly abducted by Saumya near Gera Marg around 01:29 AM while returning home.
909,100090034202400004,202400004,2024-02-08,148,34,1,1,6,21,2,,2024-02-05 23:32:53,2024-02-06 05:32:53,2024-02-06 13:32:53,14.918606,75.565974,A group led by Krishna gathered unlawfully near Vasa Nagar around 11:32 PM and caused a public nuisance.
910,100160063202400002,202400002,2024-05-24,80,63,1,2,8,28,1,32.0,2024-05-21 15:05:01,2024-05-21 16:05:01,2024-05-22 05:05:01,13.769843,75.707098,Aashi was found driving a two-wheeler at Natarajan Road without a valid licence and in a rash manner endangering pedestrians around 03:05 PM.
911,100170067202600006,202600006,2026-05-22,89,67,1,1,1,4,7,,2026-05-21 22:40:50,2026-05-22 01:40:50,2026-05-22 13:40:50,13.991073,77.677238,Pahal succumbed to injuries sustained during an altercation with Faris at Sharma Path near 10:40 PM.
912,100060023202300006,202300006,2023-03-13,110,23,1,2,8,28,1,,2023-03-12 05:50:19,2023-03-12 08:50:19,2023-03-12 23:50:19,13.704119,78.283342,Ekantika was found driving a mobile phone at Bumb Street without a valid licence and in a rash manner endangering pedestrians around 05:50 AM.
913,100010005202600004,202600004,2026-04-26,74,5,1,1,2,7,3,2.0,2026-04-25 01:51:40,2026-04-25 04:51:40,2026-04-25 12:51:40,15.921371,77.812556,"Ira accosted Mason near Raghavan Path around 01:51 AM, snatched a wallet at knife-point, and fled on a two-wheeler."
914,100190073202500006,202500006,2025-02-10,244,73,1,2,2,6,3,37.0,2025-02-09 17:15:46,2025-02-09 22:15:46,2025-02-10 18:15:46,13.805345,78.324716,Unknown persons broke into the premises at Mani Street during the night and decamped with a gold chain. Entry appears to have been made by breaking a window lock.
915,100010005202600005,202600005,2026-04-11,218,5,1,2,3,10,1,,2026-04-10 17:33:05,2026-04-10 20:33:05,2026-04-11 15:33:05,15.092112,75.429019,Hemani has alleged continuous harassment for additional dowry by Harita and in-laws at the matrimonial home in Pathak Zila.
916,100180070202400009,202400009,2024-06-21,229,70,1,1,4,14,1,,2024-06-20 01:49:48,2024-06-20 06:49:48,2024-06-20 20:49:48,13.375726,75.832913,Nitara received a call from an unidentified person claiming to be a bank official and lost money via UPI transfer after sharing an OTP. Transaction traced to an account linked to Vaidya Road.
917,100080030202400008,202400008,2024-10-10,175,30,1,2,8,30,7,,2024-10-07 08:15:49,2024-10-07 10:15:49,2024-10-08 01:15:49,15.077124,75.595909,Triveni was found transporting liquor without a valid permit near Pant around 08:15 AM.
918,400140055202500001,202500001,2025-05-11,131,55,4,2,4,17,1,27.0,2025-05-10 16:41:21,2025-05-10 16:41:21,2025-05-11 11:41:21,13.30628,76.964473,Abdul discovered that Advika had used her Aadhaar/PAN details to fraudulently open an account in Goel Road.
919,800180071202400001,202400001,2024-02-27,295,71,3,1,1,4,7,,2024-02-25 08:09:32,2024-02-25 14:09:32,2024-02-26 00:09:32,12.584271,78.082522,Lohit succumbed to injuries sustained during an altercation with Mugdha at Merchant near 08:09 AM.
920,100140056202600004,202600004,2026-03-05,18,56,1,2,2,8,1,,2026-03-03 01:15:42,2026-03-03 06:15:42,2026-03-04 04:15:42,13.41105,79.132736,A gang of five to six persons armed with wooden sticks robbed the Butala Road of cash and a mobile phone around 01:15 AM.
921,100120047202600005,202600005,2026-04-13,283,47,1,2,8,29,1,24.0,2026-04-12 11:37:46,2026-04-12 13:37:46,2026-04-13 12:37:46,12.996892,75.910107,Darika was found in possession of an unlicensed wooden stick during a check near Mammen Marg.
922,100040016202300002,202300002,2023-04-30,37,16,1,1,1,4,5,,2023-04-29 11:20:10,2023-04-29 11:20:10,2023-04-29 21:20:10,13.39853,77.659768,Jyoti succumbed to injuries sustained during an altercation with Wyatt at Tella Circle near 11:20 AM.
923,100120046202500003,202500003,2025-02-02,228,46,1,2,2,5,5,,2025-01-30 17:54:51,2025-01-30 18:54:51,2025-01-30 23:54:51,13.451497,78.229401,"Dakshesh's laptop was stolen from outside Jayaraman Ganj while unattended, around 05:54 PM."
924,100170068202600005,202600005,2026-05-27,241,68,1,2,8,29,5,,2026-05-25 17:18:47,2026-05-25 20:18:47,2026-05-26 08:18:47,14.084675,74.726433,Suhani was found in possession of an unlicensed iron rod during a check near Shukla Circle.
925,100130052202400005,202400005,2024-02-13,164,52,1,2,8,28,2,26.0,2024-02-11 14:19:24,2024-02-11 17:19:24,2024-02-12 11:19:24,12.591553,76.37384,Niharika was found driving a wallet at Bose Nagar without a valid licence and in a rash manner endangering pedestrians around 02:19 PM.
926,400120048202400001,202400001,2024-07-09,200,48,4,2,5,19,1,24.0,2024-07-08 03:49:49,2024-07-08 05:49:49,2024-07-09 04:49:49,15.788344,77.865556,"Acting on a tip-off, police intercepted Joshua near Viswanathan and recovered narcotics being transported for sale."
927,100050020202500005,202500005,2025-09-19,219,20,1,2,1,3,5,,2025-09-16 09:50:14,2025-09-16 13:50:14,2025-09-17 04:50:14,12.579978,76.548742,"A physical altercation between Aarush and Ojasvi at Kala led to grievous injuries being caused with a country-made pistol, around 09:50 AM."
928,100090035202500003,202500003,2025-08-08,12,35,1,2,7,25,7,18.0,2025-08-07 19:12:11,2025-08-07 23:12:11,2025-08-08 02:12:11,14.903078,78.514086,"Upkaar, entrusted with funds belonging to Brinda for a joint venture, allegedly misappropriated the amount."
929,100070027202400008,202400008,2024-11-18,47,27,1,1,3,12,3,13.0,2024-11-16 12:21:52,2024-11-16 16:21:52,2024-11-17 14:21:52,14.854592,77.693542,Yashasvi was allegedly abducted by Manbir near Khatri Zila around 12:21 PM while returning home.
930,100140056202500003,202500003,2025-11-18,147,56,1,2,4,17,2,,2025-11-17 05:03:21,2025-11-17 09:03:21,2025-11-18 06:03:21,14.354654,75.999548,Ansh discovered that Geetika had used her Aadhaar/PAN details to fraudulently open an account in Tailor Ganj.
931,100150059202600003,202600003,2026-05-29,227,59,1,2,5,20,1,30.0,2026-05-26 10:33:27,2026-05-26 14:33:27,2026-05-26 21:33:27,14.206575,75.785555,Zinal was found manufacturing/selling illicit liquor from premises at Patel Ganj.
932,300010006202300001,202300001,2023-02-22,217,6,2,2,4,17,1,,2023-02-20 20:02:22,2023-02-20 21:02:22,2023-02-21 19:02:22,14.351881,74.998452,Tamanna discovered that Elijah had used her Aadhaar/PAN details to fraudulently open an account in Kala Path.
933,100150060202300002,202300002,2023-12-18,228,60,1,1,1,4,7,29.0,2023-12-16 03:59:08,2023-12-16 05:59:08,2023-12-16 18:59:08,13.245761,78.66909,Qadim succumbed to injuries sustained during an altercation with Rajata at Chopra near 03:59 AM.
934,800020008202500003,202500003,2025-11-29,242,8,3,1,6,23,4,,2025-11-28 16:47:10,2025-11-28 18:47:10,2025-11-29 01:47:10,15.405176,78.056101,"Tension arose near Oommen Ganj following a social media post, leading to a communal disturbance around 04:47 PM."
935,100130052202600002,202600002,2026-05-27,266,52,1,1,8,29,5,,2026-05-27 09:16:33,2026-05-27 15:16:33,2026-05-28 14:16:33,15.220114,75.046851,Yashica was found in possession of an unlicensed country-made pistol during a check near Bhattacharyya Path.
936,100160065202500005,202500005,2025-12-11,143,65,1,2,5,18,6,,2025-12-11 11:53:45,2025-12-11 13:53:45,2025-12-11 21:53:45,14.684459,79.121803,"During a routine vehicle check near Salvi, Neha was found in possession of a commercial quantity of contraband substance around 11:53 AM."
937,100090035202400003,202400003,2024-04-08,3,35,1,1,2,7,1,,2024-04-08 14:46:59,2024-04-08 17:46:59,2024-04-09 16:46:59,13.837531,77.194866,"A group of unidentified men robbed Manan of a wallet near Chauhan, threatening with a knife."
938,100140055202600002,202600002,2026-03-09,284,55,1,1,1,1,6,,2026-03-08 23:09:37,2026-03-09 04:09:37,2026-03-10 03:09:37,14.274163,79.369593,Qushi was found dead with injuries consistent with a sharp weapon at Bhakta. Neighbours reported a quarrel between Qushi and Netra shortly before 11:09 PM.
939,100080029202600003,202600003,2026-06-27,177,29,1,1,1,1,1,,2026-06-25 13:19:33,2026-06-25 19:19:33,2026-06-26 17:19:33,15.32943,78.540667,Thomas was found dead with injuries consistent with a sharp weapon at Pathak. Neighbours reported a quarrel between Thomas and Eshana shortly before 01:19 PM.
940,100180070202600007,202600007,2026-06-09,204,70,1,2,7,25,4,,2026-06-09 19:11:52,2026-06-10 01:11:52,2026-06-10 03:11:52,14.101876,75.632424,"Radha, entrusted with funds belonging to Lucky for a joint venture, allegedly misappropriated the amount."
941,400120046202600001,202600001,2026-04-10,185,46,4,1,1,2,1,,2026-04-08 02:46:04,2026-04-08 03:46:04,2026-04-08 07:46:04,14.423529,79.226188,"Niharika allegedly attacked Hemangini with a country-made pistol at Kalita Zila around 02:46 AM, causing serious injuries. The victim was rushed to hospital and is under treatment."
942,100140055202600003,202600003,2026-06-22,146,55,1,2,4,17,2,,2026-06-22 04:26:30,2026-06-22 07:26:30,2026-06-22 15:26:30,15.592522,79.387637,Banjeet discovered that Ayushman had used her Aadhaar/PAN details to fraudulently open an account in Sridhar Street.
943,100160064202400006,202400006,2024-12-16,82,64,1,1,1,3,1,32.0,2024-12-13 18:40:05,2024-12-13 22:40:05,2024-12-14 22:40:05,14.254807,78.420286,"A physical altercation between Atharv and Gaurika at Bhatti Nagar led to grievous injuries being caused with a wooden stick, around 06:40 PM."
944,100120045202300006,202300006,2023-12-07,149,45,1,2,2,9,1,,2023-12-04 21:28:29,2023-12-05 02:28:29,2023-12-05 10:28:29,12.57723,78.065925,Chatura entered the premises at Reddy Chowk without permission and refused to leave when asked by Ekanta.
945,100150059202400006,202400006,2024-01-17,193,59,1,2,6,21,5,,2024-01-14 07:51:44,2024-01-14 08:51:44,2024-01-15 05:51:44,13.784386,75.493474,A group led by Saanvi gathered unlawfully near Manda around 07:51 AM and caused a public nuisance.
946,100200077202600004,202600004,2026-04-18,56,77,1,2,6,21,6,39.0,2026-04-17 13:08:56,2026-04-17 15:08:56,2026-04-17 16:08:56,14.660793,77.39469,A group led by Anirudh gathered unlawfully near Chanda Circle around 01:08 PM and caused a public nuisance.
947,100090032202500003,202500003,2025-04-06,79,32,1,2,7,26,2,,2025-04-03 08:02:46,2025-04-03 11:02:46,2025-04-03 23:02:46,15.083777,76.820544,Rushil discovered that Samaksh had forged signatures on property documents related to land in Kata Chowk.
948,100180071202600004,202600004,2026-05-31,190,71,1,1,2,6,2,35.0,2026-05-29 08:55:19,2026-05-29 14:55:19,2026-05-30 06:55:19,14.851946,76.387164,Unknown persons broke into the premises at Kanda Zila during the night and decamped with a laptop. Entry appears to have been made by breaking a window lock.
949,800090034202600001,202600001,2026-04-17,163,34,3,2,4,15,1,,2026-04-17 18:45:16,2026-04-18 00:45:16,2026-04-18 08:45:16,15.712782,76.789347,Sara reports that Falan created a fake profile impersonating her and posted defamatory content on social media.
950,100050020202600003,202600003,2026-01-05,121,20,1,2,6,22,2,,2026-01-03 23:46:04,2026-01-03 23:46:04,2026-01-04 09:46:04,14.038631,78.072027,"A clash broke out between two groups near Khalsa Nagar around 11:46 PM, resulting in property damage and minor injuries."
951,100010006202600001,202600001,2026-02-19,72,6,1,1,6,22,2,2.0,2026-02-19 02:22:33,2026-02-19 08:22:33,2026-02-19 11:22:33,14.650607,76.928895,"A clash broke out between two groups near Grover Street around 02:22 AM, resulting in property damage and minor injuries."
952,100050021202500007,202500007,2025-01-17,265,21,1,1,2,7,7,9.0,2025-01-15 16:02:48,2025-01-15 21:02:48,2025-01-15 21:02:48,15.010444,79.139082,"A group of unidentified men robbed Qabil of a wallet near Lal Ganj, threatening with a country-made pistol."
953,100070027202300005,202300005,2023-10-02,3,27,1,2,3,13,1,14.0,2023-09-30 13:42:28,2023-09-30 19:42:28,2023-10-01 19:42:28,12.610091,78.148726,Peter has reported repeated physical abuse by Eiravati at the shared household in Balakrishnan Marg.
954,100110042202500001,202500001,2025-12-30,205,42,1,1,2,8,6,,2025-12-29 00:25:02,2025-12-29 00:25:02,2025-12-29 01:25:02,15.073176,76.954576,A gang of five to six persons armed with sickles robbed the Taneja Marg of cash and a wallet around 12:25 AM.
955,800150061202500001,202500001,2025-04-06,183,61,3,1,5,20,2,30.0,2025-04-04 14:25:25,2025-04-04 20:25:25,2025-04-05 14:25:25,13.619583,75.462318,Sara was found manufacturing/selling illicit liquor from premises at Lanka Zila.
956,100060023202300007,202300007,2023-09-19,205,23,1,2,3,11,1,,2023-09-17 13:47:59,2023-09-17 15:47:59,2023-09-17 20:47:59,13.458229,75.65496,Balveer has alleged that Amrita sexually assaulted her at Sani Ganj around 01:47 PM. Medical examination has been conducted.
957,400020009202600001,202600001,2026-03-30,152,9,4,2,7,26,6,3.0,2026-03-29 13:44:43,2026-03-29 15:44:43,2026-03-30 11:44:43,15.282806,76.55036,Kalpit discovered that Chanchal had forged signatures on property documents related to land in Nazareth.
958,100170067202500002,202500002,2025-07-02,134,67,1,1,2,7,4,,2025-06-29 08:43:56,2025-06-29 12:43:56,2025-06-30 06:43:56,14.874913,76.253718,"A group of unidentified men robbed Gavin of a two-wheeler near Keer Street, threatening with a knife."
959,100070026202400006,202400006,2024-01-29,164,26,1,1,3,13,1,13.0,2024-01-28 23:25:53,2024-01-29 05:25:53,2024-01-29 07:25:53,15.188585,79.373387,Devansh has reported repeated physical abuse by Triya at the shared household in Wali Chowk.
960,300200077202400001,202400001,2024-05-30,260,77,2,2,5,19,1,39.0,2024-05-27 23:54:24,2024-05-28 05:54:24,2024-05-28 08:54:24,14.083309,78.091078,"Acting on a tip-off, police intercepted Madhavi near Narula Marg and recovered narcotics being transported for sale."
961,100130052202400006,202400006,2024-02-13,268,52,1,1,1,2,2,26.0,2024-02-13 15:07:49,2024-02-13 21:07:49,2024-02-13 21:07:49,15.143684,78.889439,"Quincy allegedly attacked Chaitaly with a wooden stick at Deol Ganj around 03:07 PM, causing serious injuries. The victim was rushed to hospital and is under treatment."
962,100130051202600003,202600003,2026-03-03,106,51,1,2,6,21,3,,2026-03-02 14:32:08,2026-03-02 14:32:08,2026-03-02 16:32:08,12.968992,77.781649,A group led by Lopa gathered unlawfully near Garg Street around 02:32 PM and caused a public nuisance.
963,300120048202400001,202400001,2024-09-15,278,48,2,1,1,4,1,,2024-09-13 09:22:05,2024-09-13 13:22:05,2024-09-13 23:22:05,12.810356,79.039406,Amol succumbed to injuries sustained during an altercation with Ekani at Mani Chowk near 09:22 AM.
964,100010004202500005,202500005,2025-05-13,203,4,1,1,5,19,2,,2025-05-11 11:12:23,2025-05-11 14:12:23,2025-05-12 12:12:23,14.102935,75.462902,"Acting on a tip-off, police intercepted Baljiwan near Patla Zila and recovered narcotics being transported for sale."
965,100040016202300003,202300003,2023-12-02,237,16,1,2,7,26,1,,2023-11-30 06:20:03,2023-11-30 12:20:03,2023-11-30 15:20:03,15.423692,74.563463,Falak discovered that Samaksh had forged signatures on property documents related to land in Kalita Zila.
966,100090032202600003,202600003,2026-03-28,17,32,1,2,2,9,2,18.0,2026-03-25 17:49:59,2026-03-25 22:49:59,2026-03-26 04:49:59,14.676748,77.865498,Edhitha entered the premises at Babu Nagar without permission and refused to leave when asked by Sara.
967,400200077202600001,202600001,2026-04-15,7,77,4,2,5,20,1,,2026-04-13 03:45:20,2026-04-13 04:45:20,2026-04-13 18:45:20,15.807627,77.349402,Jairaj was found manufacturing/selling illicit liquor from premises at Viswanathan.
968,100110043202300002,202300002,2023-04-18,123,43,1,1,3,12,4,21.0,2023-04-18 12:02:42,2023-04-18 16:02:42,2023-04-18 21:02:42,13.970491,76.130262,Jalsa was allegedly abducted by Kai near Varkey Ganj around 12:02 PM while returning home.
969,100050020202300003,202300003,2023-12-03,11,20,1,2,3,13,4,9.0,2023-12-02 16:51:47,2023-12-02 20:51:47,2023-12-03 17:51:47,15.453616,76.62976,Geetika has reported repeated physical abuse by Yashvi at the shared household in Mammen Path.
970,800010006202600001,202600001,2026-01-10,6,6,3,1,6,23,1,,2026-01-07 18:43:47,2026-01-07 18:43:47,2026-01-08 04:43:47,14.766366,76.922637,"Tension arose near Dani Road following a social media post, leading to a communal disturbance around 06:43 PM."
971,100040016202500004,202500004,2025-12-02,70,16,1,2,6,21,2,7.0,2025-11-29 19:37:09,2025-11-29 20:37:09,2025-11-30 01:37:09,15.334333,75.662027,A group led by Brijesh gathered unlawfully near Mohanty Street around 07:37 PM and caused a public nuisance.
972,100170067202500003,202500003,2025-09-09,108,67,1,2,5,18,3,33.0,2025-09-07 20:22:02,2025-09-07 23:22:02,2025-09-08 11:22:02,15.169832,76.312513,"During a routine vehicle check near Bandi Chowk, Harini was found in possession of a commercial quantity of contraband substance around 08:22 PM."
973,100060024202400006,202400006,2024-07-20,232,24,1,1,6,23,2,11.0,2024-07-18 17:04:56,2024-07-18 18:04:56,2024-07-19 05:04:56,13.997207,78.263383,"Tension arose near Ahuja Street following a social media post, leading to a communal disturbance around 05:04 PM."
974,300110043202600002,202600002,2026-02-11,171,43,2,2,8,30,2,21.0,2026-02-08 11:51:59,2026-02-08 11:51:59,2026-02-08 18:51:59,13.145089,79.175152,Dalaja was found transporting liquor without a valid permit near Chanda around 11:51 AM.
975,100130050202300004,202300004,2023-06-23,135,50,1,2,7,24,6,25.0,2023-06-23 10:38:10,2023-06-23 14:38:10,2023-06-24 11:38:10,12.629285,76.421674,"Noah paid Urishilla an advance for services/goods that were never delivered, related to a transaction near Venkataraman Marg."
976,100190074202300006,202300006,2023-02-24,2,74,1,1,1,4,4,37.0,2023-02-23 07:29:28,2023-02-23 09:29:28,2023-02-23 14:29:28,13.488204,78.22276,Janani succumbed to injuries sustained during an altercation with Amaira at Deshmukh Chowk near 07:29 AM.
977,100190074202600008,202600008,2026-03-05,34,74,1,2,5,18,1,37.0,2026-03-03 23:20:55,2026-03-04 03:20:55,2026-03-05 01:20:55,15.4688,76.86262,"During a routine vehicle check near Savant Ganj, Tanveer was found in possession of a commercial quantity of contraband substance around 11:20 PM."
978,300050020202300001,202300001,2023-12-05,60,20,2,2,3,10,2,10.0,2023-12-05 13:53:43,2023-12-05 17:53:43,2023-12-06 03:53:43,12.956009,76.767639,Onveer has alleged continuous harassment for additional dowry by Harrison and in-laws at the matrimonial home in Narain Marg.
979,100200077202500005,202500005,2025-05-31,252,77,1,2,4,17,1,39.0,2025-05-29 16:58:46,2025-05-29 16:58:46,2025-05-30 14:58:46,14.71469,75.911691,Vrinda discovered that Ubika had used her Aadhaar/PAN details to fraudulently open an account in Kanda Chowk.
980,100020009202500008,202500008,2025-02-09,77,9,1,1,3,10,2,3.0,2025-02-07 22:40:45,2025-02-07 23:40:45,2025-02-08 20:40:45,12.500422,76.046997,Jackson has alleged continuous harassment for additional dowry by Pranit and in-laws at the matrimonial home in Sarna Chowk.
981,100130053202300003,202300003,2023-10-05,116,53,1,2,4,14,1,25.0,2023-10-03 10:04:25,2023-10-03 13:04:25,2023-10-04 05:04:25,15.189883,79.020111,"Upadhriti was defrauded via a fake investment app promoted online, transferring funds over several weeks before realizing the platform was fraudulent."
982,100040014202300001,202300001,2023-11-24,200,14,1,2,6,21,2,7.0,2023-11-23 20:01:19,2023-11-24 02:01:19,2023-11-24 17:01:19,14.115169,77.669988,A group led by Mekhala gathered unlawfully near Guha Nagar around 08:01 PM and caused a public nuisance.
983,100080030202500006,202500006,2025-02-04,152,30,1,2,8,28,4,16.0,2025-02-02 23:49:47,2025-02-03 01:49:47,2025-02-03 05:49:47,12.725493,75.982966,Warjas was found driving a two-wheeler at Ramesh Circle without a valid licence and in a rash manner endangering pedestrians around 11:49 PM.
984,100110040202300007,202300007,2023-04-13,226,40,1,2,8,28,1,21.0,2023-04-11 06:44:36,2023-04-11 11:44:36,2023-04-11 20:44:36,14.221945,78.421761,Imaran was found driving a gold chain at Bhavsar Chowk without a valid licence and in a rash manner endangering pedestrians around 06:44 AM.
985,100180071202300006,202300006,2023-06-23,14,71,1,2,4,17,3,,2023-06-22 01:23:55,2023-06-22 05:23:55,2023-06-22 11:23:55,15.858492,78.946468,Vanya discovered that Aradhana had used her Aadhaar/PAN details to fraudulently open an account in Hans Circle.
986,100100037202400004,202400004,2024-05-18,172,37,1,2,3,13,1,20.0,2024-05-15 20:51:30,2024-05-15 20:51:30,2024-05-16 14:51:30,12.87474,75.692086,Chanakya has reported repeated physical abuse by Matthew at the shared household in D’Alia Street.
987,100110041202600004,202600004,2026-04-05,149,41,1,1,4,14,1,,2026-04-04 18:50:27,2026-04-04 18:50:27,2026-04-05 17:50:27,15.081677,77.686733,"Lavanya was defrauded via a fake investment app promoted online, transferring funds over several weeks before realizing the platform was fraudulent."
988,100080030202600006,202600006,2026-02-10,163,30,1,2,4,14,4,,2026-02-07 07:54:05,2026-02-07 12:54:05,2026-02-07 21:54:05,13.804305,76.976695,"Agastya was defrauded via a fake investment app promoted online, transferring funds over several weeks before realizing the platform was fraudulent."
989,300090033202600002,202600002,2026-05-26,39,33,2,2,4,17,1,17.0,2026-05-25 06:14:12,2026-05-25 09:14:12,2026-05-25 17:14:12,13.419778,75.936214,Aarav discovered that Tanish had used her Aadhaar/PAN details to fraudulently open an account in Pai.
990,100130052202600003,202600003,2026-03-20,138,52,1,1,1,1,2,,2026-03-18 22:25:46,2026-03-19 01:25:46,2026-03-19 21:25:46,13.180205,75.122877,Damyanti was found dead with injuries consistent with a country-made pistol at Bala Ganj. Neighbours reported a quarrel between Damyanti and Kalpit shortly before 10:25 PM.
991,100150059202600004,202600004,2026-06-12,78,59,1,2,4,14,2,29.0,2026-06-11 00:02:45,2026-06-11 00:02:45,2026-06-11 08:02:45,13.204979,78.22213,Darpan received a call from an unidentified person claiming to be a bank official and lost money via UPI transfer after sharing an OTP. Transaction traced to an account linked to Bhat.
992,300040015202600002,202600002,2026-05-07,187,15,2,2,8,30,4,7.0,2026-05-06 08:26:40,2026-05-06 13:26:40,2026-05-06 18:26:40,13.2264,77.398197,Hredhaan was found transporting liquor without a valid permit near Nagarajan Path around 08:26 AM.
993,100150061202600003,202600003,2026-03-02,16,61,1,2,7,26,2,30.0,2026-03-02 02:38:16,2026-03-02 05:38:16,2026-03-02 10:38:16,12.808267,76.90386,Zaid discovered that Daniel had forged signatures on property documents related to land in Badal Zila.
994,100020009202300004,202300004,2023-01-26,78,9,1,1,1,1,1,,2023-01-24 14:21:00,2023-01-24 17:21:00,2023-01-25 08:21:00,15.98365,75.776616,Yatin was found dead with injuries consistent with a iron rod at Cherian Chowk. Neighbours reported a quarrel between Yatin and Zayan shortly before 02:21 PM.
995,100100037202500008,202500008,2025-09-08,191,37,1,2,4,15,2,,2025-09-07 02:23:35,2025-09-07 05:23:35,2025-09-07 17:23:35,12.799679,78.803166,Anya reports that Gautam created a fake profile impersonating her and posted defamatory content on social media.
996,100100037202500009,202500009,2025-01-02,265,37,1,2,8,30,1,20.0,2025-01-01 17:30:48,2025-01-01 19:30:48,2025-01-02 07:30:48,13.665033,79.298022,Azaan was found transporting liquor without a valid permit near Oommen Zila around 05:30 PM.
997,100060024202300004,202300004,2023-07-19,53,24,1,2,2,5,2,,2023-07-17 00:54:57,2023-07-17 02:54:57,2023-07-17 12:54:57,14.577555,79.089708,The complainant reports that unidentified persons stole a laptop from Karnik Chowk sometime around 12:54 AM. No eyewitnesses have come forward yet.
998,100120048202500003,202500003,2025-07-04,254,48,1,2,4,15,2,,2025-07-02 19:15:17,2025-07-02 23:15:17,2025-07-03 11:15:17,15.140667,78.421082,Ryan reports that Nandini created a fake profile impersonating her and posted defamatory content on social media.
999,100100038202600010,202600010,2026-05-17,199,38,1,2,5,18,1,,2026-05-16 22:19:47,2026-05-17 02:19:47,2026-05-17 04:19:47,15.912904,76.140704,"During a routine vehicle check near Ahluwalia Zila, Samarth was found in possession of a commercial quantity of contraband substance around 10:19 PM."
1000,100170067202500004,202500004,2025-09-06,71,67,1,2,4,16,2,33.0,2025-09-06 05:52:16,2025-09-06 06:52:16,2025-09-06 19:52:16,13.866197,79.039121,Ira's email/social media account was accessed without authorization; unusual login activity was traced to an IP address outside Khosla Circle.
1001,100030012202300006,202300006,2023-04-21,185,12,1,2,8,29,2,6.0,2023-04-21 02:41:55,2023-04-21 03:41:55,2023-04-21 15:41:55,14.797497,77.718803,Sanya was found in possession of an unlicensed iron rod during a check near Sunder.
1002,100130053202600003,202600003,2026-06-13,119,53,1,2,7,24,2,26.0,2026-06-10 16:10:41,2026-06-10 20:10:41,2026-06-11 14:10:41,12.77552,79.270589,"Brijesh paid Aadhya an advance for services/goods that were never delivered, related to a transaction near Thaker."
1003,800160064202600001,202600001,2026-03-03,123,64,3,2,4,14,7,31.0,2026-03-03 05:09:00,2026-03-03 11:09:00,2026-03-04 06:09:00,13.08919,77.294256,Reva received a call from an unidentified person claiming to be a bank official and lost money via UPI transfer after sharing an OTP. Transaction traced to an account linked to Raja Marg.
1004,300070026202400001,202400001,2024-05-05,202,26,2,2,8,30,4,,2024-05-03 02:08:16,2024-05-03 05:08:16,2024-05-04 00:08:16,12.821967,79.412118,Vedhika was found transporting liquor without a valid permit near Bawa Road around 02:08 AM.
1005,300130052202500001,202500001,2025-08-09,132,52,2,2,6,21,2,25.0,2025-08-06 15:01:31,2025-08-06 18:01:31,2025-08-06 18:01:31,14.774438,75.936321,A group led by Sanaya gathered unlawfully near Bhavsar Nagar around 03:01 PM and caused a public nuisance.
1006,300110041202300002,202300002,2023-04-16,237,41,2,2,8,29,2,21.0,2023-04-16 03:48:05,2023-04-16 05:48:05,2023-04-17 01:48:05,13.960349,78.72803,Ayaan was found in possession of an unlicensed sharp weapon during a check near Chandran Road.
1007,100090034202600007,202600007,2026-01-17,8,34,1,1,3,12,1,17.0,2026-01-15 02:20:52,2026-01-15 08:20:52,2026-01-16 06:20:52,14.371222,74.81498,Fiyaz was allegedly abducted by Sai near Yogi Nagar around 02:20 AM while returning home.
1008,300070027202500001,202500001,2025-11-17,2,27,2,2,7,25,5,14.0,2025-11-16 15:41:49,2025-11-16 17:41:49,2025-11-17 13:41:49,15.964093,74.923288,"Raksha, entrusted with funds belonging to Kashvi for a joint venture, allegedly misappropriated the amount."
1009,100070027202400009,202400009,2024-11-03,139,27,1,2,6,23,1,14.0,2024-11-03 01:36:44,2024-11-03 02:36:44,2024-11-03 05:36:44,15.154574,77.235249,"Tension arose near Rau Road following a social media post, leading to a communal disturbance around 01:36 AM."
1010,100080030202400009,202400009,2024-03-13,189,30,1,2,1,3,4,,2024-03-12 11:22:44,2024-03-12 14:22:44,2024-03-12 18:22:44,15.787724,78.12413,"A physical altercation between Manya and Ubika at Sood led to grievous injuries being caused with a country-made pistol, around 11:22 AM."
1011,100010005202400002,202400002,2024-08-22,268,5,1,1,1,1,2,2.0,2024-08-20 04:40:43,2024-08-20 08:40:43,2024-08-20 14:40:43,15.145553,77.675188,"The complainant states that the accused Isha attacked Isaiah with a wooden stick near Basu Marg following a dispute, resulting in death. Body was found at the scene around 04:40 AM."
1012,100050019202400005,202400005,2024-01-18,205,19,1,1,1,4,7,9.0,2024-01-17 09:26:55,2024-01-17 12:26:55,2024-01-18 06:26:55,15.71858,75.756979,Qabil succumbed to injuries sustained during an altercation with Brinda at Sama Nagar near 09:26 AM.
1013,100010003202300004,202300004,2023-10-22,37,3,1,2,8,28,3,,2023-10-21 01:27:19,2023-10-21 07:27:19,2023-10-21 19:27:19,14.664348,77.650991,Amaira was found driving a laptop at Vaidya Chowk without a valid licence and in a rash manner endangering pedestrians around 01:27 AM.
1014,100060023202300008,202300008,2023-01-24,282,23,1,2,7,27,4,11.0,2023-01-21 10:47:14,2023-01-21 12:47:14,2023-01-21 14:47:14,15.30997,75.241837,Police recovered counterfeit currency notes from Aadi during a check near Kapadia Circle.
1015,400140056202400001,202400001,2024-07-09,31,56,4,2,3,10,1,27.0,2024-07-07 10:35:20,2024-07-07 14:35:20,2024-07-08 07:35:20,15.322117,74.627123,Yachana has alleged continuous harassment for additional dowry by Vedant and in-laws at the matrimonial home in Barman.
1016,100080030202500007,202500007,2025-09-03,299,30,1,2,2,5,5,,2025-09-02 11:08:11,2025-09-02 17:08:11,2025-09-03 08:08:11,13.261056,78.623081,"Isaiah's cash bag was stolen from outside Gade Path while unattended, around 11:08 AM."
1017,400050020202600001,202600001,2026-03-09,223,20,4,2,6,21,5,,2026-03-08 01:51:10,2026-03-08 03:51:10,2026-03-08 17:51:10,15.264658,74.946801,A group led by Ekani gathered unlawfully near Vaidya Circle around 01:51 AM and caused a public nuisance.
1018,100020009202300005,202300005,2023-07-27,155,9,1,2,2,5,1,3.0,2023-07-25 04:02:35,2023-07-25 09:02:35,2023-07-25 22:02:35,15.579097,74.800385,"Maanav's wallet was stolen from outside Chatterjee Zila while unattended, around 04:02 AM."
1019,100150058202600004,202600004,2026-05-29,158,58,1,1,7,27,1,,2026-05-29 12:21:51,2026-05-29 15:21:51,2026-05-30 08:21:51,14.154308,75.676147,Police recovered counterfeit currency notes from Benjamin during a check near Agate Circle.
1020,100080030202300009,202300009,2023-02-08,226,30,1,2,1,3,4,,2023-02-07 09:39:29,2023-02-07 14:39:29,2023-02-08 13:39:29,15.337513,76.255735,"A physical altercation between Meera and Qasim at Lanka Marg led to grievous injuries being caused with a country-made pistol, around 09:39 AM."
1021,100170068202400001,202400001,2024-12-24,204,68,1,1,2,7,4,,2024-12-24 18:56:56,2024-12-24 21:56:56,2024-12-25 02:56:56,15.399188,79.04288,"Chandran accosted Dipta near Dash Zila around 06:56 PM, snatched a cash bag at knife-point, and fled on a two-wheeler."
1022,800050020202500001,202500001,2025-02-06,124,20,3,1,3,10,5,10.0,2025-02-04 07:02:15,2025-02-04 10:02:15,2025-02-04 22:02:15,13.924766,76.998881,Farhan has alleged continuous harassment for additional dowry by Pahal and in-laws at the matrimonial home in Karan Nagar.
1023,100170067202600007,202600007,2026-03-18,130,67,1,1,1,3,4,,2026-03-16 06:08:22,2026-03-16 07:08:22,2026-03-16 15:08:22,15.955593,76.626628,"A physical altercation between Ladli and Daksh at Amble Chowk led to grievous injuries being caused with a wooden stick, around 06:08 AM."
1024,100150058202500003,202500003,2025-01-03,249,58,1,2,5,20,1,29.0,2025-01-03 16:13:28,2025-01-03 18:13:28,2025-01-04 08:13:28,13.593411,76.798142,Krisha was found manufacturing/selling illicit liquor from premises at Mahal Marg.
1025,100100037202500010,202500010,2025-05-01,17,37,1,2,2,5,3,19.0,2025-04-29 18:29:18,2025-04-29 18:29:18,2025-04-30 02:29:18,13.525154,78.379378,The complainant reports that unidentified persons stole a cash bag from Balakrishnan Circle sometime around 06:29 PM. No eyewitnesses have come forward yet.
1026,300200076202300001,202300001,2023-09-22,99,76,2,1,8,30,6,39.0,2023-09-20 03:45:55,2023-09-20 05:45:55,2023-09-20 13:45:55,15.3074,78.889753,Kala was found transporting liquor without a valid permit near Ravel Road around 03:45 AM.
1027,100050021202400005,202400005,2024-04-02,284,21,1,1,7,25,7,9.0,2024-03-30 12:20:47,2024-03-30 15:20:47,2024-03-31 01:20:47,14.52865,74.628623,"Idika, entrusted with funds belonging to Gaurika for a joint venture, allegedly misappropriated the amount."
1028,800180070202600001,202600001,2026-04-21,188,70,3,1,8,29,7,35.0,2026-04-21 00:32:02,2026-04-21 01:32:02,2026-04-21 07:32:02,13.71939,79.389379,Deepa was found in possession of an unlicensed country-made pistol during a check near Desai Marg.
1029,100180071202500007,202500007,2025-08-28,118,71,1,2,2,5,3,,2025-08-26 10:21:06,2025-08-26 12:21:06,2025-08-27 07:21:06,13.758098,78.745903,"George's laptop was stolen from outside Krishnamurthy Circle while unattended, around 10:21 AM."
1030,100030012202500001,202500001,2025-09-01,50,12,1,1,3,13,2,,2025-08-31 18:05:19,2025-08-31 23:05:19,2025-09-01 00:05:19,15.477834,79.110689,Joshua has reported repeated physical abuse by Rohan at the shared household in Ghose Zila.
1031,100010005202300001,202300001,2023-02-01,66,5,1,2,4,16,2,,2023-01-29 04:45:47,2023-01-29 07:45:47,2023-01-29 16:45:47,15.980603,79.023204,Varenya's email/social media account was accessed without authorization; unusual login activity was traced to an IP address outside Sani Ganj.
1032,100100038202300007,202300007,2023-08-30,148,38,1,2,8,28,5,20.0,2023-08-28 10:44:19,2023-08-28 16:44:19,2023-08-29 07:44:19,13.349856,78.989528,Viraj was found driving a wallet at Nair Circle without a valid licence and in a rash manner endangering pedestrians around 10:44 AM.
1033,100070026202600004,202600004,2026-06-20,96,26,1,2,4,17,7,,2026-06-18 04:44:36,2026-06-18 07:44:36,2026-06-18 14:44:36,15.471406,76.390732,Bhavika discovered that Unni had used her Aadhaar/PAN details to fraudulently open an account in Dhingra Path.
1034,100100038202500004,202500004,2025-11-14,198,38,1,1,5,19,1,,2025-11-14 03:43:56,2025-11-14 08:43:56,2025-11-15 06:43:56,13.18539,74.70186,"Acting on a tip-off, police intercepted Omkaar near Handa Nagar and recovered narcotics being transported for sale."
1035,300200077202600001,202600001,2026-05-20,151,77,2,1,1,1,4,40.0,2026-05-20 02:51:13,2026-05-20 02:51:13,2026-05-20 18:51:13,13.177869,74.75801,Yatin was found dead with injuries consistent with a country-made pistol at Narasimhan Road. Neighbours reported a quarrel between Yatin and Benjamin shortly before 02:51 AM.
1036,100150061202500004,202500004,2025-07-23,84,61,1,2,4,14,4,30.0,2025-07-23 00:25:37,2025-07-23 04:25:37,2025-07-23 13:25:37,15.668158,76.735125,Advik received a call from an unidentified person claiming to be a bank official and lost money via UPI transfer after sharing an OTP. Transaction traced to an account linked to Varma Zila.
1037,100140055202600004,202600004,2026-04-11,56,55,1,2,2,9,4,28.0,2026-04-10 10:03:17,2026-04-10 13:03:17,2026-04-10 19:03:17,13.325799,78.217846,Jagvi entered the premises at Lala Road without permission and refused to leave when asked by Aachal.
1038,100130050202600001,202600001,2026-03-17,2,50,1,1,5,18,1,,2026-03-16 02:36:21,2026-03-16 08:36:21,2026-03-16 17:36:21,15.999163,78.932872,"During a routine vehicle check near Kumer Circle, Yadavi was found in possession of a commercial quantity of contraband substance around 02:36 AM."
1039,100050019202500004,202500004,2025-12-27,116,19,1,1,1,4,6,,2025-12-25 07:51:51,2025-12-25 13:51:51,2025-12-25 20:51:51,12.514938,76.327855,Parth succumbed to injuries sustained during an altercation with Amrita at Jani Street near 07:51 AM.
1040,100070027202600005,202600005,2026-04-23,107,27,1,2,6,23,2,,2026-04-20 15:17:27,2026-04-20 15:17:27,2026-04-20 16:17:27,15.443186,79.037199,"Tension arose near Varma Circle following a social media post, leading to a communal disturbance around 03:17 PM."
1041,300040014202600001,202600001,2026-06-12,155,14,2,2,7,25,1,7.0,2026-06-12 05:57:32,2026-06-12 10:57:32,2026-06-12 17:57:32,13.014447,74.747059,"Triya, entrusted with funds belonging to Libni for a joint venture, allegedly misappropriated the amount."
1042,100040015202400002,202400002,2024-07-30,291,15,1,1,4,16,1,8.0,2024-07-29 15:47:24,2024-07-29 17:47:24,2024-07-30 14:47:24,15.762076,76.178253,Ranbir's email/social media account was accessed without authorization; unusual login activity was traced to an IP address outside Chander Marg.
1043,100020009202400003,202400003,2024-05-26,84,9,1,2,4,14,4,4.0,2024-05-26 00:15:50,2024-05-26 01:15:50,2024-05-26 16:15:50,14.214591,79.162603,Lakshit received a call from an unidentified person claiming to be a bank official and lost money via UPI transfer after sharing an OTP. Transaction traced to an account linked to More Path.
1044,100060023202300009,202300009,2023-05-30,22,23,1,2,1,3,6,,2023-05-29 16:25:38,2023-05-29 19:25:38,2023-05-30 16:25:38,14.906037,79.493356,"A physical altercation between Aarush and Qabil at Mallick Path led to grievous injuries being caused with a iron rod, around 04:25 PM."
1045,100150060202400007,202400007,2024-11-29,41,60,1,2,4,15,4,30.0,2024-11-27 20:05:32,2024-11-28 00:05:32,2024-11-28 23:05:32,15.323203,77.547048,George reports that Ethan created a fake profile impersonating her and posted defamatory content on social media.
1046,100010006202600002,202600002,2026-06-19,146,6,1,2,5,20,5,2.0,2026-06-19 09:01:32,2026-06-19 13:01:32,2026-06-20 02:01:32,14.705373,76.250407,Mohini was found manufacturing/selling illicit liquor from premises at Luthra.
1047,100050020202600004,202600004,2026-03-23,248,20,1,1,5,18,4,10.0,2026-03-21 01:26:49,2026-03-21 01:26:49,2026-03-21 21:26:49,13.201326,78.607473,"During a routine vehicle check near Kaur Circle, Alexander was found in possession of a commercial quantity of contraband substance around 01:26 AM."
1048,100030012202500002,202500002,2025-03-15,274,12,1,1,2,7,3,,2025-03-15 04:31:36,2025-03-15 04:31:36,2025-03-15 23:31:36,15.686227,77.59548,"A group of unidentified men robbed Januja of a gold chain near Sanghvi Path, threatening with a sickle."
1049,100170067202300008,202300008,2023-10-12,153,67,1,2,5,19,2,34.0,2023-10-12 13:34:11,2023-10-12 13:34:11,2023-10-12 17:34:11,12.866748,78.194454,"Acting on a tip-off, police intercepted Gagan near Sankar Street and recovered narcotics being transported for sale."
1050,100050019202300005,202300005,2023-09-18,112,19,1,2,2,5,5,9.0,2023-09-17 05:27:27,2023-09-17 10:27:27,2023-09-17 16:27:27,15.04779,77.06782,"Jyoti's mobile phone was stolen from outside Shenoy Zila while unattended, around 05:27 AM."
1051,800090033202600001,202600001,2026-01-11,63,33,3,1,4,17,1,,2026-01-10 06:10:28,2026-01-10 06:10:28,2026-01-10 16:10:28,15.675253,76.67213,Vidhi discovered that Tanmayi had used her Aadhaar/PAN details to fraudulently open an account in Chana Road.
1052,100050020202500006,202500006,2025-05-05,163,20,1,2,7,24,4,9.0,2025-05-04 16:49:35,2025-05-04 18:49:35,2025-05-04 18:49:35,13.305826,75.673947,"Rajata paid Amaira an advance for services/goods that were never delivered, related to a transaction near Gaba Street."
1053,300170068202500001,202500001,2025-10-12,153,68,2,2,5,20,1,33.0,2025-10-12 06:53:07,2025-10-12 08:53:07,2025-10-13 06:53:07,15.372899,75.243246,Kashish was found manufacturing/selling illicit liquor from premises at Bath Chowk.
1054,100060023202600004,202600004,2026-01-29,120,23,1,2,7,27,2,,2026-01-28 09:39:26,2026-01-28 10:39:26,2026-01-28 10:39:26,14.094309,77.037994,Police recovered counterfeit currency notes from Aarnav during a check near Dhaliwal.
1055,100150059202500004,202500004,2025-10-12,215,59,1,2,7,27,1,,2025-10-12 06:41:58,2025-10-12 11:41:58,2025-10-12 15:41:58,13.981445,75.051774,Police recovered counterfeit currency notes from Nimrat during a check near Bera Road.
1056,100010003202300005,202300005,2023-09-21,259,3,1,1,1,4,3,1.0,2023-09-21 08:39:26,2023-09-21 12:39:26,2023-09-21 18:39:26,13.730197,79.380484,Zinal succumbed to injuries sustained during an altercation with Zansi at Dyal Street near 08:39 AM.
1057,100200076202300002,202300002,2023-08-14,253,76,1,1,2,7,3,40.0,2023-08-14 02:44:43,2023-08-14 08:44:43,2023-08-15 04:44:43,14.6347,75.685051,"Laban accosted Gautam near Bora Marg around 02:44 AM, snatched a laptop at knife-point, and fled on a two-wheeler."
1058,100080030202400010,202400010,2024-08-14,203,30,1,2,8,29,2,16.0,2024-08-14 05:09:43,2024-08-14 06:09:43,2024-08-14 19:09:43,13.785282,75.516892,Kamya was found in possession of an unlicensed wooden stick during a check near Gokhale Nagar.
1059,100010004202300004,202300004,2023-11-29,123,4,1,2,4,15,5,1.0,2023-11-29 12:47:58,2023-11-29 12:47:58,2023-11-29 12:47:58,12.838929,78.342177,Divya reports that Quincy created a fake profile impersonating her and posted defamatory content on social media.
1060,100050021202600003,202600003,2026-05-14,20,21,1,2,2,5,1,,2026-05-12 14:47:03,2026-05-12 15:47:03,2026-05-13 04:47:03,13.835477,78.228331,The complainant reports that unidentified persons stole a cash bag from Murthy Marg sometime around 02:47 PM. No eyewitnesses have come forward yet.
1061,100180071202600005,202600005,2026-01-17,119,71,1,2,4,15,3,,2026-01-15 18:40:24,2026-01-15 20:40:24,2026-01-16 04:40:24,14.754369,74.684978,Upadhriti reports that Odika created a fake profile impersonating her and posted defamatory content on social media.
1062,100140056202300008,202300008,2023-11-15,219,56,1,1,1,1,1,,2023-11-12 22:36:09,2023-11-13 02:36:09,2023-11-13 15:36:09,14.269861,77.608412,"The complainant states that the accused Fitan attacked Deepa with a wooden stick near Bobal Ganj following a dispute, resulting in death. Body was found at the scene around 10:36 PM."
1063,100130051202400004,202400004,2024-10-16,23,51,1,1,1,1,7,26.0,2024-10-15 13:54:49,2024-10-15 16:54:49,2024-10-16 04:54:49,14.988983,78.468279,"The complainant states that the accused Upadhriti attacked Ekapad with a sickle near Kala Road following a dispute, resulting in death. Body was found at the scene around 01:54 PM."
1064,100090034202300002,202300002,2023-07-17,158,34,1,2,8,30,2,18.0,2023-07-16 04:27:28,2023-07-16 05:27:28,2023-07-17 05:27:28,13.725203,76.789281,Sara was found transporting liquor without a valid permit near Kanda Ganj around 04:27 AM.
1065,300080030202400001,202400001,2024-03-25,48,30,2,1,3,12,2,16.0,2024-03-23 08:10:03,2024-03-23 08:10:03,2024-03-23 16:10:03,15.071045,75.249156,Champak was allegedly abducted by Ganga near Bera Path around 08:10 AM while returning home.
1066,100030012202300007,202300007,2023-08-20,212,12,1,1,1,1,5,6.0,2023-08-18 06:08:54,2023-08-18 08:08:54,2023-08-18 08:08:54,15.265249,79.024626,Saumya was found dead with injuries consistent with a sickle at Buch Path. Neighbours reported a quarrel between Saumya and Gautami shortly before 06:08 AM.
1067,100140056202600005,202600005,2026-03-08,129,56,1,2,7,27,2,28.0,2026-03-07 10:03:52,2026-03-07 14:03:52,2026-03-07 21:03:52,15.387293,74.56938,Police recovered counterfeit currency notes from Brijesh during a check near More Chowk.
1068,100180071202400009,202400009,2024-11-20,33,71,1,2,4,16,6,36.0,2024-11-17 20:05:49,2024-11-17 20:05:49,2024-11-18 04:05:49,13.736147,77.94806,Lopa's email/social media account was accessed without authorization; unusual login activity was traced to an IP address outside Ganguly Street.
1069,100150061202500005,202500005,2025-09-13,229,61,1,1,5,19,5,30.0,2025-09-12 07:16:03,2025-09-12 10:16:03,2025-09-12 15:16:03,13.177351,78.410243,"Acting on a tip-off, police intercepted Advaith near Sahni Street and recovered narcotics being transported for sale."
1070,100030011202600005,202600005,2026-06-18,246,11,1,2,5,20,3,6.0,2026-06-17 18:08:04,2026-06-17 21:08:04,2026-06-18 02:08:04,13.876503,79.178562,Idika was found manufacturing/selling illicit liquor from premises at Lad.
1071,100180071202400010,202400010,2024-05-02,115,71,1,1,1,1,4,35.0,2024-05-01 17:11:22,2024-05-01 21:11:22,2024-05-02 13:11:22,13.337119,76.205591,"The complainant states that the accused Vihaan attacked Ayaan with a sharp weapon near Bava Zila following a dispute, resulting in death. Body was found at the scene around 05:11 PM."
1072,300140055202300004,202300004,2023-03-23,152,55,2,1,5,19,1,28.0,2023-03-22 20:59:02,2023-03-23 02:59:02,2023-03-23 14:59:02,13.628378,74.540586,"Acting on a tip-off, police intercepted Tanish near Bath Marg and recovered narcotics being transported for sale."
1073,100150061202300003,202300003,2023-09-30,35,61,1,2,7,25,2,29.0,2023-09-28 10:20:02,2023-09-28 10:20:02,2023-09-28 21:20:02,15.305643,75.582016,"Yagnesh, entrusted with funds belonging to Hiral for a joint venture, allegedly misappropriated the amount."
1074,300010006202300002,202300002,2023-04-17,40,6,2,1,5,18,3,,2023-04-16 23:53:30,2023-04-17 05:53:30,2023-04-17 23:53:30,15.403277,75.831781,"During a routine vehicle check near Lall Chowk, Reva was found in possession of a commercial quantity of contraband substance around 11:53 PM."
1075,400100038202300001,202300001,2023-06-18,4,38,4,2,7,24,7,19.0,2023-06-15 19:32:48,2023-06-16 01:32:48,2023-06-16 02:32:48,13.643557,79.41476,"Tara paid Krishna an advance for services/goods that were never delivered, related to a transaction near Natt Street."
1076,100160065202300003,202300003,2023-08-20,214,65,1,1,1,1,1,32.0,2023-08-18 14:03:29,2023-08-18 20:03:29,2023-08-19 15:03:29,14.947759,75.144162,Ladli was found dead with injuries consistent with a wooden stick at De Road. Neighbours reported a quarrel between Ladli and Dhriti shortly before 02:03 PM.
1077,800070027202600003,202600003,2026-02-10,104,27,3,2,7,24,7,14.0,2026-02-09 15:21:53,2026-02-09 15:21:53,2026-02-09 15:21:53,15.945633,78.455131,"Timothy paid Darika an advance for services/goods that were never delivered, related to a transaction near Chandran Path."
1078,100100037202400005,202400005,2024-05-23,38,37,1,1,1,2,2,,2024-05-22 11:58:10,2024-05-22 15:58:10,2024-05-22 18:58:10,15.350131,76.501886,"Tanmayi allegedly attacked Gaurika with a knife at Seshadri Path around 11:58 AM, causing serious injuries. The victim was rushed to hospital and is under treatment."
1079,100070027202600006,202600006,2026-04-02,291,27,1,2,3,10,2,14.0,2026-04-01 11:18:51,2026-04-01 17:18:51,2026-04-01 19:18:51,13.570531,76.273876,Praneel has alleged continuous harassment for additional dowry by Abhiram and in-laws at the matrimonial home in Shankar Street.
1080,100020009202500009,202500009,2025-04-29,5,9,1,1,3,11,3,3.0,2025-04-28 16:24:07,2025-04-28 21:24:07,2025-04-29 21:24:07,14.539327,77.891923,Turvi has alleged that Ubika sexually assaulted her at Date Nagar around 04:24 PM. Medical examination has been conducted.
1081,100080029202300005,202300005,2023-08-21,212,29,1,2,3,13,5,16.0,2023-08-19 11:15:38,2023-08-19 16:15:38,2023-08-20 02:15:38,14.472519,77.081324,Hardik has reported repeated physical abuse by Onveer at the shared household in Pandit Zila.
1082,100110041202300002,202300002,2023-05-14,204,41,1,1,5,18,2,21.0,2023-05-12 03:33:34,2023-05-12 03:33:34,2023-05-12 22:33:34,15.834187,76.959182,"During a routine vehicle check near Ganesh Chowk, Ubika was found in possession of a commercial quantity of contraband substance around 03:33 AM."
1083,100050020202600005,202600005,2026-06-29,235,20,1,2,1,2,1,9.0,2026-06-28 23:19:38,2026-06-29 03:19:38,2026-06-29 20:19:38,13.843855,78.374664,"Yashoda allegedly attacked Mohammed with a wooden stick at Srinivasan around 11:19 PM, causing serious injuries. The victim was rushed to hospital and is under treatment."
1084,100030012202500003,202500003,2025-03-13,15,12,1,2,8,30,2,,2025-03-13 09:31:13,2025-03-13 11:31:13,2025-03-13 18:31:13,13.799582,77.818953,Vansha was found transporting liquor without a valid permit near Agarwal Street around 09:31 AM.
1085,100060024202400007,202400007,2024-03-25,145,24,1,1,1,1,2,,2024-03-22 13:43:43,2024-03-22 16:43:43,2024-03-23 08:43:43,12.667032,79.244043,Arya was found dead with injuries consistent with a iron rod at Kakar Road. Neighbours reported a quarrel between Arya and Vidhi shortly before 01:43 PM.
1086,100070026202300005,202300005,2023-06-17,212,26,1,2,8,29,3,,2023-06-15 09:45:34,2023-06-15 14:45:34,2023-06-16 09:45:34,12.638839,75.072376,Aradhana was found in possession of an unlicensed knife during a check near Kanda Street.
1087,100090035202600005,202600005,2026-03-09,35,35,1,2,1,3,3,17.0,2026-03-09 03:19:26,2026-03-09 07:19:26,2026-03-10 04:19:26,15.367,76.988597,"A physical altercation between Benjamin and Rishi at Thakur Street led to grievous injuries being caused with a wooden stick, around 03:19 AM."
1088,100030012202400003,202400003,2024-10-14,225,12,1,2,4,16,5,6.0,2024-10-11 17:41:07,2024-10-11 22:41:07,2024-10-12 12:41:07,15.092991,76.374488,Dakshesh's email/social media account was accessed without authorization; unusual login activity was traced to an IP address outside Kashyap.
1089,300150058202500001,202500001,2025-05-12,135,58,2,1,2,8,1,,2025-05-10 22:42:22,2025-05-10 22:42:22,2025-05-10 22:42:22,14.147647,79.307692,A gang of five to six persons armed with sickles robbed the Baria of cash and a mobile phone around 10:42 PM.
1090,100150059202400007,202400007,2024-10-04,232,59,1,2,2,7,2,30.0,2024-10-04 00:37:14,2024-10-04 06:37:14,2024-10-05 03:37:14,14.036924,76.369662,"Vidhi accosted Oni near Thaker Nagar around 12:37 AM, snatched a cash bag at knife-point, and fled on a two-wheeler."
1091,100170068202500006,202500006,2025-02-19,18,68,1,2,5,18,1,,2025-02-18 01:03:08,2025-02-18 04:03:08,2025-02-18 12:03:08,14.870931,74.665937,"During a routine vehicle check near Pathak Marg, Yauvani was found in possession of a commercial quantity of contraband substance around 01:03 AM."
1092,100140055202600005,202600005,2026-03-10,24,55,1,2,4,16,6,28.0,2026-03-09 11:06:28,2026-03-09 11:06:28,2026-03-09 19:06:28,13.259459,78.450139,Ranbir's email/social media account was accessed without authorization; unusual login activity was traced to an IP address outside Saha.
1093,100170067202300009,202300009,2023-11-10,272,67,1,1,6,21,4,33.0,2023-11-09 03:34:19,2023-11-09 03:34:19,2023-11-09 23:34:19,15.733401,75.321994,A group led by Krish gathered unlawfully near Dalal Marg around 03:34 AM and caused a public nuisance.
1094,100040017202500003,202500003,2025-05-07,68,17,1,2,4,15,3,7.0,2025-05-05 13:07:24,2025-05-05 14:07:24,2025-05-06 04:07:24,15.593477,77.851692,Amaira reports that Matthew created a fake profile impersonating her and posted defamatory content on social media.
1095,100130052202600004,202600004,2026-01-02,164,52,1,2,6,21,1,26.0,2026-01-01 07:46:59,2026-01-01 11:46:59,2026-01-02 11:46:59,15.062171,75.379708,A group led by Dakshesh gathered unlawfully near Wali Path around 07:46 AM and caused a public nuisance.
1096,100130050202500005,202500005,2025-09-21,267,50,1,2,5,19,5,,2025-09-19 08:40:04,2025-09-19 09:40:04,2025-09-19 14:40:04,15.568067,76.679987,"Acting on a tip-off, police intercepted Kashvi near Pingle Road and recovered narcotics being transported for sale."
1097,100200076202300003,202300003,2023-04-20,136,76,1,1,3,10,1,39.0,2023-04-17 14:18:10,2023-04-17 20:18:10,2023-04-17 20:18:10,12.890114,78.522381,Rajeshri has alleged continuous harassment for additional dowry by Kamala and in-laws at the matrimonial home in Sodhi.
1098,100130051202500004,202500004,2025-01-12,54,51,1,2,2,9,5,,2025-01-10 01:33:39,2025-01-10 02:33:39,2025-01-10 18:33:39,14.834766,79.100842,Peter entered the premises at Mangal Path without permission and refused to leave when asked by Farhan.
1099,800060023202300001,202300001,2023-11-07,96,23,3,1,3,12,1,11.0,2023-11-06 04:51:28,2023-11-06 06:51:28,2023-11-06 13:51:28,15.6766,75.768012,Mohini was allegedly abducted by Luke near Prabhu Path around 04:51 AM while returning home.
1100,100030011202400002,202400002,2024-09-12,205,11,1,2,4,14,2,6.0,2024-09-12 16:18:47,2024-09-12 19:18:47,2024-09-12 23:18:47,13.777309,74.771095,"Bhavika was defrauded via a fake investment app promoted online, transferring funds over several weeks before realizing the platform was fraudulent."
1101,100090034202400005,202400005,2024-02-08,246,34,1,1,3,10,5,,2024-02-07 09:33:28,2024-02-07 14:33:28,2024-02-07 23:33:28,14.296249,77.840765,Jairaj has alleged continuous harassment for additional dowry by Warhi and in-laws at the matrimonial home in Parekh Circle.
1102,400070027202300002,202300002,2023-09-28,179,27,4,1,2,8,1,,2023-09-26 06:23:46,2023-09-26 06:23:46,2023-09-27 01:23:46,14.698764,78.007868,A gang of five to six persons armed with iron rods robbed the Mammen Path of cash and a gold chain around 06:23 AM.
1103,100170067202400001,202400001,2024-05-23,174,67,1,2,4,14,7,34.0,2024-05-21 19:42:07,2024-05-21 23:42:07,2024-05-22 18:42:07,13.259447,77.086475,"Turvi was defrauded via a fake investment app promoted online, transferring funds over several weeks before realizing the platform was fraudulent."
1104,300120046202400001,202400001,2024-02-11,72,46,2,2,5,18,3,24.0,2024-02-09 12:47:37,2024-02-09 18:47:37,2024-02-10 10:47:37,13.991644,79.429775,"During a routine vehicle check near Nanda Path, Aryan was found in possession of a commercial quantity of contraband substance around 12:47 PM."
1105,100120047202300003,202300003,2023-06-25,120,47,1,1,5,19,5,24.0,2023-06-24 04:44:32,2023-06-24 06:44:32,2023-06-24 06:44:32,15.066134,79.152595,"Acting on a tip-off, police intercepted Ekaja near Hayer Chowk and recovered narcotics being transported for sale."
1106,100180071202300007,202300007,2023-12-05,295,71,1,1,7,25,2,36.0,2023-12-02 23:30:13,2023-12-03 05:30:13,2023-12-03 19:30:13,13.669366,77.735768,"Mitesh, entrusted with funds belonging to Indali for a joint venture, allegedly misappropriated the amount."
1107,100190074202400005,202400005,2024-08-23,78,74,1,2,4,14,3,,2024-08-22 07:52:17,2024-08-22 11:52:17,2024-08-23 00:52:17,13.638448,77.639361,Omkaar received a call from an unidentified person claiming to be a bank official and lost money via UPI transfer after sharing an OTP. Transaction traced to an account linked to Karan Chowk.
1108,100150061202600004,202600004,2026-03-04,51,61,1,1,1,1,2,,2026-03-03 20:30:19,2026-03-04 01:30:19,2026-03-04 21:30:19,13.490309,76.938328,"The complainant states that the accused Gavin attacked Mekhala with a sharp weapon near Sharaf Nagar following a dispute, resulting in death. Body was found at the scene around 08:30 PM."
1109,100200076202500004,202500004,2025-05-06,254,76,1,2,4,14,1,,2025-05-05 09:16:17,2025-05-05 10:16:17,2025-05-06 01:16:17,14.957865,75.964792,"Meghana was defrauded via a fake investment app promoted online, transferring funds over several weeks before realizing the platform was fraudulent."
1110,100100037202300010,202300010,2023-06-13,104,37,1,2,5,20,5,19.0,2023-06-13 17:33:10,2023-06-13 20:33:10,2023-06-14 17:33:10,15.104949,75.715431,Ekta was found manufacturing/selling illicit liquor from premises at Lala Chowk.
1111,100170068202300006,202300006,2023-09-20,205,68,1,2,1,2,7,33.0,2023-09-19 18:57:38,2023-09-19 23:57:38,2023-09-19 23:57:38,14.879735,79.049172,"Brinda allegedly attacked Hitesh with a wooden stick at Dube Road around 06:57 PM, causing serious injuries. The victim was rushed to hospital and is under treatment."
1112,300060024202400001,202400001,2024-03-30,39,24,2,1,3,10,1,12.0,2024-03-28 06:07:32,2024-03-28 11:07:32,2024-03-28 19:07:32,12.535069,74.721959,Chandran has alleged continuous harassment for additional dowry by Lopa and in-laws at the matrimonial home in Srinivas Ganj.
1113,100190074202400006,202400006,2024-04-01,1,74,1,2,6,23,1,37.0,2024-03-29 11:44:25,2024-03-29 13:44:25,2024-03-30 06:44:25,12.891662,77.67232,"Tension arose near Mody Circle following a social media post, leading to a communal disturbance around 11:44 AM."
1114,100200076202300004,202300004,2023-03-23,68,76,1,2,5,18,4,40.0,2023-03-22 04:11:20,2023-03-22 04:11:20,2023-03-23 02:11:20,12.736492,79.436335,"During a routine vehicle check near Murthy Zila, Libni was found in possession of a commercial quantity of contraband substance around 04:11 AM."
1115,100070026202400007,202400007,2024-05-15,90,26,1,1,7,27,5,,2024-05-14 23:27:19,2024-05-15 02:27:19,2024-05-15 14:27:19,13.074813,75.928358,Police recovered counterfeit currency notes from Eiravati during a check near Bora Road.
1116,800160064202600002,202600002,2026-03-25,261,64,3,1,3,12,7,,2026-03-23 23:43:52,2026-03-24 05:43:52,2026-03-24 19:43:52,13.999438,76.058669,Anay was allegedly abducted by Gavin near Prashad around 11:43 PM while returning home.
1117,100140056202400007,202400007,2024-06-13,280,56,1,1,8,30,2,,2024-06-12 13:58:04,2024-06-12 16:58:04,2024-06-13 11:58:04,15.218291,77.943209,Radhika was found transporting liquor without a valid permit near Aurora Street around 01:58 PM.
1118,100010004202500006,202500006,2025-04-14,50,4,1,2,8,29,1,,2025-04-12 02:12:53,2025-04-12 08:12:53,2025-04-12 12:12:53,13.527755,76.820178,Urvi was found in possession of an unlicensed knife during a check near Borah Ganj.
1119,100160065202300004,202300004,2023-02-20,295,65,1,1,1,1,2,32.0,2023-02-20 09:21:11,2023-02-20 13:21:11,2023-02-21 11:21:11,15.181513,75.112502,Indira was found dead with injuries consistent with a sharp weapon at More Ganj. Neighbours reported a quarrel between Indira and Warjas shortly before 09:21 AM.
1120,100100038202500005,202500005,2025-03-07,46,38,1,2,5,18,1,20.0,2025-03-06 19:09:04,2025-03-06 19:09:04,2025-03-07 17:09:04,13.154385,77.635914,"During a routine vehicle check near Dutt Nagar, Maanav was found in possession of a commercial quantity of contraband substance around 07:09 PM."
1121,100150061202300004,202300004,2023-11-30,52,61,1,2,7,26,1,,2023-11-27 22:33:14,2023-11-27 22:33:14,2023-11-28 19:33:14,14.396913,78.440897,Abhimanyu discovered that Chandresh had forged signatures on property documents related to land in Dey Nagar.
1122,100010005202600006,202600006,2026-04-24,100,5,1,2,8,28,4,,2026-04-23 17:28:54,2026-04-23 19:28:54,2026-04-24 19:28:54,15.745521,77.802233,Idika was found driving a gold chain at Bandi Marg without a valid licence and in a rash manner endangering pedestrians around 05:28 PM.
1123,100050020202600006,202600006,2026-02-16,36,20,1,2,8,30,3,,2026-02-15 07:25:52,2026-02-15 12:25:52,2026-02-16 04:25:52,15.816283,75.363385,Ucchal was found transporting liquor without a valid permit near Brar Chowk around 07:25 AM.
1124,300050021202300001,202300001,2023-01-06,64,21,2,1,3,11,1,9.0,2023-01-05 19:30:07,2023-01-05 23:30:07,2023-01-06 08:30:07,15.234127,78.645855,Unnati has alleged that Abhiram sexually assaulted her at Pillai Street around 07:30 PM. Medical examination has been conducted.
1125,100110041202600005,202600005,2026-04-30,5,41,1,1,5,19,1,22.0,2026-04-28 11:01:22,2026-04-28 15:01:22,2026-04-29 02:01:22,13.959717,74.717783,"Acting on a tip-off, police intercepted Gautami near Ramaswamy and recovered narcotics being transported for sale."
1126,100190074202400007,202400007,2024-11-14,132,74,1,2,5,20,7,,2024-11-11 09:33:28,2024-11-11 09:33:28,2024-11-12 01:33:28,14.840105,78.107372,Dalaja was found manufacturing/selling illicit liquor from premises at Dara.
1127,800110040202400001,202400001,2024-12-13,122,40,3,2,2,8,7,21.0,2024-12-13 11:38:13,2024-12-13 13:38:13,2024-12-13 20:38:13,12.842712,78.384303,A gang of five to six persons armed with wooden sticks robbed the Krish Zila of cash and a two-wheeler around 11:38 AM.
1128,100020009202300006,202300006,2023-08-21,121,9,1,2,8,28,7,4.0,2023-08-19 03:56:25,2023-08-19 05:56:25,2023-08-19 11:56:25,14.585162,79.123367,Bhavini was found driving a laptop at Prabhakar Marg without a valid licence and in a rash manner endangering pedestrians around 03:56 AM.
1129,100090033202600002,202600002,2026-06-08,174,33,1,1,3,10,2,18.0,2026-06-05 20:42:15,2026-06-05 21:42:15,2026-06-06 06:42:15,13.580448,75.437935,Lohit has alleged continuous harassment for additional dowry by Ishani and in-laws at the matrimonial home in Deshpande Zila.
1130,100100038202400010,202400010,2024-11-21,277,38,1,2,3,10,6,20.0,2024-11-21 17:08:02,2024-11-21 20:08:02,2024-11-21 23:08:02,14.01086,77.500672,Geetika has alleged continuous harassment for additional dowry by Urishilla and in-laws at the matrimonial home in Sani Nagar.
1131,100140056202300009,202300009,2023-12-28,74,56,1,1,1,3,1,,2023-12-28 02:37:30,2023-12-28 06:37:30,2023-12-28 07:37:30,13.864483,75.085672,"A physical altercation between Elijah and Frado at Prabhakar Ganj led to grievous injuries being caused with a knife, around 02:37 AM."
1132,300170067202400001,202400001,2024-11-30,243,67,2,2,3,10,2,33.0,2024-11-30 02:59:36,2024-11-30 03:59:36,2024-11-30 06:59:36,13.655711,75.06606,Alka has alleged continuous harassment for additional dowry by Niharika and in-laws at the matrimonial home in Chokshi Ganj.
1133,100060023202500005,202500005,2025-04-20,222,23,1,1,5,19,2,,2025-04-18 04:22:58,2025-04-18 06:22:58,2025-04-19 06:22:58,13.539132,76.269503,"Acting on a tip-off, police intercepted Lohit near Mand and recovered narcotics being transported for sale."
1134,100060023202400007,202400007,2024-09-25,231,23,1,2,7,26,7,12.0,2024-09-25 13:41:26,2024-09-25 15:41:26,2024-09-26 10:41:26,13.814044,75.647057,Adya discovered that Raghav had forged signatures on property documents related to land in Mittal Nagar.
1135,100190074202300007,202300007,2023-02-07,110,74,1,2,5,18,1,38.0,2023-02-05 13:33:07,2023-02-05 15:33:07,2023-02-05 20:33:07,14.128587,79.378648,"During a routine vehicle check near Raman Marg, Avni was found in possession of a commercial quantity of contraband substance around 01:33 PM."
1136,100090033202500003,202500003,2025-12-25,168,33,1,1,1,3,1,18.0,2025-12-24 05:26:05,2025-12-24 10:26:05,2025-12-25 04:26:05,13.39536,79.397756,"A physical altercation between Nandini and Ganga at Chokshi led to grievous injuries being caused with a sickle, around 05:26 AM."
1137,100120045202400003,202400003,2024-09-20,289,45,1,2,7,27,1,,2024-09-19 23:46:42,2024-09-20 05:46:42,2024-09-20 14:46:42,13.040059,76.181018,Police recovered counterfeit currency notes from Priya during a check near Patla Chowk.
1138,100140056202300010,202300010,2023-08-30,168,56,1,2,5,18,3,28.0,2023-08-27 22:23:33,2023-08-27 23:23:33,2023-08-28 21:23:33,12.549731,77.341452,"During a routine vehicle check near Kade Path, Arunima was found in possession of a commercial quantity of contraband substance around 10:23 PM."
1139,100200077202500006,202500006,2025-06-10,55,77,1,2,8,29,4,39.0,2025-06-07 15:07:36,2025-06-07 19:07:36,2025-06-07 20:07:36,15.306861,78.473273,Wahab was found in possession of an unlicensed country-made pistol during a check near Kalita Nagar.
1140,100050020202600007,202600007,2026-03-16,125,20,1,2,7,24,1,,2026-03-15 15:52:50,2026-03-15 19:52:50,2026-03-15 19:52:50,12.643551,76.998136,"Ekansh paid Amol an advance for services/goods that were never delivered, related to a transaction near Sha Zila."
1141,100060023202500006,202500006,2025-02-13,229,23,1,1,3,12,2,12.0,2025-02-10 12:36:10,2025-02-10 15:36:10,2025-02-10 23:36:10,12.720196,78.87171,Qadim was allegedly abducted by Aishani near Raju Nagar around 12:36 PM while returning home.
1142,100060024202500004,202500004,2025-09-10,165,24,1,2,4,16,1,12.0,2025-09-10 01:20:44,2025-09-10 04:20:44,2025-09-10 10:20:44,14.049212,79.215119,Edhitha's email/social media account was accessed without authorization; unusual login activity was traced to an IP address outside Oza.
1143,100130053202600004,202600004,2026-05-28,223,53,1,2,7,24,3,,2026-05-25 19:52:27,2026-05-25 20:52:27,2026-05-26 14:52:27,13.591603,77.549718,"Champak paid Jagdish an advance for services/goods that were never delivered, related to a transaction near Shankar Circle."
1144,100150061202500006,202500006,2025-04-10,149,61,1,2,3,13,5,,2025-04-07 23:57:36,2025-04-08 04:57:36,2025-04-08 13:57:36,14.910076,76.21381,Matthew has reported repeated physical abuse by Indira at the shared household in Krishnamurthy Zila.
1145,100160065202400005,202400005,2024-09-15,239,65,1,1,1,1,1,,2024-09-15 01:57:08,2024-09-15 07:57:08,2024-09-15 14:57:08,12.756288,77.55745,Qabil was found dead with injuries consistent with a sharp weapon at Patel Nagar. Neighbours reported a quarrel between Qabil and Nihal shortly before 01:57 AM.
1146,100190073202600009,202600009,2026-06-20,71,73,1,2,8,30,3,,2026-06-19 01:21:52,2026-06-19 01:21:52,2026-06-19 12:21:52,15.308677,74.821771,Rehaan was found transporting liquor without a valid permit near Agarwal Ganj around 01:21 AM.
1147,100130053202400005,202400005,2024-09-26,258,53,1,2,4,14,4,25.0,2024-09-26 09:38:49,2024-09-26 09:38:49,2024-09-26 18:38:49,15.579687,76.878693,Zilmil received a call from an unidentified person claiming to be a bank official and lost money via UPI transfer after sharing an OTP. Transaction traced to an account linked to Narayanan Circle.
1148,800200077202300001,202300001,2023-05-19,150,77,3,2,8,29,1,,2023-05-16 07:57:39,2023-05-16 09:57:39,2023-05-17 06:57:39,13.676171,78.482313,Ekbal was found in possession of an unlicensed sickle during a check near Munshi.
1149,100160064202500003,202500003,2025-05-25,195,64,1,1,1,3,2,,2025-05-24 07:05:58,2025-05-24 11:05:58,2025-05-25 10:05:58,12.948185,78.220338,"A physical altercation between Oeshi and Edhitha at Loyal Ganj led to grievous injuries being caused with a iron rod, around 07:05 AM."
1150,100040014202500006,202500006,2025-02-17,289,14,1,2,4,16,2,8.0,2025-02-14 18:23:34,2025-02-14 19:23:34,2025-02-15 16:23:34,12.935161,74.932718,Lucky's email/social media account was accessed without authorization; unusual login activity was traced to an IP address outside Pillay Nagar.
1151,100060024202600007,202600007,2026-02-11,1,24,1,2,4,15,5,11.0,2026-02-09 02:18:01,2026-02-09 08:18:01,2026-02-09 16:18:01,14.657351,79.166681,Neelima reports that Viraj created a fake profile impersonating her and posted defamatory content on social media.
1152,100130053202300004,202300004,2023-09-23,150,53,1,1,6,23,2,26.0,2023-09-22 23:58:17,2023-09-23 04:58:17,2023-09-23 21:58:17,13.499721,77.359289,"Tension arose near Varkey Road following a social media post, leading to a communal disturbance around 11:58 PM."
1153,300180071202400002,202400002,2024-08-18,226,71,2,2,7,24,1,,2024-08-18 11:57:10,2024-08-18 14:57:10,2024-08-19 01:57:10,13.34158,77.600599,"Anjali paid Udarsh an advance for services/goods that were never delivered, related to a transaction near Bhatt Street."
1154,100160064202500004,202500004,2025-12-16,103,64,1,2,6,21,2,31.0,2025-12-13 19:28:27,2025-12-14 01:28:27,2025-12-15 00:28:27,15.599779,75.608455,A group led by Kashish gathered unlawfully near Dube Circle around 07:28 PM and caused a public nuisance.
1155,100120046202500004,202500004,2025-07-12,101,46,1,2,5,18,1,24.0,2025-07-11 09:16:20,2025-07-11 15:16:20,2025-07-11 18:16:20,14.321352,77.073986,"During a routine vehicle check near Basak Nagar, Kiaan was found in possession of a commercial quantity of contraband substance around 09:16 AM."
1156,100050020202300004,202300004,2023-07-16,50,20,1,2,8,30,1,9.0,2023-07-15 07:49:36,2023-07-15 11:49:36,2023-07-15 14:49:36,15.842844,76.826783,Mohini was found transporting liquor without a valid permit near Dani Road around 07:49 AM.
1157,100130053202300005,202300005,2023-07-09,236,53,1,2,4,14,5,,2023-07-06 17:45:43,2023-07-06 18:45:43,2023-07-06 20:45:43,14.49275,75.078604,"Lohit was defrauded via a fake investment app promoted online, transferring funds over several weeks before realizing the platform was fraudulent."
1158,100040017202300006,202300006,2023-06-27,274,17,1,1,6,22,2,7.0,2023-06-26 03:00:10,2023-06-26 06:00:10,2023-06-26 09:00:10,15.083226,79.225294,"A clash broke out between two groups near Manda Zila around 03:00 AM, resulting in property damage and minor injuries."
1159,100200076202400006,202400006,2024-12-13,30,76,1,1,8,29,1,40.0,2024-12-11 13:21:52,2024-12-11 15:21:52,2024-12-12 07:21:52,12.727935,74.831439,Naveen was found in possession of an unlicensed sharp weapon during a check near Issac Circle.
1160,100030011202600006,202600006,2026-06-10,22,11,1,2,8,29,5,5.0,2026-06-09 21:08:36,2026-06-10 01:08:36,2026-06-11 00:08:36,15.362978,77.658866,David was found in possession of an unlicensed iron rod during a check near Pall Nagar.
1161,100040017202400005,202400005,2024-11-12,185,17,1,1,1,4,2,8.0,2024-11-12 11:20:26,2024-11-12 12:20:26,2024-11-12 14:20:26,15.811624,79.160476,Wahab succumbed to injuries sustained during an altercation with Aarav at Edwin Path near 11:20 AM.
1162,800030011202400001,202400001,2024-11-06,105,11,3,2,6,21,1,,2024-11-05 11:46:46,2024-11-05 16:46:46,2024-11-06 14:46:46,15.166737,77.853049,A group led by Yagnesh gathered unlawfully near Goel Ganj around 11:46 AM and caused a public nuisance.
1163,100090032202400003,202400003,2024-01-16,192,32,1,2,2,6,1,18.0,2024-01-13 22:38:44,2024-01-14 01:38:44,2024-01-14 12:38:44,12.685655,78.059988,Unknown persons broke into the premises at Rau Circle during the night and decamped with a wallet. Entry appears to have been made by breaking a window lock.
1164,100070026202500004,202500004,2025-08-05,296,26,1,2,3,10,1,,2025-08-03 23:20:21,2025-08-04 00:20:21,2025-08-04 02:20:21,13.591344,79.361887,Yashasvi has alleged continuous harassment for additional dowry by Naksh and in-laws at the matrimonial home in Kara Ganj.
1165,300150058202600001,202600001,2026-06-19,151,58,2,2,8,29,3,,2026-06-17 01:43:05,2026-06-17 02:43:05,2026-06-17 04:43:05,15.86637,77.708954,Eshana was found in possession of an unlicensed knife during a check near Ravi Nagar.
1166,100030012202500004,202500004,2025-02-05,163,12,1,2,8,28,1,6.0,2025-02-03 16:06:15,2025-02-03 19:06:15,2025-02-04 00:06:15,14.359509,77.94613,Joshua was found driving a gold chain at Saxena Chowk without a valid licence and in a rash manner endangering pedestrians around 04:06 PM.
1167,100010004202600004,202600004,2026-04-23,101,4,1,1,5,19,1,2.0,2026-04-20 20:58:36,2026-04-21 02:58:36,2026-04-21 07:58:36,15.892737,75.597069,"Acting on a tip-off, police intercepted Pranav near Dora Nagar and recovered narcotics being transported for sale."
1168,100180071202300008,202300008,2023-09-09,168,71,1,2,6,23,4,36.0,2023-09-08 15:24:14,2023-09-08 18:24:14,2023-09-09 05:24:14,14.92778,76.432608,"Tension arose near Morar Ganj following a social media post, leading to a communal disturbance around 03:24 PM."
1169,100150059202400008,202400008,2024-09-13,285,59,1,1,3,12,2,29.0,2024-09-10 20:57:14,2024-09-10 23:57:14,2024-09-11 04:57:14,14.881254,77.011574,Laban was allegedly abducted by Arin near Loyal Chowk around 08:57 PM while returning home.
1170,100080029202600004,202600004,2026-06-09,77,29,1,2,4,17,2,,2026-06-06 18:31:20,2026-06-06 22:31:20,2026-06-07 14:31:20,12.929661,76.737059,Anthony discovered that Aarush had used her Aadhaar/PAN details to fraudulently open an account in Shankar Circle.
1171,100180071202400011,202400011,2024-06-07,276,71,1,2,2,5,2,36.0,2024-06-05 06:52:15,2024-06-05 07:52:15,2024-06-06 00:52:15,15.866396,77.853443,The complainant reports that unidentified persons stole a wallet from Kibe Chowk sometime around 06:52 AM. No eyewitnesses have come forward yet.
1172,100040014202400004,202400004,2024-02-28,57,14,1,2,8,29,1,8.0,2024-02-27 08:23:24,2024-02-27 12:23:24,2024-02-28 10:23:24,15.383392,78.271467,Alka was found in possession of an unlicensed iron rod during a check near Mutti Road.
1173,100010003202600005,202600005,2026-03-26,9,3,1,2,5,20,4,,2026-03-23 05:08:27,2026-03-23 06:08:27,2026-03-24 04:08:27,12.726786,75.836417,Balveer was found manufacturing/selling illicit liquor from premises at Ratta Marg.
1174,100110041202300003,202300003,2023-01-05,244,41,1,2,3,13,4,,2023-01-04 07:39:36,2023-01-04 10:39:36,2023-01-04 10:39:36,15.317264,79.418099,Vasudha has reported repeated physical abuse by Dalaja at the shared household in Khalsa Circle.
1175,100110040202600004,202600004,2026-04-29,74,40,1,2,6,23,1,21.0,2026-04-29 09:29:50,2026-04-29 11:29:50,2026-04-29 22:29:50,13.396481,76.27961,"Tension arose near Pai Nagar following a social media post, leading to a communal disturbance around 09:29 AM."
1176,100150061202400002,202400002,2024-03-22,247,61,1,1,2,7,2,29.0,2024-03-21 18:22:53,2024-03-21 19:22:53,2024-03-22 12:22:53,15.083029,77.869049,"A group of unidentified men robbed Ishita of a cash bag near Chatterjee Road, threatening with a wooden stick."
1177,100170067202500005,202500005,2025-02-21,121,67,1,1,7,25,2,,2025-02-18 12:27:30,2025-02-18 15:27:30,2025-02-19 07:27:30,14.746137,77.262477,"Neel, entrusted with funds belonging to Urmi for a joint venture, allegedly misappropriated the amount."
1178,100140056202300011,202300011,2023-08-01,96,56,1,2,4,17,2,27.0,2023-07-31 09:04:07,2023-07-31 11:04:07,2023-07-31 11:04:07,14.745133,79.21055,Chakrika discovered that Chavvi had used her Aadhaar/PAN details to fraudulently open an account in Deep Road.
1179,300130052202600001,202600001,2026-06-12,185,52,2,2,1,3,3,,2026-06-12 02:35:46,2026-06-12 08:35:46,2026-06-12 19:35:46,14.936817,76.640995,"A physical altercation between Balvan and Charvi at Dhar Marg led to grievous injuries being caused with a country-made pistol, around 02:35 AM."
1180,100010003202600006,202600006,2026-03-24,87,3,1,1,5,18,1,,2026-03-22 15:23:58,2026-03-22 18:23:58,2026-03-22 20:23:58,12.759944,77.661729,"During a routine vehicle check near Dash Street, Qarin was found in possession of a commercial quantity of contraband substance around 03:23 PM."
1181,100070026202500005,202500005,2025-09-03,283,26,1,2,7,26,2,,2025-09-03 01:40:38,2025-09-03 07:40:38,2025-09-03 18:40:38,15.161443,74.670362,Chavvi discovered that Bhavya had forged signatures on property documents related to land in Pradhan Path.
1182,100100037202300011,202300011,2023-04-25,233,37,1,1,2,9,3,19.0,2023-04-24 03:14:59,2023-04-24 06:14:59,2023-04-24 19:14:59,12.513051,78.677814,Harsh entered the premises at Bhalla Street without permission and refused to leave when asked by Tejas.
1183,800100038202400001,202400001,2024-06-05,43,38,3,2,1,3,4,20.0,2024-06-04 17:35:10,2024-06-04 22:35:10,2024-06-05 08:35:10,12.770314,79.392252,"A physical altercation between Dalaja and Pratyush at Pal Street led to grievous injuries being caused with a knife, around 05:35 PM."
1184,100180071202500008,202500008,2025-09-14,271,71,1,2,6,23,4,35.0,2025-09-13 20:53:06,2025-09-13 20:53:06,2025-09-14 02:53:06,14.064448,74.638051,"Tension arose near Wadhwa Nagar following a social media post, leading to a communal disturbance around 08:53 PM."
1185,100190073202500007,202500007,2025-12-25,45,73,1,2,4,16,2,38.0,2025-12-24 08:37:39,2025-12-24 12:37:39,2025-12-25 01:37:39,12.667841,78.659977,Urishilla's email/social media account was accessed without authorization; unusual login activity was traced to an IP address outside Kala Path.
1186,100090032202300002,202300002,2023-01-07,154,32,1,2,6,22,3,,2023-01-07 01:24:53,2023-01-07 04:24:53,2023-01-07 07:24:53,12.85582,77.414374,"A clash broke out between two groups near Jani around 01:24 AM, resulting in property damage and minor injuries."
1187,300100037202400001,202400001,2024-03-16,198,37,2,1,1,4,7,,2024-03-16 19:02:44,2024-03-17 01:02:44,2024-03-17 20:02:44,13.691348,75.680513,Jeet succumbed to injuries sustained during an altercation with Teerth at Chacko Marg near 07:02 PM.
1188,100110040202400002,202400002,2024-05-18,188,40,1,1,3,13,4,,2024-05-17 10:06:30,2024-05-17 12:06:30,2024-05-17 16:06:30,13.221108,79.326661,Owen has reported repeated physical abuse by Varsha at the shared household in Soman Circle.
1189,100140056202400008,202400008,2024-09-28,86,56,1,2,7,24,1,27.0,2024-09-26 05:05:46,2024-09-26 07:05:46,2024-09-26 12:05:46,13.40913,76.3,"Falak paid Upkaar an advance for services/goods that were never delivered, related to a transaction near Vala Chowk."
1190,100150060202500004,202500004,2025-02-09,209,60,1,1,6,22,1,30.0,2025-02-08 19:57:37,2025-02-08 23:57:37,2025-02-09 23:57:37,15.203667,74.791139,"A clash broke out between two groups near Chahal Chowk around 07:57 PM, resulting in property damage and minor injuries."
1191,100100038202600011,202600011,2026-02-26,288,38,1,2,4,17,6,,2026-02-23 00:41:13,2026-02-23 04:41:13,2026-02-23 20:41:13,13.76706,76.358241,Meghana discovered that Laban had used her Aadhaar/PAN details to fraudulently open an account in Kurian.
1192,100090035202500004,202500004,2025-07-04,11,35,1,1,1,1,3,17.0,2025-07-03 02:00:19,2025-07-03 05:00:19,2025-07-03 08:00:19,15.615542,78.078707,"The complainant states that the accused Isaac attacked Balhaar with a wooden stick near Walia Nagar following a dispute, resulting in death. Body was found at the scene around 02:00 AM."
1193,100040017202600005,202600005,2026-04-06,52,17,1,2,2,5,3,,2026-04-03 23:00:18,2026-04-04 03:00:18,2026-04-04 04:00:18,13.97951,75.992566,The complainant reports that unidentified persons stole a gold chain from Prabhakar sometime around 11:00 PM. No eyewitnesses have come forward yet.
1194,100030012202400004,202400004,2024-09-30,224,12,1,1,5,19,1,6.0,2024-09-27 04:20:03,2024-09-27 04:20:03,2024-09-27 15:20:03,13.065745,76.404773,"Acting on a tip-off, police intercepted Jonathan near Choudhry Circle and recovered narcotics being transported for sale."
1195,400070026202300001,202300001,2023-12-11,5,26,4,1,8,29,2,13.0,2023-12-08 10:39:27,2023-12-08 12:39:27,2023-12-09 05:39:27,13.511755,76.311434,Siya was found in possession of an unlicensed wooden stick during a check near Shere Zila.
1196,100070026202500006,202500006,2025-06-20,74,26,1,1,1,2,4,,2025-06-17 20:17:10,2025-06-17 20:17:10,2025-06-18 17:17:10,14.506447,74.707458,"Ishaan allegedly attacked Radha with a sharp weapon at Korpal Zila around 08:17 PM, causing serious injuries. The victim was rushed to hospital and is under treatment."
1197,100040014202300002,202300002,2023-09-11,286,14,1,2,5,20,1,7.0,2023-09-11 03:00:56,2023-09-11 05:00:56,2023-09-11 08:00:56,14.828317,78.020177,Champak was found manufacturing/selling illicit liquor from premises at Mutti Path.
1198,100060024202600008,202600008,2026-01-03,142,24,1,1,1,1,2,,2026-01-02 00:06:14,2026-01-02 01:06:14,2026-01-02 09:06:14,14.854434,79.145497,Ansh was found dead with injuries consistent with a sickle at Nagar Nagar. Neighbours reported a quarrel between Ansh and Ucchal shortly before 12:06 AM.
1199,100110041202600006,202600006,2026-01-11,27,41,1,2,4,15,2,22.0,2026-01-10 22:44:20,2026-01-11 03:44:20,2026-01-11 14:44:20,14.765098,76.838558,Pooja reports that Brijesh created a fake profile impersonating her and posted defamatory content on social media.
1200,100110043202600003,202600003,2026-02-22,183,43,1,1,2,6,7,21.0,2026-02-20 09:47:00,2026-02-20 15:47:00,2026-02-20 23:47:00,13.950973,75.634012,Unknown persons broke into the premises at Mistry Street during the night and decamped with a cash bag. Entry appears to have been made by breaking a window lock.
1201,100130053202400006,202400006,2024-06-04,167,53,1,2,4,16,1,,2024-06-03 02:01:30,2024-06-03 05:01:30,2024-06-04 03:01:30,14.302632,77.694561,Farhan's email/social media account was accessed without authorization; unusual login activity was traced to an IP address outside Upadhyay Path.
1202,100120046202600001,202600001,2026-01-01,166,46,1,2,7,26,1,23.0,2025-12-29 23:34:28,2025-12-30 01:34:28,2025-12-30 01:34:28,13.044474,75.806448,Qushi discovered that Gautam had forged signatures on property documents related to land in Manne Path.
1203,800050020202600001,202600001,2026-02-09,134,20,3,2,8,28,4,10.0,2026-02-06 20:45:32,2026-02-06 22:45:32,2026-02-07 03:45:32,15.794,75.513496,Idika was found driving a laptop at Chaudhuri Zila without a valid licence and in a rash manner endangering pedestrians around 08:45 PM.
1204,100150058202600005,202600005,2026-05-10,49,58,1,2,7,24,1,,2026-05-07 20:07:48,2026-05-07 20:07:48,2026-05-08 15:07:48,13.731421,76.040976,"Zaid paid Chakrika an advance for services/goods that were never delivered, related to a transaction near Verma Street."
1205,100070026202600005,202600005,2026-04-13,114,26,1,2,6,21,2,13.0,2026-04-13 06:51:22,2026-04-13 10:51:22,2026-04-14 02:51:22,15.119541,76.913193,A group led by Brijesh gathered unlawfully near Dash Path around 06:51 AM and caused a public nuisance.
1206,100160065202400006,202400006,2024-07-29,274,65,1,2,8,30,7,32.0,2024-07-26 17:10:56,2024-07-26 21:10:56,2024-07-27 02:10:56,13.360524,74.538446,Krish was found transporting liquor without a valid permit near Chaudry Circle around 05:10 PM.
1207,100190073202600010,202600010,2026-01-28,266,73,1,2,2,5,1,,2026-01-28 04:09:12,2026-01-28 05:09:12,2026-01-28 23:09:12,15.727319,75.592255,The complainant reports that unidentified persons stole a two-wheeler from Basu sometime around 04:09 AM. No eyewitnesses have come forward yet.
1208,100090034202500003,202500003,2025-04-20,73,34,1,2,8,28,5,17.0,2025-04-19 14:33:34,2025-04-19 20:33:34,2025-04-20 01:33:34,13.483394,79.257945,Yashasvi was found driving a mobile phone at Mall Circle without a valid licence and in a rash manner endangering pedestrians around 02:33 PM.
1209,300160063202400001,202400001,2024-09-22,174,63,2,1,1,2,5,,2024-09-22 14:11:40,2024-09-22 20:11:40,2024-09-22 23:11:40,15.50687,78.785227,"Dhruv allegedly attacked Yahvi with a knife at Tak Circle around 02:11 PM, causing serious injuries. The victim was rushed to hospital and is under treatment."
1210,100060023202500007,202500007,2025-01-19,205,23,1,2,4,16,2,,2025-01-16 20:18:15,2025-01-16 20:18:15,2025-01-17 00:18:15,13.838914,74.745324,Bhanumati's email/social media account was accessed without authorization; unusual login activity was traced to an IP address outside Atwal Chowk.
1211,100030011202500006,202500006,2025-07-04,111,11,1,1,1,2,7,5.0,2025-07-02 23:59:31,2025-07-02 23:59:31,2025-07-03 19:59:31,12.775196,75.990328,"Arin allegedly attacked Oni with a sickle at Datta Street around 11:59 PM, causing serious injuries. The victim was rushed to hospital and is under treatment."
1212,100190074202400008,202400008,2024-04-05,102,74,1,2,1,3,1,37.0,2024-04-04 08:48:51,2024-04-04 10:48:51,2024-04-04 10:48:51,13.250669,76.716469,"A physical altercation between Frederick and Viraj at Banerjee led to grievous injuries being caused with a knife, around 08:48 AM."
1213,100090032202600004,202600004,2026-01-28,101,32,1,2,8,28,1,18.0,2026-01-26 23:37:39,2026-01-27 02:37:39,2026-01-28 02:37:39,13.913101,74.628008,Tanveer was found driving a laptop at Madan Street without a valid licence and in a rash manner endangering pedestrians around 11:37 PM.
1214,100100038202500006,202500006,2025-09-27,52,38,1,2,7,26,2,20.0,2025-09-25 01:01:39,2025-09-25 01:01:39,2025-09-25 06:01:39,13.604346,76.448781,Aadhya discovered that Niharika had forged signatures on property documents related to land in Goswami Ganj.
1215,100120048202500004,202500004,2025-01-11,259,48,1,2,5,20,1,23.0,2025-01-10 17:33:45,2025-01-10 18:33:45,2025-01-11 05:33:45,15.159997,77.955992,Harish was found manufacturing/selling illicit liquor from premises at Walla Zila.
1216,100010003202300006,202300006,2023-04-07,291,3,1,2,6,23,1,,2023-04-04 10:47:51,2023-04-04 16:47:51,2023-04-05 05:47:51,12.555637,78.958542,"Tension arose near Arora Chowk following a social media post, leading to a communal disturbance around 10:47 AM."
1217,100040015202600003,202600003,2026-06-21,41,15,1,2,4,17,1,8.0,2026-06-19 15:15:10,2026-06-19 19:15:10,2026-06-20 19:15:10,13.178479,79.267906,Ronith discovered that Nimrat had used her Aadhaar/PAN details to fraudulently open an account in Balasubramanian Circle.
1218,800160064202300002,202300002,2023-05-06,275,64,3,2,5,20,1,,2023-05-03 19:15:00,2023-05-03 20:15:00,2023-05-04 04:15:00,15.374048,76.427268,Atharv was found manufacturing/selling illicit liquor from premises at Kalita Chowk.
1219,100180071202400012,202400012,2024-07-30,101,71,1,2,5,19,1,36.0,2024-07-30 14:29:30,2024-07-30 16:29:30,2024-07-30 16:29:30,15.442397,79.134944,"Acting on a tip-off, police intercepted Lajita near Barman and recovered narcotics being transported for sale."
1220,100070026202600006,202600006,2026-04-20,257,26,1,2,2,9,3,,2026-04-20 23:02:00,2026-04-21 03:02:00,2026-04-21 22:02:00,15.383572,78.954709,Ekapad entered the premises at Ahuja Chowk without permission and refused to leave when asked by Oliver.
1221,100150060202300003,202300003,2023-11-09,122,60,1,1,5,19,1,30.0,2023-11-09 00:11:53,2023-11-09 06:11:53,2023-11-09 14:11:53,15.676438,78.135347,"Acting on a tip-off, police intercepted Karan near Patel Street and recovered narcotics being transported for sale."
1222,100080030202300010,202300010,2023-09-16,73,30,1,2,4,15,6,15.0,2023-09-13 20:37:50,2023-09-13 21:37:50,2023-09-13 21:37:50,14.12928,79.117329,Pratyush reports that Tanish created a fake profile impersonating her and posted defamatory content on social media.
1223,100120047202600006,202600006,2026-04-17,71,47,1,2,6,21,4,24.0,2026-04-15 16:11:56,2026-04-15 19:11:56,2026-04-16 04:11:56,13.347267,76.429595,A group led by Sathvik gathered unlawfully near Salvi Street around 04:11 PM and caused a public nuisance.
1224,100190074202300008,202300008,2023-01-08,215,74,1,2,8,28,2,,2023-01-07 01:49:46,2023-01-07 01:49:46,2023-01-07 17:49:46,15.562099,77.83683,Arjun was found driving a laptop at Madan Street without a valid licence and in a rash manner endangering pedestrians around 01:49 AM.
1225,100140056202500004,202500004,2025-06-19,180,56,1,1,2,8,1,,2025-06-17 10:20:39,2025-06-17 16:20:39,2025-06-17 17:20:39,14.649289,76.815566,A gang of five to six persons armed with wooden sticks robbed the Sangha Chowk of cash and a wallet around 10:20 AM.
1226,100090032202500004,202500004,2025-06-21,77,32,1,2,6,22,4,17.0,2025-06-20 07:35:44,2025-06-20 13:35:44,2025-06-20 23:35:44,13.301113,77.532123,"A clash broke out between two groups near Manne Chowk around 07:35 AM, resulting in property damage and minor injuries."
1227,800190074202500001,202500001,2025-10-21,74,74,3,2,8,28,6,37.0,2025-10-20 05:16:02,2025-10-20 08:16:02,2025-10-20 12:16:02,13.546001,78.7466,Rudra was found driving a two-wheeler at Karpe Path without a valid licence and in a rash manner endangering pedestrians around 05:16 AM.
1228,800100038202400002,202400002,2024-02-01,235,38,3,2,5,18,4,19.0,2024-02-01 03:17:25,2024-02-01 08:17:25,2024-02-02 00:17:25,13.359834,77.335602,"During a routine vehicle check near Wable, Udarsh was found in possession of a commercial quantity of contraband substance around 03:17 AM."
1229,100010006202500002,202500002,2025-01-31,14,6,1,2,4,15,1,,2025-01-30 18:33:30,2025-01-31 00:33:30,2025-01-31 01:33:30,13.504287,78.861841,Ojas reports that Ryan created a fake profile impersonating her and posted defamatory content on social media.
1230,100200077202400002,202400002,2024-04-15,257,77,1,2,2,6,2,,2024-04-14 07:57:38,2024-04-14 07:57:38,2024-04-14 11:57:38,14.318946,78.177242,Unknown persons broke into the premises at Verma Circle during the night and decamped with a wallet. Entry appears to have been made by breaking a window lock.
1231,100110042202600002,202600002,2026-03-05,213,42,1,2,4,14,2,,2026-03-02 22:42:36,2026-03-02 22:42:36,2026-03-03 01:42:36,15.418385,75.554451,Warda received a call from an unidentified person claiming to be a bank official and lost money via UPI transfer after sharing an OTP. Transaction traced to an account linked to Wali Chowk.
1232,100120048202400002,202400002,2024-09-21,80,48,1,2,6,21,5,23.0,2024-09-20 14:48:59,2024-09-20 19:48:59,2024-09-21 10:48:59,13.144903,78.229506,A group led by Pavani gathered unlawfully near Kuruvilla Chowk around 02:48 PM and caused a public nuisance.
1233,100080030202400011,202400011,2024-08-13,261,30,1,2,3,10,6,,2024-08-11 22:43:03,2024-08-12 04:43:03,2024-08-12 04:43:03,14.902653,79.302663,George has alleged continuous harassment for additional dowry by Kala and in-laws at the matrimonial home in Narayan Road.
1234,100030012202300008,202300008,2023-12-02,290,12,1,1,3,12,5,,2023-12-02 06:36:55,2023-12-02 08:36:55,2023-12-02 23:36:55,12.848679,75.108877,Advik was allegedly abducted by Ekapad near Jani Path around 06:36 AM while returning home.
1235,800050020202600002,202600002,2026-04-29,194,20,3,2,6,22,6,10.0,2026-04-27 19:25:41,2026-04-28 01:25:41,2026-04-29 01:25:41,15.206373,79.161849,"A clash broke out between two groups near Bhardwaj Zila around 07:25 PM, resulting in property damage and minor injuries."
1236,100170067202400002,202400002,2024-02-27,85,67,1,2,4,15,2,,2024-02-25 11:39:20,2024-02-25 17:39:20,2024-02-26 16:39:20,12.9945,79.48241,Manthan reports that Mahika created a fake profile impersonating her and posted defamatory content on social media.
1237,100170067202400003,202400003,2024-12-30,9,67,1,1,5,19,1,34.0,2024-12-29 04:10:31,2024-12-29 07:10:31,2024-12-29 08:10:31,13.193139,77.208368,"Acting on a tip-off, police intercepted Hredhaan near D’Alia Circle and recovered narcotics being transported for sale."
1238,300080029202600001,202600001,2026-05-09,290,29,2,2,7,26,1,16.0,2026-05-09 04:58:21,2026-05-09 04:58:21,2026-05-09 05:58:21,13.143451,77.388018,Azad discovered that Darsh had forged signatures on property documents related to land in Ghose Chowk.
1239,400030011202500002,202500002,2025-07-15,165,11,4,1,6,23,5,6.0,2025-07-12 22:09:19,2025-07-13 00:09:19,2025-07-13 07:09:19,13.193696,76.387108,"Tension arose near Gill Zila following a social media post, leading to a communal disturbance around 10:09 PM."
1240,100060023202400008,202400008,2024-05-11,180,23,1,2,4,14,1,,2024-05-09 14:28:35,2024-05-09 18:28:35,2024-05-10 18:28:35,14.823529,78.039837,"Kavya was defrauded via a fake investment app promoted online, transferring funds over several weeks before realizing the platform was fraudulent."
1241,100200076202400007,202400007,2024-12-29,71,76,1,2,4,16,1,39.0,2024-12-27 01:07:29,2024-12-27 07:07:29,2024-12-27 21:07:29,14.256805,79.194331,Chakradhar's email/social media account was accessed without authorization; unusual login activity was traced to an IP address outside Dhawan Street.
1242,100160063202600006,202600006,2026-03-02,258,63,1,1,5,18,2,,2026-02-28 16:54:52,2026-02-28 19:54:52,2026-03-01 19:54:52,14.349626,74.589854,"During a routine vehicle check near Chhabra Nagar, Leela was found in possession of a commercial quantity of contraband substance around 04:54 PM."
1243,100050020202400003,202400003,2024-04-13,39,20,1,2,8,30,2,10.0,2024-04-12 00:34:59,2024-04-12 01:34:59,2024-04-12 21:34:59,15.718998,78.909359,Nimrat was found transporting liquor without a valid permit near Gara Circle around 12:34 AM.
1244,300200076202400002,202400002,2024-03-27,279,76,2,2,7,26,2,40.0,2024-03-24 18:27:48,2024-03-24 19:27:48,2024-03-25 18:27:48,12.974657,76.515836,Yashodhara discovered that Manya had forged signatures on property documents related to land in Ram Marg.
1245,100150060202600004,202600004,2026-04-12,290,60,1,2,4,17,1,,2026-04-12 03:14:42,2026-04-12 04:14:42,2026-04-13 00:14:42,14.136692,75.912636,Darpan discovered that Sarthak had used her Aadhaar/PAN details to fraudulently open an account in Aurora Path.
1246,100080029202500003,202500003,2025-07-19,81,29,1,2,3,10,7,,2025-07-17 06:24:47,2025-07-17 11:24:47,2025-07-18 04:24:47,15.35888,76.168342,Wahab has alleged continuous harassment for additional dowry by Dhriti and in-laws at the matrimonial home in Kadakia Road.
1247,100150058202500004,202500004,2025-07-30,300,58,1,1,2,8,4,30.0,2025-07-28 02:39:55,2025-07-28 05:39:55,2025-07-28 08:39:55,13.396348,76.612469,A gang of five to six persons armed with wooden sticks robbed the Kunda Path of cash and a cash bag around 02:39 AM.
1248,300040016202600001,202600001,2026-03-24,138,16,2,2,2,9,2,7.0,2026-03-21 22:15:59,2026-03-21 22:15:59,2026-03-22 00:15:59,15.005342,77.361344,Harrison entered the premises at Tailor without permission and refused to leave when asked by Jatin.
1249,100100038202300008,202300008,2023-07-03,177,38,1,2,8,30,1,20.0,2023-07-02 17:02:02,2023-07-02 19:02:02,2023-07-02 21:02:02,13.646817,78.532845,Pushti was found transporting liquor without a valid permit near Mohanty Ganj around 05:02 PM.
1250,100110040202300008,202300008,2023-06-10,219,40,1,2,5,19,1,22.0,2023-06-08 13:30:03,2023-06-08 14:30:03,2023-06-09 02:30:03,14.688617,77.893317,"Acting on a tip-off, police intercepted Andrew near Chaudhari Path and recovered narcotics being transported for sale."
1251,100010005202500004,202500004,2025-10-13,79,5,1,2,5,18,7,1.0,2025-10-13 00:29:58,2025-10-13 06:29:58,2025-10-13 22:29:58,13.401236,78.159034,"During a routine vehicle check near Behl Marg, Jagat was found in possession of a commercial quantity of contraband substance around 12:29 AM."
1252,100050021202600004,202600004,2026-01-25,62,21,1,1,3,13,2,,2026-01-24 00:12:59,2026-01-24 04:12:59,2026-01-24 11:12:59,14.930311,79.0557,Henry has reported repeated physical abuse by Sanya at the shared household in Bawa Circle.
1253,100080030202400012,202400012,2024-10-11,71,30,1,2,2,7,1,16.0,2024-10-10 01:30:57,2024-10-10 03:30:57,2024-10-10 09:30:57,15.935637,77.990282,"Isha accosted Nachiket near Behl around 01:30 AM, snatched a two-wheeler at knife-point, and fled on a two-wheeler."
1254,300100038202400002,202400002,2024-10-05,285,38,2,1,3,12,1,20.0,2024-10-04 11:33:49,2024-10-04 12:33:49,2024-10-04 16:33:49,13.874601,78.230592,Udant was allegedly abducted by Geetika near Gandhi Circle around 11:33 AM while returning home.
1255,100110041202400002,202400002,2024-03-09,119,41,1,1,5,19,5,,2024-03-08 06:58:13,2024-03-08 11:58:13,2024-03-08 15:58:13,13.809733,77.383786,"Acting on a tip-off, police intercepted Daksh near Sidhu Ganj and recovered narcotics being transported for sale."
1256,400150061202500001,202500001,2025-08-26,220,61,4,1,3,12,2,29.0,2025-08-25 10:08:13,2025-08-25 14:08:13,2025-08-26 05:08:13,13.101641,77.094234,Kai was allegedly abducted by Samaksh near Rajagopalan around 10:08 AM while returning home.
1257,100090035202400004,202400004,2024-01-20,86,35,1,1,3,10,1,17.0,2024-01-19 10:40:37,2024-01-19 13:40:37,2024-01-20 13:40:37,14.591897,79.122461,Abhimanyu has alleged continuous harassment for additional dowry by Qabil and in-laws at the matrimonial home in Aurora Road.
1258,100150061202300005,202300005,2023-04-01,278,61,1,1,2,8,1,30.0,2023-03-29 22:30:09,2023-03-30 04:30:09,2023-03-30 21:30:09,13.527902,74.567516,A gang of five to six persons armed with iron rods robbed the Grewal Marg of cash and a cash bag around 10:30 PM.
1259,100050021202300003,202300003,2023-10-21,70,21,1,2,7,26,2,9.0,2023-10-20 14:36:46,2023-10-20 15:36:46,2023-10-21 01:36:46,15.759386,77.938563,Yatan discovered that Janya had forged signatures on property documents related to land in Chakraborty Street.
1260,100080030202300011,202300011,2023-08-31,45,30,1,2,5,18,7,,2023-08-29 10:13:45,2023-08-29 11:13:45,2023-08-29 17:13:45,14.365782,78.108033,"During a routine vehicle check near Hora Ganj, Aditya was found in possession of a commercial quantity of contraband substance around 10:13 AM."
1261,100040016202300004,202300004,2023-08-31,106,16,1,2,7,26,3,8.0,2023-08-30 13:44:29,2023-08-30 18:44:29,2023-08-31 16:44:29,14.789665,76.615236,Siddharth discovered that Isaiah had forged signatures on property documents related to land in Yohannan.
1262,100030011202600007,202600007,2026-04-08,206,11,1,1,2,8,2,5.0,2026-04-06 10:53:46,2026-04-06 16:53:46,2026-04-07 02:53:46,15.660489,74.704008,A gang of five to six persons armed with wooden sticks robbed the Karnik Path of cash and a two-wheeler around 10:53 AM.
1263,100130053202400007,202400007,2024-10-01,221,53,1,1,1,3,2,25.0,2024-10-01 13:27:15,2024-10-01 16:27:15,2024-10-02 03:27:15,14.305623,74.800916,"A physical altercation between Netra and Bina at Kashyap Ganj led to grievous injuries being caused with a knife, around 01:27 PM."
1264,100190073202600011,202600011,2026-04-10,286,73,1,2,7,24,1,,2026-04-09 11:58:28,2026-04-09 17:58:28,2026-04-09 21:58:28,15.976396,78.0252,"Aashi paid Nachiket an advance for services/goods that were never delivered, related to a transaction near Tiwari Chowk."
1265,100150061202500007,202500007,2025-11-27,200,61,1,2,8,30,5,30.0,2025-11-27 02:34:46,2025-11-27 06:34:46,2025-11-27 06:34:46,15.241164,78.482335,Saumya was found transporting liquor without a valid permit near Narayan Chowk around 02:34 AM.
1266,100190073202500008,202500008,2025-05-01,283,73,1,2,6,21,5,37.0,2025-04-29 15:09:53,2025-04-29 16:09:53,2025-04-30 12:09:53,14.65257,78.583446,A group led by Triya gathered unlawfully near Karan Street around 03:09 PM and caused a public nuisance.
1267,100050020202300005,202300005,2023-11-06,262,20,1,1,4,17,1,10.0,2023-11-03 12:29:21,2023-11-03 15:29:21,2023-11-04 08:29:21,12.860259,75.195267,Turvi discovered that Upadhriti had used her Aadhaar/PAN details to fraudulently open an account in Bansal Street.
1268,100140055202500003,202500003,2025-02-23,30,55,1,1,2,9,1,27.0,2025-02-20 15:42:36,2025-02-20 21:42:36,2025-02-20 21:42:36,13.635034,79.087657,Darsh entered the premises at Sheth Circle without permission and refused to leave when asked by Samar.
1269,100150060202300004,202300004,2023-10-29,177,60,1,2,4,15,2,29.0,2023-10-26 21:53:32,2023-10-26 23:53:32,2023-10-27 16:53:32,14.962796,79.172851,Amol reports that Quincy created a fake profile impersonating her and posted defamatory content on social media.
1270,300170067202300002,202300002,2023-11-20,52,67,2,2,5,20,1,34.0,2023-11-18 07:06:22,2023-11-18 09:06:22,2023-11-19 00:06:22,14.406577,75.452175,Gaurangi was found manufacturing/selling illicit liquor from premises at Ramesh Road.
1271,100120048202300003,202300003,2023-09-03,25,48,1,2,6,23,4,23.0,2023-09-01 03:13:57,2023-09-01 05:13:57,2023-09-01 17:13:57,13.147204,79.390159,"Tension arose near Jhaveri Marg following a social media post, leading to a communal disturbance around 03:13 AM."
1272,100070026202600007,202600007,2026-03-25,126,26,1,2,2,5,2,,2026-03-23 23:06:58,2026-03-24 00:06:58,2026-03-24 01:06:58,12.772276,77.562762,The complainant reports that unidentified persons stole a mobile phone from Dass sometime around 11:06 PM. No eyewitnesses have come forward yet.
1273,100060023202400009,202400009,2024-03-11,183,23,1,1,1,4,4,12.0,2024-03-09 19:37:23,2024-03-09 21:37:23,2024-03-10 13:37:23,15.280231,76.072284,Dakshesh succumbed to injuries sustained during an altercation with Gaurika at Keer Path near 07:37 PM.
1274,100150060202500005,202500005,2025-11-01,91,60,1,1,5,19,7,30.0,2025-10-30 20:15:02,2025-10-31 02:15:02,2025-10-31 21:15:02,13.787931,75.202216,"Acting on a tip-off, police intercepted Dalbir near Tella Chowk and recovered narcotics being transported for sale."
1275,300150059202300002,202300002,2023-11-17,288,59,2,1,8,30,5,30.0,2023-11-14 21:10:37,2023-11-15 03:10:37,2023-11-15 17:10:37,15.485278,77.559348,Pranit was found transporting liquor without a valid permit near Goda Nagar around 09:10 PM.
1276,100010005202300002,202300002,2023-05-15,171,5,1,1,5,19,1,,2023-05-14 18:20:05,2023-05-14 23:20:05,2023-05-15 01:20:05,15.930988,76.534902,"Acting on a tip-off, police intercepted Pallavi near Bhandari Street and recovered narcotics being transported for sale."
1277,100100038202300009,202300009,2023-02-18,184,38,1,2,5,20,1,19.0,2023-02-17 20:08:14,2023-02-17 21:08:14,2023-02-17 23:08:14,13.357661,77.268373,Abhiram was found manufacturing/selling illicit liquor from premises at Gola Ganj.
1278,100010003202600007,202600007,2026-04-05,10,3,1,2,5,20,3,2.0,2026-04-04 13:01:41,2026-04-04 15:01:41,2026-04-05 13:01:41,12.993921,75.586933,Pahal was found manufacturing/selling illicit liquor from premises at Bakshi Circle.
1279,100160063202500004,202500004,2025-05-26,283,63,1,2,2,8,5,,2025-05-24 23:03:23,2025-05-25 00:03:23,2025-05-25 05:03:23,15.577294,76.258959,A gang of five to six persons armed with sharp weapons robbed the Bali Nagar of cash and a gold chain around 11:03 PM.
1280,100190073202600012,202600012,2026-06-20,175,73,1,1,1,1,1,,2026-06-18 03:43:59,2026-06-18 07:43:59,2026-06-19 01:43:59,15.612381,78.118953,Qadim was found dead with injuries consistent with a wooden stick at Puri Road. Neighbours reported a quarrel between Qadim and Zehaan shortly before 03:43 AM.
1281,100180070202500004,202500004,2025-07-17,88,70,1,2,6,23,1,36.0,2025-07-15 06:12:04,2025-07-15 10:12:04,2025-07-15 13:12:04,13.535697,78.285592,"Tension arose near Kar following a social media post, leading to a communal disturbance around 06:12 AM."
1282,100200076202500005,202500005,2025-09-12,195,76,1,2,5,18,2,,2025-09-11 05:06:53,2025-09-11 11:06:53,2025-09-12 03:06:53,15.446075,75.890817,"During a routine vehicle check near Narula Marg, Sneha was found in possession of a commercial quantity of contraband substance around 05:06 AM."
1283,100030012202600004,202600004,2026-02-28,89,12,1,1,6,22,3,5.0,2026-02-25 19:50:44,2026-02-25 23:50:44,2026-02-26 04:50:44,12.535239,78.760202,"A clash broke out between two groups near Tiwari Nagar around 07:50 PM, resulting in property damage and minor injuries."
1284,400140055202500002,202500002,2025-12-11,276,55,4,1,1,2,4,28.0,2025-12-10 11:13:16,2025-12-10 12:13:16,2025-12-11 12:13:16,15.495444,76.889187,"Advaith allegedly attacked Chaitanya with a knife at Garg Zila around 11:13 AM, causing serious injuries. The victim was rushed to hospital and is under treatment."
1285,100130053202400008,202400008,2024-12-24,121,53,1,2,3,13,1,,2024-12-24 00:13:54,2024-12-24 03:13:54,2024-12-25 03:13:54,15.020591,77.116167,Oscar has reported repeated physical abuse by Naksh at the shared household in Hans Path.
1286,100070027202600007,202600007,2026-04-18,136,27,1,1,2,7,5,13.0,2026-04-16 18:21:04,2026-04-16 22:21:04,2026-04-17 07:21:04,13.641947,76.231072,"A group of unidentified men robbed Upkaar of a wallet near Narasimhan Road, threatening with a country-made pistol."
1287,100180070202600008,202600008,2026-05-22,76,70,1,1,5,19,1,35.0,2026-05-19 23:31:59,2026-05-20 00:31:59,2026-05-20 20:31:59,15.834071,75.104715,"Acting on a tip-off, police intercepted Reyansh near Menon Street and recovered narcotics being transported for sale."
1288,100170067202300010,202300010,2023-04-09,110,67,1,2,5,20,7,33.0,2023-04-06 21:09:53,2023-04-07 01:09:53,2023-04-07 21:09:53,13.170439,75.382275,Jason was found manufacturing/selling illicit liquor from premises at Luthra Street.
1289,100060023202500008,202500008,2025-09-15,136,23,1,2,5,19,1,11.0,2025-09-13 05:23:18,2025-09-13 11:23:18,2025-09-13 20:23:18,15.678466,79.091935,"Acting on a tip-off, police intercepted Jacob near Kibe Street and recovered narcotics being transported for sale."
1290,100050021202300004,202300004,2023-06-05,223,21,1,2,4,14,3,9.0,2023-06-05 09:44:22,2023-06-05 15:44:22,2023-06-06 11:44:22,13.83642,78.302269,"Nathaniel was defrauded via a fake investment app promoted online, transferring funds over several weeks before realizing the platform was fraudulent."
1291,100110043202500003,202500003,2025-09-21,269,43,1,2,2,9,1,,2025-09-19 07:09:01,2025-09-19 10:09:01,2025-09-20 10:09:01,15.100974,79.007409,Harish entered the premises at Pradhan Chowk without permission and refused to leave when asked by Veer.
1292,100160063202300003,202300003,2023-12-12,261,63,1,1,5,19,1,,2023-12-10 09:38:06,2023-12-10 12:38:06,2023-12-11 10:38:06,12.648597,78.046294,"Acting on a tip-off, police intercepted Jai near Karnik Chowk and recovered narcotics being transported for sale."
1293,400110040202400002,202400002,2024-08-27,54,40,4,2,4,14,1,21.0,2024-08-26 15:07:04,2024-08-26 15:07:04,2024-08-27 15:07:04,13.372505,78.178284,Isha received a call from an unidentified person claiming to be a bank official and lost money via UPI transfer after sharing an OTP. Transaction traced to an account linked to Chandra Path.
1294,300130051202300002,202300002,2023-09-02,288,51,2,1,1,3,7,,2023-09-02 03:23:53,2023-09-02 06:23:53,2023-09-02 11:23:53,13.187825,74.701553,"A physical altercation between Kavya and Jonathan at Deep Road led to grievous injuries being caused with a knife, around 03:23 AM."
1295,100020009202500010,202500010,2025-03-10,93,9,1,2,3,13,7,,2025-03-08 22:59:16,2025-03-08 22:59:16,2025-03-09 02:59:16,15.672139,76.361659,Lavanya has reported repeated physical abuse by Rushil at the shared household in Keer Ganj.
1296,100140056202600006,202600006,2026-06-03,167,56,1,1,2,8,2,27.0,2026-06-02 07:18:38,2026-06-02 11:18:38,2026-06-02 15:18:38,15.394405,74.510115,A gang of five to six persons armed with knifes robbed the Deshmukh Chowk of cash and a mobile phone around 07:18 AM.
1297,100020008202400003,202400003,2024-08-30,146,8,1,2,5,20,1,4.0,2024-08-29 22:16:58,2024-08-29 23:16:58,2024-08-30 14:16:58,15.692638,79.236002,Tarak was found manufacturing/selling illicit liquor from premises at Prakash Path.
1298,100140055202600006,202600006,2026-01-17,289,55,1,1,4,14,2,28.0,2026-01-14 14:59:57,2026-01-14 15:59:57,2026-01-15 01:59:57,12.744954,77.001513,Qadim received a call from an unidentified person claiming to be a bank official and lost money via UPI transfer after sharing an OTP. Transaction traced to an account linked to Ganguly Marg.
1299,100080030202400013,202400013,2024-12-09,30,30,1,1,2,6,2,,2024-12-06 09:27:56,2024-12-06 11:27:56,2024-12-06 11:27:56,13.359492,74.732839,Unknown persons broke into the premises at Gill Road during the night and decamped with a cash bag. Entry appears to have been made by breaking a window lock.
1300,100180071202500009,202500009,2025-10-14,52,71,1,2,7,27,2,,2025-10-13 14:15:38,2025-10-13 19:15:38,2025-10-14 14:15:38,15.346034,74.841423,Police recovered counterfeit currency notes from Charles during a check near Patel.
1301,800020008202500004,202500004,2025-08-28,147,8,3,1,3,11,7,4.0,2025-08-27 07:49:38,2025-08-27 12:49:38,2025-08-27 15:49:38,14.495349,76.328638,Sai has alleged that Peter sexually assaulted her at Dyal Street around 07:49 AM. Medical examination has been conducted.
1302,100100037202300012,202300012,2023-06-28,256,37,1,1,3,11,3,,2023-06-27 04:03:21,2023-06-27 07:03:21,2023-06-28 06:03:21,14.36483,75.587524,Mugdha has alleged that Avni sexually assaulted her at Choudhry Marg around 04:03 AM. Medical examination has been conducted.
1303,100020009202600005,202600005,2026-01-07,250,9,1,2,5,18,1,,2026-01-04 23:02:52,2026-01-04 23:02:52,2026-01-05 20:02:52,13.170114,76.687673,"During a routine vehicle check near Ghose Chowk, Vedant was found in possession of a commercial quantity of contraband substance around 11:02 PM."
1304,100070027202600008,202600008,2026-04-15,169,27,1,1,7,27,2,14.0,2026-04-12 22:20:05,2026-04-13 04:20:05,2026-04-13 06:20:05,14.510289,79.288221,Police recovered counterfeit currency notes from Udant during a check near Jha Zila.
1305,100030011202500007,202500007,2025-06-15,177,11,1,2,8,28,6,,2025-06-13 10:37:41,2025-06-13 11:37:41,2025-06-14 02:37:41,15.948168,75.309278,Pranav was found driving a cash bag at Singhal Chowk without a valid licence and in a rash manner endangering pedestrians around 10:37 AM.
1306,300190073202400001,202400001,2024-07-07,135,73,2,2,4,15,4,37.0,2024-07-05 13:09:25,2024-07-05 15:09:25,2024-07-06 13:09:25,14.778013,76.288276,Sathvik reports that Zayan created a fake profile impersonating her and posted defamatory content on social media.
1307,100120045202500004,202500004,2025-12-29,60,45,1,2,2,6,1,,2025-12-28 19:53:49,2025-12-28 21:53:49,2025-12-28 22:53:49,13.204643,75.513813,Unknown persons broke into the premises at Ganguly Chowk during the night and decamped with a cash bag. Entry appears to have been made by breaking a window lock.
1308,800070026202400001,202400001,2024-03-27,251,26,3,2,4,16,2,13.0,2024-03-26 21:03:34,2024-03-27 03:03:34,2024-03-27 13:03:34,14.734486,78.698522,Kritika's email/social media account was accessed without authorization; unusual login activity was traced to an IP address outside Barman Marg.
1309,100120045202300007,202300007,2023-09-13,165,45,1,2,5,20,2,23.0,2023-09-10 10:19:34,2023-09-10 16:19:34,2023-09-10 18:19:34,15.653004,77.383458,Harinakshi was found manufacturing/selling illicit liquor from premises at Tella Ganj.
1310,100150058202600006,202600006,2026-01-05,209,58,1,2,3,10,5,30.0,2026-01-03 19:19:57,2026-01-03 20:19:57,2026-01-03 22:19:57,14.630631,76.268361,Ekani has alleged continuous harassment for additional dowry by Amol and in-laws at the matrimonial home in Kannan Nagar.
1311,400020009202600002,202600002,2026-02-18,288,9,4,1,3,11,1,3.0,2026-02-16 00:36:35,2026-02-16 05:36:35,2026-02-16 20:36:35,14.515235,78.931756,Tanvi has alleged that Charan sexually assaulted her at Prashad Marg around 12:36 AM. Medical examination has been conducted.
1312,100080029202600005,202600005,2026-02-19,168,29,1,1,1,2,2,,2026-02-17 13:53:37,2026-02-17 16:53:37,2026-02-18 03:53:37,15.647125,74.92545,"Manthan allegedly attacked Darpan with a iron rod at Soman Chowk around 01:53 PM, causing serious injuries. The victim was rushed to hospital and is under treatment."
1313,100090032202600005,202600005,2026-05-16,201,32,1,1,8,29,2,,2026-05-16 05:40:36,2026-05-16 05:40:36,2026-05-17 04:40:36,14.324964,76.015886,Lekha was found in possession of an unlicensed iron rod during a check near Mannan Nagar.
1314,100060023202600005,202600005,2026-01-12,93,23,1,2,2,7,3,12.0,2026-01-10 09:22:58,2026-01-10 10:22:58,2026-01-10 16:22:58,15.059091,78.002194,"A group of unidentified men robbed Sachi of a laptop near Upadhyay Marg, threatening with a sharp weapon."
1315,100140055202600007,202600007,2026-03-04,154,55,1,2,3,13,6,28.0,2026-03-01 08:37:02,2026-03-01 10:37:02,2026-03-02 02:37:02,14.70305,76.441901,Urishilla has reported repeated physical abuse by Jai at the shared household in Deshmukh Circle.
1316,100040017202600006,202600006,2026-06-21,225,17,1,1,1,1,2,,2026-06-21 10:03:12,2026-06-21 10:03:12,2026-06-21 21:03:12,14.574403,79.019374,"The complainant states that the accused Forum attacked Yadavi with a iron rod near Batra following a dispute, resulting in death. Body was found at the scene around 10:03 AM."
1317,100150058202300003,202300003,2023-09-26,127,58,1,1,3,13,4,30.0,2023-09-26 06:00:26,2023-09-26 11:00:26,2023-09-26 18:00:26,15.825381,76.327257,Chasmum has reported repeated physical abuse by Lakshit at the shared household in Dalal Street.
1318,100150058202600007,202600007,2026-04-14,56,58,1,2,6,22,7,29.0,2026-04-13 17:07:36,2026-04-13 19:07:36,2026-04-13 19:07:36,13.278211,74.975598,"A clash broke out between two groups near Handa Chowk around 05:07 PM, resulting in property damage and minor injuries."
1319,100140056202600007,202600007,2026-01-22,281,56,1,2,7,25,3,28.0,2026-01-19 07:37:42,2026-01-19 13:37:42,2026-01-20 10:37:42,13.163086,75.977892,"Omya, entrusted with funds belonging to Mitesh for a joint venture, allegedly misappropriated the amount."
1320,100110041202400003,202400003,2024-10-18,226,41,1,2,6,21,4,22.0,2024-10-17 05:12:38,2024-10-17 07:12:38,2024-10-17 15:12:38,14.742374,74.826694,A group led by Ayushman gathered unlawfully near Wason Ganj around 05:12 AM and caused a public nuisance.
1321,100150059202500005,202500005,2025-08-08,114,59,1,2,7,25,1,,2025-08-06 04:58:28,2025-08-06 05:58:28,2025-08-06 14:58:28,13.144853,79.367142,"Shivani, entrusted with funds belonging to Omya for a joint venture, allegedly misappropriated the amount."
1322,100070026202600008,202600008,2026-05-05,65,26,1,1,6,21,2,13.0,2026-05-04 07:21:46,2026-05-04 11:21:46,2026-05-04 20:21:46,14.821599,76.556853,A group led by Faqid gathered unlawfully near Yohannan Chowk around 07:21 AM and caused a public nuisance.
1323,100110041202600007,202600007,2026-04-07,278,41,1,1,6,23,1,,2026-04-05 01:51:05,2026-04-05 02:51:05,2026-04-05 17:51:05,14.262177,77.218128,"Tension arose near Dhar following a social media post, leading to a communal disturbance around 01:51 AM."
1324,100090032202500005,202500005,2025-12-10,49,32,1,2,6,23,1,18.0,2025-12-10 02:01:01,2025-12-10 08:01:01,2025-12-10 21:01:01,15.748789,76.620359,"Tension arose near Jani Nagar following a social media post, leading to a communal disturbance around 02:01 AM."
1325,100100038202500007,202500007,2025-08-09,290,38,1,2,6,23,4,20.0,2025-08-07 04:08:51,2025-08-07 07:08:51,2025-08-07 20:08:51,14.891901,75.650718,"Tension arose near Shankar Nagar following a social media post, leading to a communal disturbance around 04:08 AM."
1326,100080029202300006,202300006,2023-09-30,135,29,1,2,7,27,4,,2023-09-28 11:12:30,2023-09-28 16:12:30,2023-09-29 13:12:30,14.068052,79.434476,Police recovered counterfeit currency notes from Lekha during a check near Garg Zila.
1327,100040016202600001,202600001,2026-02-22,274,16,1,2,5,18,2,8.0,2026-02-21 23:35:17,2026-02-22 01:35:17,2026-02-23 01:35:17,14.798224,75.106919,"During a routine vehicle check near Gill Nagar, Tanmayi was found in possession of a commercial quantity of contraband substance around 11:35 PM."
1328,100080030202500008,202500008,2025-03-28,299,30,1,2,2,5,1,,2025-03-28 10:46:50,2025-03-28 14:46:50,2025-03-29 08:46:50,13.393262,74.682509,The complainant reports that unidentified persons stole a gold chain from Sundaram Circle sometime around 10:46 AM. No eyewitnesses have come forward yet.
1329,100110042202600003,202600003,2026-02-22,273,42,1,1,3,11,5,22.0,2026-02-21 19:17:57,2026-02-22 00:17:57,2026-02-22 20:17:57,14.198307,79.239986,Gautam has alleged that Nachiket sexually assaulted her at Shanker Ganj around 07:17 PM. Medical examination has been conducted.
1330,100030011202600008,202600008,2026-01-12,192,11,1,2,7,25,5,6.0,2026-01-10 12:15:52,2026-01-10 15:15:52,2026-01-10 18:15:52,14.263203,79.319496,"Chaaya, entrusted with funds belonging to Kevin for a joint venture, allegedly misappropriated the amount."
1331,100070026202600009,202600009,2026-01-15,58,26,1,2,7,24,1,14.0,2026-01-12 17:21:47,2026-01-12 18:21:47,2026-01-12 22:21:47,15.024867,78.894833,"Yachana paid Fariq an advance for services/goods that were never delivered, related to a transaction near Sarraf Circle."
1332,100140056202600008,202600008,2026-03-03,283,56,1,2,7,25,2,,2026-03-01 08:44:19,2026-03-01 11:44:19,2026-03-01 18:44:19,12.896749,79.082189,"Manan, entrusted with funds belonging to Yashvi for a joint venture, allegedly misappropriated the amount."
1333,100160065202500006,202500006,2025-08-20,35,65,1,1,3,11,3,,2025-08-20 20:58:21,2025-08-20 20:58:21,2025-08-21 01:58:21,14.05379,78.220951,Ubika has alleged that Nikita sexually assaulted her at Borah Road around 08:58 PM. Medical examination has been conducted.
1334,100130050202300005,202300005,2023-04-21,45,50,1,2,2,9,1,26.0,2023-04-18 14:43:54,2023-04-18 19:43:54,2023-04-19 08:43:54,15.020124,77.179683,Sudiksha entered the premises at Reddy without permission and refused to leave when asked by Elijah.
1335,800020008202600002,202600002,2026-01-31,266,8,3,1,3,13,1,,2026-01-30 12:46:38,2026-01-30 13:46:38,2026-01-31 12:46:38,12.621162,77.624417,Mugdha has reported repeated physical abuse by Yutika at the shared household in Tandon Chowk.
1336,100160065202500007,202500007,2025-07-04,42,65,1,2,4,15,2,,2025-07-02 01:25:16,2025-07-02 01:25:16,2025-07-02 05:25:16,12.730136,76.695863,Jairaj reports that Yatin created a fake profile impersonating her and posted defamatory content on social media.
1337,800040014202400001,202400001,2024-06-13,222,14,3,2,2,9,2,,2024-06-10 15:04:26,2024-06-10 17:04:26,2024-06-11 02:04:26,15.723519,77.554908,Ryan entered the premises at Wable without permission and refused to leave when asked by Falak.
1338,100020008202400004,202400004,2024-05-13,167,8,1,2,7,26,1,3.0,2024-05-12 17:06:40,2024-05-12 18:06:40,2024-05-12 19:06:40,13.619944,75.259941,Ayushman discovered that Aayush had forged signatures on property documents related to land in Mann Zila.
1339,100030011202600009,202600009,2026-01-03,224,11,1,2,4,16,2,5.0,2026-01-03 19:15:14,2026-01-03 20:15:14,2026-01-04 03:15:14,13.585731,74.913401,Kevin's email/social media account was accessed without authorization; unusual login activity was traced to an IP address outside Zachariah.
1340,300040015202500001,202500001,2025-09-15,101,15,2,2,5,20,2,7.0,2025-09-14 07:54:19,2025-09-14 10:54:19,2025-09-15 09:54:19,12.697592,78.583243,Advay was found manufacturing/selling illicit liquor from premises at Dora Path.
1341,100150059202300002,202300002,2023-03-10,175,59,1,2,7,26,1,,2023-03-09 08:00:23,2023-03-09 13:00:23,2023-03-10 05:00:23,12.707522,75.281653,Priya discovered that Harsh had forged signatures on property documents related to land in Lal.
1342,100090032202400004,202400004,2024-04-16,31,32,1,2,8,28,5,,2024-04-16 12:56:00,2024-04-16 12:56:00,2024-04-17 02:56:00,12.60911,78.12587,Janya was found driving a mobile phone at Agate Ganj without a valid licence and in a rash manner endangering pedestrians around 12:56 PM.
1343,100180070202500005,202500005,2025-01-15,272,70,1,2,8,30,1,,2025-01-15 16:00:46,2025-01-15 17:00:46,2025-01-15 21:00:46,13.801913,77.725339,Vritti was found transporting liquor without a valid permit near Dara Road around 04:00 PM.
1344,100200077202400003,202400003,2024-08-27,239,77,1,1,6,21,5,,2024-08-27 02:00:59,2024-08-27 02:00:59,2024-08-27 13:00:59,13.37853,76.275017,A group led by Warhi gathered unlawfully near Gara Ganj around 02:00 AM and caused a public nuisance.
1345,100200076202500006,202500006,2025-01-05,111,76,1,2,8,30,4,40.0,2025-01-03 06:09:58,2025-01-03 08:09:58,2025-01-03 19:09:58,13.569799,78.181091,Zaitra was found transporting liquor without a valid permit near Hari Chowk around 06:09 AM.
1346,100170067202400004,202400004,2024-12-19,223,67,1,2,7,25,1,34.0,2024-12-16 15:16:41,2024-12-16 15:16:41,2024-12-17 00:16:41,15.358875,75.573536,"Wakeeta, entrusted with funds belonging to Anika for a joint venture, allegedly misappropriated the amount."
1347,100180070202400010,202400010,2024-02-16,167,70,1,2,6,23,1,35.0,2024-02-16 17:52:52,2024-02-16 21:52:52,2024-02-17 00:52:52,15.254748,75.765788,"Tension arose near Bora following a social media post, leading to a communal disturbance around 05:52 PM."
1348,100040015202500003,202500003,2025-06-20,165,15,1,2,4,17,1,,2025-06-19 00:55:23,2025-06-19 06:55:23,2025-06-20 05:55:23,15.142251,78.250594,Reyansh discovered that Aadhya had used her Aadhaar/PAN details to fraudulently open an account in Borah Nagar.
1349,100150060202600005,202600005,2026-02-23,117,60,1,1,3,12,1,29.0,2026-02-21 11:18:28,2026-02-21 14:18:28,2026-02-22 01:18:28,14.913693,75.652771,Jasmit was allegedly abducted by Yuvraj near Dada around 11:18 AM while returning home.
1350,100080029202600006,202600006,2026-03-11,203,29,1,1,8,29,4,,2026-03-10 00:56:35,2026-03-10 03:56:35,2026-03-10 12:56:35,13.297471,79.228153,Deepa was found in possession of an unlicensed knife during a check near Muni Path.
1351,300080030202400002,202400002,2024-11-06,233,30,2,2,5,18,4,16.0,2024-11-06 06:25:53,2024-11-06 11:25:53,2024-11-06 21:25:53,15.841816,77.192924,"During a routine vehicle check near Prabhu Circle, William was found in possession of a commercial quantity of contraband substance around 06:25 AM."
1352,100160064202300006,202300006,2023-10-26,52,64,1,2,4,17,4,32.0,2023-10-24 19:38:18,2023-10-24 21:38:18,2023-10-25 04:38:18,12.981729,76.493909,Barkha discovered that Rajeshri had used her Aadhaar/PAN details to fraudulently open an account in Jhaveri.
1353,100050020202600008,202600008,2026-03-27,237,20,1,2,2,5,2,,2026-03-25 20:13:35,2026-03-25 22:13:35,2026-03-26 21:13:35,13.55034,78.99902,"Yahvi's mobile phone was stolen from outside Sankaran Nagar while unattended, around 08:13 PM."
1354,100150061202600005,202600005,2026-03-16,185,61,1,2,3,13,1,30.0,2026-03-15 16:24:53,2026-03-15 22:24:53,2026-03-16 09:24:53,13.398917,77.755665,Madhavi has reported repeated physical abuse by Kritika at the shared household in Char Zila.
1355,100160065202600004,202600004,2026-04-04,36,65,1,2,7,24,6,32.0,2026-04-02 04:39:20,2026-04-02 09:39:20,2026-04-03 08:39:20,13.413401,78.937742,"Mohini paid Wridesh an advance for services/goods that were never delivered, related to a transaction near Dar Street."
1356,800060024202300001,202300001,2023-06-26,86,24,3,1,6,22,2,,2023-06-24 15:37:19,2023-06-24 21:37:19,2023-06-25 05:37:19,15.43353,77.339382,"A clash broke out between two groups near Patla Road around 03:37 PM, resulting in property damage and minor injuries."
1357,100040014202600006,202600006,2026-04-15,292,14,1,2,2,5,1,8.0,2026-04-15 18:29:26,2026-04-15 21:29:26,2026-04-16 04:29:26,13.906031,79.20721,The complainant reports that unidentified persons stole a mobile phone from Magar sometime around 06:29 PM. No eyewitnesses have come forward yet.
1358,400040015202500001,202500001,2025-09-12,87,15,4,2,2,6,4,,2025-09-10 02:31:14,2025-09-10 03:31:14,2025-09-10 23:31:14,15.999609,77.733539,Unknown persons broke into the premises at Prashad Path during the night and decamped with a cash bag. Entry appears to have been made by breaking a window lock.
1359,800050021202600001,202600001,2026-03-13,208,21,3,2,4,14,1,9.0,2026-03-11 09:45:58,2026-03-11 10:45:58,2026-03-11 11:45:58,13.327162,75.386695,"Kai was defrauded via a fake investment app promoted online, transferring funds over several weeks before realizing the platform was fraudulent."
1360,100080030202300012,202300012,2023-12-07,97,30,1,2,8,30,1,,2023-12-05 09:23:51,2023-12-05 14:23:51,2023-12-06 07:23:51,12.997836,78.511096,Meghana was found transporting liquor without a valid permit near Khare Marg around 09:23 AM.
1361,100160063202300004,202300004,2023-12-03,160,63,1,2,5,20,7,32.0,2023-12-03 15:34:27,2023-12-03 17:34:27,2023-12-03 19:34:27,12.931093,74.539802,Caleb was found manufacturing/selling illicit liquor from premises at Dani.
1362,100100038202600012,202600012,2026-02-12,36,38,1,1,2,7,1,,2026-02-11 17:44:32,2026-02-11 22:44:32,2026-02-12 08:44:32,13.164592,74.930975,"A group of unidentified men robbed Harinakshi of a gold chain near Sharma Ganj, threatening with a iron rod."
1363,100080029202300007,202300007,2023-12-21,78,29,1,1,1,2,1,15.0,2023-12-20 22:07:03,2023-12-21 04:07:03,2023-12-21 14:07:03,15.17657,75.53439,"Ikshita allegedly attacked Ubika with a wooden stick at Merchant Chowk around 10:07 PM, causing serious injuries. The victim was rushed to hospital and is under treatment."
1364,100050021202500008,202500008,2025-07-30,80,21,1,2,4,14,2,,2025-07-28 17:59:30,2025-07-28 20:59:30,2025-07-29 15:59:30,13.988002,79.348001,"Forum was defrauded via a fake investment app promoted online, transferring funds over several weeks before realizing the platform was fraudulent."
1365,100110043202400003,202400003,2024-04-14,283,43,1,2,3,10,1,21.0,2024-04-13 18:35:21,2024-04-13 18:35:21,2024-04-13 22:35:21,13.635761,75.404616,Naksh has alleged continuous harassment for additional dowry by Oliver and in-laws at the matrimonial home in Prabhakar.
1366,100010006202600003,202600003,2026-04-23,54,6,1,2,6,23,1,1.0,2026-04-23 09:59:26,2026-04-23 13:59:26,2026-04-24 09:59:26,14.342315,77.587495,"Tension arose near Anne Chowk following a social media post, leading to a communal disturbance around 09:59 AM."
1367,100040014202500007,202500007,2025-04-27,38,14,1,1,6,21,1,8.0,2025-04-26 12:17:34,2025-04-26 14:17:34,2025-04-27 10:17:34,14.919455,76.444365,A group led by Ridhi gathered unlawfully near Chana Ganj around 12:17 PM and caused a public nuisance.
1368,100100037202500011,202500011,2025-05-11,82,37,1,2,2,6,3,19.0,2025-05-10 00:09:03,2025-05-10 06:09:03,2025-05-10 07:09:03,14.021662,78.858723,Unknown persons broke into the premises at Narain during the night and decamped with a laptop. Entry appears to have been made by breaking a window lock.
1369,800170068202300002,202300002,2023-01-27,244,68,3,2,8,28,4,,2023-01-25 12:44:17,2023-01-25 15:44:17,2023-01-25 18:44:17,13.29949,77.607206,Triveni was found driving a laptop at Buch Zila without a valid licence and in a rash manner endangering pedestrians around 12:44 PM.
1370,800160063202400002,202400002,2024-07-10,157,63,3,2,3,11,3,31.0,2024-07-09 06:28:38,2024-07-09 08:28:38,2024-07-10 02:28:38,15.742953,74.859594,Warda has alleged that Aishani sexually assaulted her at Sharma Circle around 06:28 AM. Medical examination has been conducted.
1371,100140056202600009,202600009,2026-01-14,14,56,1,2,7,26,1,,2026-01-12 13:46:41,2026-01-12 13:46:41,2026-01-12 21:46:41,13.569517,78.998862,Rachana discovered that Vrinda had forged signatures on property documents related to land in Kalla Ganj.
1372,100160065202300005,202300005,2023-02-21,284,65,1,2,2,6,1,,2023-02-19 05:29:21,2023-02-19 06:29:21,2023-02-19 19:29:21,14.632426,77.501531,Unknown persons broke into the premises at Grover Marg during the night and decamped with a wallet. Entry appears to have been made by breaking a window lock.
1373,100170068202300007,202300007,2023-05-27,275,68,1,1,2,8,1,33.0,2023-05-27 03:11:46,2023-05-27 05:11:46,2023-05-27 19:11:46,15.623997,74.847816,A gang of five to six persons armed with wooden sticks robbed the Sampath Zila of cash and a mobile phone around 03:11 AM.
1374,100010005202600007,202600007,2026-02-12,174,5,1,2,6,21,1,,2026-02-09 14:52:45,2026-02-09 16:52:45,2026-02-10 11:52:45,12.700104,78.638279,A group led by Jonathan gathered unlawfully near Bhandari Marg around 02:52 PM and caused a public nuisance.
1375,100040017202600007,202600007,2026-03-20,180,17,1,2,3,10,1,8.0,2026-03-19 22:12:45,2026-03-19 23:12:45,2026-03-20 16:12:45,15.510955,77.447386,Tanay has alleged continuous harassment for additional dowry by Mohammed and in-laws at the matrimonial home in Sankaran Street.
1376,100100037202500012,202500012,2025-03-30,175,37,1,2,3,13,7,20.0,2025-03-30 13:43:16,2025-03-30 14:43:16,2025-03-30 23:43:16,14.019856,79.339428,Oeshi has reported repeated physical abuse by Yashawini at the shared household in Rao Nagar.
1377,100100037202600006,202600006,2026-05-22,219,37,1,1,1,1,5,,2026-05-22 04:19:22,2026-05-22 07:19:22,2026-05-22 13:19:22,15.539314,76.023907,Gautami was found dead with injuries consistent with a knife at Thakur Street. Neighbours reported a quarrel between Gautami and Dhriti shortly before 04:19 AM.
1378,300090032202500002,202500002,2025-07-01,232,32,2,2,8,28,2,18.0,2025-06-29 04:49:04,2025-06-29 06:49:04,2025-06-30 05:49:04,14.584682,76.844104,Anamika was found driving a cash bag at Saraf Nagar without a valid licence and in a rash manner endangering pedestrians around 04:49 AM.
1379,100150061202600006,202600006,2026-02-27,298,61,1,1,2,8,2,29.0,2026-02-24 18:05:06,2026-02-24 18:05:06,2026-02-25 11:05:06,15.949282,77.371329,A gang of five to six persons armed with wooden sticks robbed the Parikh Circle of cash and a wallet around 06:05 PM.
1380,100060024202400008,202400008,2024-03-24,265,24,1,2,7,25,7,12.0,2024-03-23 11:01:51,2024-03-23 17:01:51,2024-03-23 22:01:51,13.177113,77.407914,"Divya, entrusted with funds belonging to Amara for a joint venture, allegedly misappropriated the amount."
1381,800060024202300002,202300002,2023-01-13,274,24,3,2,8,30,3,,2023-01-11 21:08:26,2023-01-11 23:08:26,2023-01-12 10:08:26,13.674534,75.411723,Chaman was found transporting liquor without a valid permit near Datta Ganj around 09:08 PM.
1382,100180070202600009,202600009,2026-01-28,176,70,1,2,8,28,1,36.0,2026-01-27 21:10:38,2026-01-27 21:10:38,2026-01-28 10:10:38,15.929373,76.48622,Harinakshi was found driving a cash bag at Krishnamurthy Ganj without a valid licence and in a rash manner endangering pedestrians around 09:10 PM.
1383,300120045202600001,202600001,2026-06-11,272,45,2,1,5,19,2,,2026-06-09 23:42:12,2026-06-10 03:42:12,2026-06-10 21:42:12,14.932691,76.482633,"Acting on a tip-off, police intercepted Neel near Rao Path and recovered narcotics being transported for sale."
1384,100180071202600006,202600006,2026-05-12,269,71,1,2,6,23,1,35.0,2026-05-12 14:48:21,2026-05-12 20:48:21,2026-05-13 18:48:21,15.75479,74.809076,"Tension arose near Bose Marg following a social media post, leading to a communal disturbance around 02:48 PM."
1385,100170068202300008,202300008,2023-09-20,131,68,1,1,3,11,1,34.0,2023-09-17 19:32:29,2023-09-17 21:32:29,2023-09-18 15:32:29,13.422803,78.085236,Reyansh has alleged that Wyatt sexually assaulted her at Saxena Nagar around 07:32 PM. Medical examination has been conducted.
1386,100040016202300005,202300005,2023-11-05,177,16,1,1,3,12,2,,2023-11-05 06:55:01,2023-11-05 11:55:01,2023-11-06 02:55:01,13.112082,77.135855,Abhimanyu was allegedly abducted by Hardik near Naidu Marg around 06:55 AM while returning home.
1387,100090035202300005,202300005,2023-12-15,93,35,1,2,3,10,3,17.0,2023-12-14 21:56:32,2023-12-15 02:56:32,2023-12-15 16:56:32,15.033914,76.41457,Aachal has alleged continuous harassment for additional dowry by Upma and in-laws at the matrimonial home in Maharaj Marg.
1388,100100037202400006,202400006,2024-07-27,265,37,1,2,6,21,7,,2024-07-25 19:04:58,2024-07-26 01:04:58,2024-07-26 03:04:58,13.304237,76.908806,A group led by Lavanya gathered unlawfully near Kumer Path around 07:04 PM and caused a public nuisance.
1389,100150061202600007,202600007,2026-06-20,34,61,1,2,8,30,4,29.0,2026-06-17 17:28:50,2026-06-17 22:28:50,2026-06-17 23:28:50,14.332147,78.757834,Chaman was found transporting liquor without a valid permit near Dhawan Nagar around 05:28 PM.
1390,100110040202400003,202400003,2024-09-02,174,40,1,1,1,4,1,21.0,2024-09-02 10:45:29,2024-09-02 13:45:29,2024-09-02 16:45:29,14.708493,78.430707,Anmol succumbed to injuries sustained during an altercation with Yatan at Hari Marg near 10:45 AM.
1391,400050019202600001,202600001,2026-02-19,177,19,4,2,4,14,2,,2026-02-18 02:28:50,2026-02-18 05:28:50,2026-02-18 23:28:50,12.756464,75.937376,Ekapad received a call from an unidentified person claiming to be a bank official and lost money via UPI transfer after sharing an OTP. Transaction traced to an account linked to Arora Road.
1392,800200077202300002,202300002,2023-04-02,94,77,3,2,7,26,6,39.0,2023-04-01 13:04:20,2023-04-01 14:04:20,2023-04-01 16:04:20,14.484357,76.25372,Irya discovered that Krishna had forged signatures on property documents related to land in Mistry Chowk.
1393,100120046202400003,202400003,2024-07-21,190,46,1,2,5,19,2,24.0,2024-07-19 22:37:55,2024-07-19 22:37:55,2024-07-20 04:37:55,15.755821,76.031098,"Acting on a tip-off, police intercepted Aarav near Krishna Street and recovered narcotics being transported for sale."
1394,100140055202300004,202300004,2023-01-30,221,55,1,2,2,9,1,,2023-01-27 17:25:15,2023-01-27 23:25:15,2023-01-28 12:25:15,15.916183,77.951269,Rajeshri entered the premises at Patil Chowk without permission and refused to leave when asked by Bhavika.
1395,100100037202400007,202400007,2024-03-05,3,37,1,2,7,25,5,20.0,2024-03-02 06:59:42,2024-03-02 08:59:42,2024-03-02 19:59:42,15.568273,75.615335,"Xiti, entrusted with funds belonging to Aarush for a joint venture, allegedly misappropriated the amount."
1396,400090035202600001,202600001,2026-05-10,19,35,4,2,7,25,1,,2026-05-10 09:53:11,2026-05-10 14:53:11,2026-05-11 00:53:11,14.105451,78.204349,"Pushti, entrusted with funds belonging to Om for a joint venture, allegedly misappropriated the amount."
1397,100170067202300011,202300011,2023-10-20,275,67,1,1,3,12,1,33.0,2023-10-20 01:20:15,2023-10-20 01:20:15,2023-10-20 03:20:15,14.798064,74.988602,Qabil was allegedly abducted by Tanay near Prabhu Zila around 01:20 AM while returning home.
1398,100030011202400003,202400003,2024-05-25,190,11,1,2,2,7,1,,2024-05-22 02:28:47,2024-05-22 02:28:47,2024-05-22 13:28:47,15.714918,74.783589,"A group of unidentified men robbed Thomas of a cash bag near Seshadri Zila, threatening with a country-made pistol."
1399,100110041202300004,202300004,2023-12-09,88,41,1,1,2,7,1,22.0,2023-12-08 02:47:39,2023-12-08 02:47:39,2023-12-08 22:47:39,13.01727,75.046131,"Unnati accosted Avni near Naidu Chowk around 02:47 AM, snatched a gold chain at knife-point, and fled on a two-wheeler."
1400,100040015202300005,202300005,2023-07-14,187,15,1,2,8,30,6,7.0,2023-07-12 06:56:19,2023-07-12 09:56:19,2023-07-12 17:56:19,13.070703,77.167563,Ira was found transporting liquor without a valid permit near Bhattacharyya around 06:56 AM.
1401,100180071202600007,202600007,2026-06-15,291,71,1,2,5,19,4,35.0,2026-06-13 21:26:49,2026-06-14 02:26:49,2026-06-14 05:26:49,13.83596,75.460525,"Acting on a tip-off, police intercepted Yashasvi near Vala Road and recovered narcotics being transported for sale."
1402,100120046202500005,202500005,2025-07-04,161,46,1,1,1,3,7,23.0,2025-07-01 23:02:42,2025-07-02 04:02:42,2025-07-02 20:02:42,12.842197,77.12923,"A physical altercation between Wazir and Matthew at Rastogi led to grievous injuries being caused with a knife, around 11:02 PM."
1403,100170067202500006,202500006,2025-06-01,211,67,1,2,4,16,3,34.0,2025-05-31 22:20:57,2025-06-01 01:20:57,2025-06-01 12:20:57,15.691336,75.486734,Lila's email/social media account was accessed without authorization; unusual login activity was traced to an IP address outside Desai Circle.
1404,100190074202600009,202600009,2026-06-28,101,74,1,2,7,27,2,37.0,2026-06-28 00:44:30,2026-06-28 05:44:30,2026-06-28 18:44:30,14.017396,74.662394,Police recovered counterfeit currency notes from Rajeshri during a check near Sha Road.
1405,100200076202600004,202600004,2026-01-12,177,76,1,1,6,22,4,39.0,2026-01-12 04:08:32,2026-01-12 07:08:32,2026-01-12 14:08:32,14.403606,78.627227,"A clash broke out between two groups near Garde Zila around 04:08 AM, resulting in property damage and minor injuries."
1406,100090032202500006,202500006,2025-09-12,174,32,1,2,6,22,1,18.0,2025-09-10 08:52:32,2025-09-10 10:52:32,2025-09-11 02:52:32,12.81579,76.941675,"A clash broke out between two groups near Vohra Zila around 08:52 AM, resulting in property damage and minor injuries."
1407,800060023202300002,202300002,2023-11-09,192,23,3,2,7,24,2,11.0,2023-11-08 10:04:32,2023-11-08 13:04:32,2023-11-09 03:04:32,13.796587,78.294292,"Yashodhara paid Shaurya an advance for services/goods that were never delivered, related to a transaction near Bose Zila."
1408,100140056202300012,202300012,2023-09-02,232,56,1,2,2,6,2,27.0,2023-08-31 16:27:39,2023-08-31 20:27:39,2023-09-01 05:27:39,13.579892,76.032377,Unknown persons broke into the premises at Sekhon during the night and decamped with a mobile phone. Entry appears to have been made by breaking a window lock.
1409,300190074202300002,202300002,2023-04-07,272,74,2,1,2,7,1,37.0,2023-04-07 08:36:07,2023-04-07 08:36:07,2023-04-07 08:36:07,15.591251,77.424432,"Aryan accosted Chaaya near Sampath Ganj around 08:36 AM, snatched a gold chain at knife-point, and fled on a two-wheeler."
1410,100070026202300006,202300006,2023-11-26,225,26,1,1,2,7,1,13.0,2023-11-24 09:02:49,2023-11-24 10:02:49,2023-11-24 11:02:49,15.824978,78.042935,"A group of unidentified men robbed Sathvik of a two-wheeler near Tara Path, threatening with a sickle."
1411,100050021202400006,202400006,2024-01-30,82,21,1,2,2,8,5,10.0,2024-01-29 14:24:24,2024-01-29 17:24:24,2024-01-29 18:24:24,13.10743,77.876332,A gang of five to six persons armed with iron rods robbed the Pillay Circle of cash and a two-wheeler around 02:24 PM.
1412,300200076202600001,202600001,2026-04-25,116,76,2,2,7,26,4,,2026-04-22 21:25:47,2026-04-23 03:25:47,2026-04-23 21:25:47,14.445958,76.997868,Arjun discovered that Unnati had forged signatures on property documents related to land in Mital Ganj.
1413,100050021202600005,202600005,2026-04-29,189,21,1,2,2,7,7,9.0,2026-04-28 05:56:58,2026-04-28 11:56:58,2026-04-28 12:56:58,13.89638,78.425743,"A group of unidentified men robbed Amrita of a mobile phone near Bhatt Marg, threatening with a knife."
1414,100130052202400007,202400007,2024-03-15,177,52,1,2,5,18,4,26.0,2024-03-15 01:42:44,2024-03-15 07:42:44,2024-03-15 13:42:44,15.879728,78.565842,"During a routine vehicle check near Chaudhary Road, Ekbal was found in possession of a commercial quantity of contraband substance around 01:42 AM."
1415,100150059202400009,202400009,2024-11-05,8,59,1,1,8,29,7,,2024-11-05 10:45:22,2024-11-05 13:45:22,2024-11-06 01:45:22,14.520793,75.569456,Ijaya was found in possession of an unlicensed sharp weapon during a check near Rajagopalan Nagar.
1416,800200076202300001,202300001,2023-06-16,75,76,3,1,1,1,1,,2023-06-15 11:52:36,2023-06-15 14:52:36,2023-06-16 12:52:36,14.924831,77.153239,"The complainant states that the accused Odika attacked Ojasvi with a country-made pistol near Brahmbhatt Marg following a dispute, resulting in death. Body was found at the scene around 11:52 AM."
1417,100070027202500003,202500003,2025-11-14,135,27,1,1,3,12,5,,2025-11-14 01:37:27,2025-11-14 01:37:27,2025-11-14 19:37:27,12.583847,77.446145,Kabir was allegedly abducted by Kiaan near Luthra Ganj around 01:37 AM while returning home.
1418,100120045202400004,202400004,2024-12-25,144,45,1,2,7,26,7,24.0,2024-12-22 09:33:53,2024-12-22 14:33:53,2024-12-23 01:33:53,14.879359,78.447975,Amol discovered that Girindra had forged signatures on property documents related to land in Sethi Chowk.
1419,100140055202400005,202400005,2024-10-14,288,55,1,2,7,25,2,28.0,2024-10-13 22:41:48,2024-10-13 22:41:48,2024-10-14 16:41:48,13.132114,74.592799,"Krisha, entrusted with funds belonging to Logan for a joint venture, allegedly misappropriated the amount."
1420,100060024202600009,202600009,2026-06-26,19,24,1,2,4,14,2,12.0,2026-06-25 11:59:39,2026-06-25 17:59:39,2026-06-26 08:59:39,12.666536,75.83609,Qadim received a call from an unidentified person claiming to be a bank official and lost money via UPI transfer after sharing an OTP. Transaction traced to an account linked to Prashad Chowk.
1421,300200076202300002,202300002,2023-07-12,136,76,2,2,4,16,1,39.0,2023-07-11 19:08:43,2023-07-11 20:08:43,2023-07-12 12:08:43,14.213132,76.58043,Gaurika's email/social media account was accessed without authorization; unusual login activity was traced to an IP address outside Joshi Zila.
1422,100140056202600010,202600010,2026-01-16,183,56,1,2,3,10,2,28.0,2026-01-13 18:29:22,2026-01-13 18:29:22,2026-01-13 20:29:22,14.643522,76.886218,Vivaan has alleged continuous harassment for additional dowry by Dominic and in-laws at the matrimonial home in Patel Road.
1423,100070026202400008,202400008,2024-03-03,146,26,1,2,5,20,2,,2024-03-03 02:25:12,2024-03-03 05:25:12,2024-03-04 03:25:12,13.504151,77.673456,Zansi was found manufacturing/selling illicit liquor from premises at Nadig Chowk.
1424,100090034202600008,202600008,2026-02-23,288,34,1,2,5,18,7,17.0,2026-02-23 06:42:40,2026-02-23 07:42:40,2026-02-24 06:42:40,13.624606,79.215234,"During a routine vehicle check near Bhasin Nagar, Yadavi was found in possession of a commercial quantity of contraband substance around 06:42 AM."
1425,100040014202600007,202600007,2026-05-29,204,14,1,1,1,2,1,7.0,2026-05-29 23:07:09,2026-05-30 00:07:09,2026-05-30 04:07:09,13.504307,79.3767,"Zashil allegedly attacked Dhruv with a country-made pistol at Sant Ganj around 11:07 PM, causing serious injuries. The victim was rushed to hospital and is under treatment."
1426,100070027202600009,202600009,2026-06-29,95,27,1,2,4,14,1,13.0,2026-06-27 12:50:40,2026-06-27 13:50:40,2026-06-27 15:50:40,13.393015,77.831839,"Ekaja was defrauded via a fake investment app promoted online, transferring funds over several weeks before realizing the platform was fraudulent."
1427,100010006202300001,202300001,2023-12-24,126,6,1,2,4,16,1,,2023-12-23 19:16:58,2023-12-24 01:16:58,2023-12-24 22:16:58,15.67976,75.876591,Qasim's email/social media account was accessed without authorization; unusual login activity was traced to an IP address outside Goyal Nagar.
1428,100130053202400009,202400009,2024-02-07,279,53,1,2,7,25,4,25.0,2024-02-06 20:46:34,2024-02-07 02:46:34,2024-02-07 21:46:34,13.669095,76.946936,"Lucky, entrusted with funds belonging to Ekaja for a joint venture, allegedly misappropriated the amount."
1429,100080030202400014,202400014,2024-08-27,208,30,1,2,5,18,1,15.0,2024-08-27 04:14:04,2024-08-27 06:14:04,2024-08-28 05:14:04,13.592953,78.28856,"During a routine vehicle check near Bala Street, Krishna was found in possession of a commercial quantity of contraband substance around 04:14 AM."
1430,100170068202500007,202500007,2025-11-09,278,68,1,1,1,2,3,,2025-11-07 14:10:38,2025-11-07 17:10:38,2025-11-08 15:10:38,15.638293,76.427687,"Reyansh allegedly attacked Harrison with a country-made pistol at Ghosh Ganj around 02:10 PM, causing serious injuries. The victim was rushed to hospital and is under treatment."
1431,100020008202600004,202600004,2026-06-01,57,8,1,2,4,14,4,,2026-06-01 08:09:07,2026-06-01 12:09:07,2026-06-01 17:09:07,13.001086,77.060012,Gauri received a call from an unidentified person claiming to be a bank official and lost money via UPI transfer after sharing an OTP. Transaction traced to an account linked to Modi Ganj.
1432,100070027202400010,202400010,2024-05-20,189,27,1,2,3,10,4,13.0,2024-05-20 19:17:39,2024-05-20 22:17:39,2024-05-21 14:17:39,15.231889,79.366619,Yug has alleged continuous harassment for additional dowry by Rajeshri and in-laws at the matrimonial home in Solanki Chowk.
1433,100110042202400003,202400003,2024-08-21,283,42,1,2,8,28,1,,2024-08-20 07:55:50,2024-08-20 11:55:50,2024-08-21 01:55:50,14.461062,76.09832,Nidhi was found driving a two-wheeler at Natt Zila without a valid licence and in a rash manner endangering pedestrians around 07:55 AM.
1434,100120048202600003,202600003,2026-02-22,9,48,1,2,4,17,1,23.0,2026-02-19 11:03:11,2026-02-19 16:03:11,2026-02-20 04:03:11,13.876106,79.278924,Charita discovered that Henry had used her Aadhaar/PAN details to fraudulently open an account in Solanki Road.
1435,800150060202300001,202300001,2023-01-05,286,60,3,1,1,3,5,,2023-01-03 18:21:35,2023-01-03 20:21:35,2023-01-03 22:21:35,14.348483,74.640262,"A physical altercation between Radha and Meera at Kaul Path led to grievous injuries being caused with a knife, around 06:21 PM."
1436,100100038202500008,202500008,2025-11-25,225,38,1,1,3,12,3,,2025-11-23 16:59:38,2025-11-23 21:59:38,2025-11-24 07:59:38,14.878486,75.422526,Chameli was allegedly abducted by Harshil near Soman Path around 04:59 PM while returning home.
1437,100030011202600010,202600010,2026-03-16,31,11,1,1,1,4,4,6.0,2026-03-13 22:33:18,2026-03-13 22:33:18,2026-03-14 19:33:18,13.514176,76.274011,Xiti succumbed to injuries sustained during an altercation with Pushti at Bal Ganj near 10:33 PM.
1438,100130052202400008,202400008,2024-05-07,14,52,1,2,4,17,4,26.0,2024-05-06 10:38:58,2024-05-06 13:38:58,2024-05-06 20:38:58,13.93243,79.035512,Ayush discovered that Yash had used her Aadhaar/PAN details to fraudulently open an account in Tank Nagar.
1439,100200076202500007,202500007,2025-05-08,87,76,1,2,5,19,2,,2025-05-06 07:23:02,2025-05-06 13:23:02,2025-05-07 05:23:02,13.318516,76.90157,"Acting on a tip-off, police intercepted Pallavi near Bahl Chowk and recovered narcotics being transported for sale."
1440,100090034202400006,202400006,2024-10-27,33,34,1,2,8,28,1,,2024-10-27 03:32:52,2024-10-27 05:32:52,2024-10-27 17:32:52,15.249374,74.879303,Maanas was found driving a mobile phone at Gala without a valid licence and in a rash manner endangering pedestrians around 03:32 AM.
1441,100160065202300006,202300006,2023-04-30,297,65,1,2,3,11,1,32.0,2023-04-29 11:34:24,2023-04-29 14:34:24,2023-04-30 04:34:24,14.896992,74.890914,Charita has alleged that Advay sexually assaulted her at Rana Ganj around 11:34 AM. Medical examination has been conducted.
1442,100110042202500002,202500002,2025-09-17,243,42,1,1,5,18,3,22.0,2025-09-16 18:40:19,2025-09-16 23:40:19,2025-09-17 08:40:19,14.556747,78.362924,"During a routine vehicle check near Kapur Circle, Nisha was found in possession of a commercial quantity of contraband substance around 06:40 PM."
1443,100200077202600005,202600005,2026-04-12,136,77,1,1,5,18,2,,2026-04-11 11:49:59,2026-04-11 14:49:59,2026-04-11 21:49:59,14.397585,78.191503,"During a routine vehicle check near Magar Road, Vincent was found in possession of a commercial quantity of contraband substance around 11:49 AM."
1444,100020009202300007,202300007,2023-07-05,146,9,1,1,6,22,1,3.0,2023-07-04 01:42:25,2023-07-04 02:42:25,2023-07-04 11:42:25,13.08926,74.623969,"A clash broke out between two groups near Walla Road around 01:42 AM, resulting in property damage and minor injuries."
1445,100150060202300005,202300005,2023-02-21,257,60,1,1,7,24,2,,2023-02-21 07:41:37,2023-02-21 10:41:37,2023-02-22 07:41:37,15.41092,78.335982,"Tarak paid Baljiwan an advance for services/goods that were never delivered, related to a transaction near Krishnamurthy Zila."
1446,100150059202500006,202500006,2025-12-12,23,59,1,1,1,1,4,,2025-12-09 20:29:07,2025-12-10 01:29:07,2025-12-10 14:29:07,15.260194,76.113046,Aryan was found dead with injuries consistent with a knife at Edwin Road. Neighbours reported a quarrel between Aryan and Champak shortly before 08:29 PM.
1447,100130050202600002,202600002,2026-04-02,243,50,1,1,7,25,5,,2026-04-02 00:54:39,2026-04-02 05:54:39,2026-04-02 23:54:39,12.594843,74.838492,"Omisha, entrusted with funds belonging to Omisha for a joint venture, allegedly misappropriated the amount."
1448,100130050202400002,202400002,2024-10-17,2,50,1,2,2,9,2,26.0,2024-10-16 01:04:50,2024-10-16 01:04:50,2024-10-16 11:04:50,13.999847,74.961755,Forum entered the premises at Lal Road without permission and refused to leave when asked by Yachana.
1449,100130050202300006,202300006,2023-04-21,41,50,1,2,7,24,7,,2023-04-20 18:31:28,2023-04-21 00:31:28,2023-04-21 21:31:28,12.721815,78.57253,"Hardik paid Gabriel an advance for services/goods that were never delivered, related to a transaction near D’Alia Chowk."
1450,100080030202600007,202600007,2026-03-13,190,30,1,2,5,20,1,16.0,2026-03-11 01:39:54,2026-03-11 06:39:54,2026-03-12 05:39:54,14.175662,79.342173,Ucchal was found manufacturing/selling illicit liquor from premises at Edwin Nagar.
1451,100070026202600010,202600010,2026-01-20,216,26,1,2,2,6,2,,2026-01-19 02:53:17,2026-01-19 02:53:17,2026-01-19 04:53:17,14.908625,74.770596,Unknown persons broke into the premises at Buch Circle during the night and decamped with a wallet. Entry appears to have been made by breaking a window lock.
1452,100200076202600005,202600005,2026-06-09,260,76,1,2,3,13,3,,2026-06-09 12:29:22,2026-06-09 13:29:22,2026-06-09 13:29:22,14.409603,75.829834,Bhanumati has reported repeated physical abuse by Chanakya at the shared household in Khanna Zila.
1453,100170068202400002,202400002,2024-09-23,79,68,1,2,1,4,6,33.0,2024-09-21 01:37:44,2024-09-21 01:37:44,2024-09-21 05:37:44,14.741639,77.272117,Devika succumbed to injuries sustained during an altercation with Falan at Dewan Nagar near 01:37 AM.
1454,100090034202300003,202300003,2023-07-16,150,34,1,1,6,23,2,,2023-07-16 10:41:30,2023-07-16 10:41:30,2023-07-17 01:41:30,13.983711,76.365794,"Tension arose near Seth Marg following a social media post, leading to a communal disturbance around 10:41 AM."
1455,100110042202500003,202500003,2025-01-09,274,42,1,2,7,24,5,22.0,2025-01-08 07:20:30,2025-01-08 09:20:30,2025-01-08 15:20:30,14.996084,76.474513,"Chaman paid Madhav an advance for services/goods that were never delivered, related to a transaction near Sen Street."
1456,800190074202400002,202400002,2024-09-08,239,74,3,2,6,23,4,,2024-09-08 12:59:57,2024-09-08 13:59:57,2024-09-09 02:59:57,13.983216,78.547563,"Tension arose near Bal Path following a social media post, leading to a communal disturbance around 12:59 PM."
1457,100050020202400004,202400004,2024-03-21,145,20,1,1,6,22,2,,2024-03-21 08:59:38,2024-03-21 08:59:38,2024-03-21 22:59:38,15.882112,76.358899,"A clash broke out between two groups near Vala Nagar around 08:59 AM, resulting in property damage and minor injuries."
1458,100030012202600005,202600005,2026-05-21,183,12,1,2,2,9,4,5.0,2026-05-20 01:11:27,2026-05-20 01:11:27,2026-05-20 18:11:27,15.269604,78.92311,Anita entered the premises at Sunder Zila without permission and refused to leave when asked by Daniel.
1459,100180070202500006,202500006,2025-07-03,95,70,1,1,5,19,2,36.0,2025-07-02 07:09:23,2025-07-02 13:09:23,2025-07-03 03:09:23,15.790323,78.220364,"Acting on a tip-off, police intercepted Indali near Dey Street and recovered narcotics being transported for sale."
1460,100110043202600004,202600004,2026-02-22,17,43,1,1,6,23,4,,2026-02-21 10:22:55,2026-02-21 11:22:55,2026-02-21 18:22:55,12.946587,77.028703,"Tension arose near Mishra Path following a social media post, leading to a communal disturbance around 10:22 AM."
1461,100070026202400009,202400009,2024-05-30,274,26,1,2,8,30,2,14.0,2024-05-30 18:07:16,2024-05-31 00:07:16,2024-06-01 00:07:16,14.701183,78.565805,Idika was found transporting liquor without a valid permit near Murthy Nagar around 06:07 PM.
1462,300160064202500001,202500001,2025-06-09,169,64,2,1,3,11,7,,2025-06-08 16:21:41,2025-06-08 21:21:41,2025-06-09 20:21:41,13.56796,76.409777,Vrishti has alleged that Banjeet sexually assaulted her at Shetty around 04:21 PM. Medical examination has been conducted.
1463,100060024202300005,202300005,2023-11-03,275,24,1,2,8,28,3,,2023-11-02 18:29:57,2023-11-02 19:29:57,2023-11-03 18:29:57,13.536934,74.659212,Harsh was found driving a cash bag at Mani without a valid licence and in a rash manner endangering pedestrians around 06:29 PM.
1464,100090035202400005,202400005,2024-03-06,31,35,1,2,4,17,2,,2024-03-06 02:55:45,2024-03-06 03:55:45,2024-03-07 02:55:45,13.580768,77.580403,Bhavna discovered that Kabir had used her Aadhaar/PAN details to fraudulently open an account in Bansal Circle.
1465,100070027202600010,202600010,2026-02-23,115,27,1,2,2,9,1,13.0,2026-02-22 17:33:59,2026-02-22 19:33:59,2026-02-22 22:33:59,15.541257,78.224734,Sai entered the premises at Khatri Road without permission and refused to leave when asked by Tristan.
1466,100050019202300006,202300006,2023-06-02,73,19,1,2,2,9,5,9.0,2023-06-01 23:57:23,2023-06-01 23:57:23,2023-06-02 21:57:23,12.500228,77.553427,Arunima entered the premises at Acharya Street without permission and refused to leave when asked by Ansh.
1467,100080029202300008,202300008,2023-02-11,41,29,1,1,2,8,4,,2023-02-10 02:51:59,2023-02-10 04:51:59,2023-02-10 10:51:59,12.883902,79.121571,A gang of five to six persons armed with country-made pistols robbed the Narula Marg of cash and a wallet around 02:51 AM.
1468,100070027202400011,202400011,2024-01-20,228,27,1,2,7,27,3,14.0,2024-01-19 06:49:43,2024-01-19 09:49:43,2024-01-19 20:49:43,12.751082,79.402131,Police recovered counterfeit currency notes from Mohini during a check near Dhawan Path.
1469,300160065202300001,202300001,2023-08-12,138,65,2,1,3,11,2,31.0,2023-08-11 02:27:14,2023-08-11 08:27:14,2023-08-11 09:27:14,13.911757,74.961627,Ishita has alleged that Thomas sexually assaulted her at Vala Nagar around 02:27 AM. Medical examination has been conducted.
1470,100100038202600013,202600013,2026-01-29,116,38,1,1,2,7,5,20.0,2026-01-28 15:28:02,2026-01-28 16:28:02,2026-01-29 04:28:02,13.542143,75.541914,"Aditya accosted Ekantika near Manda Circle around 03:28 PM, snatched a laptop at knife-point, and fled on a two-wheeler."
1471,100090032202500007,202500007,2025-06-19,125,32,1,2,6,21,2,18.0,2025-06-17 21:12:18,2025-06-18 02:12:18,2025-06-18 21:12:18,15.196886,79.215535,A group led by Jonathan gathered unlawfully near Choudhry Road around 09:12 PM and caused a public nuisance.
1472,800100038202400003,202400003,2024-03-12,80,38,3,2,6,23,2,20.0,2024-03-09 15:37:04,2024-03-09 16:37:04,2024-03-09 20:37:04,15.866065,79.001756,"Tension arose near Manda Chowk following a social media post, leading to a communal disturbance around 03:37 PM."
1473,400080029202600001,202600001,2026-06-23,1,29,4,1,7,25,6,15.0,2026-06-21 09:21:06,2026-06-21 11:21:06,2026-06-21 22:21:06,14.879865,78.602305,"Hamsini, entrusted with funds belonging to Maanas for a joint venture, allegedly misappropriated the amount."
1474,300070027202500002,202500002,2025-10-21,187,27,2,2,5,20,1,14.0,2025-10-18 13:47:24,2025-10-18 19:47:24,2025-10-19 09:47:24,13.876496,76.077238,Radhika was found manufacturing/selling illicit liquor from premises at Gour Marg.
1475,100190074202600010,202600010,2026-04-27,117,74,1,2,5,20,3,,2026-04-26 04:21:14,2026-04-26 08:21:14,2026-04-26 13:21:14,13.202985,77.503022,Vedika was found manufacturing/selling illicit liquor from premises at Dugar Road.
1476,800020009202600001,202600001,2026-04-03,172,9,3,1,1,3,1,,2026-04-01 18:00:56,2026-04-02 00:00:56,2026-04-02 21:00:56,13.648801,77.238178,"A physical altercation between Wridesh and Jagrati at Goda led to grievous injuries being caused with a sickle, around 06:00 PM."
1477,100030012202600006,202600006,2026-05-26,251,12,1,2,8,28,7,5.0,2026-05-24 09:55:27,2026-05-24 12:55:27,2026-05-25 01:55:27,14.242506,76.974087,Abhimanyu was found driving a wallet at Dora Street without a valid licence and in a rash manner endangering pedestrians around 09:55 AM.
1478,300190074202500001,202500001,2025-10-10,276,74,2,2,5,20,7,38.0,2025-10-07 23:09:06,2025-10-08 00:09:06,2025-10-08 08:09:06,13.143538,74.981825,Vrishti was found manufacturing/selling illicit liquor from premises at Sur.
1479,100080029202500004,202500004,2025-02-03,158,29,1,2,7,24,2,15.0,2025-01-31 19:43:07,2025-01-31 20:43:07,2025-02-01 13:43:07,14.416301,77.524374,"Krisha paid Madhav an advance for services/goods that were never delivered, related to a transaction near Oak Street."
1480,100040017202600008,202600008,2026-05-04,294,17,1,2,7,25,1,7.0,2026-05-03 23:38:25,2026-05-04 00:38:25,2026-05-04 00:38:25,12.808523,78.544755,"Dayamai, entrusted with funds belonging to Irya for a joint venture, allegedly misappropriated the amount."
1481,100070026202400010,202400010,2024-05-11,176,26,1,2,5,19,4,13.0,2024-05-09 21:25:25,2024-05-10 03:25:25,2024-05-10 11:25:25,14.031785,78.561828,"Acting on a tip-off, police intercepted Upadhriti near Warrior Chowk and recovered narcotics being transported for sale."
1482,100170067202600008,202600008,2026-04-30,287,67,1,2,8,28,1,,2026-04-28 13:50:10,2026-04-28 14:50:10,2026-04-28 16:50:10,13.885982,77.646381,Jagat was found driving a cash bag at Merchant without a valid licence and in a rash manner endangering pedestrians around 01:50 PM.
1483,100150058202400003,202400003,2024-01-07,195,58,1,2,3,10,1,29.0,2024-01-05 17:34:30,2024-01-05 20:34:30,2024-01-06 05:34:30,14.357654,76.754176,Harini has alleged continuous harassment for additional dowry by Dalbir and in-laws at the matrimonial home in Goel Path.
1484,100110041202600008,202600008,2026-06-28,218,41,1,1,2,7,5,,2026-06-28 06:48:52,2026-06-28 09:48:52,2026-06-29 07:48:52,13.862617,76.539001,"Nachiket accosted Darpan near Korpal Street around 06:48 AM, snatched a mobile phone at knife-point, and fled on a two-wheeler."
1485,100010005202500005,202500005,2025-11-13,160,5,1,2,7,25,2,1.0,2025-11-12 12:31:03,2025-11-12 17:31:03,2025-11-12 19:31:03,14.715978,76.977811,"Matthew, entrusted with funds belonging to Krishna for a joint venture, allegedly misappropriated the amount."
1486,100160063202600007,202600007,2026-06-04,191,63,1,2,5,18,2,31.0,2026-06-01 18:02:14,2026-06-01 20:02:14,2026-06-02 09:02:14,12.607167,75.828248,"During a routine vehicle check near Pillai Circle, Bhavani was found in possession of a commercial quantity of contraband substance around 06:02 PM."
1487,100010003202600008,202600008,2026-06-09,294,3,1,1,8,29,4,,2026-06-09 10:56:43,2026-06-09 14:56:43,2026-06-09 14:56:43,14.961042,77.449698,Devika was found in possession of an unlicensed sharp weapon during a check near Bains Ganj.
1488,800150058202600001,202600001,2026-04-07,32,58,3,2,8,30,3,,2026-04-04 12:46:03,2026-04-04 12:46:03,2026-04-04 20:46:03,14.898172,78.013009,Lajita was found transporting liquor without a valid permit near Joshi around 12:46 PM.
1489,100160064202600006,202600006,2026-06-06,197,64,1,2,2,9,7,,2026-06-05 11:31:55,2026-06-05 17:31:55,2026-06-06 05:31:55,14.243448,75.800501,Ekbal entered the premises at Kade Path without permission and refused to leave when asked by Hema.
1490,100110043202600005,202600005,2026-03-07,219,43,1,2,7,27,2,,2026-03-06 05:32:34,2026-03-06 07:32:34,2026-03-06 22:32:34,12.59842,79.104606,Police recovered counterfeit currency notes from Maya during a check near Gour Road.
1491,800170067202600001,202600001,2026-01-22,142,67,3,2,7,24,7,33.0,2026-01-22 03:46:50,2026-01-22 05:46:50,2026-01-22 23:46:50,15.976743,75.261692,"Yuvraj paid Vrinda an advance for services/goods that were never delivered, related to a transaction near Ramanathan Path."
1492,100040017202500004,202500004,2025-08-28,262,17,1,2,7,25,3,,2025-08-26 23:30:17,2025-08-27 03:30:17,2025-08-27 04:30:17,15.581698,75.056454,"Nathaniel, entrusted with funds belonging to Pooja for a joint venture, allegedly misappropriated the amount."
1493,100090033202600003,202600003,2026-06-29,210,33,1,2,7,27,1,,2026-06-27 08:44:11,2026-06-27 13:44:11,2026-06-27 23:44:11,14.309432,76.059393,Police recovered counterfeit currency notes from Imaran during a check near Bhagat Street.
1494,100190073202400010,202400010,2024-02-06,84,73,1,2,7,26,4,,2024-02-04 11:29:16,2024-02-04 14:29:16,2024-02-05 11:29:16,14.01626,78.528321,Karan discovered that Imaran had forged signatures on property documents related to land in Sarkar Road.
1495,100120048202500005,202500005,2025-03-27,134,48,1,2,3,10,2,,2025-03-24 13:16:20,2025-03-24 16:16:20,2025-03-24 20:16:20,13.950945,77.713818,Wakeeta has alleged continuous harassment for additional dowry by Triya and in-laws at the matrimonial home in Ahuja Circle.
1496,100130050202600003,202600003,2026-06-13,185,50,1,2,8,29,6,25.0,2026-06-10 14:41:54,2026-06-10 14:41:54,2026-06-11 06:41:54,15.25945,77.142416,Girik was found in possession of an unlicensed iron rod during a check near Sethi Road.
1497,100090035202300006,202300006,2023-11-03,20,35,1,2,6,22,2,,2023-11-01 19:31:04,2023-11-01 19:31:04,2023-11-02 08:31:04,13.177914,76.721008,"A clash broke out between two groups near Rana Zila around 07:31 PM, resulting in property damage and minor injuries."
1498,100130053202400010,202400010,2024-05-30,224,53,1,2,4,16,1,26.0,2024-05-29 20:50:35,2024-05-29 20:50:35,2024-05-29 23:50:35,13.015313,77.460731,Max's email/social media account was accessed without authorization; unusual login activity was traced to an IP address outside Vasa Nagar.
1499,100150060202400008,202400008,2024-12-08,153,60,1,2,6,22,1,30.0,2024-12-05 15:46:37,2024-12-05 18:46:37,2024-12-05 19:46:37,13.731597,75.41447,"A clash broke out between two groups near Nayak Nagar around 03:46 PM, resulting in property damage and minor injuries."
1500,300010005202500001,202500001,2025-10-19,110,5,2,2,5,18,2,2.0,2025-10-18 00:32:23,2025-10-18 02:32:23,2025-10-18 17:32:23,13.081629,76.482457,"During a routine vehicle check near Acharya Nagar, Kavya was found in possession of a commercial quantity of contraband substance around 12:32 AM."
