phone_id,citizen_id,phone_number,provider
PH000001,CID000001,9684645588,BSNL
PH000002,CID000001,9042531943,Airtel
PH000003,CID000002,9274947931,BSNL
PH000004,CID000003,9955029451,Airtel
PH000005,CID000004,9731239638,Vi
PH000006,CID000005,9097961789,Vi
PH000007,CID000006,9822758276,BSNL
PH000008,CID000007,9300931819,BSNL
PH000009,CID000008,9733062632,BSNL
PH000010,CID000008,9185180996,Jio
PH000011,CID000009,9730257539,Airtel
PH000012,CID000009,9095620826,Airtel
PH000013,CID000010,9085073564,BSNL
PH000014,CID000011,9642167760,Vi
PH000015,CID000012,9750405640,Jio
PH000016,CID000013,9058843624,BSNL
PH000017,CID000013,9607957934,BSNL
PH000018,CID000014,9224821208,Vi
PH000019,CID000015,9998853872,Vi
PH000020,CID000016,9439090451,Airtel
PH000021,CID000017,9029308469,Jio
PH000022,CID000018,9925134023,BSNL
PH000023,CID000018,9045946422,Vi
PH000024,CID000019,9898313293,BSNL
PH000025,CID000020,9692201357,BSNL
PH000026,CID000021,9184869804,Airtel
PH000027,CID000022,9627928055,Jio
PH000028,CID000023,9540517688,Jio
PH000029,CID000023,9578062097,Airtel
PH000030,CID000024,9747748172,Vi
PH000031,CID000025,9412020649,Jio
PH000032,CID000025,9182239481,Jio
PH000033,CID000026,9505020242,Airtel
PH000034,CID000027,9488304932,Airtel
PH000035,CID000028,9411182021,Vi
PH000036,CID000028,9910822223,Jio
PH000037,CID000029,9418018062,BSNL
PH000038,CID000030,9002919816,Airtel
PH000039,CID000031,9667239448,Vi
PH000040,CID000032,9919270183,BSNL
PH000041,CID000033,9539531878,Airtel
PH000042,CID000033,9457121360,Airtel
PH000043,CID000034,9840438464,Vi
PH000044,CID000035,9365877307,BSNL
PH000045,CID000036,9920755707,Jio
PH000046,CID000037,9781387660,Vi
PH000047,CID000038,9251682832,Airtel
PH000048,CID000039,9725510202,Jio
PH000049,CID000040,9555106232,Jio
PH000050,CID000041,9071153883,Airtel
PH000051,CID000041,9755659802,BSNL
PH000052,CID000042,9606194448,BSNL
PH000053,CID000042,9106145662,Vi
PH000054,CID000043,9043886714,Jio
PH000055,CID000044,9617228939,BSNL
PH000056,CID000045,9678834891,Vi
PH000057,CID000046,9063450262,Jio
PH000058,CID000047,9385787809,Vi
PH000059,CID000047,9650399089,Vi
PH000060,CID000048,9340658774,Jio
PH000061,CID000049,9525178798,BSNL
PH000062,CID000050,9757625035,BSNL
PH000063,CID000051,9345212879,Vi
PH000064,CID000052,9188455058,Vi
PH000065,CID000052,9292782315,Airtel
PH000066,CID000053,9590061957,Jio
PH000067,CID000054,9920733174,BSNL
PH000068,CID000055,9225913748,BSNL
PH000069,CID000056,9789848493,BSNL
PH000070,CID000057,9292352472,Vi
PH000071,CID000058,9171050977,BSNL
PH000072,CID000059,9978344668,Airtel
PH000073,CID000060,9143793550,Jio
PH000074,CID000061,9454513186,Vi
PH000075,CID000062,9996473041,Vi
PH000076,CID000063,9591776278,BSNL
PH000077,CID000064,9770317945,BSNL
PH000078,CID000065,9820590527,BSNL
PH000079,CID000066,9686215752,Vi
PH000080,CID000067,9465661742,Airtel
PH000081,CID000068,9450619353,Airtel
PH000082,CID000068,9066526006,Airtel
PH000083,CID000069,9409744508,BSNL
PH000084,CID000070,9206227216,Airtel
PH000085,CID000071,9143023942,BSNL
PH000086,CID000072,9194226457,Vi
PH000087,CID000073,9841814101,Jio
PH000088,CID000073,9284055665,Jio
PH000089,CID000074,9621815235,Jio
PH000090,CID000074,9209918066,BSNL
PH000091,CID000075,9884975150,Airtel
PH000092,CID000076,9491720697,BSNL
PH000093,CID000077,9664304147,Jio
PH000094,CID000078,9069611296,Vi
PH000095,CID000079,9789982193,Jio
PH000096,CID000080,9824297142,Airtel
PH000097,CID000081,9955221196,Airtel
PH000098,CID000081,9733304359,Airtel
PH000099,CID000082,9159977567,Airtel
PH000100,CID000083,9378176201,Airtel
PH000101,CID000084,9986162127,Airtel
PH000102,CID000085,9615285485,Vi
PH000103,CID000085,9103344194,Airtel
PH000104,CID000086,9181078920,Airtel
PH000105,CID000087,9953563085,Airtel
PH000106,CID000088,9261883076,BSNL
PH000107,CID000089,9690417643,Jio
PH000108,CID000090,9152380746,Airtel
PH000109,CID000091,9181211227,Airtel
PH000110,CID000092,9403533029,Vi
PH000111,CID000093,9541696494,Vi
PH000112,CID000093,9406434994,Jio
PH000113,CID000094,9851181281,Vi
PH000114,CID000095,9209705786,Jio
PH000115,CID000096,9527838340,Vi
PH000116,CID000097,9098882234,Airtel
PH000117,CID000098,9483537562,Vi
PH000118,CID000099,9849430712,Airtel
PH000119,CID000100,9606427564,Vi
PH000120,CID000101,9089726678,Jio
PH000121,CID000102,9047025566,Jio
PH000122,CID000103,9707183861,BSNL
PH000123,CID000104,9598391757,BSNL
PH000124,CID000105,9365176877,BSNL
PH000125,CID000106,9508824263,Jio
PH000126,CID000107,9990517007,Airtel
PH000127,CID000108,9376178474,Jio
PH000128,CID000109,9159013825,Vi
PH000129,CID000110,9133019911,Jio
PH000130,CID000111,9902504128,BSNL
PH000131,CID000111,9624344896,Vi
PH000132,CID000112,9724618082,Jio
PH000133,CID000113,9541049638,Vi
PH000134,CID000113,9541341992,Jio
PH000135,CID000114,9883638954,BSNL
PH000136,CID000115,9017682425,BSNL
PH000137,CID000115,9384267968,Vi
PH000138,CID000116,9725022548,Airtel
PH000139,CID000117,9132547409,Vi
PH000140,CID000118,9755081818,Jio
PH000141,CID000119,9916228634,Vi
PH000142,CID000120,9460502749,Jio
PH000143,CID000121,9628464186,Vi
PH000144,CID000122,9799125020,BSNL
PH000145,CID000123,9445060994,BSNL
PH000146,CID000124,9870437463,Jio
PH000147,CID000125,9965688989,Airtel
PH000148,CID000126,9867495122,Airtel
PH000149,CID000127,9123842017,Airtel
PH000150,CID000128,9978648941,BSNL
PH000151,CID000129,9154972816,Airtel
PH000152,CID000130,9428786593,Airtel
PH000153,CID000131,9673538180,BSNL
PH000154,CID000132,9485298040,Vi
PH000155,CID000133,9064907236,Jio
PH000156,CID000134,9333927896,Airtel
PH000157,CID000135,9557660102,Vi
PH000158,CID000136,9988275543,Vi
PH000159,CID000136,9115596217,Jio
PH000160,CID000137,9659968746,BSNL
PH000161,CID000138,9088364486,BSNL
PH000162,CID000138,9864355616,Vi
PH000163,CID000139,9170908058,BSNL
PH000164,CID000140,9876365832,Vi
PH000165,CID000141,9605457857,Jio
PH000166,CID000142,9971297363,Vi
PH000167,CID000143,9915263418,Vi
PH000168,CID000144,9238346131,Vi
PH000169,CID000144,9725568453,Jio
PH000170,CID000145,9197616599,Airtel
PH000171,CID000146,9436150598,Jio
PH000172,CID000147,9173806362,Airtel
PH000173,CID000148,9656963951,Jio
PH000174,CID000148,9592836052,Jio
PH000175,CID000149,9213930327,BSNL
PH000176,CID000150,9856013966,Jio
PH000177,CID000151,9480192480,Jio
PH000178,CID000151,9471411251,Airtel
PH000179,CID000152,9244390535,Vi
PH000180,CID000152,9785356327,Jio
PH000181,CID000153,9829439687,Vi
PH000182,CID000154,9416382760,Vi
PH000183,CID000155,9795307632,Airtel
PH000184,CID000156,9541402759,BSNL
PH000185,CID000157,9750628700,Airtel
PH000186,CID000158,9486120502,BSNL
PH000187,CID000159,9970575640,Vi
PH000188,CID000160,9174714023,BSNL
PH000189,CID000161,9809972627,Jio
PH000190,CID000161,9192394530,Airtel
PH000191,CID000162,9811587190,Jio
PH000192,CID000163,9821041043,Airtel
PH000193,CID000164,9114599554,Jio
PH000194,CID000165,9857548117,Vi
PH000195,CID000165,9139909102,Jio
PH000196,CID000166,9791212918,Vi
PH000197,CID000167,9184891736,Airtel
PH000198,CID000168,9623720256,Jio
PH000199,CID000169,9826043390,Vi
PH000200,CID000170,9668741961,Vi
PH000201,CID000170,9241723308,Airtel
PH000202,CID000171,9001121061,Vi
PH000203,CID000171,9215517873,Vi
PH000204,CID000172,9512407110,BSNL
PH000205,CID000172,9096475040,Jio
PH000206,CID000173,9676910150,Vi
PH000207,CID000174,9991672366,Airtel
PH000208,CID000175,9031017146,Jio
PH000209,CID000176,9545376549,Airtel
PH000210,CID000176,9612556182,Jio
PH000211,CID000177,9721118660,Vi
PH000212,CID000177,9747618824,Jio
PH000213,CID000178,9739177927,BSNL
PH000214,CID000178,9173506711,Jio
PH000215,CID000179,9759849295,Airtel
PH000216,CID000180,9897264940,BSNL
PH000217,CID000180,9407546787,Airtel
PH000218,CID000181,9548621226,Jio
PH000219,CID000182,9163731744,Vi
PH000220,CID000183,9134352471,Jio
PH000221,CID000183,9610870801,Jio
PH000222,CID000184,9719329969,BSNL
PH000223,CID000185,9672639973,Vi
PH000224,CID000186,9513184051,Jio
PH000225,CID000186,9586868171,Airtel
PH000226,CID000187,9724656762,BSNL
PH000227,CID000188,9560489234,Vi
PH000228,CID000189,9465421517,BSNL
PH000229,CID000189,9291641811,Vi
PH000230,CID000190,9591449322,Airtel
PH000231,CID000191,9697173293,Jio
PH000232,CID000192,9291864958,Vi
PH000233,CID000193,9497029486,Vi
PH000234,CID000194,9580837434,Jio
PH000235,CID000194,9618397013,Vi
PH000236,CID000195,9187009247,Jio
PH000237,CID000196,9290691031,Jio
PH000238,CID000197,9999411458,Airtel
PH000239,CID000198,9098119614,Airtel
PH000240,CID000198,9169642328,BSNL
PH000241,CID000199,9502383712,Jio
PH000242,CID000199,9149381151,Vi
PH000243,CID000200,9655966302,Vi
PH000244,CID000201,9191782218,Jio
PH000245,CID000202,9411807142,Vi
PH000246,CID000203,9551290919,Vi
PH000247,CID000204,9464049324,Jio
PH000248,CID000205,9871424956,BSNL
PH000249,CID000206,9603313349,Airtel
PH000250,CID000207,9049535428,Airtel
PH000251,CID000208,9726152995,Jio
PH000252,CID000209,9696315521,BSNL
PH000253,CID000210,9585411391,Jio
PH000254,CID000210,9366523979,Vi
PH000255,CID000211,9088671149,Airtel
PH000256,CID000212,9225727902,Airtel
PH000257,CID000213,9781124235,Airtel
PH000258,CID000214,9328986560,Jio
PH000259,CID000215,9951999731,Vi
PH000260,CID000216,9543988504,BSNL
PH000261,CID000216,9427299168,Vi
PH000262,CID000217,9345690496,Vi
PH000263,CID000218,9733671485,Airtel
PH000264,CID000219,9580342496,BSNL
PH000265,CID000220,9372625527,Airtel
PH000266,CID000220,9692769058,Jio
PH000267,CID000221,9860312714,Airtel
PH000268,CID000222,9042348723,Vi
PH000269,CID000223,9577698532,Vi
PH000270,CID000224,9370261762,Vi
PH000271,CID000225,9194654928,BSNL
PH000272,CID000225,9791943095,Jio
PH000273,CID000226,9896217415,BSNL
PH000274,CID000227,9742165135,Vi
PH000275,CID000228,9781079561,Vi
PH000276,CID000229,9980437914,Airtel
PH000277,CID000230,9763354649,Jio
PH000278,CID000231,9369175741,BSNL
PH000279,CID000232,9448583124,Jio
PH000280,CID000233,9593561185,Jio
PH000281,CID000234,9081453893,BSNL
PH000282,CID000234,9449010456,Vi
PH000283,CID000235,9492673483,Airtel
PH000284,CID000236,9238007255,Jio
PH000285,CID000237,9296005349,Airtel
PH000286,CID000238,9908702773,Airtel
PH000287,CID000239,9827309612,Jio
PH000288,CID000240,9792637754,Vi
PH000289,CID000241,9839486565,Airtel
PH000290,CID000242,9725481848,Airtel
PH000291,CID000243,9496798859,Jio
PH000292,CID000243,9640820300,BSNL
PH000293,CID000244,9572079194,Airtel
PH000294,CID000244,9000145368,Jio
PH000295,CID000245,9096468071,Airtel
PH000296,CID000246,9971852557,BSNL
PH000297,CID000247,9571650464,BSNL
PH000298,CID000247,9880665059,Jio
PH000299,CID000248,9579496738,Jio
PH000300,CID000249,9099413442,BSNL
PH000301,CID000250,9818379709,BSNL
PH000302,CID000251,9633752938,Jio
PH000303,CID000252,9803094369,BSNL
PH000304,CID000253,9252758501,Airtel
PH000305,CID000253,9564271829,BSNL
PH000306,CID000254,9816650953,BSNL
PH000307,CID000255,9268532920,Jio
PH000308,CID000255,9024042742,BSNL
PH000309,CID000256,9587329905,Jio
PH000310,CID000256,9341268474,Airtel
PH000311,CID000257,9264097086,Jio
PH000312,CID000258,9557281024,Airtel
PH000313,CID000259,9686312657,Airtel
PH000314,CID000260,9901850526,Vi
PH000315,CID000261,9566710852,Airtel
PH000316,CID000262,9089273938,Jio
PH000317,CID000263,9860345189,Jio
PH000318,CID000264,9399607413,Jio
PH000319,CID000265,9738210247,Jio
PH000320,CID000265,9608249546,Vi
PH000321,CID000266,9523416118,Airtel
PH000322,CID000267,9053605012,BSNL
PH000323,CID000267,9287372297,Airtel
PH000324,CID000268,9079570215,Vi
PH000325,CID000269,9456377343,Vi
PH000326,CID000270,9325426708,Vi
PH000327,CID000270,9626168264,Airtel
PH000328,CID000271,9287172499,Jio
PH000329,CID000272,9537663212,Airtel
PH000330,CID000273,9769979340,BSNL
PH000331,CID000274,9612016662,Airtel
PH000332,CID000275,9656854868,Airtel
PH000333,CID000276,9960703028,Vi
PH000334,CID000276,9721280916,Airtel
PH000335,CID000277,9226522935,BSNL
PH000336,CID000278,9650042453,Airtel
PH000337,CID000278,9065664001,Vi
PH000338,CID000279,9998083902,Vi
PH000339,CID000280,9101091817,Jio
PH000340,CID000281,9212683280,Jio
PH000341,CID000282,9909229665,Airtel
PH000342,CID000283,9146934017,Jio
PH000343,CID000284,9118902574,Vi
PH000344,CID000284,9018882987,BSNL
PH000345,CID000285,9992669291,Airtel
PH000346,CID000286,9855644573,Vi
PH000347,CID000287,9828980776,Jio
PH000348,CID000288,9230093308,BSNL
PH000349,CID000288,9868787375,BSNL
PH000350,CID000289,9580350489,Airtel
PH000351,CID000290,9147071775,Airtel
PH000352,CID000290,9880259301,Vi
PH000353,CID000291,9816834544,Airtel
PH000354,CID000292,9072201649,Airtel
PH000355,CID000293,9346022306,Jio
PH000356,CID000294,9834401243,BSNL
PH000357,CID000295,9769637567,BSNL
PH000358,CID000295,9811284700,BSNL
PH000359,CID000296,9975562210,Vi
PH000360,CID000297,9650219880,BSNL
PH000361,CID000298,9115311449,Jio
PH000362,CID000299,9616049124,Jio
PH000363,CID000300,9025348841,Airtel
PH000364,CID000301,9585125556,Airtel
PH000365,CID000302,9896636354,Airtel
PH000366,CID000303,9638053471,BSNL
PH000367,CID000303,9631040916,Vi
PH000368,CID000304,9657224588,Jio
PH000369,CID000305,9511849737,Jio
PH000370,CID000305,9046170244,Jio
PH000371,CID000306,9725893881,BSNL
PH000372,CID000306,9104786312,Vi
PH000373,CID000307,9702400312,Jio
PH000374,CID000308,9373502478,Airtel
PH000375,CID000309,9817956605,Vi
PH000376,CID000309,9163225133,Jio
PH000377,CID000310,9386822922,Airtel
PH000378,CID000310,9112801024,BSNL
PH000379,CID000311,9358286272,Jio
PH000380,CID000311,9576287941,BSNL
PH000381,CID000312,9518862806,BSNL
PH000382,CID000312,9002974652,BSNL
PH000383,CID000313,9550154029,BSNL
PH000384,CID000314,9485430795,BSNL
PH000385,CID000315,9204139707,Jio
PH000386,CID000315,9602985962,Jio
PH000387,CID000316,9645367284,Vi
PH000388,CID000317,9711287707,Airtel
PH000389,CID000318,9989943952,Airtel
PH000390,CID000319,9315112719,Jio
PH000391,CID000320,9970483436,BSNL
PH000392,CID000321,9804890938,Vi
PH000393,CID000322,9193516555,Airtel
PH000394,CID000323,9077983709,Jio
PH000395,CID000324,9087116787,Airtel
PH000396,CID000325,9605012961,BSNL
PH000397,CID000326,9486191124,Vi
PH000398,CID000327,9684770317,BSNL
PH000399,CID000327,9793520990,Jio
PH000400,CID000328,9311166925,Jio
PH000401,CID000329,9646518595,Vi
PH000402,CID000330,9524646105,Vi
PH000403,CID000331,9924709533,Jio
PH000404,CID000331,9071476863,Jio
PH000405,CID000332,9203717157,Airtel
PH000406,CID000333,9107745305,Vi
PH000407,CID000334,9779264749,BSNL
PH000408,CID000335,9390843170,BSNL
PH000409,CID000336,9427449728,BSNL
PH000410,CID000336,9759788041,Jio
PH000411,CID000337,9368231560,Vi
PH000412,CID000337,9486978261,Jio
PH000413,CID000338,9459376368,Airtel
PH000414,CID000339,9894517957,Airtel
PH000415,CID000339,9915407245,Jio
PH000416,CID000340,9914257419,Airtel
PH000417,CID000341,9983992152,Vi
PH000418,CID000342,9123559055,Jio
PH000419,CID000343,9615957264,Jio
PH000420,CID000343,9116571119,Vi
PH000421,CID000344,9265655524,Airtel
PH000422,CID000345,9755764404,Airtel
PH000423,CID000346,9226218808,Jio
PH000424,CID000347,9200872521,Jio
PH000425,CID000348,9248348300,Airtel
PH000426,CID000349,9481393562,BSNL
PH000427,CID000350,9065139812,BSNL
PH000428,CID000350,9096723212,Vi
PH000429,CID000351,9776207306,Vi
PH000430,CID000352,9575296514,BSNL
PH000431,CID000353,9886259704,Jio
PH000432,CID000354,9740667258,Airtel
PH000433,CID000355,9953286621,Vi
PH000434,CID000356,9712967207,Vi
PH000435,CID000357,9880911664,Airtel
PH000436,CID000358,9090697867,BSNL
PH000437,CID000359,9371590378,Vi
PH000438,CID000360,9065792901,Jio
PH000439,CID000361,9733142817,BSNL
PH000440,CID000361,9169974191,Vi
PH000441,CID000362,9970392374,Vi
PH000442,CID000362,9103404014,Vi
PH000443,CID000363,9149595241,Jio
PH000444,CID000364,9246276015,Airtel
PH000445,CID000364,9743860507,BSNL
PH000446,CID000365,9031338493,BSNL
PH000447,CID000366,9280566948,Airtel
PH000448,CID000367,9461311061,BSNL
PH000449,CID000368,9730782717,Vi
PH000450,CID000369,9769815437,BSNL
PH000451,CID000370,9247363410,Vi
PH000452,CID000371,9559062513,Airtel
PH000453,CID000372,9632738144,Jio
PH000454,CID000373,9581082716,Jio
PH000455,CID000374,9984088295,BSNL
PH000456,CID000375,9236444082,BSNL
PH000457,CID000376,9182952687,BSNL
PH000458,CID000376,9620460857,Jio
PH000459,CID000377,9973257270,Vi
PH000460,CID000378,9050282909,BSNL
PH000461,CID000379,9289603272,Jio
PH000462,CID000380,9357129013,Jio
PH000463,CID000380,9110151422,Jio
PH000464,CID000381,9246612999,BSNL
PH000465,CID000382,9178982319,BSNL
PH000466,CID000383,9529151576,Airtel
PH000467,CID000384,9155555645,Airtel
PH000468,CID000385,9788361644,Vi
PH000469,CID000386,9446853637,Jio
PH000470,CID000387,9810495162,Airtel
PH000471,CID000388,9937937581,Airtel
PH000472,CID000389,9904834120,BSNL
PH000473,CID000390,9105770008,Jio
PH000474,CID000390,9567650186,Airtel
PH000475,CID000391,9670212153,Airtel
PH000476,CID000392,9165227108,Airtel
PH000477,CID000393,9268819573,Jio
PH000478,CID000393,9337541508,Airtel
PH000479,CID000394,9223327189,BSNL
PH000480,CID000395,9023118978,Jio
PH000481,CID000395,9713355118,BSNL
PH000482,CID000396,9824079664,Vi
PH000483,CID000397,9874409513,BSNL
PH000484,CID000398,9659996006,Vi
PH000485,CID000399,9701688264,Airtel
PH000486,CID000400,9755235140,BSNL
PH000487,CID000401,9640112139,Airtel
PH000488,CID000402,9431100115,BSNL
PH000489,CID000402,9744264848,Airtel
PH000490,CID000403,9254315609,Jio
PH000491,CID000403,9165118091,Jio
PH000492,CID000404,9242327012,Jio
PH000493,CID000405,9382014565,Jio
PH000494,CID000406,9179631399,Vi
PH000495,CID000406,9146801632,BSNL
PH000496,CID000407,9057204411,BSNL
PH000497,CID000407,9942709678,Vi
PH000498,CID000408,9675230351,Airtel
PH000499,CID000409,9391358680,Airtel
PH000500,CID000409,9373587967,Airtel
PH000501,CID000410,9708059566,Jio
PH000502,CID000411,9585357075,BSNL
PH000503,CID000411,9583026055,Vi
PH000504,CID000412,9045359540,Vi
PH000505,CID000413,9359807234,Jio
PH000506,CID000414,9856502145,Vi
PH000507,CID000415,9493991584,Jio
PH000508,CID000416,9815416116,Jio
PH000509,CID000417,9387763056,Airtel
PH000510,CID000417,9404191039,BSNL
PH000511,CID000418,9318841552,Jio
PH000512,CID000419,9749445881,BSNL
PH000513,CID000420,9216597211,Airtel
PH000514,CID000421,9081535087,Jio
PH000515,CID000422,9960177395,Vi
PH000516,CID000423,9051355646,Vi
PH000517,CID000424,9622902277,Vi
PH000518,CID000425,9907090296,Airtel
PH000519,CID000426,9952691009,Airtel
PH000520,CID000427,9268305037,BSNL
PH000521,CID000428,9918187471,BSNL
PH000522,CID000428,9626169831,Jio
PH000523,CID000429,9601947326,Jio
PH000524,CID000430,9033736998,Jio
PH000525,CID000431,9649462191,BSNL
PH000526,CID000432,9779597703,BSNL
PH000527,CID000433,9562801392,Vi
PH000528,CID000434,9204954819,Vi
PH000529,CID000435,9655733814,Airtel
PH000530,CID000436,9422835119,Vi
PH000531,CID000437,9791549240,Vi
PH000532,CID000438,9802156507,Vi
PH000533,CID000438,9338954604,Jio
PH000534,CID000439,9171936144,Vi
PH000535,CID000440,9712299542,Jio
PH000536,CID000441,9698144716,Vi
PH000537,CID000442,9155330095,Jio
PH000538,CID000443,9920291520,Jio
PH000539,CID000443,9044795699,Airtel
PH000540,CID000444,9101570340,BSNL
PH000541,CID000444,9422198799,Airtel
PH000542,CID000445,9751636708,Jio
PH000543,CID000446,9561440551,Jio
PH000544,CID000447,9251038790,Airtel
PH000545,CID000447,9467249530,Airtel
PH000546,CID000448,9780188843,Airtel
PH000547,CID000449,9449627627,Jio
PH000548,CID000450,9204258659,Vi
PH000549,CID000451,9052363983,BSNL
PH000550,CID000452,9736997250,Jio
PH000551,CID000453,9855886020,Jio
PH000552,CID000454,9596325648,BSNL
PH000553,CID000455,9533046686,BSNL
PH000554,CID000456,9763171012,Airtel
PH000555,CID000457,9374931266,Airtel
PH000556,CID000458,9251918017,Airtel
PH000557,CID000459,9183537758,BSNL
PH000558,CID000460,9853428413,BSNL
PH000559,CID000461,9965386491,Jio
PH000560,CID000462,9726919181,Jio
PH000561,CID000463,9738777343,Jio
PH000562,CID000464,9160378585,BSNL
PH000563,CID000464,9310095762,Airtel
PH000564,CID000465,9721635764,BSNL
PH000565,CID000465,9756061193,Airtel
PH000566,CID000466,9318552104,Vi
PH000567,CID000467,9789487281,BSNL
PH000568,CID000467,9501684001,Vi
PH000569,CID000468,9484553320,BSNL
PH000570,CID000468,9169053048,BSNL
PH000571,CID000469,9198535313,Vi
PH000572,CID000469,9656461567,Vi
PH000573,CID000470,9002464491,BSNL
PH000574,CID000471,9342460194,Jio
PH000575,CID000471,9441082910,BSNL
PH000576,CID000472,9828968862,Vi
PH000577,CID000473,9817733455,Vi
PH000578,CID000474,9642770164,Vi
PH000579,CID000475,9176690290,BSNL
PH000580,CID000476,9705371262,Jio
PH000581,CID000477,9751037085,Vi
PH000582,CID000478,9236557656,BSNL
PH000583,CID000479,9653014895,Jio
PH000584,CID000480,9479148876,Vi
PH000585,CID000481,9936876002,BSNL
PH000586,CID000482,9551339616,Airtel
PH000587,CID000483,9157897065,Airtel
PH000588,CID000484,9444808555,Airtel
PH000589,CID000485,9045863377,Vi
PH000590,CID000485,9672672738,Jio
PH000591,CID000486,9490510919,BSNL
PH000592,CID000487,9206230600,Jio
PH000593,CID000488,9477226437,Jio
PH000594,CID000489,9996061641,Airtel
PH000595,CID000489,9704155657,Jio
PH000596,CID000490,9711056534,Vi
PH000597,CID000491,9174117881,BSNL
PH000598,CID000491,9103308844,Jio
PH000599,CID000492,9730334711,Vi
PH000600,CID000493,9494419365,Vi
PH000601,CID000493,9627309060,BSNL
PH000602,CID000494,9016034294,Airtel
PH000603,CID000495,9061588841,BSNL
PH000604,CID000496,9353724629,Airtel
PH000605,CID000497,9300450528,BSNL
PH000606,CID000498,9286414284,Jio
PH000607,CID000499,9670358501,BSNL
PH000608,CID000500,9597908508,Airtel
PH000609,CID000501,9646165139,BSNL
PH000610,CID000502,9857886474,Airtel
PH000611,CID000502,9740188276,Vi
PH000612,CID000503,9807751950,BSNL
PH000613,CID000504,9282512822,Airtel
PH000614,CID000504,9818677242,Jio
PH000615,CID000505,9877633717,BSNL
PH000616,CID000506,9683545945,BSNL
PH000617,CID000507,9339937254,Jio
PH000618,CID000508,9546955946,Vi
PH000619,CID000509,9006074276,Jio
PH000620,CID000509,9394453346,Airtel
PH000621,CID000510,9224384236,Jio
PH000622,CID000511,9682574890,Vi
PH000623,CID000512,9091441981,Jio
PH000624,CID000513,9347172785,Airtel
PH000625,CID000513,9048091025,Airtel
PH000626,CID000514,9560053245,Airtel
PH000627,CID000514,9000136460,Airtel
PH000628,CID000515,9266320571,Jio
PH000629,CID000516,9833209159,Airtel
PH000630,CID000517,9616442996,Vi
PH000631,CID000517,9198208021,Vi
PH000632,CID000518,9861782361,Airtel
PH000633,CID000519,9109245996,Vi
PH000634,CID000520,9393434236,Jio
PH000635,CID000520,9576263889,Airtel
PH000636,CID000521,9787508415,BSNL
PH000637,CID000522,9082291574,Vi
PH000638,CID000523,9601223528,Airtel
PH000639,CID000524,9710416806,Jio
PH000640,CID000525,9466013723,Jio
PH000641,CID000526,9492728664,Vi
PH000642,CID000526,9482994269,Airtel
PH000643,CID000527,9768398156,Jio
PH000644,CID000528,9724731600,BSNL
PH000645,CID000529,9788433606,Jio
PH000646,CID000530,9488725606,Airtel
PH000647,CID000530,9838198128,Vi
PH000648,CID000531,9678566857,BSNL
PH000649,CID000531,9365823410,BSNL
PH000650,CID000532,9101894864,Vi
PH000651,CID000532,9029482232,Jio
PH000652,CID000533,9312493412,Jio
PH000653,CID000533,9327214799,Vi
PH000654,CID000534,9793449576,Jio
PH000655,CID000535,9433267187,Airtel
PH000656,CID000536,9449844579,BSNL
PH000657,CID000537,9511340703,BSNL
PH000658,CID000537,9454411751,Vi
PH000659,CID000538,9893329917,Vi
PH000660,CID000539,9381110837,Vi
PH000661,CID000540,9613795380,Jio
PH000662,CID000541,9534227348,Vi
PH000663,CID000541,9987849301,Jio
PH000664,CID000542,9708068429,Jio
PH000665,CID000543,9588961987,Airtel
PH000666,CID000544,9206484369,BSNL
PH000667,CID000545,9896146576,Vi
PH000668,CID000545,9097236197,BSNL
PH000669,CID000546,9929503059,Jio
PH000670,CID000547,9217775305,Jio
PH000671,CID000548,9324464246,BSNL
PH000672,CID000548,9951690578,Airtel
PH000673,CID000549,9989768075,Jio
PH000674,CID000550,9136068467,Jio
PH000675,CID000551,9719214726,Vi
PH000676,CID000552,9675588175,BSNL
PH000677,CID000552,9813510093,Vi
PH000678,CID000553,9316117856,Airtel
PH000679,CID000554,9109625081,BSNL
PH000680,CID000555,9019813034,Airtel
PH000681,CID000556,9799087487,Airtel
PH000682,CID000557,9216624631,Jio
PH000683,CID000558,9430073199,Jio
PH000684,CID000559,9037484924,Jio
PH000685,CID000560,9378268639,Jio
PH000686,CID000561,9660934309,Vi
PH000687,CID000562,9702666596,Vi
PH000688,CID000563,9376314056,Vi
PH000689,CID000564,9318118649,BSNL
PH000690,CID000564,9183829884,BSNL
PH000691,CID000565,9372883038,Jio
PH000692,CID000565,9261233052,Airtel
PH000693,CID000566,9513979022,Vi
PH000694,CID000567,9385022875,Airtel
PH000695,CID000568,9965214569,Airtel
PH000696,CID000568,9582267260,Airtel
PH000697,CID000569,9818574215,BSNL
PH000698,CID000570,9291597136,Vi
PH000699,CID000571,9222081263,Jio
PH000700,CID000572,9394402534,Vi
PH000701,CID000573,9108127218,BSNL
PH000702,CID000574,9614324172,Vi
PH000703,CID000575,9256655272,Airtel
PH000704,CID000576,9079595349,Jio
PH000705,CID000577,9827764891,BSNL
PH000706,CID000578,9333232624,BSNL
PH000707,CID000579,9250253479,Airtel
PH000708,CID000580,9182783972,Jio
PH000709,CID000581,9908550402,Vi
PH000710,CID000582,9192796888,Jio
PH000711,CID000583,9346577986,BSNL
PH000712,CID000584,9303255655,BSNL
PH000713,CID000585,9557910259,Vi
PH000714,CID000586,9336797175,Airtel
PH000715,CID000587,9780965858,BSNL
PH000716,CID000588,9327917654,Jio
PH000717,CID000588,9716517563,BSNL
PH000718,CID000589,9356419483,Airtel
PH000719,CID000590,9177678308,BSNL
PH000720,CID000591,9771297172,BSNL
PH000721,CID000592,9335760149,BSNL
PH000722,CID000593,9742715615,Vi
PH000723,CID000594,9735000657,Airtel
PH000724,CID000595,9834401948,Jio
PH000725,CID000596,9437078529,Jio
PH000726,CID000597,9679176607,Jio
PH000727,CID000598,9804169449,Jio
PH000728,CID000598,9613504545,Jio
PH000729,CID000599,9486304511,Vi
PH000730,CID000600,9205207093,Jio
PH000731,CID000601,9041618706,Airtel
PH000732,CID000602,9076082226,Jio
PH000733,CID000603,9733721996,BSNL
PH000734,CID000604,9501691429,BSNL
PH000735,CID000605,9852629383,BSNL
PH000736,CID000606,9333302613,Vi
PH000737,CID000607,9717380112,Vi
PH000738,CID000608,9451528206,BSNL
PH000739,CID000609,9794453631,BSNL
PH000740,CID000610,9922651747,BSNL
PH000741,CID000611,9629118974,Airtel
PH000742,CID000612,9395780764,BSNL
PH000743,CID000613,9321911829,BSNL
PH000744,CID000613,9235340610,Vi
PH000745,CID000614,9046125613,Airtel
PH000746,CID000615,9134587669,Airtel
PH000747,CID000616,9552749819,BSNL
PH000748,CID000616,9850668840,Airtel
PH000749,CID000617,9092926072,Jio
PH000750,CID000617,9226963554,Airtel
PH000751,CID000618,9164883469,BSNL
PH000752,CID000619,9669288254,Airtel
PH000753,CID000620,9982618663,Jio
PH000754,CID000621,9604993542,BSNL
PH000755,CID000622,9025526713,Airtel
PH000756,CID000622,9139646303,Vi
PH000757,CID000623,9022335395,BSNL
PH000758,CID000624,9794742836,Vi
PH000759,CID000625,9685430277,Airtel
PH000760,CID000625,9376707786,Airtel
PH000761,CID000626,9847639015,Airtel
PH000762,CID000627,9348000812,Jio
PH000763,CID000628,9950214917,Jio
PH000764,CID000629,9566791720,Airtel
PH000765,CID000630,9032528701,Jio
PH000766,CID000631,9505644628,Airtel
PH000767,CID000632,9959715827,Airtel
PH000768,CID000632,9401613969,BSNL
PH000769,CID000633,9394303299,Jio
PH000770,CID000633,9722491114,Airtel
PH000771,CID000634,9694195642,Airtel
PH000772,CID000635,9442351384,Vi
PH000773,CID000635,9532304559,Airtel
PH000774,CID000636,9933147317,Vi
PH000775,CID000637,9184486729,Jio
PH000776,CID000638,9290775114,BSNL
PH000777,CID000639,9475999240,Vi
PH000778,CID000639,9438497279,BSNL
PH000779,CID000640,9657500571,Vi
PH000780,CID000641,9728287184,Vi
PH000781,CID000642,9787346246,Jio
PH000782,CID000642,9517952663,Jio
PH000783,CID000643,9102395878,Airtel
PH000784,CID000644,9392455863,Vi
PH000785,CID000644,9643645442,Vi
PH000786,CID000645,9367172989,Airtel
PH000787,CID000646,9561414234,Jio
PH000788,CID000647,9500989852,Airtel
PH000789,CID000648,9019311481,Vi
PH000790,CID000648,9784362488,Airtel
PH000791,CID000649,9405700920,BSNL
PH000792,CID000650,9438702459,Vi
PH000793,CID000651,9626148049,BSNL
PH000794,CID000652,9759607779,Airtel
PH000795,CID000653,9410468168,Vi
PH000796,CID000654,9364361050,Airtel
PH000797,CID000655,9409603764,Jio
PH000798,CID000656,9124239847,Jio
PH000799,CID000656,9328349634,BSNL
PH000800,CID000657,9179250588,Vi
PH000801,CID000658,9242551796,Vi
PH000802,CID000658,9847786784,Jio
PH000803,CID000659,9017815132,Jio
PH000804,CID000659,9747528599,Airtel
PH000805,CID000660,9971198955,Jio
PH000806,CID000661,9176931691,Vi
PH000807,CID000662,9639417700,Jio
PH000808,CID000663,9370800212,Airtel
PH000809,CID000664,9838487674,Jio
PH000810,CID000665,9586583778,BSNL
PH000811,CID000666,9286669255,Jio
PH000812,CID000667,9693825276,Vi
PH000813,CID000667,9756517454,Airtel
PH000814,CID000668,9135662119,BSNL
PH000815,CID000668,9211617824,Jio
PH000816,CID000669,9282871486,Jio
PH000817,CID000669,9953523127,Jio
PH000818,CID000670,9709666532,Vi
PH000819,CID000670,9308964227,Vi
PH000820,CID000671,9161507095,Vi
PH000821,CID000672,9249334517,Jio
PH000822,CID000673,9918455605,Airtel
PH000823,CID000674,9901102826,Airtel
PH000824,CID000675,9623074224,Airtel
PH000825,CID000675,9889622957,Jio
PH000826,CID000676,9379687137,Airtel
PH000827,CID000677,9153736775,Vi
PH000828,CID000678,9518157885,BSNL
PH000829,CID000678,9217301016,BSNL
PH000830,CID000679,9743785185,Vi
PH000831,CID000680,9424718341,BSNL
PH000832,CID000681,9266209578,Jio
PH000833,CID000682,9183893881,BSNL
PH000834,CID000683,9500105798,BSNL
PH000835,CID000684,9573911338,Airtel
PH000836,CID000685,9772568067,BSNL
PH000837,CID000686,9877479391,Airtel
PH000838,CID000687,9127719427,Jio
PH000839,CID000688,9996949147,Airtel
PH000840,CID000688,9343713282,Vi
PH000841,CID000689,9621420481,Airtel
PH000842,CID000690,9408954042,Jio
PH000843,CID000691,9356762460,Vi
PH000844,CID000692,9976690235,Vi
PH000845,CID000693,9311152590,Jio
PH000846,CID000694,9512696603,Vi
PH000847,CID000694,9947651098,BSNL
PH000848,CID000695,9077764094,BSNL
PH000849,CID000696,9924802947,Jio
PH000850,CID000697,9013397680,Airtel
PH000851,CID000698,9582384898,Jio
PH000852,CID000699,9553591301,Vi
PH000853,CID000699,9485600916,BSNL
PH000854,CID000700,9054239278,BSNL
PH000855,CID000701,9408699554,Airtel
PH000856,CID000701,9281973942,Airtel
PH000857,CID000702,9930399834,Vi
PH000858,CID000703,9231103175,Jio
PH000859,CID000704,9030217283,BSNL
PH000860,CID000705,9959190523,Vi
PH000861,CID000706,9777840911,Vi
PH000862,CID000707,9612982247,Airtel
PH000863,CID000708,9198164457,Jio
PH000864,CID000708,9983549818,Vi
PH000865,CID000709,9625485404,Airtel
PH000866,CID000710,9996770702,BSNL
PH000867,CID000711,9293740391,BSNL
PH000868,CID000712,9622087014,BSNL
PH000869,CID000713,9929972482,Jio
PH000870,CID000714,9386159889,Airtel
PH000871,CID000715,9800838462,Vi
PH000872,CID000716,9793179213,Vi
PH000873,CID000717,9147205976,BSNL
PH000874,CID000718,9883148582,Vi
PH000875,CID000718,9154885503,BSNL
PH000876,CID000719,9877875046,Jio
PH000877,CID000720,9004473220,Jio
PH000878,CID000721,9773060369,Airtel
PH000879,CID000722,9813049922,Jio
PH000880,CID000723,9538421222,BSNL
PH000881,CID000723,9357860147,Jio
PH000882,CID000724,9391394373,Airtel
PH000883,CID000724,9938926044,Vi
PH000884,CID000725,9449316572,BSNL
PH000885,CID000725,9802855569,Vi
PH000886,CID000726,9965363785,Vi
PH000887,CID000726,9836508899,Vi
PH000888,CID000727,9106433504,Jio
PH000889,CID000728,9198442339,Airtel
PH000890,CID000728,9182088996,Jio
PH000891,CID000729,9206108502,BSNL
PH000892,CID000730,9218009155,Vi
PH000893,CID000731,9414113882,Vi
PH000894,CID000731,9933600936,Jio
PH000895,CID000732,9882721915,Vi
PH000896,CID000733,9344440979,BSNL
PH000897,CID000733,9434406197,Vi
PH000898,CID000734,9990588436,Jio
PH000899,CID000734,9022437766,Jio
PH000900,CID000735,9757757984,BSNL
PH000901,CID000736,9382103093,Jio
PH000902,CID000736,9153662249,Vi
PH000903,CID000737,9267873118,BSNL
PH000904,CID000738,9273647276,Airtel
PH000905,CID000739,9312307429,Jio
PH000906,CID000740,9743707065,BSNL
PH000907,CID000741,9404210335,Vi
PH000908,CID000742,9500544794,Vi
PH000909,CID000743,9437989146,BSNL
PH000910,CID000744,9312978057,BSNL
PH000911,CID000744,9670921594,Airtel
PH000912,CID000745,9975559065,BSNL
PH000913,CID000746,9746572765,BSNL
PH000914,CID000746,9991281094,Vi
PH000915,CID000747,9585581514,Airtel
PH000916,CID000748,9389697457,Airtel
PH000917,CID000748,9373708303,Jio
PH000918,CID000749,9582044066,Airtel
PH000919,CID000750,9455218470,Jio
PH000920,CID000751,9138407592,Jio
PH000921,CID000752,9021996653,Jio
PH000922,CID000753,9451530295,BSNL
PH000923,CID000754,9814867298,Jio
PH000924,CID000754,9234548885,Jio
PH000925,CID000755,9760209329,Airtel
PH000926,CID000755,9078391582,BSNL
PH000927,CID000756,9906594918,BSNL
PH000928,CID000756,9041628869,Jio
PH000929,CID000757,9218728770,Vi
PH000930,CID000757,9160110570,Jio
PH000931,CID000758,9876500659,BSNL
PH000932,CID000759,9765549916,Jio
PH000933,CID000759,9903686409,BSNL
PH000934,CID000760,9324478853,Jio
PH000935,CID000760,9584781893,Jio
PH000936,CID000761,9394380923,Vi
PH000937,CID000761,9246668358,Vi
PH000938,CID000762,9544303457,Jio
PH000939,CID000763,9408700907,Airtel
PH000940,CID000763,9029973375,Airtel
PH000941,CID000764,9116811519,Vi
PH000942,CID000765,9219027709,Vi
PH000943,CID000766,9509162179,Airtel
PH000944,CID000767,9870210712,Jio
PH000945,CID000768,9755754744,Jio
PH000946,CID000769,9077036372,BSNL
PH000947,CID000769,9044103428,Jio
PH000948,CID000770,9986907393,Vi
PH000949,CID000771,9781968239,Vi
PH000950,CID000771,9262242655,BSNL
PH000951,CID000772,9258655425,Jio
PH000952,CID000772,9764391977,BSNL
PH000953,CID000773,9619956977,Jio
PH000954,CID000774,9779319980,Airtel
PH000955,CID000775,9226047299,Airtel
PH000956,CID000775,9082745587,Airtel
PH000957,CID000776,9212208667,Vi
PH000958,CID000777,9517146893,Vi
PH000959,CID000778,9940849856,Vi
PH000960,CID000779,9396188228,Airtel
PH000961,CID000779,9319122075,Jio
PH000962,CID000780,9039707048,Vi
PH000963,CID000781,9912078743,Vi
PH000964,CID000782,9466948379,BSNL
PH000965,CID000783,9483949400,Jio
PH000966,CID000784,9584606904,Vi
PH000967,CID000785,9232432198,Vi
PH000968,CID000786,9181396612,Airtel
PH000969,CID000787,9306881811,Jio
PH000970,CID000788,9535715204,Jio
PH000971,CID000788,9049299376,BSNL
PH000972,CID000789,9148863101,Vi
PH000973,CID000790,9606718284,Vi
PH000974,CID000791,9475167275,Jio
PH000975,CID000791,9563530388,Airtel
PH000976,CID000792,9464468149,Airtel
PH000977,CID000793,9942989802,Airtel
PH000978,CID000794,9723515827,Jio
PH000979,CID000794,9709595109,Jio
PH000980,CID000795,9788064500,Vi
PH000981,CID000796,9459391784,BSNL
PH000982,CID000797,9310448978,Jio
PH000983,CID000798,9949583285,BSNL
PH000984,CID000799,9343890451,Vi
PH000985,CID000800,9886318833,Jio
PH000986,CID000801,9169164889,BSNL
PH000987,CID000802,9191016390,BSNL
PH000988,CID000803,9624353016,Jio
PH000989,CID000804,9018469375,Jio
PH000990,CID000805,9761358985,BSNL
PH000991,CID000806,9708627721,BSNL
PH000992,CID000806,9722788409,BSNL
PH000993,CID000807,9971604208,BSNL
PH000994,CID000808,9087260176,Vi
PH000995,CID000809,9855365160,Jio
PH000996,CID000809,9107841800,BSNL
PH000997,CID000810,9584710714,Vi
PH000998,CID000810,9182381607,Jio
PH000999,CID000811,9576035003,Jio
PH001000,CID000812,9765179353,Vi
PH001001,CID000813,9301879381,Vi
PH001002,CID000814,9816473349,Vi
PH001003,CID000814,9444780370,BSNL
PH001004,CID000815,9951970622,BSNL
PH001005,CID000815,9257378944,Vi
PH001006,CID000816,9023047508,Vi
PH001007,CID000817,9263161870,Jio
PH001008,CID000817,9446902031,Airtel
PH001009,CID000818,9433053241,BSNL
PH001010,CID000818,9687078900,Jio
PH001011,CID000819,9549553701,Vi
PH001012,CID000820,9893194973,BSNL
PH001013,CID000821,9252312904,Airtel
PH001014,CID000822,9684865985,Airtel
PH001015,CID000823,9718353416,Vi
PH001016,CID000824,9683475479,Airtel
PH001017,CID000824,9761174834,Vi
PH001018,CID000825,9415427203,Jio
PH001019,CID000826,9670631832,Vi
PH001020,CID000826,9946237530,Jio
PH001021,CID000827,9437539719,Vi
PH001022,CID000828,9218907531,BSNL
PH001023,CID000828,9059797636,Airtel
PH001024,CID000829,9129490268,Vi
PH001025,CID000830,9119563805,Airtel
PH001026,CID000831,9333906537,BSNL
PH001027,CID000831,9781203416,Airtel
PH001028,CID000832,9838532213,BSNL
PH001029,CID000832,9596345914,BSNL
PH001030,CID000833,9879279855,Airtel
PH001031,CID000833,9898895577,Vi
PH001032,CID000834,9132297406,Vi
PH001033,CID000834,9485256858,Vi
PH001034,CID000835,9112835746,Jio
PH001035,CID000836,9817726390,BSNL
PH001036,CID000836,9440662154,Jio
PH001037,CID000837,9354171973,Vi
PH001038,CID000837,9463864869,BSNL
PH001039,CID000838,9684811093,BSNL
PH001040,CID000839,9397065380,Vi
PH001041,CID000839,9378376585,Jio
PH001042,CID000840,9994188131,Vi
PH001043,CID000841,9221797286,Jio
PH001044,CID000842,9583936955,BSNL
PH001045,CID000842,9090138161,BSNL
PH001046,CID000843,9002912831,BSNL
PH001047,CID000844,9723984024,Jio
PH001048,CID000845,9450609349,Airtel
PH001049,CID000846,9065622715,Jio
PH001050,CID000846,9668053353,Vi
PH001051,CID000847,9485499947,Airtel
PH001052,CID000848,9726588198,Airtel
PH001053,CID000848,9398812081,Jio
PH001054,CID000849,9497327710,Airtel
PH001055,CID000850,9417674744,Vi
PH001056,CID000851,9923890312,Vi
PH001057,CID000852,9912187808,Airtel
PH001058,CID000852,9359299602,Airtel
PH001059,CID000853,9595830355,Airtel
PH001060,CID000853,9193056403,Jio
PH001061,CID000854,9016601576,Airtel
PH001062,CID000855,9995698521,Jio
PH001063,CID000856,9729985542,BSNL
PH001064,CID000856,9509690602,BSNL
PH001065,CID000857,9355543153,Airtel
PH001066,CID000858,9533365648,Vi
PH001067,CID000859,9088360549,Vi
PH001068,CID000860,9565744319,BSNL
PH001069,CID000860,9241721043,Vi
PH001070,CID000861,9256415951,Jio
PH001071,CID000862,9499697548,Airtel
PH001072,CID000863,9634759784,Vi
PH001073,CID000864,9461417017,BSNL
PH001074,CID000864,9672770465,Vi
PH001075,CID000865,9978576648,Airtel
PH001076,CID000866,9113721732,Jio
PH001077,CID000866,9200899705,Vi
PH001078,CID000867,9107843215,Airtel
PH001079,CID000868,9213473303,BSNL
PH001080,CID000869,9401596226,Vi
PH001081,CID000870,9350720284,Vi
PH001082,CID000871,9963028732,BSNL
PH001083,CID000872,9093525145,Vi
PH001084,CID000873,9857852569,Jio
PH001085,CID000874,9094113330,Vi
PH001086,CID000875,9940216099,Airtel
PH001087,CID000875,9251493787,BSNL
PH001088,CID000876,9538823003,Jio
PH001089,CID000877,9316645169,Vi
PH001090,CID000878,9510791025,Airtel
PH001091,CID000878,9472036399,Vi
PH001092,CID000879,9168331494,BSNL
PH001093,CID000880,9566044210,Airtel
PH001094,CID000881,9490148417,Jio
PH001095,CID000882,9813653877,Airtel
PH001096,CID000883,9664146278,Jio
PH001097,CID000884,9971946216,Jio
PH001098,CID000885,9683196882,Jio
PH001099,CID000886,9225196225,BSNL
PH001100,CID000887,9231914363,Jio
PH001101,CID000887,9641060170,Airtel
PH001102,CID000888,9307404202,BSNL
PH001103,CID000889,9667406409,Vi
PH001104,CID000890,9054623916,Vi
PH001105,CID000891,9563033469,Vi
PH001106,CID000892,9841706064,Airtel
PH001107,CID000892,9594206647,BSNL
PH001108,CID000893,9010938735,Airtel
PH001109,CID000894,9188930729,Airtel
PH001110,CID000895,9908271984,Vi
PH001111,CID000896,9737184161,BSNL
PH001112,CID000897,9311327265,Vi
PH001113,CID000898,9040921145,Vi
PH001114,CID000898,9336001195,Vi
PH001115,CID000899,9927794035,BSNL
PH001116,CID000900,9271052087,Vi
PH001117,CID000901,9758557782,Jio
PH001118,CID000902,9594178365,Vi
PH001119,CID000903,9449506625,Airtel
PH001120,CID000904,9417424334,Jio
PH001121,CID000905,9246574886,Jio
PH001122,CID000905,9759710168,Jio
PH001123,CID000906,9937685480,Vi
PH001124,CID000907,9304943467,Airtel
PH001125,CID000908,9986362078,Airtel
PH001126,CID000909,9893394474,Vi
PH001127,CID000910,9156672411,Airtel
PH001128,CID000910,9293896889,Airtel
PH001129,CID000911,9734030310,BSNL
PH001130,CID000912,9694056613,Vi
PH001131,CID000913,9279138310,BSNL
PH001132,CID000913,9453032362,Jio
PH001133,CID000914,9854416421,Airtel
PH001134,CID000914,9558088239,Vi
PH001135,CID000915,9613949506,BSNL
PH001136,CID000916,9990242580,Jio
PH001137,CID000916,9796972211,Vi
PH001138,CID000917,9998207706,BSNL
PH001139,CID000918,9473916295,Vi
PH001140,CID000919,9940973021,Vi
PH001141,CID000920,9240287795,Vi
PH001142,CID000921,9901488540,Airtel
PH001143,CID000921,9489361237,Jio
PH001144,CID000922,9900543556,Vi
PH001145,CID000923,9373020372,Airtel
PH001146,CID000924,9795043718,BSNL
PH001147,CID000925,9898834079,Jio
PH001148,CID000926,9807466040,Airtel
PH001149,CID000927,9124748432,Vi
PH001150,CID000928,9333984772,Vi
PH001151,CID000928,9278298963,Jio
PH001152,CID000929,9765175090,Vi
PH001153,CID000930,9314520861,BSNL
PH001154,CID000931,9422662809,Airtel
PH001155,CID000932,9793999135,Jio
PH001156,CID000933,9625936645,Airtel
PH001157,CID000934,9891015707,Vi
PH001158,CID000935,9926648961,Vi
PH001159,CID000936,9484945779,Jio
PH001160,CID000937,9184648865,Vi
PH001161,CID000938,9003156454,Vi
PH001162,CID000939,9578243102,Jio
PH001163,CID000940,9648594474,BSNL
PH001164,CID000941,9943399547,Jio
PH001165,CID000942,9463570617,Vi
PH001166,CID000943,9217687008,BSNL
PH001167,CID000944,9518739351,BSNL
PH001168,CID000945,9653152588,BSNL
PH001169,CID000946,9585719681,Airtel
PH001170,CID000946,9503509502,BSNL
PH001171,CID000947,9500908017,Jio
PH001172,CID000948,9945864624,Jio
PH001173,CID000948,9618997261,Airtel
PH001174,CID000949,9534230848,Vi
PH001175,CID000950,9330338133,Vi
PH001176,CID000950,9028750083,BSNL
PH001177,CID000951,9246648792,Airtel
PH001178,CID000952,9383837090,Jio
PH001179,CID000953,9023307083,Vi
PH001180,CID000954,9071442735,BSNL
PH001181,CID000955,9757873055,Jio
PH001182,CID000956,9972900983,Jio
PH001183,CID000957,9330758655,BSNL
PH001184,CID000958,9293422968,BSNL
PH001185,CID000959,9695000716,Jio
PH001186,CID000959,9679504115,Jio
PH001187,CID000960,9817794389,Vi
PH001188,CID000960,9880078875,BSNL
PH001189,CID000961,9577682688,Jio
PH001190,CID000962,9412512673,Airtel
PH001191,CID000963,9776427575,Jio
PH001192,CID000964,9969866751,Airtel
PH001193,CID000965,9228091662,Jio
PH001194,CID000965,9413312557,Jio
PH001195,CID000966,9973021338,Airtel
PH001196,CID000966,9179103733,BSNL
PH001197,CID000967,9664421206,BSNL
PH001198,CID000967,9424468617,Vi
PH001199,CID000968,9859032395,Airtel
PH001200,CID000968,9394238450,BSNL
PH001201,CID000969,9050137638,Vi
PH001202,CID000970,9440638863,Airtel
PH001203,CID000970,9613636850,Jio
PH001204,CID000971,9972035549,BSNL
PH001205,CID000972,9146348186,Airtel
PH001206,CID000972,9030137379,BSNL
PH001207,CID000973,9920169681,BSNL
PH001208,CID000974,9809291142,Vi
PH001209,CID000975,9348880800,BSNL
PH001210,CID000976,9601357861,Airtel
PH001211,CID000977,9545697379,Jio
PH001212,CID000977,9368179804,Jio
PH001213,CID000978,9112559734,Airtel
PH001214,CID000978,9877385420,Airtel
PH001215,CID000979,9717191448,BSNL
PH001216,CID000980,9160896315,BSNL
PH001217,CID000981,9992832936,Jio
PH001218,CID000982,9641245133,Airtel
PH001219,CID000983,9911038872,Jio
PH001220,CID000984,9969563961,Vi
PH001221,CID000984,9498895204,Vi
PH001222,CID000985,9814737949,Vi
PH001223,CID000986,9397639156,Jio
PH001224,CID000986,9782750778,BSNL
PH001225,CID000987,9280125406,BSNL
PH001226,CID000987,9499321680,Jio
PH001227,CID000988,9367474073,Jio
PH001228,CID000989,9843666356,BSNL
PH001229,CID000990,9447670376,Jio
PH001230,CID000991,9576111827,Jio
PH001231,CID000992,9414755625,BSNL
PH001232,CID000992,9269215897,Vi
PH001233,CID000993,9193077392,Jio
PH001234,CID000994,9533699494,Airtel
PH001235,CID000994,9639194467,BSNL
PH001236,CID000995,9392707553,Airtel
PH001237,CID000996,9236726490,Jio
PH001238,CID000996,9193032401,Vi
PH001239,CID000997,9515708927,Vi
PH001240,CID000997,9332977377,Jio
PH001241,CID000998,9046585834,Airtel
PH001242,CID000999,9105587808,Airtel
PH001243,CID001000,9248951798,Vi
PH001244,CID001001,9993259559,Airtel
PH001245,CID001002,9884227083,BSNL
PH001246,CID001003,9768670060,Jio
PH001247,CID001004,9017976110,Airtel
PH001248,CID001005,9703519345,Vi
PH001249,CID001006,9659447655,BSNL
PH001250,CID001007,9251185525,Airtel
PH001251,CID001007,9712088094,Jio
PH001252,CID001008,9633809167,Jio
PH001253,CID001008,9273718876,Vi
PH001254,CID001009,9639626423,Airtel
PH001255,CID001010,9497841153,Airtel
PH001256,CID001011,9140482376,Airtel
PH001257,CID001012,9366883994,BSNL
PH001258,CID001013,9872499245,Vi
PH001259,CID001014,9574461379,Airtel
PH001260,CID001015,9367428406,BSNL
PH001261,CID001015,9720583308,BSNL
PH001262,CID001016,9900692462,Vi
PH001263,CID001017,9584872965,Vi
PH001264,CID001018,9079413184,Airtel
PH001265,CID001019,9392286497,Airtel
PH001266,CID001020,9667395596,Vi
PH001267,CID001021,9815585564,Jio
PH001268,CID001022,9402225559,BSNL
PH001269,CID001023,9244032092,BSNL
PH001270,CID001023,9592346355,Jio
PH001271,CID001024,9118135958,Jio
PH001272,CID001025,9986434102,Airtel
PH001273,CID001025,9394092264,Vi
PH001274,CID001026,9240661355,BSNL
PH001275,CID001027,9017474793,Jio
PH001276,CID001028,9265201815,Vi
PH001277,CID001029,9117584129,Airtel
PH001278,CID001030,9769848124,Vi
PH001279,CID001030,9535985573,Jio
PH001280,CID001031,9457639959,Airtel
PH001281,CID001032,9754666039,Vi
PH001282,CID001032,9144099933,BSNL
PH001283,CID001033,9588269080,Jio
PH001284,CID001034,9632902363,BSNL
PH001285,CID001035,9322619784,Airtel
PH001286,CID001036,9816484772,Vi
PH001287,CID001037,9558466960,BSNL
PH001288,CID001038,9441294920,Airtel
PH001289,CID001039,9581584736,BSNL
PH001290,CID001040,9483883150,Vi
PH001291,CID001041,9572569786,Jio
PH001292,CID001042,9625900668,BSNL
PH001293,CID001043,9934648287,Vi
PH001294,CID001044,9520061070,BSNL
PH001295,CID001045,9454094955,Jio
PH001296,CID001046,9280645701,Airtel
PH001297,CID001046,9365619340,Airtel
PH001298,CID001047,9533184013,Airtel
PH001299,CID001048,9928768164,BSNL
PH001300,CID001049,9328462968,Jio
PH001301,CID001050,9079043078,Jio
PH001302,CID001051,9731014995,BSNL
PH001303,CID001051,9280736255,BSNL
PH001304,CID001052,9222934040,Jio
PH001305,CID001053,9955849906,BSNL
PH001306,CID001054,9708974814,Jio
PH001307,CID001055,9446649286,Vi
PH001308,CID001056,9401223090,Jio
PH001309,CID001057,9063674101,BSNL
PH001310,CID001057,9965043314,Jio
PH001311,CID001058,9209827366,Airtel
PH001312,CID001059,9381273811,BSNL
PH001313,CID001060,9113515389,Vi
PH001314,CID001061,9575900530,Airtel
PH001315,CID001062,9656532088,Jio
PH001316,CID001062,9521991547,Jio
PH001317,CID001063,9301977338,Vi
PH001318,CID001064,9416797479,Jio
PH001319,CID001065,9847950841,Airtel
PH001320,CID001066,9063948613,Airtel
PH001321,CID001067,9206085104,Airtel
PH001322,CID001067,9028951511,Vi
PH001323,CID001068,9993284378,BSNL
PH001324,CID001069,9496252506,Airtel
PH001325,CID001070,9818265913,Vi
PH001326,CID001070,9660253071,Airtel
PH001327,CID001071,9331111497,Airtel
PH001328,CID001071,9548650913,Vi
PH001329,CID001072,9455033437,BSNL
PH001330,CID001073,9138276461,BSNL
PH001331,CID001074,9422077663,Vi
PH001332,CID001075,9925442691,BSNL
PH001333,CID001076,9615124542,BSNL
PH001334,CID001077,9458503404,BSNL
PH001335,CID001078,9480658256,BSNL
PH001336,CID001079,9763347851,BSNL
PH001337,CID001080,9902889301,Vi
PH001338,CID001080,9978094694,Jio
PH001339,CID001081,9734219007,Jio
PH001340,CID001082,9051190528,Airtel
PH001341,CID001083,9379415664,BSNL
PH001342,CID001084,9057722402,Airtel
PH001343,CID001084,9829940275,Vi
PH001344,CID001085,9981529493,Vi
PH001345,CID001086,9803945010,BSNL
PH001346,CID001087,9820686084,Airtel
PH001347,CID001087,9461000093,Vi
PH001348,CID001088,9323287680,BSNL
PH001349,CID001089,9629364584,Jio
PH001350,CID001090,9074608008,BSNL
PH001351,CID001091,9158553442,BSNL
PH001352,CID001091,9045898301,Jio
PH001353,CID001092,9132534037,BSNL
PH001354,CID001093,9716579676,Vi
PH001355,CID001094,9234659804,Vi
PH001356,CID001094,9992400025,Jio
PH001357,CID001095,9465179620,Jio
PH001358,CID001096,9926743368,Vi
PH001359,CID001097,9084551300,Vi
PH001360,CID001098,9640318944,Jio
PH001361,CID001099,9941041523,BSNL
PH001362,CID001100,9594839384,Vi
PH001363,CID001101,9493277698,Vi
PH001364,CID001101,9895883131,BSNL
PH001365,CID001102,9210845363,Airtel
PH001366,CID001103,9630426551,Jio
PH001367,CID001103,9948289116,Vi
PH001368,CID001104,9628110469,BSNL
PH001369,CID001104,9704487635,Airtel
PH001370,CID001105,9917353114,BSNL
PH001371,CID001106,9513510284,Jio
PH001372,CID001107,9385149737,Vi
PH001373,CID001107,9586540042,BSNL
PH001374,CID001108,9629122410,Vi
PH001375,CID001109,9289098063,BSNL
PH001376,CID001110,9575001201,Jio
PH001377,CID001111,9388523696,BSNL
PH001378,CID001111,9759888353,Airtel
PH001379,CID001112,9417085559,Airtel
PH001380,CID001113,9192251483,Jio
PH001381,CID001113,9364503101,Airtel
PH001382,CID001114,9492417757,Jio
PH001383,CID001115,9836282264,Jio
PH001384,CID001116,9078613282,Vi
PH001385,CID001117,9040796525,Vi
PH001386,CID001118,9088247156,Jio
PH001387,CID001119,9677669314,Jio
PH001388,CID001120,9412755320,Airtel
PH001389,CID001121,9629619521,BSNL
PH001390,CID001122,9924585324,Airtel
PH001391,CID001123,9816441067,BSNL
PH001392,CID001123,9593007177,Airtel
PH001393,CID001124,9364623388,Airtel
PH001394,CID001125,9746540073,BSNL
PH001395,CID001125,9587020168,Jio
PH001396,CID001126,9620915757,Jio
PH001397,CID001127,9568767033,Airtel
PH001398,CID001128,9632478686,Vi
PH001399,CID001129,9925097441,Jio
PH001400,CID001129,9711939543,Airtel
PH001401,CID001130,9518406628,BSNL
PH001402,CID001131,9113819909,Airtel
PH001403,CID001132,9241628637,Jio
PH001404,CID001133,9285271422,BSNL
PH001405,CID001134,9969400096,Airtel
PH001406,CID001135,9866861257,Vi
PH001407,CID001136,9076357481,Vi
PH001408,CID001137,9325669758,Vi
PH001409,CID001137,9796505191,Jio
PH001410,CID001138,9638221875,Vi
PH001411,CID001138,9672571866,Vi
PH001412,CID001139,9671645280,Jio
PH001413,CID001140,9443449170,Airtel
PH001414,CID001140,9431598326,Vi
PH001415,CID001141,9971990263,Airtel
PH001416,CID001142,9710962190,Vi
PH001417,CID001143,9336788410,Vi
PH001418,CID001144,9968158042,Jio
PH001419,CID001145,9199116239,Jio
PH001420,CID001146,9506322284,Jio
PH001421,CID001147,9463390719,BSNL
PH001422,CID001148,9449304909,Airtel
PH001423,CID001148,9751599631,Airtel
PH001424,CID001149,9777761932,Vi
PH001425,CID001149,9705339109,Vi
PH001426,CID001150,9040724642,Vi
PH001427,CID001151,9364716326,BSNL
PH001428,CID001152,9001057335,Jio
PH001429,CID001152,9043746174,Vi
PH001430,CID001153,9180542064,Jio
PH001431,CID001154,9815214539,Vi
PH001432,CID001155,9987398415,BSNL
PH001433,CID001155,9665632697,Jio
PH001434,CID001156,9477282365,Vi
PH001435,CID001157,9560108362,Airtel
PH001436,CID001158,9982366184,Airtel
PH001437,CID001159,9163814325,Jio
PH001438,CID001160,9348075403,BSNL
PH001439,CID001161,9564671332,Jio
PH001440,CID001162,9202808795,Vi
PH001441,CID001162,9489689281,Airtel
PH001442,CID001163,9149007677,BSNL
PH001443,CID001163,9075983843,BSNL
PH001444,CID001164,9767017740,Vi
PH001445,CID001165,9461191906,BSNL
PH001446,CID001165,9886506647,BSNL
PH001447,CID001166,9713979594,Jio
PH001448,CID001167,9607247656,BSNL
PH001449,CID001168,9625080300,Vi
PH001450,CID001169,9492299207,Vi
PH001451,CID001170,9309009494,Jio
PH001452,CID001170,9912880932,Airtel
PH001453,CID001171,9183674960,BSNL
PH001454,CID001172,9878687492,Jio
PH001455,CID001173,9439019111,Airtel
PH001456,CID001173,9679157418,Airtel
PH001457,CID001174,9632574314,Jio
PH001458,CID001175,9458268257,BSNL
PH001459,CID001175,9629487603,Vi
PH001460,CID001176,9518409103,Airtel
PH001461,CID001176,9025556087,Jio
PH001462,CID001177,9567268054,Vi
PH001463,CID001177,9682942678,BSNL
PH001464,CID001178,9196181024,Airtel
PH001465,CID001178,9898588141,BSNL
PH001466,CID001179,9697218541,BSNL
PH001467,CID001180,9422753170,Airtel
PH001468,CID001181,9486875669,Airtel
PH001469,CID001181,9774167138,Airtel
PH001470,CID001182,9217801303,Jio
PH001471,CID001183,9901092692,Vi
PH001472,CID001184,9572424574,Vi
PH001473,CID001185,9092394382,Jio
PH001474,CID001186,9257158439,Vi
PH001475,CID001186,9388858945,BSNL
PH001476,CID001187,9635353504,Jio
PH001477,CID001187,9194614465,Vi
PH001478,CID001188,9437695189,Vi
PH001479,CID001189,9613572030,Jio
PH001480,CID001190,9259613991,Airtel
PH001481,CID001191,9886667943,BSNL
PH001482,CID001192,9995782353,Airtel
PH001483,CID001193,9607220770,Airtel
PH001484,CID001193,9533921623,Jio
PH001485,CID001194,9463985370,Airtel
PH001486,CID001195,9356447921,Jio
PH001487,CID001196,9172880375,Vi
PH001488,CID001197,9507522108,BSNL
PH001489,CID001198,9807893152,BSNL
PH001490,CID001198,9676176712,BSNL
PH001491,CID001199,9359119471,Airtel
PH001492,CID001199,9137982873,Jio
PH001493,CID001200,9448250248,Airtel
PH001494,CID001201,9811095455,BSNL
PH001495,CID001201,9984798470,Vi
PH001496,CID001202,9697333581,Airtel
PH001497,CID001202,9310889909,Airtel
PH001498,CID001203,9550858445,Airtel
PH001499,CID001204,9890134496,Airtel
PH001500,CID001205,9088048544,Airtel
PH001501,CID001206,9491906408,BSNL
PH001502,CID001207,9944917345,Jio
PH001503,CID001208,9274145871,Vi
PH001504,CID001209,9219068392,BSNL
PH001505,CID001210,9827654393,Jio
PH001506,CID001210,9928468388,Airtel
PH001507,CID001211,9341428576,BSNL
PH001508,CID001212,9404883322,Airtel
PH001509,CID001212,9764279357,Vi
PH001510,CID001213,9525147840,BSNL
PH001511,CID001214,9810139826,Jio
PH001512,CID001214,9658027507,BSNL
PH001513,CID001215,9265644071,Jio
PH001514,CID001215,9099389177,Vi
PH001515,CID001216,9112596030,BSNL
PH001516,CID001216,9374248839,Jio
PH001517,CID001217,9087001704,Airtel
PH001518,CID001218,9943692772,BSNL
PH001519,CID001218,9603191870,Vi
PH001520,CID001219,9190594368,Vi
PH001521,CID001220,9201955214,BSNL
PH001522,CID001221,9008074264,Airtel
PH001523,CID001221,9881224041,Vi
PH001524,CID001222,9141403692,Vi
PH001525,CID001223,9255094293,Vi
PH001526,CID001223,9845263816,Airtel
PH001527,CID001224,9145176454,Jio
PH001528,CID001225,9785300458,Airtel
PH001529,CID001226,9667395195,Jio
PH001530,CID001227,9885572494,Vi
PH001531,CID001228,9145276918,BSNL
PH001532,CID001229,9490422812,Vi
PH001533,CID001229,9202128473,BSNL
PH001534,CID001230,9160709293,BSNL
PH001535,CID001230,9012292494,Airtel
PH001536,CID001231,9023952527,Airtel
PH001537,CID001232,9975286695,Jio
PH001538,CID001233,9047881914,Airtel
PH001539,CID001234,9875933312,Vi
PH001540,CID001235,9546534697,Vi
PH001541,CID001236,9522921493,Airtel
PH001542,CID001237,9226355843,Airtel
PH001543,CID001237,9209788760,BSNL
PH001544,CID001238,9176555922,Jio
PH001545,CID001238,9070400787,Vi
PH001546,CID001239,9140491262,Jio
PH001547,CID001240,9558931171,Jio
PH001548,CID001241,9674556028,Airtel
PH001549,CID001242,9580129837,Vi
PH001550,CID001243,9268890617,Jio
PH001551,CID001244,9958552941,Vi
PH001552,CID001245,9525671962,Jio
PH001553,CID001245,9184611067,Airtel
PH001554,CID001246,9267525902,BSNL
PH001555,CID001247,9346407234,BSNL
PH001556,CID001248,9725585872,Vi
PH001557,CID001249,9150271961,Vi
PH001558,CID001250,9174184953,Jio
PH001559,CID001251,9294871961,Vi
PH001560,CID001252,9847670956,Airtel
PH001561,CID001253,9859097114,BSNL
PH001562,CID001254,9731733947,Vi
PH001563,CID001254,9720728611,BSNL
PH001564,CID001255,9674141020,Vi
PH001565,CID001255,9146501841,BSNL
PH001566,CID001256,9415043744,Airtel
PH001567,CID001257,9219920177,Vi
PH001568,CID001258,9811379717,BSNL
PH001569,CID001259,9934881261,Airtel
PH001570,CID001260,9871365682,Airtel
PH001571,CID001261,9009473427,Vi
PH001572,CID001262,9106692252,BSNL
PH001573,CID001263,9207213598,Vi
PH001574,CID001264,9293911467,Vi
PH001575,CID001265,9128965947,Airtel
PH001576,CID001266,9070330503,Jio
PH001577,CID001267,9447190533,Vi
PH001578,CID001268,9028022957,Jio
PH001579,CID001269,9707652171,Airtel
PH001580,CID001269,9594667426,Airtel
PH001581,CID001270,9257024889,Jio
PH001582,CID001271,9651894892,Vi
PH001583,CID001272,9593089159,BSNL
PH001584,CID001273,9626143845,Vi
PH001585,CID001274,9076722610,Airtel
PH001586,CID001274,9985439893,Airtel
PH001587,CID001275,9301934613,Airtel
PH001588,CID001276,9501621905,Jio
PH001589,CID001277,9040004841,Airtel
PH001590,CID001278,9375296093,Airtel
PH001591,CID001279,9743076540,Airtel
PH001592,CID001280,9304154279,Airtel
PH001593,CID001281,9135224756,BSNL
PH001594,CID001282,9764717467,Jio
PH001595,CID001283,9244318970,Airtel
PH001596,CID001284,9554248614,Vi
PH001597,CID001285,9841597346,Airtel
PH001598,CID001286,9331171205,Airtel
PH001599,CID001287,9774856744,Airtel
PH001600,CID001288,9850933338,Jio
PH001601,CID001288,9499923441,Jio
PH001602,CID001289,9191406729,Jio
PH001603,CID001290,9529074520,Airtel
PH001604,CID001291,9784621800,Airtel
PH001605,CID001292,9961353944,Airtel
PH001606,CID001293,9091332117,Vi
PH001607,CID001294,9380796266,Vi
PH001608,CID001295,9128035370,Vi
PH001609,CID001296,9698816517,Airtel
PH001610,CID001297,9241252467,Jio
PH001611,CID001298,9151162294,BSNL
PH001612,CID001299,9387567844,Vi
PH001613,CID001300,9022633670,Jio
PH001614,CID001301,9807716115,Airtel
PH001615,CID001302,9311915465,BSNL
PH001616,CID001303,9012338535,Jio
PH001617,CID001304,9718898476,Vi
PH001618,CID001305,9115474695,Jio
PH001619,CID001306,9748073010,Airtel
PH001620,CID001307,9838789455,Jio
PH001621,CID001308,9707426354,Airtel
PH001622,CID001309,9513306640,Jio
PH001623,CID001309,9758489113,Jio
PH001624,CID001310,9735927444,Jio
PH001625,CID001311,9726686091,Jio
PH001626,CID001311,9482576252,BSNL
PH001627,CID001312,9893370163,Vi
PH001628,CID001313,9404556605,Airtel
PH001629,CID001313,9331342151,Vi
PH001630,CID001314,9829685784,Jio
PH001631,CID001314,9288725817,Vi
PH001632,CID001315,9251762633,BSNL
PH001633,CID001316,9633090916,BSNL
PH001634,CID001316,9885485076,Vi
PH001635,CID001317,9335108392,Vi
PH001636,CID001318,9020202526,BSNL
PH001637,CID001319,9933257206,Jio
PH001638,CID001320,9804348687,Vi
PH001639,CID001321,9585491512,BSNL
PH001640,CID001321,9710600960,BSNL
PH001641,CID001322,9586163911,Vi
PH001642,CID001323,9466285569,BSNL
PH001643,CID001324,9242981106,BSNL
PH001644,CID001325,9987801943,Vi
PH001645,CID001326,9376403567,BSNL
PH001646,CID001327,9450006273,Vi
PH001647,CID001328,9543541975,Jio
PH001648,CID001328,9895837955,Vi
PH001649,CID001329,9612797875,BSNL
PH001650,CID001329,9640959367,Airtel
PH001651,CID001330,9120102793,Jio
PH001652,CID001331,9553261376,BSNL
PH001653,CID001331,9962201079,BSNL
PH001654,CID001332,9074954368,BSNL
PH001655,CID001333,9155215538,Vi
PH001656,CID001334,9868778881,BSNL
PH001657,CID001335,9053302031,Airtel
PH001658,CID001335,9788154278,Jio
PH001659,CID001336,9372275849,BSNL
PH001660,CID001336,9822809707,BSNL
PH001661,CID001337,9669224341,Airtel
PH001662,CID001338,9129821672,BSNL
PH001663,CID001339,9320342637,BSNL
PH001664,CID001340,9057250227,Vi
PH001665,CID001341,9874724554,Airtel
PH001666,CID001342,9618234900,Jio
PH001667,CID001342,9133620681,Vi
PH001668,CID001343,9579982977,Airtel
PH001669,CID001344,9483764448,Vi
PH001670,CID001344,9211643327,Airtel
PH001671,CID001345,9148682909,BSNL
PH001672,CID001345,9850544025,Vi
PH001673,CID001346,9778730506,Vi
PH001674,CID001346,9840858612,Vi
PH001675,CID001347,9397009138,Vi
PH001676,CID001348,9440660486,BSNL
PH001677,CID001348,9709062097,Airtel
PH001678,CID001349,9230582842,BSNL
PH001679,CID001349,9628887099,Vi
PH001680,CID001350,9337399617,Airtel
PH001681,CID001351,9321740897,BSNL
PH001682,CID001351,9023922322,Vi
PH001683,CID001352,9525438519,BSNL
PH001684,CID001353,9668124636,Vi
PH001685,CID001354,9854531831,BSNL
PH001686,CID001354,9357682631,Jio
PH001687,CID001355,9142308555,Airtel
PH001688,CID001355,9563568944,Vi
PH001689,CID001356,9539266397,Vi
PH001690,CID001357,9051921498,BSNL
PH001691,CID001358,9565766310,Jio
PH001692,CID001358,9122822353,Jio
PH001693,CID001359,9021854496,BSNL
PH001694,CID001360,9966135017,Airtel
PH001695,CID001361,9230210033,BSNL
PH001696,CID001362,9618572401,Jio
PH001697,CID001362,9138690004,Airtel
PH001698,CID001363,9084155294,Airtel
PH001699,CID001364,9738148059,Vi
PH001700,CID001365,9326436028,Airtel
PH001701,CID001366,9278881037,BSNL
PH001702,CID001367,9752678929,Jio
PH001703,CID001367,9047007327,Vi
PH001704,CID001368,9964749470,Jio
PH001705,CID001369,9464509447,Jio
PH001706,CID001370,9058908890,Jio
PH001707,CID001370,9670484801,BSNL
PH001708,CID001371,9107744534,Vi
PH001709,CID001371,9334670505,BSNL
PH001710,CID001372,9482304741,Airtel
PH001711,CID001372,9031989022,Airtel
PH001712,CID001373,9632142976,BSNL
PH001713,CID001373,9758092644,Vi
PH001714,CID001374,9709032698,Vi
PH001715,CID001374,9139695509,Airtel
PH001716,CID001375,9845391088,BSNL
PH001717,CID001375,9444877417,Vi
PH001718,CID001376,9895928943,Airtel
PH001719,CID001376,9981546430,Airtel
PH001720,CID001377,9523554046,Jio
PH001721,CID001377,9677907093,Jio
PH001722,CID001378,9941729429,BSNL
PH001723,CID001379,9539514221,Airtel
PH001724,CID001379,9614573326,Airtel
PH001725,CID001380,9050914136,Vi
PH001726,CID001381,9371474059,Jio
PH001727,CID001382,9129933732,Vi
PH001728,CID001383,9065896050,Vi
PH001729,CID001383,9427133362,Vi
PH001730,CID001384,9272605445,Vi
PH001731,CID001384,9274881635,Airtel
PH001732,CID001385,9910222963,BSNL
PH001733,CID001386,9621958589,Airtel
PH001734,CID001386,9184517636,Vi
PH001735,CID001387,9321590915,Airtel
PH001736,CID001387,9888153665,BSNL
PH001737,CID001388,9115850300,BSNL
PH001738,CID001389,9053715349,Vi
PH001739,CID001390,9584372475,BSNL
PH001740,CID001391,9972510400,Jio
PH001741,CID001392,9831767917,BSNL
PH001742,CID001392,9976902347,Airtel
PH001743,CID001393,9788814361,Vi
PH001744,CID001394,9241774186,BSNL
PH001745,CID001395,9202880681,BSNL
PH001746,CID001396,9194437503,Jio
PH001747,CID001397,9152563311,BSNL
PH001748,CID001398,9828943170,Airtel
PH001749,CID001398,9007095343,Jio
PH001750,CID001399,9544852606,Airtel
PH001751,CID001400,9727981300,Vi
PH001752,CID001401,9922578142,Jio
PH001753,CID001402,9616178874,Jio
PH001754,CID001403,9606128076,BSNL
PH001755,CID001404,9027941026,Vi
PH001756,CID001405,9083975731,Jio
PH001757,CID001406,9468726590,Vi
PH001758,CID001407,9110363306,Jio
PH001759,CID001408,9206778921,Jio
PH001760,CID001409,9200171327,BSNL
PH001761,CID001410,9491504945,Airtel
PH001762,CID001410,9830036925,BSNL
PH001763,CID001411,9321343304,Airtel
PH001764,CID001411,9458936375,Vi
PH001765,CID001412,9330930443,Jio
PH001766,CID001412,9398226645,Jio
PH001767,CID001413,9085850511,BSNL
PH001768,CID001414,9356621655,Jio
PH001769,CID001415,9719893757,Jio
PH001770,CID001416,9751175432,Vi
PH001771,CID001416,9553535341,Vi
PH001772,CID001417,9416414311,Vi
PH001773,CID001417,9118082577,Airtel
PH001774,CID001418,9081804144,Vi
PH001775,CID001419,9535573650,BSNL
PH001776,CID001420,9057536448,Jio
PH001777,CID001421,9635386757,Vi
PH001778,CID001421,9311903165,Vi
PH001779,CID001422,9750553352,Airtel
PH001780,CID001423,9991840694,Vi
PH001781,CID001424,9626921695,Vi
PH001782,CID001425,9865224138,Airtel
PH001783,CID001425,9361920916,Jio
PH001784,CID001426,9428514591,BSNL
PH001785,CID001427,9481133872,Jio
PH001786,CID001427,9739821192,BSNL
PH001787,CID001428,9715150540,Airtel
PH001788,CID001428,9141299988,Jio
PH001789,CID001429,9667742510,Jio
PH001790,CID001429,9089965363,Jio
PH001791,CID001430,9508781756,Jio
PH001792,CID001431,9860225727,Jio
PH001793,CID001432,9125247154,BSNL
PH001794,CID001433,9537346631,Airtel
PH001795,CID001434,9870632236,Vi
PH001796,CID001435,9444879404,Jio
PH001797,CID001436,9203502347,Vi
PH001798,CID001437,9693795275,Jio
PH001799,CID001438,9525289466,Vi
PH001800,CID001439,9784735327,BSNL
PH001801,CID001440,9731314186,BSNL
PH001802,CID001441,9494586693,Jio
PH001803,CID001442,9498532987,Airtel
PH001804,CID001442,9716314849,BSNL
PH001805,CID001443,9241270848,Vi
PH001806,CID001444,9698599088,Jio
PH001807,CID001444,9395933034,Jio
PH001808,CID001445,9156252397,Airtel
PH001809,CID001446,9930059821,Vi
PH001810,CID001447,9915590717,Vi
PH001811,CID001448,9884915898,Vi
PH001812,CID001449,9811607713,Airtel
PH001813,CID001449,9440781742,Vi
PH001814,CID001450,9087161013,Vi
PH001815,CID001451,9035442191,Airtel
PH001816,CID001452,9789540278,Airtel
PH001817,CID001453,9682536161,Jio
PH001818,CID001454,9305693629,Vi
PH001819,CID001454,9308280307,Airtel
PH001820,CID001455,9049426967,Jio
PH001821,CID001456,9042727924,Vi
PH001822,CID001457,9663754467,Airtel
PH001823,CID001458,9975653293,Airtel
PH001824,CID001459,9467316196,BSNL
PH001825,CID001460,9075113309,Vi
PH001826,CID001460,9757394092,BSNL
PH001827,CID001461,9277601717,Jio
PH001828,CID001462,9161861242,BSNL
PH001829,CID001463,9002995141,Airtel
PH001830,CID001463,9426350276,Airtel
PH001831,CID001464,9041451045,BSNL
PH001832,CID001465,9213158033,Airtel
PH001833,CID001466,9846985053,BSNL
PH001834,CID001467,9153207424,Vi
PH001835,CID001468,9584091399,Vi
PH001836,CID001469,9062411783,Jio
PH001837,CID001470,9673697575,Airtel
PH001838,CID001471,9323306645,Vi
PH001839,CID001471,9985004888,Jio
PH001840,CID001472,9221239388,Jio
PH001841,CID001473,9496768750,Airtel
PH001842,CID001474,9227702398,BSNL
PH001843,CID001475,9988317412,BSNL
PH001844,CID001476,9599222894,Airtel
PH001845,CID001477,9363019892,Vi
PH001846,CID001477,9812345830,BSNL
PH001847,CID001478,9998078027,Vi
PH001848,CID001479,9852836852,Airtel
PH001849,CID001479,9585225776,Jio
PH001850,CID001480,9516690239,Airtel
PH001851,CID001481,9067281475,Jio
PH001852,CID001481,9003778758,Airtel
PH001853,CID001482,9791223572,BSNL
PH001854,CID001483,9701259072,Airtel
PH001855,CID001483,9024202003,Jio
PH001856,CID001484,9141537615,BSNL
PH001857,CID001485,9400463934,Airtel
PH001858,CID001486,9197460634,Vi
PH001859,CID001487,9962587013,Vi
PH001860,CID001488,9204632261,Jio
PH001861,CID001489,9047176650,Jio
PH001862,CID001490,9569432650,Airtel
PH001863,CID001491,9179168354,BSNL
PH001864,CID001492,9503706149,Airtel
PH001865,CID001493,9504002247,BSNL
PH001866,CID001493,9491579708,Jio
PH001867,CID001494,9108272497,Airtel
PH001868,CID001495,9216935820,Jio
PH001869,CID001496,9581904400,Vi
PH001870,CID001497,9320059381,Vi
PH001871,CID001498,9297635040,Vi
PH001872,CID001499,9552416827,Jio
PH001873,CID001500,9764266978,BSNL
PH001874,CID001501,9860666723,BSNL
PH001875,CID001501,9432261516,Jio
PH001876,CID001502,9100180806,Vi
PH001877,CID001503,9735033773,Airtel
PH001878,CID001504,9914225129,BSNL
PH001879,CID001504,9844081282,BSNL
PH001880,CID001505,9876516371,Airtel
PH001881,CID001506,9133289418,Airtel
PH001882,CID001507,9541146447,BSNL
PH001883,CID001508,9195508482,Airtel
PH001884,CID001508,9370316355,Vi
PH001885,CID001509,9009346349,Jio
PH001886,CID001509,9061622153,Airtel
PH001887,CID001510,9841709157,Vi
PH001888,CID001511,9675267643,Jio
PH001889,CID001512,9373556823,Jio
PH001890,CID001513,9973927179,BSNL
PH001891,CID001514,9599719959,Vi
PH001892,CID001515,9272430451,Airtel
PH001893,CID001516,9699331940,Vi
PH001894,CID001517,9308177109,Jio
PH001895,CID001517,9974169550,Jio
PH001896,CID001518,9028468164,Airtel
PH001897,CID001518,9168871303,BSNL
PH001898,CID001519,9689092877,Vi
PH001899,CID001520,9266938840,BSNL
PH001900,CID001521,9730691396,Vi
PH001901,CID001522,9328095958,BSNL
PH001902,CID001523,9538383662,Vi
PH001903,CID001524,9325609585,Jio
PH001904,CID001525,9895919184,BSNL
PH001905,CID001526,9633529194,Airtel
PH001906,CID001526,9505614318,Vi
PH001907,CID001527,9875265974,Vi
PH001908,CID001527,9166107431,Airtel
PH001909,CID001528,9061151034,Airtel
PH001910,CID001529,9140497972,Jio
PH001911,CID001530,9810734462,Airtel
PH001912,CID001531,9687341243,Airtel
PH001913,CID001532,9176284378,Vi
PH001914,CID001533,9528316537,BSNL
PH001915,CID001533,9844514229,Airtel
PH001916,CID001534,9837357647,Jio
PH001917,CID001535,9227701528,Vi
PH001918,CID001536,9838962635,Jio
PH001919,CID001537,9760821362,BSNL
PH001920,CID001538,9211909198,Airtel
PH001921,CID001539,9949531381,Vi
PH001922,CID001539,9647397139,BSNL
PH001923,CID001540,9172992030,Airtel
PH001924,CID001540,9402719139,Jio
PH001925,CID001541,9663994711,Airtel
PH001926,CID001542,9308574545,Airtel
PH001927,CID001542,9378486672,BSNL
PH001928,CID001543,9630351889,Airtel
PH001929,CID001544,9039095978,Vi
PH001930,CID001545,9907718087,BSNL
PH001931,CID001546,9169108781,BSNL
PH001932,CID001546,9542016287,Airtel
PH001933,CID001547,9648876731,Jio
PH001934,CID001548,9738781281,Airtel
PH001935,CID001549,9614383583,Airtel
PH001936,CID001550,9042782822,Airtel
PH001937,CID001551,9568168059,Jio
PH001938,CID001552,9472865698,Airtel
PH001939,CID001553,9802183304,BSNL
PH001940,CID001554,9821356285,Jio
PH001941,CID001555,9907168883,Jio
PH001942,CID001556,9286163574,Vi
PH001943,CID001557,9774942994,Airtel
PH001944,CID001558,9981787323,BSNL
PH001945,CID001559,9425804915,Jio
PH001946,CID001560,9619448663,Vi
PH001947,CID001561,9025394266,Jio
PH001948,CID001562,9731096430,BSNL
PH001949,CID001563,9184465620,BSNL
PH001950,CID001564,9383320604,Jio
PH001951,CID001564,9496665471,BSNL
PH001952,CID001565,9925824854,Airtel
PH001953,CID001565,9680371821,Vi
PH001954,CID001566,9029092197,BSNL
PH001955,CID001567,9635740412,Vi
PH001956,CID001567,9694855610,Vi
PH001957,CID001568,9417129751,Vi
PH001958,CID001568,9491278897,Airtel
PH001959,CID001569,9146144688,Jio
PH001960,CID001570,9126870301,Jio
PH001961,CID001571,9220239220,BSNL
PH001962,CID001572,9252096349,Vi
PH001963,CID001573,9980038929,Jio
PH001964,CID001574,9897040151,BSNL
PH001965,CID001575,9128473411,BSNL
PH001966,CID001576,9692117196,Vi
PH001967,CID001577,9907360285,BSNL
PH001968,CID001578,9013053372,Airtel
PH001969,CID001579,9955915813,Vi
PH001970,CID001580,9961672700,Airtel
PH001971,CID001580,9531147461,Vi
PH001972,CID001581,9623818112,Vi
PH001973,CID001582,9370942537,Jio
PH001974,CID001582,9252050079,Airtel
PH001975,CID001583,9981985873,Vi
PH001976,CID001583,9394806414,Jio
PH001977,CID001584,9191523826,Jio
PH001978,CID001585,9729529075,Airtel
PH001979,CID001585,9025206628,Vi
PH001980,CID001586,9327629790,Vi
PH001981,CID001587,9739001792,Vi
PH001982,CID001588,9466606323,Vi
PH001983,CID001588,9525230290,Jio
PH001984,CID001589,9241592520,Vi
PH001985,CID001589,9213214389,Airtel
PH001986,CID001590,9806155178,Airtel
PH001987,CID001591,9495966703,Jio
PH001988,CID001592,9525567780,Airtel
PH001989,CID001592,9222996328,Airtel
PH001990,CID001593,9877264747,Jio
PH001991,CID001594,9241657758,Jio
PH001992,CID001594,9970412734,Airtel
PH001993,CID001595,9644048534,Vi
PH001994,CID001596,9569374116,BSNL
PH001995,CID001597,9195896332,Airtel
PH001996,CID001598,9957958808,Vi
PH001997,CID001599,9658013766,Vi
PH001998,CID001599,9821300373,Vi
PH001999,CID001600,9196614725,BSNL
PH002000,CID001601,9289737310,BSNL
PH002001,CID001602,9529252886,BSNL
PH002002,CID001603,9412117316,BSNL
PH002003,CID001604,9287669090,Vi
PH002004,CID001605,9167435290,Vi
PH002005,CID001606,9921758431,Vi
PH002006,CID001607,9828509395,BSNL
PH002007,CID001608,9016965597,Jio
PH002008,CID001609,9418570043,Airtel
PH002009,CID001610,9379913447,BSNL
PH002010,CID001611,9577110764,Jio
PH002011,CID001612,9421590732,Jio
PH002012,CID001612,9915105840,BSNL
PH002013,CID001613,9925331652,Airtel
PH002014,CID001614,9397589158,BSNL
PH002015,CID001615,9755272914,Jio
PH002016,CID001616,9709928380,Airtel
PH002017,CID001616,9590617805,BSNL
PH002018,CID001617,9391558017,Vi
PH002019,CID001618,9589582041,Jio
PH002020,CID001619,9405837786,BSNL
PH002021,CID001620,9597307400,Airtel
PH002022,CID001621,9624067451,BSNL
PH002023,CID001622,9744908104,BSNL
PH002024,CID001623,9211392089,Jio
PH002025,CID001624,9946995932,BSNL
PH002026,CID001624,9449648398,Vi
PH002027,CID001625,9402856655,BSNL
PH002028,CID001626,9217567592,BSNL
PH002029,CID001627,9424844824,Vi
PH002030,CID001628,9909610673,Vi
PH002031,CID001628,9205395857,Airtel
PH002032,CID001629,9523960366,Airtel
PH002033,CID001630,9482853664,BSNL
PH002034,CID001630,9559850787,Airtel
PH002035,CID001631,9557318638,Airtel
PH002036,CID001632,9591190217,Airtel
PH002037,CID001632,9418255282,Vi
PH002038,CID001633,9213706479,BSNL
PH002039,CID001634,9671395527,Vi
PH002040,CID001634,9788044110,BSNL
PH002041,CID001635,9555241800,Vi
PH002042,CID001636,9039154202,BSNL
PH002043,CID001637,9592503736,Airtel
PH002044,CID001638,9396967741,Vi
PH002045,CID001639,9715259624,Jio
PH002046,CID001639,9935431781,Jio
PH002047,CID001640,9014218024,Airtel
PH002048,CID001641,9119325330,Airtel
PH002049,CID001642,9008508682,Vi
PH002050,CID001643,9697742964,Airtel
PH002051,CID001644,9305702169,Vi
PH002052,CID001645,9087955367,Jio
PH002053,CID001645,9479044101,Jio
PH002054,CID001646,9605038889,Airtel
PH002055,CID001647,9638973113,Airtel
PH002056,CID001647,9459451485,Vi
PH002057,CID001648,9167620300,Jio
PH002058,CID001649,9336211579,Jio
PH002059,CID001650,9787090348,Airtel
PH002060,CID001651,9932010548,Airtel
PH002061,CID001652,9172251322,BSNL
PH002062,CID001653,9325645367,BSNL
PH002063,CID001653,9264135194,BSNL
PH002064,CID001654,9759516303,Airtel
PH002065,CID001654,9401214840,Airtel
PH002066,CID001655,9754878477,Airtel
PH002067,CID001655,9530150724,Airtel
PH002068,CID001656,9615711403,BSNL
PH002069,CID001656,9737844547,BSNL
PH002070,CID001657,9392158575,Jio
PH002071,CID001658,9442344265,BSNL
PH002072,CID001659,9099975347,Vi
PH002073,CID001659,9441545860,BSNL
PH002074,CID001660,9912083958,BSNL
PH002075,CID001661,9119735169,Jio
PH002076,CID001662,9892891391,BSNL
PH002077,CID001663,9205045094,Vi
PH002078,CID001664,9068375111,BSNL
PH002079,CID001665,9844522152,Airtel
PH002080,CID001666,9848878885,Airtel
PH002081,CID001667,9133226961,BSNL
PH002082,CID001668,9074269134,Airtel
PH002083,CID001669,9780234826,Vi
PH002084,CID001670,9316532595,Airtel
PH002085,CID001671,9065143338,Vi
PH002086,CID001671,9189015249,Vi
PH002087,CID001672,9386214209,Vi
PH002088,CID001673,9940234870,BSNL
PH002089,CID001673,9166077613,Airtel
PH002090,CID001674,9235540986,Vi
PH002091,CID001675,9341956841,Jio
PH002092,CID001676,9965940609,BSNL
PH002093,CID001677,9679194619,Jio
PH002094,CID001678,9733412941,BSNL
PH002095,CID001679,9135906827,Vi
PH002096,CID001680,9108580472,Jio
PH002097,CID001681,9051272419,Airtel
PH002098,CID001682,9487673887,Jio
PH002099,CID001683,9138100733,Vi
PH002100,CID001684,9360867523,Vi
PH002101,CID001685,9825765572,Jio
PH002102,CID001686,9958287978,Vi
PH002103,CID001687,9278550820,Vi
PH002104,CID001688,9573898327,BSNL
PH002105,CID001689,9820006998,BSNL
PH002106,CID001689,9307490777,Vi
PH002107,CID001690,9460278724,Airtel
PH002108,CID001691,9715038107,Airtel
PH002109,CID001692,9162160342,Vi
PH002110,CID001693,9396047116,Airtel
PH002111,CID001694,9636922399,Airtel
PH002112,CID001695,9031525558,BSNL
PH002113,CID001695,9987176197,Vi
PH002114,CID001696,9572597425,Airtel
PH002115,CID001696,9721979330,Vi
PH002116,CID001697,9921920396,Airtel
PH002117,CID001698,9197513977,BSNL
PH002118,CID001699,9979709665,Jio
PH002119,CID001699,9761837522,Jio
PH002120,CID001700,9190182161,Airtel
PH002121,CID001701,9412814365,Airtel
PH002122,CID001702,9834762502,BSNL
PH002123,CID001703,9281091646,Airtel
PH002124,CID001704,9873561107,BSNL
PH002125,CID001705,9023396475,Vi
PH002126,CID001706,9411797765,BSNL
PH002127,CID001707,9526085369,BSNL
PH002128,CID001707,9962398415,BSNL
PH002129,CID001708,9713729991,Airtel
PH002130,CID001709,9324644938,Vi
PH002131,CID001710,9636896258,Airtel
PH002132,CID001710,9075894592,BSNL
PH002133,CID001711,9067611681,Vi
PH002134,CID001711,9806261525,Vi
PH002135,CID001712,9358683071,Jio
PH002136,CID001713,9942116698,Vi
PH002137,CID001714,9399443537,Vi
PH002138,CID001715,9360098551,Vi
PH002139,CID001716,9734824382,BSNL
PH002140,CID001716,9203966370,BSNL
PH002141,CID001717,9946431328,Jio
PH002142,CID001718,9102041902,Airtel
PH002143,CID001718,9289014916,BSNL
PH002144,CID001719,9461520990,Vi
PH002145,CID001720,9783590267,Jio
PH002146,CID001721,9779339148,BSNL
PH002147,CID001722,9997046322,Vi
PH002148,CID001722,9361425173,Jio
PH002149,CID001723,9099420440,Vi
PH002150,CID001724,9992197228,Airtel
PH002151,CID001725,9198186498,Vi
PH002152,CID001726,9101253803,Jio
PH002153,CID001727,9353065123,Vi
PH002154,CID001728,9403218969,Airtel
PH002155,CID001728,9660234613,Vi
PH002156,CID001729,9123574873,Jio
PH002157,CID001730,9767293234,Jio
PH002158,CID001731,9932668321,Jio
PH002159,CID001732,9668714101,Airtel
PH002160,CID001733,9852512554,Vi
PH002161,CID001734,9614682777,Vi
PH002162,CID001735,9722949588,Airtel
PH002163,CID001736,9889038308,Airtel
PH002164,CID001737,9300417808,Airtel
PH002165,CID001738,9658149019,Airtel
PH002166,CID001739,9939683904,BSNL
PH002167,CID001740,9749542231,Vi
PH002168,CID001741,9904237397,Jio
PH002169,CID001741,9329497468,Airtel
PH002170,CID001742,9381009633,Vi
PH002171,CID001743,9905956473,Airtel
PH002172,CID001743,9546271176,Jio
PH002173,CID001744,9009999575,Airtel
PH002174,CID001744,9960137532,BSNL
PH002175,CID001745,9681344058,Vi
PH002176,CID001745,9082033278,Airtel
PH002177,CID001746,9368537926,Vi
PH002178,CID001747,9414443116,Jio
PH002179,CID001748,9030300653,BSNL
PH002180,CID001749,9410984609,BSNL
PH002181,CID001750,9207956131,Vi
PH002182,CID001751,9831840688,Jio
PH002183,CID001752,9995415305,BSNL
PH002184,CID001752,9639937509,BSNL
PH002185,CID001753,9126822224,Airtel
PH002186,CID001753,9588441876,Vi
PH002187,CID001754,9863782600,Vi
PH002188,CID001755,9166539802,BSNL
PH002189,CID001756,9861564169,Vi
PH002190,CID001757,9555587885,Vi
PH002191,CID001758,9155428311,Airtel
PH002192,CID001759,9943286647,Vi
PH002193,CID001760,9801825502,Vi
PH002194,CID001761,9913972569,BSNL
PH002195,CID001762,9810965700,Airtel
PH002196,CID001762,9283517661,Airtel
PH002197,CID001763,9343958290,Airtel
PH002198,CID001764,9790660779,Jio
PH002199,CID001765,9575136463,Vi
PH002200,CID001766,9450783445,Vi
PH002201,CID001767,9724039562,Jio
PH002202,CID001767,9611675745,Jio
PH002203,CID001768,9643111110,BSNL
PH002204,CID001768,9982650086,BSNL
PH002205,CID001769,9281857878,BSNL
PH002206,CID001770,9087403203,BSNL
PH002207,CID001770,9929196798,Airtel
PH002208,CID001771,9129546101,Vi
PH002209,CID001772,9303473787,Vi
PH002210,CID001773,9361794198,Airtel
PH002211,CID001774,9061265852,Vi
PH002212,CID001775,9358554662,Airtel
PH002213,CID001776,9580019202,BSNL
PH002214,CID001777,9816010726,Jio
PH002215,CID001777,9887674105,Jio
PH002216,CID001778,9644360176,BSNL
PH002217,CID001778,9724077622,BSNL
PH002218,CID001779,9748671993,Vi
PH002219,CID001780,9658839492,Jio
PH002220,CID001780,9934910330,Vi
PH002221,CID001781,9009617490,Jio
PH002222,CID001781,9956192257,Airtel
PH002223,CID001782,9126162674,Vi
PH002224,CID001782,9671766577,Airtel
PH002225,CID001783,9666229750,Airtel
PH002226,CID001784,9695662140,BSNL
PH002227,CID001785,9577670628,Airtel
PH002228,CID001786,9184798398,Vi
PH002229,CID001787,9675499738,Airtel
PH002230,CID001787,9285811081,Jio
PH002231,CID001788,9123842089,Vi
PH002232,CID001789,9873970627,Airtel
PH002233,CID001790,9978965342,Vi
PH002234,CID001790,9763465690,Airtel
PH002235,CID001791,9107328561,Vi
PH002236,CID001791,9400960766,BSNL
PH002237,CID001792,9389826617,Jio
PH002238,CID001793,9188925787,BSNL
PH002239,CID001794,9255452606,Vi
PH002240,CID001795,9566002136,BSNL
PH002241,CID001796,9561837333,BSNL
PH002242,CID001797,9621127716,Vi
PH002243,CID001798,9690514965,BSNL
PH002244,CID001799,9749698535,BSNL
PH002245,CID001800,9190060240,BSNL
PH002246,CID001801,9296033333,BSNL
PH002247,CID001802,9166083564,Vi
PH002248,CID001803,9082638176,Vi
PH002249,CID001803,9357869566,Airtel
PH002250,CID001804,9058080932,BSNL
PH002251,CID001805,9694382525,Airtel
PH002252,CID001805,9827211901,Airtel
PH002253,CID001806,9017762059,BSNL
PH002254,CID001806,9374375742,Vi
PH002255,CID001807,9836891084,Airtel
PH002256,CID001808,9242621388,Vi
PH002257,CID001809,9733759017,Vi
PH002258,CID001810,9328428006,Jio
PH002259,CID001811,9713774828,Jio
PH002260,CID001812,9601373627,BSNL
PH002261,CID001812,9468822634,Jio
PH002262,CID001813,9984502274,Airtel
PH002263,CID001814,9823665847,Jio
PH002264,CID001814,9509893463,Airtel
PH002265,CID001815,9156508653,Vi
PH002266,CID001816,9017841847,Airtel
PH002267,CID001816,9395134082,Vi
PH002268,CID001817,9975702463,Airtel
PH002269,CID001818,9437433730,Airtel
PH002270,CID001819,9889351781,Vi
PH002271,CID001820,9525120742,Jio
PH002272,CID001821,9319619793,Airtel
PH002273,CID001822,9794724291,Airtel
PH002274,CID001823,9122467812,Vi
PH002275,CID001824,9202705974,Vi
PH002276,CID001824,9613794652,Jio
PH002277,CID001825,9507728811,Vi
PH002278,CID001825,9678925962,Airtel
PH002279,CID001826,9915533423,Airtel
PH002280,CID001826,9391020410,Vi
PH002281,CID001827,9736604747,Airtel
PH002282,CID001828,9786280522,BSNL
PH002283,CID001829,9424979232,BSNL
PH002284,CID001830,9179550630,BSNL
PH002285,CID001831,9473150650,Airtel
PH002286,CID001832,9904860623,BSNL
PH002287,CID001833,9938020595,BSNL
PH002288,CID001834,9425489463,BSNL
PH002289,CID001835,9610968179,Vi
PH002290,CID001835,9509732636,Vi
PH002291,CID001836,9199400738,Jio
PH002292,CID001836,9002131589,BSNL
PH002293,CID001837,9990630230,Airtel
PH002294,CID001837,9250518782,Airtel
PH002295,CID001838,9811772090,Jio
PH002296,CID001839,9706511985,Vi
PH002297,CID001840,9603783274,BSNL
PH002298,CID001841,9736303669,Jio
PH002299,CID001842,9860868196,Vi
PH002300,CID001842,9197382439,Jio
PH002301,CID001843,9771147351,Airtel
PH002302,CID001844,9042167415,BSNL
PH002303,CID001845,9390723127,BSNL
PH002304,CID001845,9065450801,BSNL
PH002305,CID001846,9177696530,Vi
PH002306,CID001847,9562982571,Jio
PH002307,CID001848,9727188471,Airtel
PH002308,CID001849,9733688348,BSNL
PH002309,CID001850,9909602078,Jio
PH002310,CID001851,9691443433,Jio
PH002311,CID001852,9701552050,Airtel
PH002312,CID001853,9786424274,Airtel
PH002313,CID001854,9504442634,Jio
PH002314,CID001855,9807268264,Jio
PH002315,CID001855,9587036682,BSNL
PH002316,CID001856,9224490297,Vi
PH002317,CID001857,9006225051,Jio
PH002318,CID001857,9321017972,Airtel
PH002319,CID001858,9865291199,BSNL
PH002320,CID001859,9952617771,BSNL
PH002321,CID001860,9824780890,Vi
PH002322,CID001860,9070450962,Airtel
PH002323,CID001861,9439063214,BSNL
PH002324,CID001861,9298887849,Airtel
PH002325,CID001862,9069679403,Airtel
PH002326,CID001863,9679524309,BSNL
PH002327,CID001864,9761354652,Vi
PH002328,CID001864,9739565840,Vi
PH002329,CID001865,9423033615,Vi
PH002330,CID001866,9000029173,Airtel
PH002331,CID001866,9224695722,Vi
PH002332,CID001867,9253584922,BSNL
PH002333,CID001867,9951628419,Jio
PH002334,CID001868,9862547393,Jio
PH002335,CID001868,9073596997,Vi
PH002336,CID001869,9741963819,Vi
PH002337,CID001870,9044539163,BSNL
PH002338,CID001871,9530019800,Jio
PH002339,CID001872,9601390042,BSNL
PH002340,CID001873,9675089589,Jio
PH002341,CID001874,9225203434,Airtel
PH002342,CID001875,9845167118,Vi
PH002343,CID001876,9548235883,Vi
PH002344,CID001876,9625603236,BSNL
PH002345,CID001877,9725273298,BSNL
PH002346,CID001878,9703607829,Jio
PH002347,CID001879,9853811782,Airtel
PH002348,CID001879,9810148237,Airtel
PH002349,CID001880,9891277512,Airtel
PH002350,CID001881,9942291572,Airtel
PH002351,CID001882,9472359408,Airtel
PH002352,CID001882,9926329437,Jio
PH002353,CID001883,9155296646,Vi
PH002354,CID001883,9240381314,Vi
PH002355,CID001884,9086499337,Airtel
PH002356,CID001885,9304994300,Airtel
PH002357,CID001885,9865537524,Airtel
PH002358,CID001886,9412946938,Airtel
PH002359,CID001887,9868276550,BSNL
PH002360,CID001888,9092892523,BSNL
PH002361,CID001889,9043588182,BSNL
PH002362,CID001889,9586985707,Vi
PH002363,CID001890,9351967317,BSNL
PH002364,CID001891,9713081989,Vi
PH002365,CID001891,9196368090,Vi
PH002366,CID001892,9884003123,Jio
PH002367,CID001893,9677006645,Vi
PH002368,CID001894,9048089212,Jio
PH002369,CID001895,9938788734,Vi
PH002370,CID001895,9922393767,Vi
PH002371,CID001896,9252632991,Airtel
PH002372,CID001896,9351449112,Jio
PH002373,CID001897,9398502295,BSNL
PH002374,CID001898,9342052276,Jio
PH002375,CID001899,9042346382,Vi
PH002376,CID001900,9259573860,Vi
PH002377,CID001901,9402721753,BSNL
PH002378,CID001902,9708375401,Jio
PH002379,CID001902,9515242901,Jio
PH002380,CID001903,9523647180,BSNL
PH002381,CID001904,9693569310,Airtel
PH002382,CID001905,9990935428,Jio
PH002383,CID001906,9034756314,Jio
PH002384,CID001907,9627921284,Jio
PH002385,CID001908,9277474941,BSNL
PH002386,CID001909,9846789641,BSNL
PH002387,CID001910,9960341779,Airtel
PH002388,CID001910,9103589700,Airtel
PH002389,CID001911,9908505054,Airtel
PH002390,CID001912,9281629268,Vi
PH002391,CID001912,9990174322,Vi
PH002392,CID001913,9465648239,Vi
PH002393,CID001913,9762253706,Jio
PH002394,CID001914,9111266329,Airtel
PH002395,CID001915,9119134095,BSNL
PH002396,CID001916,9206614821,BSNL
PH002397,CID001917,9855511942,Airtel
PH002398,CID001918,9406631238,Jio
PH002399,CID001919,9471306826,BSNL
PH002400,CID001920,9336535484,Airtel
PH002401,CID001921,9578288548,Vi
PH002402,CID001922,9936213577,BSNL
PH002403,CID001923,9000089561,Vi
PH002404,CID001923,9537527754,BSNL
PH002405,CID001924,9008854135,Vi
PH002406,CID001924,9385438905,BSNL
PH002407,CID001925,9983491225,Vi
PH002408,CID001926,9996127547,Jio
PH002409,CID001927,9298783641,Airtel
PH002410,CID001928,9935937071,Airtel
PH002411,CID001929,9338682339,Airtel
PH002412,CID001930,9708114349,Vi
PH002413,CID001931,9573473676,Jio
PH002414,CID001932,9786186818,BSNL
PH002415,CID001932,9741891666,BSNL
PH002416,CID001933,9348399133,Vi
PH002417,CID001934,9643138007,BSNL
PH002418,CID001934,9001160868,Vi
PH002419,CID001935,9841115197,Jio
PH002420,CID001935,9128663198,Jio
PH002421,CID001936,9203507502,BSNL
PH002422,CID001937,9415351241,Jio
PH002423,CID001938,9768711155,Airtel
PH002424,CID001939,9534212968,Vi
PH002425,CID001940,9666560627,Vi
PH002426,CID001941,9070978021,Airtel
PH002427,CID001942,9041663558,BSNL
PH002428,CID001943,9065808848,BSNL
PH002429,CID001944,9458944818,Airtel
PH002430,CID001945,9752953133,BSNL
PH002431,CID001946,9712436939,Airtel
PH002432,CID001946,9097234827,Airtel
PH002433,CID001947,9114449387,BSNL
PH002434,CID001948,9606180099,Jio
PH002435,CID001949,9300303056,BSNL
PH002436,CID001950,9483557989,Airtel
PH002437,CID001951,9471668195,Airtel
PH002438,CID001952,9741350747,Airtel
PH002439,CID001953,9160538306,Jio
PH002440,CID001954,9599360270,BSNL
PH002441,CID001954,9457955042,BSNL
PH002442,CID001955,9176199173,BSNL
PH002443,CID001956,9271349655,BSNL
PH002444,CID001957,9121987369,BSNL
PH002445,CID001958,9694065134,BSNL
PH002446,CID001959,9206784763,Vi
PH002447,CID001960,9782786968,Airtel
PH002448,CID001960,9870358111,Jio
PH002449,CID001961,9222009895,Jio
PH002450,CID001961,9282341066,BSNL
PH002451,CID001962,9430389592,BSNL
PH002452,CID001963,9569223691,Vi
PH002453,CID001964,9046707086,Vi
PH002454,CID001965,9004808638,Jio
PH002455,CID001966,9231761063,Jio
PH002456,CID001967,9673468663,Vi
PH002457,CID001968,9140024976,Airtel
PH002458,CID001969,9348424666,Jio
PH002459,CID001970,9561783213,Airtel
PH002460,CID001971,9481564108,Vi
PH002461,CID001972,9793178632,Airtel
PH002462,CID001973,9383052771,Airtel
PH002463,CID001973,9258505973,Airtel
PH002464,CID001974,9206938640,Vi
PH002465,CID001975,9385579860,Vi
PH002466,CID001976,9762169334,Jio
PH002467,CID001977,9636822857,Airtel
PH002468,CID001978,9069959620,Airtel
PH002469,CID001978,9195345499,Jio
PH002470,CID001979,9064584420,Vi
PH002471,CID001980,9781728752,BSNL
PH002472,CID001981,9667387127,Vi
PH002473,CID001981,9511693499,Airtel
PH002474,CID001982,9877893199,Vi
PH002475,CID001982,9082311276,BSNL
PH002476,CID001983,9495795280,BSNL
PH002477,CID001984,9402479702,Airtel
PH002478,CID001984,9926512163,Airtel
PH002479,CID001985,9285034239,Airtel
PH002480,CID001986,9575427403,Jio
PH002481,CID001987,9383941579,Vi
PH002482,CID001987,9866535316,Airtel
PH002483,CID001988,9429868301,Airtel
PH002484,CID001989,9978722703,Airtel
PH002485,CID001989,9784491136,Airtel
PH002486,CID001990,9905354597,BSNL
PH002487,CID001991,9862291921,Vi
PH002488,CID001992,9524012273,Vi
PH002489,CID001993,9966057310,Vi
PH002490,CID001994,9487547916,Airtel
PH002491,CID001995,9335003435,Jio
PH002492,CID001996,9273112719,Airtel
PH002493,CID001997,9936034610,Jio
PH002494,CID001997,9531847543,BSNL
PH002495,CID001998,9634432961,Airtel
PH002496,CID001999,9953934309,Vi
PH002497,CID002000,9366408754,Vi
PH002498,CID002000,9384238333,Vi
PH002499,CID002001,9038268202,Vi
PH002500,CID002001,9107613097,BSNL
PH002501,CID002002,9493316654,Airtel
PH002502,CID002003,9806290335,Vi
PH002503,CID002004,9278913719,Airtel
PH002504,CID002005,9019046117,Vi
PH002505,CID002005,9473780091,Vi
PH002506,CID002006,9148209701,BSNL
PH002507,CID002007,9354996594,BSNL
PH002508,CID002008,9939694380,Jio
PH002509,CID002009,9702917843,BSNL
PH002510,CID002010,9636141230,Jio
PH002511,CID002010,9848037683,Jio
PH002512,CID002011,9953481871,BSNL
PH002513,CID002011,9739985227,Vi
PH002514,CID002012,9220763984,Airtel
PH002515,CID002013,9594326266,Jio
PH002516,CID002014,9394879285,Jio
PH002517,CID002015,9993022089,Vi
PH002518,CID002016,9551610034,Jio
PH002519,CID002017,9968960858,BSNL
PH002520,CID002017,9077341914,BSNL
PH002521,CID002018,9316703309,Jio
PH002522,CID002019,9495276460,Jio
PH002523,CID002020,9055929926,Jio
PH002524,CID002021,9100753743,Jio
PH002525,CID002022,9940714310,Vi
PH002526,CID002023,9410852763,Airtel
PH002527,CID002024,9963666189,Vi
PH002528,CID002025,9596302186,Airtel
PH002529,CID002026,9921430280,Vi
PH002530,CID002027,9364274638,Jio
PH002531,CID002027,9534839153,BSNL
PH002532,CID002028,9167376844,Vi
PH002533,CID002029,9760709708,BSNL
PH002534,CID002030,9552226466,Vi
PH002535,CID002031,9593364372,Vi
PH002536,CID002032,9745802791,Airtel
PH002537,CID002033,9589773923,Jio
PH002538,CID002033,9456732054,Jio
PH002539,CID002034,9701995917,Vi
PH002540,CID002034,9909520957,Airtel
PH002541,CID002035,9058252159,Airtel
PH002542,CID002036,9594798747,BSNL
PH002543,CID002036,9532587275,BSNL
PH002544,CID002037,9537833415,Airtel
PH002545,CID002038,9203206847,BSNL
PH002546,CID002039,9404167353,Jio
PH002547,CID002040,9898867009,Vi
PH002548,CID002040,9073641547,Jio
PH002549,CID002041,9543206039,Airtel
PH002550,CID002041,9683510579,BSNL
PH002551,CID002042,9917493605,Jio
PH002552,CID002043,9509184876,Airtel
PH002553,CID002044,9032481331,Airtel
PH002554,CID002045,9394964078,BSNL
PH002555,CID002046,9148470590,Vi
PH002556,CID002047,9419232005,Airtel
PH002557,CID002047,9536848695,Jio
PH002558,CID002048,9914950902,Jio
PH002559,CID002049,9222062194,Vi
PH002560,CID002050,9866153333,Airtel
PH002561,CID002050,9671219952,Vi
PH002562,CID002051,9001857042,BSNL
PH002563,CID002051,9035542349,BSNL
PH002564,CID002052,9668070004,Vi
PH002565,CID002053,9120054806,BSNL
PH002566,CID002054,9309709392,BSNL
PH002567,CID002055,9489343947,BSNL
PH002568,CID002056,9885470044,Airtel
PH002569,CID002057,9157299197,BSNL
PH002570,CID002057,9925097529,Jio
PH002571,CID002058,9752291709,Jio
PH002572,CID002059,9087328353,Vi
PH002573,CID002060,9816280701,Airtel
PH002574,CID002061,9689854981,Vi
PH002575,CID002062,9173222059,Jio
PH002576,CID002063,9992810762,Jio
PH002577,CID002064,9951594152,BSNL
PH002578,CID002065,9591720904,Airtel
PH002579,CID002066,9337582990,BSNL
PH002580,CID002067,9305187710,Airtel
PH002581,CID002068,9200752323,Jio
PH002582,CID002069,9731534227,BSNL
PH002583,CID002070,9311822646,Jio
PH002584,CID002071,9225214038,Jio
PH002585,CID002072,9853130019,BSNL
PH002586,CID002072,9849565180,Jio
PH002587,CID002073,9764342803,Vi
PH002588,CID002074,9273818890,Jio
PH002589,CID002075,9935527092,Vi
PH002590,CID002075,9589893626,BSNL
PH002591,CID002076,9468081950,BSNL
PH002592,CID002077,9085349401,Airtel
PH002593,CID002077,9694260819,Airtel
PH002594,CID002078,9848722409,Airtel
PH002595,CID002079,9313282124,BSNL
PH002596,CID002080,9620852270,BSNL
PH002597,CID002081,9379065898,BSNL
PH002598,CID002082,9961558743,Vi
PH002599,CID002083,9137892506,Airtel
PH002600,CID002084,9605164122,Jio
PH002601,CID002085,9511369295,Vi
PH002602,CID002086,9792493491,BSNL
PH002603,CID002087,9726271596,BSNL
PH002604,CID002088,9487407328,Jio
PH002605,CID002089,9916040791,BSNL
PH002606,CID002090,9453458157,Airtel
PH002607,CID002091,9338140835,Vi
PH002608,CID002092,9084971083,BSNL
PH002609,CID002093,9740855605,Vi
PH002610,CID002094,9074380128,BSNL
PH002611,CID002094,9642707404,Jio
PH002612,CID002095,9369952621,Jio
PH002613,CID002096,9467537803,Vi
PH002614,CID002097,9899205236,Vi
PH002615,CID002098,9467078016,Jio
PH002616,CID002098,9864823292,Vi
PH002617,CID002099,9004736762,BSNL
PH002618,CID002100,9179105480,BSNL
PH002619,CID002101,9992605374,BSNL
PH002620,CID002102,9985335472,Vi
PH002621,CID002103,9581165304,Jio
PH002622,CID002104,9966562031,BSNL
PH002623,CID002105,9455133460,BSNL
PH002624,CID002106,9676544277,Airtel
PH002625,CID002107,9243008933,Airtel
PH002626,CID002108,9465884155,Vi
PH002627,CID002109,9443357471,Vi
PH002628,CID002110,9952172495,Vi
PH002629,CID002111,9393358715,BSNL
PH002630,CID002112,9165585559,Vi
PH002631,CID002113,9166248383,Vi
PH002632,CID002114,9993909293,Airtel
PH002633,CID002115,9303810368,Vi
PH002634,CID002115,9144757362,Airtel
PH002635,CID002116,9169467369,Vi
PH002636,CID002117,9124425042,Airtel
PH002637,CID002117,9231716164,Jio
PH002638,CID002118,9055713787,Vi
PH002639,CID002118,9167658209,BSNL
PH002640,CID002119,9658229458,Airtel
PH002641,CID002119,9183069360,Vi
PH002642,CID002120,9205655037,Vi
PH002643,CID002121,9823047733,Vi
PH002644,CID002121,9911522819,Airtel
PH002645,CID002122,9844080725,Jio
PH002646,CID002122,9357734970,Jio
PH002647,CID002123,9679758614,Vi
PH002648,CID002124,9288654143,Jio
PH002649,CID002125,9395789999,BSNL
PH002650,CID002126,9803975881,Vi
PH002651,CID002126,9566590514,Vi
PH002652,CID002127,9504164332,BSNL
PH002653,CID002127,9389235450,BSNL
PH002654,CID002128,9558762431,Airtel
PH002655,CID002129,9783063403,Vi
PH002656,CID002130,9551842062,BSNL
PH002657,CID002131,9112255423,BSNL
PH002658,CID002132,9920600495,Airtel
PH002659,CID002132,9566254940,Jio
PH002660,CID002133,9921357043,Vi
PH002661,CID002134,9734635894,Airtel
PH002662,CID002135,9718186556,Airtel
PH002663,CID002136,9135026394,Vi
PH002664,CID002137,9837164569,Jio
PH002665,CID002138,9781946442,Jio
PH002666,CID002139,9926715793,Jio
PH002667,CID002140,9553029300,BSNL
PH002668,CID002140,9923406657,Vi
PH002669,CID002141,9001164592,Vi
PH002670,CID002142,9281949053,Vi
PH002671,CID002142,9496682937,Vi
PH002672,CID002143,9170666121,Airtel
PH002673,CID002144,9116048724,Vi
PH002674,CID002144,9773985555,BSNL
PH002675,CID002145,9741533354,BSNL
PH002676,CID002146,9435529501,Airtel
PH002677,CID002147,9730441510,Airtel
PH002678,CID002147,9229681960,Vi
PH002679,CID002148,9271279141,Vi
PH002680,CID002149,9712322487,BSNL
PH002681,CID002149,9641798451,Jio
PH002682,CID002150,9496862073,Jio
PH002683,CID002150,9997487737,Vi
PH002684,CID002151,9545440461,Vi
PH002685,CID002152,9331038024,Vi
PH002686,CID002152,9190407392,Jio
PH002687,CID002153,9037482505,Airtel
PH002688,CID002154,9065168702,Jio
PH002689,CID002154,9525830876,BSNL
PH002690,CID002155,9909754016,BSNL
PH002691,CID002156,9428675977,BSNL
PH002692,CID002157,9087756874,BSNL
PH002693,CID002158,9416026003,Vi
PH002694,CID002158,9723662317,Airtel
PH002695,CID002159,9435054468,Airtel
PH002696,CID002159,9507225122,Vi
PH002697,CID002160,9991387562,Vi
PH002698,CID002161,9023862651,Airtel
PH002699,CID002161,9308448782,Airtel
PH002700,CID002162,9949810370,Jio
PH002701,CID002163,9114995620,Airtel
PH002702,CID002163,9559964557,Jio
PH002703,CID002164,9430727702,Jio
PH002704,CID002165,9925071266,Jio
PH002705,CID002166,9939090668,BSNL
PH002706,CID002167,9657653755,BSNL
PH002707,CID002168,9744386291,BSNL
PH002708,CID002169,9315275437,BSNL
PH002709,CID002170,9904815151,BSNL
PH002710,CID002171,9594941842,BSNL
PH002711,CID002172,9592639454,Vi
PH002712,CID002173,9291105914,Jio
PH002713,CID002173,9154139043,Airtel
PH002714,CID002174,9839359486,BSNL
PH002715,CID002174,9215680568,Airtel
PH002716,CID002175,9986325886,Airtel
PH002717,CID002176,9980825257,Airtel
PH002718,CID002177,9774530531,BSNL
PH002719,CID002178,9326547228,Vi
PH002720,CID002179,9086539977,Jio
PH002721,CID002180,9237870130,Airtel
PH002722,CID002181,9567487462,Jio
PH002723,CID002182,9719424454,Airtel
PH002724,CID002182,9688143380,Jio
PH002725,CID002183,9990804533,BSNL
PH002726,CID002184,9345336658,Airtel
PH002727,CID002185,9669194955,Airtel
PH002728,CID002186,9303467776,Vi
PH002729,CID002186,9734368085,Vi
PH002730,CID002187,9825643071,Airtel
PH002731,CID002187,9569595082,Airtel
PH002732,CID002188,9862367411,Airtel
PH002733,CID002189,9383464183,Jio
PH002734,CID002190,9964716744,Jio
PH002735,CID002191,9269036955,Vi
PH002736,CID002192,9091741678,Jio
PH002737,CID002193,9982363659,Vi
PH002738,CID002194,9186735245,Jio
PH002739,CID002194,9659460634,Airtel
PH002740,CID002195,9003498003,Jio
PH002741,CID002196,9188582607,Jio
PH002742,CID002197,9643966525,BSNL
PH002743,CID002197,9163642873,BSNL
PH002744,CID002198,9662572681,Jio
PH002745,CID002199,9956220853,BSNL
PH002746,CID002200,9386548973,BSNL
PH002747,CID002201,9669258285,Vi
PH002748,CID002201,9735910503,Vi
PH002749,CID002202,9792040741,Vi
PH002750,CID002203,9084624426,BSNL
PH002751,CID002203,9010155712,Jio
PH002752,CID002204,9530852816,Vi
PH002753,CID002205,9243260675,Jio
PH002754,CID002206,9511063076,Airtel
PH002755,CID002207,9012572591,Vi
PH002756,CID002208,9736805204,Airtel
PH002757,CID002209,9441676868,Jio
PH002758,CID002209,9710483070,Jio
PH002759,CID002210,9466373505,Jio
PH002760,CID002210,9625096251,Vi
PH002761,CID002211,9879025320,Jio
PH002762,CID002211,9868220301,Airtel
PH002763,CID002212,9666259682,Jio
PH002764,CID002213,9788350155,BSNL
PH002765,CID002214,9151880917,BSNL
PH002766,CID002215,9572291970,Jio
PH002767,CID002215,9785499062,BSNL
PH002768,CID002216,9912589533,Jio
PH002769,CID002217,9950374816,Jio
PH002770,CID002218,9252591034,BSNL
PH002771,CID002218,9851127832,BSNL
PH002772,CID002219,9732573024,Jio
PH002773,CID002220,9919801979,Jio
PH002774,CID002220,9886456818,Jio
PH002775,CID002221,9834580042,Airtel
PH002776,CID002222,9405077061,Airtel
PH002777,CID002223,9871263666,BSNL
PH002778,CID002223,9250246180,Jio
PH002779,CID002224,9783239004,Airtel
PH002780,CID002224,9081248808,Vi
PH002781,CID002225,9308051527,BSNL
PH002782,CID002226,9418402186,Vi
PH002783,CID002227,9515246841,Jio
PH002784,CID002227,9542261708,Vi
PH002785,CID002228,9662529950,Vi
PH002786,CID002229,9326178901,Airtel
PH002787,CID002230,9153533307,Vi
PH002788,CID002231,9605589627,Airtel
PH002789,CID002231,9634269579,Vi
PH002790,CID002232,9382657358,Jio
PH002791,CID002233,9754112781,Jio
PH002792,CID002234,9488379719,Jio
PH002793,CID002235,9600068093,BSNL
PH002794,CID002235,9992045252,BSNL
PH002795,CID002236,9773525025,Airtel
PH002796,CID002237,9909320182,Jio
PH002797,CID002237,9627446402,BSNL
PH002798,CID002238,9580360032,BSNL
PH002799,CID002239,9997340645,BSNL
PH002800,CID002239,9210185104,Vi
PH002801,CID002240,9558299966,Jio
PH002802,CID002241,9812874790,Airtel
PH002803,CID002242,9212090492,Airtel
PH002804,CID002243,9908857961,Airtel
PH002805,CID002244,9319928867,Airtel
PH002806,CID002245,9253357343,Vi
PH002807,CID002245,9136978374,Vi
PH002808,CID002246,9855040184,Jio
PH002809,CID002247,9364058113,BSNL
PH002810,CID002248,9117092456,Vi
PH002811,CID002249,9278883256,BSNL
PH002812,CID002250,9639543785,Vi
PH002813,CID002251,9956984219,Airtel
PH002814,CID002252,9673756940,Vi
PH002815,CID002253,9482589931,Jio
PH002816,CID002254,9360088031,Airtel
PH002817,CID002255,9580863779,Jio
PH002818,CID002256,9667946664,Jio
PH002819,CID002257,9808448656,BSNL
PH002820,CID002258,9181802270,Airtel
PH002821,CID002258,9107315319,BSNL
PH002822,CID002259,9351574623,BSNL
PH002823,CID002259,9619126604,Vi
PH002824,CID002260,9258420941,Vi
PH002825,CID002261,9402834802,BSNL
PH002826,CID002262,9828860914,Airtel
PH002827,CID002262,9948648521,BSNL
PH002828,CID002263,9285088966,Vi
PH002829,CID002264,9058399331,Jio
PH002830,CID002264,9606225906,Vi
PH002831,CID002265,9652154444,Jio
PH002832,CID002266,9447323151,Airtel
PH002833,CID002267,9517864835,Airtel
PH002834,CID002267,9193384953,Vi
PH002835,CID002268,9191500584,Airtel
PH002836,CID002269,9386918596,Airtel
PH002837,CID002270,9013809769,Airtel
PH002838,CID002271,9083040105,Airtel
PH002839,CID002272,9281768641,Jio
PH002840,CID002272,9418514343,Vi
PH002841,CID002273,9559242821,BSNL
PH002842,CID002274,9003650213,Airtel
PH002843,CID002274,9994772373,BSNL
PH002844,CID002275,9689242070,Airtel
PH002845,CID002276,9247233987,Jio
PH002846,CID002277,9955804278,BSNL
PH002847,CID002278,9325528098,BSNL
PH002848,CID002279,9618539369,BSNL
PH002849,CID002280,9148073041,BSNL
PH002850,CID002281,9495209972,Jio
PH002851,CID002282,9003896176,Airtel
PH002852,CID002283,9008762846,BSNL
PH002853,CID002284,9221377521,Airtel
PH002854,CID002284,9479547736,Jio
PH002855,CID002285,9828559598,Vi
PH002856,CID002286,9820178450,BSNL
PH002857,CID002287,9150739741,Jio
PH002858,CID002288,9180173057,Jio
PH002859,CID002288,9122207452,Vi
PH002860,CID002289,9922095965,Jio
PH002861,CID002290,9315529679,Airtel
PH002862,CID002291,9323750735,Jio
PH002863,CID002292,9943272666,Airtel
PH002864,CID002292,9725630245,Jio
PH002865,CID002293,9546963787,Jio
PH002866,CID002294,9135464736,Vi
PH002867,CID002295,9513253607,Vi
PH002868,CID002296,9394953495,Vi
PH002869,CID002297,9215599058,BSNL
PH002870,CID002298,9072393784,BSNL
PH002871,CID002298,9723064902,Vi
PH002872,CID002299,9823260777,BSNL
PH002873,CID002299,9398749682,Airtel
PH002874,CID002300,9140573256,BSNL
PH002875,CID002301,9080697167,Jio
PH002876,CID002302,9020568486,BSNL
PH002877,CID002303,9395024671,Vi
PH002878,CID002304,9728759642,Jio
PH002879,CID002304,9677498958,Jio
PH002880,CID002305,9609129400,Jio
PH002881,CID002306,9940470372,BSNL
PH002882,CID002306,9344422084,Vi
PH002883,CID002307,9882731355,Vi
PH002884,CID002308,9703830199,Jio
PH002885,CID002308,9449378172,Vi
PH002886,CID002309,9994624263,Jio
PH002887,CID002310,9903473137,BSNL
PH002888,CID002310,9510357084,Vi
PH002889,CID002311,9602667250,Jio
PH002890,CID002312,9893424628,Jio
PH002891,CID002312,9387864919,Airtel
PH002892,CID002313,9222516592,Vi
PH002893,CID002313,9476430666,Jio
PH002894,CID002314,9329622790,Vi
PH002895,CID002315,9210419322,Vi
PH002896,CID002316,9422677023,Jio
PH002897,CID002317,9652339453,BSNL
PH002898,CID002318,9738217295,Vi
PH002899,CID002319,9429799862,BSNL
PH002900,CID002320,9680655173,Airtel
PH002901,CID002321,9220102327,BSNL
PH002902,CID002322,9795585672,Vi
PH002903,CID002323,9183051550,Airtel
PH002904,CID002324,9425874635,Airtel
PH002905,CID002325,9177742039,BSNL
PH002906,CID002326,9437209122,Jio
PH002907,CID002327,9855547116,Vi
PH002908,CID002328,9398065261,Vi
PH002909,CID002329,9339639468,Airtel
PH002910,CID002330,9475503852,BSNL
PH002911,CID002331,9836556302,Vi
PH002912,CID002331,9731416503,Airtel
PH002913,CID002332,9578653449,BSNL
PH002914,CID002332,9611780699,Vi
PH002915,CID002333,9064703460,BSNL
PH002916,CID002334,9807783243,BSNL
PH002917,CID002335,9978735095,Jio
PH002918,CID002336,9233651112,BSNL
PH002919,CID002337,9488310910,Airtel
PH002920,CID002337,9347719396,Airtel
PH002921,CID002338,9564022246,Airtel
PH002922,CID002339,9118517836,Airtel
PH002923,CID002340,9637930981,Jio
PH002924,CID002341,9310312642,Vi
PH002925,CID002341,9252817284,Vi
PH002926,CID002342,9755385530,Airtel
PH002927,CID002343,9179993572,Vi
PH002928,CID002344,9260483593,Jio
PH002929,CID002345,9310490993,BSNL
PH002930,CID002346,9481257293,Airtel
PH002931,CID002347,9798191105,BSNL
PH002932,CID002348,9755734945,Airtel
PH002933,CID002349,9490710166,Jio
PH002934,CID002350,9916002916,Jio
PH002935,CID002350,9077874500,Vi
PH002936,CID002351,9820759402,BSNL
PH002937,CID002352,9127108435,Vi
PH002938,CID002353,9052461619,Vi
PH002939,CID002354,9381732237,BSNL
PH002940,CID002354,9790233516,BSNL
PH002941,CID002355,9985684952,Vi
PH002942,CID002355,9795688221,Airtel
PH002943,CID002356,9999151781,BSNL
PH002944,CID002357,9116644864,BSNL
PH002945,CID002358,9101760428,Airtel
PH002946,CID002359,9775107309,Vi
PH002947,CID002360,9105218972,Vi
PH002948,CID002360,9587843272,Jio
PH002949,CID002361,9327799845,BSNL
PH002950,CID002361,9427400643,BSNL
PH002951,CID002362,9998798475,Vi
PH002952,CID002362,9226930328,Jio
PH002953,CID002363,9665818849,Vi
PH002954,CID002364,9900463335,Jio
PH002955,CID002364,9671276287,Jio
PH002956,CID002365,9991961201,BSNL
PH002957,CID002366,9089477500,Jio
PH002958,CID002367,9390293506,Vi
PH002959,CID002368,9258679372,Jio
PH002960,CID002369,9761911132,Jio
PH002961,CID002370,9310108558,BSNL
PH002962,CID002371,9843847620,Jio
PH002963,CID002372,9246370136,Vi
PH002964,CID002372,9248800472,Jio
PH002965,CID002373,9048529041,Jio
PH002966,CID002374,9261234041,Vi
PH002967,CID002374,9546966829,Vi
PH002968,CID002375,9139731697,Jio
PH002969,CID002376,9179953170,Jio
PH002970,CID002376,9194612765,BSNL
PH002971,CID002377,9847736798,BSNL
PH002972,CID002377,9760133788,BSNL
PH002973,CID002378,9136707106,Jio
PH002974,CID002379,9864579117,BSNL
PH002975,CID002380,9466077570,Jio
PH002976,CID002381,9410447337,Airtel
PH002977,CID002382,9459558006,Vi
PH002978,CID002383,9158390420,Airtel
PH002979,CID002384,9178197421,Airtel
PH002980,CID002384,9433721907,Jio
PH002981,CID002385,9099472921,Jio
PH002982,CID002386,9752366894,Vi
PH002983,CID002387,9275020922,Jio
PH002984,CID002387,9594340089,Vi
PH002985,CID002388,9586492995,Airtel
PH002986,CID002389,9598866346,Vi
PH002987,CID002389,9613799160,Airtel
PH002988,CID002390,9607306918,Jio
PH002989,CID002391,9637060940,Vi
PH002990,CID002392,9881775528,BSNL
PH002991,CID002393,9205423769,Jio
PH002992,CID002393,9172428667,BSNL
PH002993,CID002394,9687003358,Jio
PH002994,CID002395,9800305763,Jio
PH002995,CID002396,9521493260,Jio
PH002996,CID002397,9612254202,Airtel
PH002997,CID002398,9765378208,Airtel
PH002998,CID002399,9792249480,Vi
PH002999,CID002399,9799982349,Airtel
PH003000,CID002400,9821658236,BSNL
PH003001,CID002401,9436862562,Jio
PH003002,CID002402,9838337944,BSNL
PH003003,CID002402,9707597324,Vi
PH003004,CID002403,9661726903,BSNL
PH003005,CID002404,9283091298,Airtel
PH003006,CID002405,9936179940,Vi
PH003007,CID002406,9926328962,BSNL
PH003008,CID002407,9025890391,BSNL
PH003009,CID002408,9751134123,Jio
PH003010,CID002409,9321661703,Vi
PH003011,CID002409,9511820687,Vi
PH003012,CID002410,9157834384,BSNL
PH003013,CID002411,9188621214,Airtel
PH003014,CID002412,9205124164,BSNL
PH003015,CID002412,9166596183,Vi
PH003016,CID002413,9625350930,Airtel
PH003017,CID002413,9146026474,Airtel
PH003018,CID002414,9495516053,Jio
PH003019,CID002415,9124244230,Jio
PH003020,CID002415,9717518618,Vi
PH003021,CID002416,9478203532,BSNL
PH003022,CID002417,9608021274,Jio
PH003023,CID002417,9044680994,Airtel
PH003024,CID002418,9477739627,Jio
PH003025,CID002419,9321266075,Vi
PH003026,CID002420,9949762368,Vi
PH003027,CID002421,9196533969,Airtel
PH003028,CID002422,9436721224,Jio
PH003029,CID002423,9080398660,Vi
PH003030,CID002423,9708773996,BSNL
PH003031,CID002424,9298323206,Vi
PH003032,CID002425,9020567139,BSNL
PH003033,CID002425,9073957166,Jio
PH003034,CID002426,9635642114,Airtel
PH003035,CID002427,9403365699,Vi
PH003036,CID002427,9487584463,Airtel
PH003037,CID002428,9143927193,BSNL
PH003038,CID002429,9688767623,BSNL
PH003039,CID002430,9372495079,Jio
PH003040,CID002431,9262948263,Jio
PH003041,CID002432,9712194034,BSNL
PH003042,CID002432,9503656704,Airtel
PH003043,CID002433,9808917863,BSNL
PH003044,CID002434,9226254275,Airtel
PH003045,CID002435,9163170298,Airtel
PH003046,CID002436,9077718727,Jio
PH003047,CID002437,9634230574,Airtel
PH003048,CID002437,9890173570,Vi
PH003049,CID002438,9242610226,BSNL
PH003050,CID002438,9209670477,BSNL
PH003051,CID002439,9321850638,Airtel
PH003052,CID002440,9130276852,Vi
PH003053,CID002441,9116265757,Jio
PH003054,CID002441,9225106312,BSNL
PH003055,CID002442,9885090355,BSNL
PH003056,CID002443,9832981013,Jio
PH003057,CID002444,9469612825,Airtel
PH003058,CID002445,9740021815,Vi
PH003059,CID002446,9721192362,BSNL
PH003060,CID002446,9194957838,BSNL
PH003061,CID002447,9777104479,Jio
PH003062,CID002447,9987221178,BSNL
PH003063,CID002448,9292460468,BSNL
PH003064,CID002448,9920481957,BSNL
PH003065,CID002449,9992145139,Vi
PH003066,CID002449,9729989842,Vi
PH003067,CID002450,9928938418,Vi
PH003068,CID002450,9114536177,Vi
PH003069,CID002451,9982765906,BSNL
PH003070,CID002452,9329717111,Jio
PH003071,CID002453,9045971730,BSNL
PH003072,CID002454,9781232342,Airtel
PH003073,CID002455,9078807830,Vi
PH003074,CID002455,9587035090,Airtel
PH003075,CID002456,9027310778,Jio
PH003076,CID002457,9803841071,Airtel
PH003077,CID002457,9818503856,BSNL
PH003078,CID002458,9518162023,BSNL
PH003079,CID002458,9969169649,Vi
PH003080,CID002459,9527206035,Vi
PH003081,CID002459,9312661974,Airtel
PH003082,CID002460,9561637379,Airtel
PH003083,CID002460,9860901661,BSNL
PH003084,CID002461,9272164680,Vi
PH003085,CID002462,9336731583,BSNL
PH003086,CID002463,9180837239,BSNL
PH003087,CID002463,9430748495,Jio
PH003088,CID002464,9774371677,Airtel
PH003089,CID002465,9537367868,Vi
PH003090,CID002466,9571752923,BSNL
PH003091,CID002467,9941590041,Airtel
PH003092,CID002468,9947885670,Vi
PH003093,CID002469,9252123187,Vi
PH003094,CID002470,9091745637,BSNL
PH003095,CID002470,9239401369,Airtel
PH003096,CID002471,9978691227,Airtel
PH003097,CID002472,9661122848,Jio
PH003098,CID002473,9916341859,Jio
PH003099,CID002474,9187380378,Jio
PH003100,CID002475,9632043446,Airtel
PH003101,CID002476,9885116623,Jio
PH003102,CID002477,9956343093,Vi
PH003103,CID002478,9528418804,Airtel
PH003104,CID002478,9392711632,Jio
PH003105,CID002479,9877469613,Jio
PH003106,CID002480,9658942175,BSNL
PH003107,CID002481,9380704684,Airtel
PH003108,CID002482,9168837425,Vi
PH003109,CID002483,9442895637,BSNL
PH003110,CID002484,9394136510,Vi
PH003111,CID002485,9418648459,BSNL
PH003112,CID002486,9843675985,Airtel
PH003113,CID002487,9727522995,Jio
PH003114,CID002487,9704272334,BSNL
PH003115,CID002488,9120097639,BSNL
PH003116,CID002489,9892514087,BSNL
PH003117,CID002490,9918104793,BSNL
PH003118,CID002491,9518557454,Jio
PH003119,CID002492,9893515562,BSNL
PH003120,CID002493,9219977850,Jio
PH003121,CID002494,9904608922,BSNL
PH003122,CID002495,9277920362,BSNL
PH003123,CID002496,9691539694,Vi
PH003124,CID002497,9970872556,Airtel
PH003125,CID002498,9669052396,BSNL
PH003126,CID002499,9548586027,Airtel
PH003127,CID002499,9580903078,Vi
PH003128,CID002500,9081421486,BSNL
PH003129,CID002501,9338691307,Vi
PH003130,CID002501,9726539560,Vi
PH003131,CID002502,9537113754,Airtel
PH003132,CID002502,9526757861,Jio
PH003133,CID002503,9112288028,BSNL
PH003134,CID002504,9164246626,Jio
PH003135,CID002505,9292118209,Jio
PH003136,CID002506,9757404191,Airtel
PH003137,CID002507,9048624236,Vi
PH003138,CID002508,9585328324,Airtel
PH003139,CID002509,9280798997,BSNL
PH003140,CID002509,9029551078,Airtel
PH003141,CID002510,9778547966,BSNL
PH003142,CID002511,9684334114,Jio
PH003143,CID002512,9109275129,BSNL
PH003144,CID002513,9807025907,Jio
PH003145,CID002514,9076059729,Vi
PH003146,CID002515,9070627945,BSNL
PH003147,CID002516,9087507016,Jio
PH003148,CID002517,9784554946,Airtel
PH003149,CID002518,9014526532,Airtel
PH003150,CID002519,9994718868,BSNL
PH003151,CID002519,9058006153,Vi
PH003152,CID002520,9787427290,Jio
PH003153,CID002521,9038440099,Airtel
PH003154,CID002522,9639727246,Airtel
PH003155,CID002523,9859876828,Jio
PH003156,CID002524,9553087271,BSNL
PH003157,CID002525,9556998318,Jio
PH003158,CID002525,9988119543,Airtel
PH003159,CID002526,9068777312,Airtel
PH003160,CID002527,9963049358,BSNL
PH003161,CID002528,9367122308,Jio
PH003162,CID002528,9942407508,Jio
PH003163,CID002529,9383230173,BSNL
PH003164,CID002529,9209375341,Jio
PH003165,CID002530,9241529715,Airtel
PH003166,CID002531,9927766979,Airtel
PH003167,CID002532,9406905300,BSNL
PH003168,CID002533,9365747412,Vi
PH003169,CID002533,9189379255,Jio
PH003170,CID002534,9838431916,BSNL
PH003171,CID002535,9585764827,BSNL
PH003172,CID002536,9553984052,Vi
PH003173,CID002537,9060118956,Jio
PH003174,CID002538,9347692752,Vi
PH003175,CID002539,9522206548,Airtel
PH003176,CID002540,9742744332,Jio
PH003177,CID002540,9116142805,Jio
PH003178,CID002541,9265094724,Vi
PH003179,CID002542,9328808919,Airtel
PH003180,CID002543,9397890575,Airtel
PH003181,CID002544,9349320485,Vi
PH003182,CID002545,9031257851,Jio
PH003183,CID002546,9061979849,Vi
PH003184,CID002547,9795450524,Vi
PH003185,CID002548,9751069571,Vi
PH003186,CID002548,9599524940,Vi
PH003187,CID002549,9444667888,Vi
PH003188,CID002549,9276150921,Airtel
PH003189,CID002550,9542694434,BSNL
PH003190,CID002551,9691291821,BSNL
PH003191,CID002551,9972056940,Vi
PH003192,CID002552,9665030269,Jio
PH003193,CID002553,9843894916,Jio
PH003194,CID002554,9591282604,Airtel
PH003195,CID002555,9080250437,BSNL
PH003196,CID002555,9155350000,Airtel
PH003197,CID002556,9920639512,BSNL
PH003198,CID002557,9966354693,Airtel
PH003199,CID002558,9139380905,Airtel
PH003200,CID002559,9619546663,BSNL
PH003201,CID002560,9405435661,Airtel
PH003202,CID002561,9946691073,Vi
PH003203,CID002562,9929307266,Vi
PH003204,CID002563,9818837222,Airtel
PH003205,CID002564,9080301906,Jio
PH003206,CID002565,9033357962,BSNL
PH003207,CID002565,9241319341,Vi
PH003208,CID002566,9601104395,Airtel
PH003209,CID002567,9959364595,Jio
PH003210,CID002568,9843108324,Vi
PH003211,CID002569,9084694918,Vi
PH003212,CID002570,9622389159,BSNL
PH003213,CID002571,9238938464,Jio
PH003214,CID002571,9376868589,BSNL
PH003215,CID002572,9962807489,Vi
PH003216,CID002573,9998848866,Jio
PH003217,CID002574,9088125772,Jio
PH003218,CID002575,9462941798,Jio
PH003219,CID002576,9176214401,Vi
PH003220,CID002577,9141929150,Jio
PH003221,CID002577,9341223800,Vi
PH003222,CID002578,9991654709,Jio
PH003223,CID002578,9364931463,Airtel
PH003224,CID002579,9835142364,BSNL
PH003225,CID002579,9669918059,Vi
PH003226,CID002580,9350794851,BSNL
PH003227,CID002581,9837803188,Jio
PH003228,CID002582,9464973455,BSNL
PH003229,CID002583,9961053458,BSNL
PH003230,CID002584,9410105491,BSNL
PH003231,CID002585,9599328706,Airtel
PH003232,CID002585,9801769676,Jio
PH003233,CID002586,9019724174,Airtel
PH003234,CID002587,9375039176,BSNL
PH003235,CID002587,9950126631,Jio
PH003236,CID002588,9615107902,BSNL
PH003237,CID002589,9098586694,Jio
PH003238,CID002590,9181371697,Vi
PH003239,CID002591,9728607523,BSNL
PH003240,CID002591,9699079232,Jio
PH003241,CID002592,9797618254,Jio
PH003242,CID002593,9477488762,Vi
PH003243,CID002593,9620833848,BSNL
PH003244,CID002594,9045379904,Airtel
PH003245,CID002594,9357235567,BSNL
PH003246,CID002595,9064179177,Vi
PH003247,CID002595,9928702565,Vi
PH003248,CID002596,9638121699,Jio
PH003249,CID002596,9281383094,Vi
PH003250,CID002597,9926284090,Vi
PH003251,CID002597,9702522635,Vi
PH003252,CID002598,9659527167,BSNL
PH003253,CID002599,9950621146,Jio
PH003254,CID002599,9953421222,Vi
PH003255,CID002600,9319514706,BSNL
PH003256,CID002601,9273558808,Vi
PH003257,CID002602,9184653037,Jio
PH003258,CID002603,9218170005,Vi
PH003259,CID002604,9085898036,Vi
PH003260,CID002605,9953496221,Jio
PH003261,CID002606,9669256775,BSNL
PH003262,CID002607,9339250935,Airtel
PH003263,CID002608,9637421729,Airtel
PH003264,CID002609,9981299788,Jio
PH003265,CID002610,9140847814,Airtel
PH003266,CID002611,9013386701,Airtel
PH003267,CID002611,9362528755,BSNL
PH003268,CID002612,9883250748,Airtel
PH003269,CID002613,9560383130,Jio
PH003270,CID002614,9182642994,Vi
PH003271,CID002615,9866603108,Jio
PH003272,CID002616,9892933978,BSNL
PH003273,CID002617,9906929891,Airtel
PH003274,CID002618,9842416879,Vi
PH003275,CID002619,9809283062,Vi
PH003276,CID002620,9446562169,Vi
PH003277,CID002620,9667339075,Vi
PH003278,CID002621,9116874699,Vi
PH003279,CID002622,9307925059,Vi
PH003280,CID002623,9667516823,Airtel
PH003281,CID002624,9609124602,BSNL
PH003282,CID002625,9619101630,BSNL
PH003283,CID002626,9501383179,Jio
PH003284,CID002627,9545898078,Vi
PH003285,CID002628,9934483702,BSNL
PH003286,CID002628,9741402741,BSNL
PH003287,CID002629,9883559548,Airtel
PH003288,CID002630,9095140483,Airtel
PH003289,CID002631,9114954792,Airtel
PH003290,CID002632,9493261468,Vi
PH003291,CID002633,9094798091,BSNL
PH003292,CID002634,9288742336,Airtel
PH003293,CID002635,9716737296,Airtel
PH003294,CID002636,9643165318,Jio
PH003295,CID002637,9797598452,Jio
PH003296,CID002637,9989818199,BSNL
PH003297,CID002638,9139511152,Vi
PH003298,CID002639,9067470939,Airtel
PH003299,CID002640,9309086710,Vi
PH003300,CID002641,9119593517,Airtel
PH003301,CID002642,9497886143,Airtel
PH003302,CID002643,9800612765,Airtel
PH003303,CID002644,9485083289,Jio
PH003304,CID002644,9683658669,BSNL
PH003305,CID002645,9369443019,BSNL
PH003306,CID002646,9500644588,BSNL
PH003307,CID002646,9108518555,BSNL
PH003308,CID002647,9722138711,Airtel
PH003309,CID002648,9357907391,Vi
PH003310,CID002648,9388649965,Airtel
PH003311,CID002649,9666145312,Airtel
PH003312,CID002650,9863026028,BSNL
PH003313,CID002651,9662368337,BSNL
PH003314,CID002652,9635766272,Airtel
PH003315,CID002653,9358344519,BSNL
PH003316,CID002654,9614183974,Vi
PH003317,CID002655,9210581739,BSNL
PH003318,CID002656,9065001721,Jio
PH003319,CID002657,9379385766,BSNL
PH003320,CID002658,9754944715,BSNL
PH003321,CID002659,9644175464,Airtel
PH003322,CID002659,9724343803,Airtel
PH003323,CID002660,9927809851,Airtel
PH003324,CID002661,9448012408,BSNL
PH003325,CID002661,9614565363,BSNL
PH003326,CID002662,9650715174,Vi
PH003327,CID002663,9381369950,Jio
PH003328,CID002664,9946018601,Vi
PH003329,CID002665,9635632168,Airtel
PH003330,CID002665,9731593515,BSNL
PH003331,CID002666,9350871986,Vi
PH003332,CID002666,9859580225,Airtel
PH003333,CID002667,9995921330,Airtel
PH003334,CID002667,9866620525,Vi
PH003335,CID002668,9664130857,BSNL
PH003336,CID002669,9758688765,Vi
PH003337,CID002670,9451507684,Airtel
PH003338,CID002671,9131215461,Vi
PH003339,CID002671,9834887785,Airtel
PH003340,CID002672,9687302229,Vi
PH003341,CID002673,9850529082,Airtel
PH003342,CID002674,9174546992,Airtel
PH003343,CID002675,9924132843,Jio
PH003344,CID002676,9354878201,Vi
PH003345,CID002677,9872547510,BSNL
PH003346,CID002678,9461179760,Vi
PH003347,CID002679,9697317424,Vi
PH003348,CID002680,9337026951,Jio
PH003349,CID002681,9698375587,Vi
PH003350,CID002682,9114075196,Vi
PH003351,CID002683,9756424585,Airtel
PH003352,CID002684,9624605479,Vi
PH003353,CID002684,9887440554,BSNL
PH003354,CID002685,9358463771,Jio
PH003355,CID002686,9585316074,Vi
PH003356,CID002687,9952807340,Jio
PH003357,CID002687,9521790654,Vi
PH003358,CID002688,9296141687,Airtel
PH003359,CID002689,9374139618,Jio
PH003360,CID002689,9741691711,Vi
PH003361,CID002690,9785948828,Jio
PH003362,CID002691,9041613965,Jio
PH003363,CID002692,9359177219,Airtel
PH003364,CID002693,9573982021,Jio
PH003365,CID002693,9642221304,Vi
PH003366,CID002694,9965427458,Vi
PH003367,CID002695,9709992559,Jio
PH003368,CID002696,9491014526,Airtel
PH003369,CID002696,9389481252,Vi
PH003370,CID002697,9990640453,Vi
PH003371,CID002697,9436365119,Airtel
PH003372,CID002698,9127898623,Airtel
PH003373,CID002699,9472460102,Airtel
PH003374,CID002699,9840882574,Airtel
PH003375,CID002700,9199215923,Jio
PH003376,CID002701,9354107039,Airtel
PH003377,CID002702,9125437161,Vi
PH003378,CID002703,9226054969,Vi
PH003379,CID002704,9502939768,Vi
PH003380,CID002704,9311294219,BSNL
PH003381,CID002705,9406192482,Jio
PH003382,CID002706,9037222651,BSNL
PH003383,CID002707,9835125957,Airtel
PH003384,CID002707,9287088281,Vi
PH003385,CID002708,9764782285,BSNL
PH003386,CID002708,9787777450,Airtel
PH003387,CID002709,9088555591,BSNL
PH003388,CID002710,9472206936,BSNL
PH003389,CID002710,9264100050,Jio
PH003390,CID002711,9632054273,Vi
PH003391,CID002712,9464334314,BSNL
PH003392,CID002712,9797681876,Vi
PH003393,CID002713,9544030608,Airtel
PH003394,CID002714,9537468360,Airtel
PH003395,CID002715,9990022185,Airtel
PH003396,CID002715,9258970258,BSNL
PH003397,CID002716,9676051686,Airtel
PH003398,CID002717,9511730531,Vi
PH003399,CID002718,9685983491,Jio
PH003400,CID002718,9670357516,Airtel
PH003401,CID002719,9652505613,Airtel
PH003402,CID002720,9495076514,Vi
PH003403,CID002721,9768928412,Airtel
PH003404,CID002722,9990686964,Vi
PH003405,CID002723,9114623624,BSNL
PH003406,CID002724,9919596757,Airtel
PH003407,CID002724,9623815994,Airtel
PH003408,CID002725,9610590983,Vi
PH003409,CID002726,9670094105,Jio
PH003410,CID002727,9807231005,BSNL
PH003411,CID002728,9474480368,BSNL
PH003412,CID002728,9210432920,Jio
PH003413,CID002729,9583828291,BSNL
PH003414,CID002730,9368081112,Airtel
PH003415,CID002730,9007276173,BSNL
PH003416,CID002731,9787954582,Airtel
PH003417,CID002732,9805242116,Vi
PH003418,CID002733,9437289215,Vi
PH003419,CID002734,9878647502,BSNL
PH003420,CID002735,9666762384,Vi
PH003421,CID002735,9663932835,Airtel
PH003422,CID002736,9253580788,Jio
PH003423,CID002737,9018474123,Airtel
PH003424,CID002738,9607482123,Jio
PH003425,CID002738,9560615871,Airtel
PH003426,CID002739,9915778487,Vi
PH003427,CID002740,9215115181,Vi
PH003428,CID002740,9349992643,Airtel
PH003429,CID002741,9196685464,Jio
PH003430,CID002742,9317821670,Airtel
PH003431,CID002742,9116531702,Vi
PH003432,CID002743,9005643966,BSNL
PH003433,CID002743,9181511432,BSNL
PH003434,CID002744,9078973198,Vi
PH003435,CID002745,9518198883,BSNL
PH003436,CID002746,9208911628,Jio
PH003437,CID002747,9211788438,Vi
PH003438,CID002748,9490625178,BSNL
PH003439,CID002749,9945752811,Vi
PH003440,CID002750,9604063725,Jio
PH003441,CID002751,9291855182,Jio
PH003442,CID002752,9327059421,Vi
PH003443,CID002753,9984261380,BSNL
PH003444,CID002754,9266160179,Airtel
PH003445,CID002755,9230224005,Airtel
PH003446,CID002756,9764808540,Vi
PH003447,CID002757,9091536392,Jio
PH003448,CID002758,9793338974,Jio
PH003449,CID002759,9201697672,BSNL
PH003450,CID002760,9899503068,BSNL
PH003451,CID002760,9693748934,Jio
PH003452,CID002761,9762580047,Airtel
PH003453,CID002762,9759161224,Jio
PH003454,CID002763,9667932962,Vi
PH003455,CID002764,9894442826,Airtel
PH003456,CID002765,9991359600,Jio
PH003457,CID002766,9363785345,Vi
PH003458,CID002767,9664405916,BSNL
PH003459,CID002768,9613772406,Jio
PH003460,CID002769,9433752741,Jio
PH003461,CID002770,9661264234,Jio
PH003462,CID002771,9159831436,Airtel
PH003463,CID002771,9507657474,BSNL
PH003464,CID002772,9142339844,Vi
PH003465,CID002773,9261618306,Jio
PH003466,CID002773,9803226006,BSNL
PH003467,CID002774,9594945421,Vi
PH003468,CID002775,9166617231,Jio
PH003469,CID002776,9072711504,BSNL
PH003470,CID002777,9609695085,Airtel
PH003471,CID002777,9463410186,Airtel
PH003472,CID002778,9284761616,Jio
PH003473,CID002779,9415333454,Vi
PH003474,CID002780,9269034662,Jio
PH003475,CID002781,9879260243,Vi
PH003476,CID002782,9916068387,Jio
PH003477,CID002783,9863273243,Jio
PH003478,CID002783,9059375990,Jio
PH003479,CID002784,9679697278,BSNL
PH003480,CID002785,9848269643,BSNL
PH003481,CID002786,9300886593,Jio
PH003482,CID002787,9704408535,BSNL
PH003483,CID002788,9410184034,BSNL
PH003484,CID002789,9502755523,Vi
PH003485,CID002790,9687337925,Jio
PH003486,CID002791,9945012916,BSNL
PH003487,CID002792,9823748727,BSNL
PH003488,CID002793,9500702516,Airtel
PH003489,CID002794,9174772015,Jio
PH003490,CID002795,9542003449,Airtel
PH003491,CID002796,9993229460,BSNL
PH003492,CID002797,9450607657,Vi
PH003493,CID002798,9529755406,Vi
PH003494,CID002799,9348800318,Vi
PH003495,CID002800,9307584353,Vi
PH003496,CID002801,9236730423,BSNL
PH003497,CID002801,9430878981,Jio
PH003498,CID002802,9547044951,BSNL
PH003499,CID002802,9101044357,BSNL
PH003500,CID002803,9787182529,Vi
PH003501,CID002804,9623451006,BSNL
PH003502,CID002805,9778044934,Airtel
PH003503,CID002805,9783212235,Vi
PH003504,CID002806,9074505461,Airtel
PH003505,CID002806,9255761426,Airtel
PH003506,CID002807,9524359822,Vi
PH003507,CID002808,9219481772,Airtel
PH003508,CID002809,9549334986,Vi
PH003509,CID002810,9501729115,BSNL
PH003510,CID002810,9385937482,BSNL
PH003511,CID002811,9582748376,Vi
PH003512,CID002812,9398954174,Vi
PH003513,CID002813,9078367002,BSNL
PH003514,CID002814,9003690829,Jio
PH003515,CID002814,9335158050,Vi
PH003516,CID002815,9430209547,Vi
PH003517,CID002816,9934292283,Jio
PH003518,CID002817,9188320137,Jio
PH003519,CID002818,9991448572,BSNL
PH003520,CID002819,9142236437,BSNL
PH003521,CID002820,9389802852,Vi
PH003522,CID002821,9214776491,Airtel
PH003523,CID002822,9884411782,Airtel
PH003524,CID002822,9631552558,BSNL
PH003525,CID002823,9865749136,Vi
PH003526,CID002824,9940761118,Jio
PH003527,CID002825,9365543633,Jio
PH003528,CID002826,9402929132,Vi
PH003529,CID002827,9000998291,BSNL
PH003530,CID002827,9447299492,Jio
PH003531,CID002828,9747818688,Jio
PH003532,CID002829,9927901069,Jio
PH003533,CID002830,9433091498,BSNL
PH003534,CID002831,9421107878,Jio
PH003535,CID002832,9319085732,Vi
PH003536,CID002833,9385679231,BSNL
PH003537,CID002834,9969157133,Vi
PH003538,CID002835,9156009466,Vi
PH003539,CID002836,9114648362,Airtel
PH003540,CID002837,9408939986,Jio
PH003541,CID002838,9261225539,Airtel
PH003542,CID002838,9330534568,Vi
PH003543,CID002839,9300081060,Jio
PH003544,CID002839,9085201005,Vi
PH003545,CID002840,9639574958,BSNL
PH003546,CID002841,9501094882,BSNL
PH003547,CID002842,9526447816,Airtel
PH003548,CID002843,9424974453,BSNL
PH003549,CID002844,9018871589,Jio
PH003550,CID002844,9930170865,BSNL
PH003551,CID002845,9613547883,Vi
PH003552,CID002845,9584537602,Vi
PH003553,CID002846,9975032950,Airtel
PH003554,CID002846,9496471753,Airtel
PH003555,CID002847,9347695462,Jio
PH003556,CID002848,9572718372,Airtel
PH003557,CID002849,9753413540,Airtel
PH003558,CID002849,9568542884,Airtel
PH003559,CID002850,9882280191,Jio
PH003560,CID002851,9933333273,Jio
PH003561,CID002852,9048927300,Airtel
PH003562,CID002852,9320616291,Jio
PH003563,CID002853,9788051787,BSNL
PH003564,CID002854,9011958549,Vi
PH003565,CID002855,9770535729,BSNL
PH003566,CID002856,9831561088,Airtel
PH003567,CID002857,9921473745,Vi
PH003568,CID002858,9379740617,BSNL
PH003569,CID002859,9688520954,Vi
PH003570,CID002859,9423739297,Vi
PH003571,CID002860,9309133095,BSNL
PH003572,CID002861,9387986219,Jio
PH003573,CID002861,9738142590,Jio
PH003574,CID002862,9411072084,BSNL
PH003575,CID002862,9975603056,Airtel
PH003576,CID002863,9526101691,Airtel
PH003577,CID002864,9431426799,Vi
PH003578,CID002865,9433770272,Jio
PH003579,CID002865,9537994084,Jio
PH003580,CID002866,9664563479,Vi
PH003581,CID002867,9701088146,Airtel
PH003582,CID002868,9939487000,BSNL
PH003583,CID002868,9534554991,BSNL
PH003584,CID002869,9351441515,Airtel
PH003585,CID002869,9737908539,BSNL
PH003586,CID002870,9268640696,Vi
PH003587,CID002870,9838035245,Airtel
PH003588,CID002871,9453750006,Jio
PH003589,CID002871,9570189771,BSNL
PH003590,CID002872,9650375694,Vi
PH003591,CID002873,9667465650,Airtel
PH003592,CID002874,9727838144,Airtel
PH003593,CID002875,9790180727,Vi
PH003594,CID002876,9270121161,BSNL
PH003595,CID002877,9461813503,BSNL
PH003596,CID002878,9199720152,BSNL
PH003597,CID002879,9484822388,Jio
PH003598,CID002879,9170174622,BSNL
PH003599,CID002880,9375990319,BSNL
PH003600,CID002880,9731173094,Airtel
PH003601,CID002881,9816410705,Airtel
PH003602,CID002881,9366059968,Vi
PH003603,CID002882,9692192176,Airtel
PH003604,CID002882,9973556646,Airtel
PH003605,CID002883,9468577843,Jio
PH003606,CID002884,9916295108,Vi
PH003607,CID002885,9335709595,Vi
PH003608,CID002885,9153128035,BSNL
PH003609,CID002886,9485154681,Airtel
PH003610,CID002887,9657119908,Airtel
PH003611,CID002888,9226522963,Vi
PH003612,CID002889,9881116486,Vi
PH003613,CID002890,9098790764,Jio
PH003614,CID002891,9279941060,Jio
PH003615,CID002891,9899556609,Jio
PH003616,CID002892,9473159000,Jio
PH003617,CID002893,9693898720,BSNL
PH003618,CID002893,9866267063,Jio
PH003619,CID002894,9707890426,Vi
PH003620,CID002895,9318673507,Airtel
PH003621,CID002895,9585065229,Vi
PH003622,CID002896,9342845701,Jio
PH003623,CID002897,9154102542,BSNL
PH003624,CID002898,9659298910,Vi
PH003625,CID002898,9462890863,Vi
PH003626,CID002899,9101562386,Jio
PH003627,CID002900,9542977284,BSNL
PH003628,CID002901,9166616521,Airtel
PH003629,CID002902,9526888854,Vi
PH003630,CID002903,9204700769,Vi
PH003631,CID002903,9717642655,Vi
PH003632,CID002904,9256058325,Airtel
PH003633,CID002905,9330013045,BSNL
PH003634,CID002906,9931166773,BSNL
PH003635,CID002907,9082164319,Jio
PH003636,CID002907,9867782905,BSNL
PH003637,CID002908,9608510503,BSNL
PH003638,CID002909,9232235296,BSNL
PH003639,CID002909,9195772729,Airtel
PH003640,CID002910,9306133066,Airtel
PH003641,CID002911,9506922616,Airtel
PH003642,CID002912,9999790432,BSNL
PH003643,CID002913,9082969854,Jio
PH003644,CID002913,9963286434,Airtel
PH003645,CID002914,9172443744,Vi
PH003646,CID002915,9792928810,BSNL
PH003647,CID002916,9684723030,Jio
PH003648,CID002917,9490802512,Airtel
PH003649,CID002918,9730212411,Jio
PH003650,CID002918,9982611113,Vi
PH003651,CID002919,9630061367,Vi
PH003652,CID002920,9502206593,Jio
PH003653,CID002920,9208748993,BSNL
PH003654,CID002921,9859451642,Jio
PH003655,CID002921,9846522433,BSNL
PH003656,CID002922,9361926408,Airtel
PH003657,CID002922,9507928852,Vi
PH003658,CID002923,9796527377,Jio
PH003659,CID002924,9902155102,Vi
PH003660,CID002925,9259135627,Jio
PH003661,CID002926,9639100756,Airtel
PH003662,CID002926,9556194954,BSNL
PH003663,CID002927,9074526085,Jio
PH003664,CID002928,9403486221,Vi
PH003665,CID002929,9585934633,Airtel
PH003666,CID002930,9058310044,Jio
PH003667,CID002930,9935734722,Vi
PH003668,CID002931,9132828783,BSNL
PH003669,CID002931,9826118680,Airtel
PH003670,CID002932,9195081973,Jio
PH003671,CID002932,9931505564,Airtel
PH003672,CID002933,9504954048,Jio
PH003673,CID002934,9228253232,BSNL
PH003674,CID002935,9517550775,Vi
PH003675,CID002936,9665593515,BSNL
PH003676,CID002937,9935322141,Airtel
PH003677,CID002938,9896035414,Jio
PH003678,CID002938,9822495837,BSNL
PH003679,CID002939,9454417364,Vi
PH003680,CID002940,9318057067,Vi
PH003681,CID002941,9114938568,Airtel
PH003682,CID002942,9484642755,BSNL
PH003683,CID002942,9048608488,Vi
PH003684,CID002943,9001522537,Jio
PH003685,CID002944,9154273832,Vi
PH003686,CID002945,9240424957,Airtel
PH003687,CID002946,9428869463,Airtel
PH003688,CID002947,9226049207,BSNL
PH003689,CID002948,9708473639,BSNL
PH003690,CID002948,9865152233,Vi
PH003691,CID002949,9590429194,Vi
PH003692,CID002950,9155349937,Jio
PH003693,CID002951,9851404195,Vi
PH003694,CID002951,9832661491,BSNL
PH003695,CID002952,9489224547,Jio
PH003696,CID002953,9442820955,Vi
PH003697,CID002954,9994132407,Vi
PH003698,CID002954,9451201018,Vi
PH003699,CID002955,9766978466,Airtel
PH003700,CID002955,9941778838,Airtel
PH003701,CID002956,9469952618,Vi
PH003702,CID002957,9188089408,Airtel
PH003703,CID002958,9252776140,Vi
PH003704,CID002959,9081073905,Vi
PH003705,CID002960,9579896790,Airtel
PH003706,CID002961,9829078980,Jio
PH003707,CID002962,9417770381,Airtel
PH003708,CID002962,9345853297,Jio
PH003709,CID002963,9139493900,Vi
PH003710,CID002964,9358749451,BSNL
PH003711,CID002965,9272803598,Airtel
PH003712,CID002966,9185667613,BSNL
PH003713,CID002966,9295792339,BSNL
PH003714,CID002967,9995570202,Jio
PH003715,CID002968,9739926265,Vi
PH003716,CID002969,9498174766,Jio
PH003717,CID002970,9337403623,Airtel
PH003718,CID002971,9850895038,BSNL
PH003719,CID002972,9575609387,Jio
PH003720,CID002973,9555715214,Jio
PH003721,CID002973,9149245508,Airtel
PH003722,CID002974,9028761094,Jio
PH003723,CID002975,9073030533,Jio
PH003724,CID002975,9087933669,Airtel
PH003725,CID002976,9045120797,Airtel
PH003726,CID002977,9713658983,Vi
PH003727,CID002978,9650782373,BSNL
PH003728,CID002978,9552465100,BSNL
PH003729,CID002979,9491159835,Vi
PH003730,CID002980,9404057121,Jio
PH003731,CID002981,9304949716,BSNL
PH003732,CID002981,9634767098,Jio
PH003733,CID002982,9015331341,Jio
PH003734,CID002982,9019523176,Vi
PH003735,CID002983,9661582434,Airtel
PH003736,CID002983,9015015244,Airtel
PH003737,CID002984,9436800693,Jio
PH003738,CID002985,9626878312,Vi
PH003739,CID002986,9307179470,Vi
PH003740,CID002987,9118053766,BSNL
PH003741,CID002987,9927279113,Airtel
PH003742,CID002988,9170222042,Airtel
PH003743,CID002989,9538090625,Airtel
PH003744,CID002990,9001233141,Vi
PH003745,CID002991,9646771164,Airtel
PH003746,CID002991,9376595305,Vi
PH003747,CID002992,9486439004,Airtel
PH003748,CID002993,9174685954,Jio
PH003749,CID002994,9642509190,Airtel
PH003750,CID002995,9022108888,Jio
PH003751,CID002996,9897540653,Vi
PH003752,CID002997,9501178653,Jio
PH003753,CID002998,9439779104,BSNL
PH003754,CID002998,9405446757,BSNL
PH003755,CID002999,9083150461,Jio
PH003756,CID003000,9357484743,BSNL
PH003757,CID003001,9417718670,BSNL
PH003758,CID003001,9153969026,Vi
PH003759,CID003002,9049329246,Jio
PH003760,CID003003,9114281163,Jio
PH003761,CID003004,9749236646,Jio
PH003762,CID003005,9194081219,BSNL
PH003763,CID003006,9520292078,Jio
PH003764,CID003007,9069978471,BSNL
PH003765,CID003007,9645966206,BSNL
PH003766,CID003008,9659766512,BSNL
PH003767,CID003009,9170518571,Vi
PH003768,CID003010,9388920245,Airtel
PH003769,CID003011,9140826153,Airtel
PH003770,CID003012,9350388115,Vi
PH003771,CID003013,9497172120,BSNL
PH003772,CID003014,9584626475,Jio
PH003773,CID003015,9224387271,Jio
PH003774,CID003015,9831121028,Vi
PH003775,CID003016,9571037878,Vi
PH003776,CID003017,9425639509,Airtel
PH003777,CID003018,9896848954,Vi
PH003778,CID003018,9148799384,Vi
PH003779,CID003019,9937582423,Jio
PH003780,CID003020,9082087148,Vi
PH003781,CID003021,9498455954,Airtel
PH003782,CID003022,9184017293,BSNL
PH003783,CID003022,9973061534,Vi
PH003784,CID003023,9831037568,BSNL
PH003785,CID003023,9787059192,Jio
PH003786,CID003024,9598727461,Vi
PH003787,CID003025,9077085670,Airtel
PH003788,CID003025,9524926727,Vi
PH003789,CID003026,9873658111,BSNL
PH003790,CID003027,9744361899,Jio
PH003791,CID003028,9150362860,BSNL
PH003792,CID003028,9300220589,Jio
PH003793,CID003029,9404646011,BSNL
PH003794,CID003029,9253765823,Vi
PH003795,CID003030,9196599263,Vi
PH003796,CID003031,9209617015,BSNL
PH003797,CID003032,9467844669,BSNL
PH003798,CID003033,9292318550,Jio
PH003799,CID003034,9948303390,BSNL
PH003800,CID003035,9802733084,Airtel
PH003801,CID003036,9030265805,Jio
PH003802,CID003037,9053570826,Jio
PH003803,CID003038,9951885680,Airtel
PH003804,CID003039,9712595675,Vi
PH003805,CID003039,9390178805,Jio
PH003806,CID003040,9516650615,Jio
PH003807,CID003040,9273628720,BSNL
PH003808,CID003041,9027448175,Jio
PH003809,CID003041,9343212114,BSNL
PH003810,CID003042,9219475208,Vi
PH003811,CID003042,9023597029,Jio
PH003812,CID003043,9446743866,Airtel
PH003813,CID003044,9309972403,Vi
PH003814,CID003045,9293642084,Vi
PH003815,CID003046,9971113669,BSNL
PH003816,CID003047,9466458368,Jio
PH003817,CID003048,9455984117,Airtel
PH003818,CID003049,9842707246,Jio
PH003819,CID003049,9484501981,Jio
PH003820,CID003050,9359323453,Airtel
PH003821,CID003050,9297612201,Airtel
PH003822,CID003051,9276403357,Vi
PH003823,CID003052,9458862651,Jio
PH003824,CID003053,9880763157,Airtel
PH003825,CID003053,9672922171,Jio
PH003826,CID003054,9899388941,Airtel
PH003827,CID003055,9320581626,Vi
PH003828,CID003056,9857398141,Vi
PH003829,CID003056,9234562285,BSNL
PH003830,CID003057,9357015099,Vi
PH003831,CID003058,9614193950,BSNL
PH003832,CID003059,9636618209,Airtel
PH003833,CID003060,9607742184,Jio
PH003834,CID003060,9393067137,BSNL
PH003835,CID003061,9006864636,Jio
PH003836,CID003062,9302679317,Airtel
PH003837,CID003063,9554210886,Jio
PH003838,CID003064,9322852691,BSNL
PH003839,CID003065,9130798376,Airtel
PH003840,CID003065,9288868318,Airtel
PH003841,CID003066,9077108024,BSNL
PH003842,CID003067,9846276776,Jio
PH003843,CID003068,9192865882,Vi
PH003844,CID003069,9224173688,Airtel
PH003845,CID003070,9936036930,Vi
PH003846,CID003071,9263065277,BSNL
PH003847,CID003072,9448326519,Airtel
PH003848,CID003072,9481697579,BSNL
PH003849,CID003073,9650065941,Jio
PH003850,CID003074,9889733052,Jio
PH003851,CID003074,9273746352,Airtel
PH003852,CID003075,9576984284,BSNL
PH003853,CID003076,9755857807,BSNL
PH003854,CID003077,9521223979,Airtel
PH003855,CID003078,9430687081,Jio
PH003856,CID003079,9724177233,Jio
PH003857,CID003080,9227737783,Vi
PH003858,CID003081,9780090968,BSNL
PH003859,CID003082,9772886349,Airtel
PH003860,CID003083,9503551047,Jio
PH003861,CID003084,9880902490,Jio
PH003862,CID003085,9758782775,Jio
PH003863,CID003085,9332255654,Vi
PH003864,CID003086,9847970999,Airtel
PH003865,CID003087,9436646311,BSNL
PH003866,CID003088,9229381679,Jio
PH003867,CID003089,9607946520,Airtel
PH003868,CID003090,9730945819,Jio
PH003869,CID003091,9889742464,Vi
PH003870,CID003092,9421864528,Jio
PH003871,CID003093,9606451083,Vi
PH003872,CID003094,9371019441,Vi
PH003873,CID003095,9294510589,BSNL
PH003874,CID003095,9777049957,Jio
PH003875,CID003096,9926316248,Airtel
PH003876,CID003097,9976939783,Airtel
PH003877,CID003098,9776126034,Vi
PH003878,CID003099,9615663047,Vi
PH003879,CID003100,9423829773,BSNL
PH003880,CID003100,9599058666,Airtel
PH003881,CID003101,9125942650,Jio
PH003882,CID003102,9680392906,Jio
PH003883,CID003103,9197670477,Airtel
PH003884,CID003104,9794269236,Jio
PH003885,CID003105,9806228699,Airtel
PH003886,CID003106,9482339301,BSNL
PH003887,CID003107,9583415888,BSNL
PH003888,CID003108,9671554300,Jio
PH003889,CID003108,9379315560,Airtel
PH003890,CID003109,9708790904,Airtel
PH003891,CID003110,9036998510,Vi
PH003892,CID003111,9275685637,Jio
PH003893,CID003112,9791631886,BSNL
PH003894,CID003113,9979700898,BSNL
PH003895,CID003114,9123337100,Airtel
PH003896,CID003114,9924432902,BSNL
PH003897,CID003115,9284866099,Airtel
PH003898,CID003115,9859567308,Jio
PH003899,CID003116,9586960832,Vi
PH003900,CID003117,9829858093,BSNL
PH003901,CID003117,9646589690,Airtel
PH003902,CID003118,9407732910,Jio
PH003903,CID003118,9237325701,Airtel
PH003904,CID003119,9734794023,Airtel
PH003905,CID003120,9736907427,Airtel
PH003906,CID003121,9626262348,Vi
PH003907,CID003122,9867537169,BSNL
PH003908,CID003122,9678760959,BSNL
PH003909,CID003123,9761661137,Vi
PH003910,CID003124,9337251631,Jio
PH003911,CID003125,9184409317,Vi
PH003912,CID003126,9620511738,BSNL
PH003913,CID003127,9017283260,Jio
PH003914,CID003128,9481005047,Airtel
PH003915,CID003128,9796954156,Airtel
PH003916,CID003129,9625399790,BSNL
PH003917,CID003130,9654471012,BSNL
PH003918,CID003131,9626783665,BSNL
PH003919,CID003132,9083041953,Vi
PH003920,CID003133,9268326982,Vi
PH003921,CID003133,9630496847,BSNL
PH003922,CID003134,9145303435,Airtel
PH003923,CID003135,9765115659,Airtel
PH003924,CID003136,9228514811,BSNL
PH003925,CID003137,9704059431,Jio
PH003926,CID003138,9318113644,Vi
PH003927,CID003139,9030328825,Vi
PH003928,CID003140,9808082376,Jio
PH003929,CID003141,9769897955,Airtel
PH003930,CID003142,9673959670,BSNL
PH003931,CID003143,9803067541,Vi
PH003932,CID003143,9259747255,Vi
PH003933,CID003144,9312702979,BSNL
PH003934,CID003144,9930152224,Vi
PH003935,CID003145,9630520610,BSNL
PH003936,CID003145,9174234073,Vi
PH003937,CID003146,9035430744,Vi
PH003938,CID003146,9634580783,Airtel
PH003939,CID003147,9639918989,Jio
PH003940,CID003148,9567342850,BSNL
PH003941,CID003149,9555799015,Jio
PH003942,CID003150,9960351050,Airtel
PH003943,CID003150,9878399420,Vi
PH003944,CID003151,9143543800,Vi
PH003945,CID003152,9444899116,Jio
PH003946,CID003152,9099524278,Jio
PH003947,CID003153,9669403089,Airtel
PH003948,CID003154,9520367941,Airtel
PH003949,CID003154,9666205078,Vi
PH003950,CID003155,9007051158,Airtel
PH003951,CID003155,9323343272,Jio
PH003952,CID003156,9811818062,Jio
PH003953,CID003157,9631297723,BSNL
PH003954,CID003157,9879000814,Jio
PH003955,CID003158,9292924271,Airtel
PH003956,CID003159,9826991238,Airtel
PH003957,CID003160,9144591375,Airtel
PH003958,CID003161,9652381069,Airtel
PH003959,CID003162,9850773228,BSNL
PH003960,CID003163,9467178710,BSNL
PH003961,CID003164,9346065059,Jio
PH003962,CID003165,9693078543,Jio
PH003963,CID003166,9028883351,Vi
PH003964,CID003167,9505179788,BSNL
PH003965,CID003168,9203289289,Jio
PH003966,CID003169,9315034599,Airtel
PH003967,CID003170,9322164149,Vi
PH003968,CID003171,9368930630,Vi
PH003969,CID003172,9634366030,Vi
PH003970,CID003173,9204872882,Airtel
PH003971,CID003173,9934213877,BSNL
PH003972,CID003174,9657881201,BSNL
PH003973,CID003174,9613321078,Jio
PH003974,CID003175,9023717159,Airtel
PH003975,CID003176,9834322999,Vi
PH003976,CID003177,9672643860,BSNL
PH003977,CID003178,9835011915,Airtel
PH003978,CID003178,9763210125,Airtel
PH003979,CID003179,9224358564,Jio
PH003980,CID003179,9209730465,Vi
PH003981,CID003180,9222532717,Jio
PH003982,CID003181,9890005412,Vi
PH003983,CID003181,9813781464,Airtel
PH003984,CID003182,9620993071,Vi
PH003985,CID003183,9770533782,Jio
PH003986,CID003184,9921678032,BSNL
PH003987,CID003185,9238504858,Vi
PH003988,CID003186,9003740711,Airtel
PH003989,CID003187,9262190703,Vi
PH003990,CID003188,9028948652,BSNL
PH003991,CID003189,9173379800,Jio
PH003992,CID003190,9628882490,BSNL
PH003993,CID003190,9603300960,Airtel
PH003994,CID003191,9422202388,Vi
PH003995,CID003192,9193630932,BSNL
PH003996,CID003193,9664375778,Airtel
PH003997,CID003193,9869827882,Jio
PH003998,CID003194,9979102111,Vi
PH003999,CID003195,9368202712,Vi
PH004000,CID003196,9822419699,Airtel
PH004001,CID003197,9812410529,BSNL
PH004002,CID003197,9040499689,Airtel
PH004003,CID003198,9667929162,Jio
PH004004,CID003198,9237023092,Jio
PH004005,CID003199,9535158895,Jio
PH004006,CID003199,9853486964,Jio
PH004007,CID003200,9666296082,Airtel
PH004008,CID003201,9722636611,Jio
PH004009,CID003202,9846102077,Jio
PH004010,CID003203,9632270387,BSNL
PH004011,CID003203,9910266215,BSNL
PH004012,CID003204,9632241007,Jio
PH004013,CID003205,9654241234,Jio
PH004014,CID003206,9101153226,BSNL
PH004015,CID003206,9290178365,Airtel
PH004016,CID003207,9483975473,Jio
PH004017,CID003207,9747581939,Airtel
PH004018,CID003208,9586952571,Vi
PH004019,CID003208,9511883783,BSNL
PH004020,CID003209,9085160867,Airtel
PH004021,CID003210,9427415553,Vi
PH004022,CID003211,9387647881,Jio
PH004023,CID003212,9471596901,Vi
PH004024,CID003213,9651132447,BSNL
PH004025,CID003214,9842185376,BSNL
PH004026,CID003215,9753205901,BSNL
PH004027,CID003216,9321098972,Vi
PH004028,CID003217,9267038277,BSNL
PH004029,CID003218,9525566223,Vi
PH004030,CID003219,9736305155,Vi
PH004031,CID003220,9326847494,BSNL
PH004032,CID003221,9084937314,Airtel
PH004033,CID003222,9748215219,Airtel
PH004034,CID003223,9978153677,BSNL
PH004035,CID003224,9157404438,BSNL
PH004036,CID003224,9690310355,Jio
PH004037,CID003225,9319163346,BSNL
PH004038,CID003226,9791799347,Vi
PH004039,CID003227,9250741537,BSNL
PH004040,CID003228,9388528568,Jio
PH004041,CID003229,9633837658,Airtel
PH004042,CID003229,9563465692,BSNL
PH004043,CID003230,9082453793,Airtel
PH004044,CID003231,9985844985,BSNL
PH004045,CID003232,9064667874,Airtel
PH004046,CID003233,9770927880,Jio
PH004047,CID003234,9615050754,Jio
PH004048,CID003234,9424017990,Vi
PH004049,CID003235,9704436354,Vi
PH004050,CID003235,9168779252,Jio
PH004051,CID003236,9201298016,Jio
PH004052,CID003237,9456659182,Jio
PH004053,CID003237,9046157855,Airtel
PH004054,CID003238,9209454234,Jio
PH004055,CID003239,9318911186,Airtel
PH004056,CID003239,9536807813,Airtel
PH004057,CID003240,9388059689,Jio
PH004058,CID003240,9273285997,Vi
PH004059,CID003241,9083581606,Vi
PH004060,CID003242,9738269489,Vi
PH004061,CID003243,9770995158,Airtel
PH004062,CID003244,9078206266,BSNL
PH004063,CID003244,9957549541,Jio
PH004064,CID003245,9437549618,Vi
PH004065,CID003245,9448101858,Airtel
PH004066,CID003246,9452800874,Jio
PH004067,CID003247,9598381602,Vi
PH004068,CID003248,9107668899,Vi
PH004069,CID003249,9076613152,BSNL
PH004070,CID003250,9857238919,Airtel
PH004071,CID003251,9342254810,BSNL
PH004072,CID003252,9182499097,Airtel
PH004073,CID003253,9138871846,Jio
PH004074,CID003254,9403019311,Airtel
PH004075,CID003255,9999845369,BSNL
PH004076,CID003255,9246937949,Jio
PH004077,CID003256,9528555175,Vi
PH004078,CID003257,9590893466,Jio
PH004079,CID003258,9070273661,Vi
PH004080,CID003259,9055273831,Airtel
PH004081,CID003259,9796483236,Airtel
PH004082,CID003260,9635265981,Jio
PH004083,CID003260,9324939355,BSNL
PH004084,CID003261,9987959374,BSNL
PH004085,CID003262,9131018498,Vi
PH004086,CID003263,9816041793,Vi
PH004087,CID003263,9306486408,Vi
PH004088,CID003264,9747419512,BSNL
PH004089,CID003265,9774527594,Jio
PH004090,CID003266,9115849609,Airtel
PH004091,CID003267,9024652851,Vi
PH004092,CID003268,9835530962,Jio
PH004093,CID003269,9944768484,BSNL
PH004094,CID003270,9896347205,Vi
PH004095,CID003271,9935377992,Vi
PH004096,CID003272,9062335654,Vi
PH004097,CID003273,9543618161,BSNL
PH004098,CID003273,9073804445,Jio
PH004099,CID003274,9620115693,BSNL
PH004100,CID003275,9416713566,BSNL
PH004101,CID003276,9072660186,Jio
PH004102,CID003277,9056738076,BSNL
PH004103,CID003278,9051099532,Vi
PH004104,CID003278,9496295890,BSNL
PH004105,CID003279,9511282939,Airtel
PH004106,CID003280,9205641367,Airtel
PH004107,CID003281,9487131543,Jio
PH004108,CID003282,9002517719,BSNL
PH004109,CID003283,9526109589,Jio
PH004110,CID003284,9846300667,Jio
PH004111,CID003285,9413232005,BSNL
PH004112,CID003286,9176673598,Airtel
PH004113,CID003287,9134850887,Jio
PH004114,CID003287,9302987687,Jio
PH004115,CID003288,9875607158,Airtel
PH004116,CID003289,9015702420,BSNL
PH004117,CID003290,9643785347,Jio
PH004118,CID003291,9681670120,Vi
PH004119,CID003292,9864638844,BSNL
PH004120,CID003292,9672393117,Jio
PH004121,CID003293,9181376745,Airtel
PH004122,CID003293,9463053162,Jio
PH004123,CID003294,9031827599,Vi
PH004124,CID003295,9540698419,Vi
PH004125,CID003296,9503309675,Airtel
PH004126,CID003297,9885098979,Jio
PH004127,CID003298,9758969704,Vi
PH004128,CID003298,9517587385,BSNL
PH004129,CID003299,9865729137,Jio
PH004130,CID003299,9213457482,Jio
PH004131,CID003300,9619597578,BSNL
PH004132,CID003300,9378790017,Vi
PH004133,CID003301,9197463085,Airtel
PH004134,CID003302,9599739985,Vi
PH004135,CID003303,9026015491,Jio
PH004136,CID003304,9888626845,Vi
PH004137,CID003305,9978500892,Airtel
PH004138,CID003306,9262140756,Airtel
PH004139,CID003306,9946080896,BSNL
PH004140,CID003307,9510828864,Vi
PH004141,CID003308,9013916340,Airtel
PH004142,CID003309,9242982780,Vi
PH004143,CID003310,9603610297,Airtel
PH004144,CID003311,9965360033,Vi
PH004145,CID003312,9070563324,Airtel
PH004146,CID003312,9113214019,Airtel
PH004147,CID003313,9313302536,Jio
PH004148,CID003314,9458206532,Vi
PH004149,CID003314,9499176259,Airtel
PH004150,CID003315,9612652045,Airtel
PH004151,CID003316,9309879296,BSNL
PH004152,CID003317,9986783938,BSNL
PH004153,CID003318,9749714863,Jio
PH004154,CID003319,9608090610,BSNL
PH004155,CID003319,9565778515,Jio
PH004156,CID003320,9220603947,Airtel
PH004157,CID003320,9590632784,Airtel
PH004158,CID003321,9836317893,Vi
PH004159,CID003322,9106608031,Vi
PH004160,CID003323,9031085290,Jio
PH004161,CID003324,9894661413,BSNL
PH004162,CID003325,9899638003,BSNL
PH004163,CID003325,9254218311,Airtel
PH004164,CID003326,9033723584,BSNL
PH004165,CID003327,9474439593,Vi
PH004166,CID003328,9534875101,Airtel
PH004167,CID003329,9471801494,Vi
PH004168,CID003329,9627475805,BSNL
PH004169,CID003330,9792110870,Vi
PH004170,CID003330,9965298650,BSNL
PH004171,CID003331,9269339554,Vi
PH004172,CID003332,9348476148,Jio
PH004173,CID003332,9303415234,BSNL
PH004174,CID003333,9593075592,Jio
PH004175,CID003333,9645847424,Jio
PH004176,CID003334,9045392396,Vi
PH004177,CID003335,9430649425,Airtel
PH004178,CID003335,9923044108,BSNL
PH004179,CID003336,9954706948,Airtel
PH004180,CID003336,9693691059,Jio
PH004181,CID003337,9491103617,Jio
PH004182,CID003338,9088317950,Jio
PH004183,CID003339,9360041463,Vi
PH004184,CID003339,9908283047,Airtel
PH004185,CID003340,9999024679,BSNL
PH004186,CID003341,9605780610,Airtel
PH004187,CID003341,9497722636,Jio
PH004188,CID003342,9067672492,BSNL
PH004189,CID003343,9609907499,Airtel
PH004190,CID003344,9343371335,Airtel
PH004191,CID003345,9190794891,Jio
PH004192,CID003346,9708891301,Jio
PH004193,CID003347,9039457251,BSNL
PH004194,CID003348,9898256408,Vi
PH004195,CID003349,9960217062,Airtel
PH004196,CID003350,9340196946,Airtel
PH004197,CID003350,9820652841,Airtel
PH004198,CID003351,9133944374,Vi
PH004199,CID003352,9417623082,Vi
PH004200,CID003353,9351424363,BSNL
PH004201,CID003354,9652190383,Jio
PH004202,CID003355,9828250857,Airtel
PH004203,CID003355,9248772634,Vi
PH004204,CID003356,9230110651,Vi
PH004205,CID003357,9248923665,Jio
PH004206,CID003358,9479703275,Vi
PH004207,CID003359,9262363243,Jio
PH004208,CID003360,9373893356,Airtel
PH004209,CID003361,9847270406,Airtel
PH004210,CID003362,9658398915,Vi
PH004211,CID003363,9431027976,Jio
PH004212,CID003364,9687963170,Jio
PH004213,CID003364,9256102719,Jio
PH004214,CID003365,9198804085,Vi
PH004215,CID003366,9059387430,Jio
PH004216,CID003366,9034995583,Airtel
PH004217,CID003367,9815395047,Vi
PH004218,CID003368,9608114695,Airtel
PH004219,CID003369,9548334460,Vi
PH004220,CID003370,9614324028,Vi
PH004221,CID003371,9459627238,Vi
PH004222,CID003372,9559698918,Airtel
PH004223,CID003373,9012693625,Airtel
PH004224,CID003374,9164345138,Vi
PH004225,CID003375,9172233739,Jio
PH004226,CID003376,9448866675,Airtel
PH004227,CID003377,9952549526,BSNL
PH004228,CID003378,9920579363,BSNL
PH004229,CID003378,9652317277,Airtel
PH004230,CID003379,9810068024,Airtel
PH004231,CID003380,9738525724,Vi
PH004232,CID003381,9725477288,Jio
PH004233,CID003382,9774985333,Airtel
PH004234,CID003383,9812377586,Airtel
PH004235,CID003384,9831094825,Airtel
PH004236,CID003385,9109200758,Jio
PH004237,CID003385,9323412981,BSNL
PH004238,CID003386,9000360726,Vi
PH004239,CID003387,9956175595,Vi
PH004240,CID003388,9995553585,Vi
PH004241,CID003389,9683769714,Vi
PH004242,CID003390,9558470934,Airtel
PH004243,CID003391,9592620162,Airtel
PH004244,CID003392,9663784342,Vi
PH004245,CID003392,9830266470,BSNL
PH004246,CID003393,9425557574,Vi
PH004247,CID003394,9696565072,Vi
PH004248,CID003394,9945105422,BSNL
PH004249,CID003395,9677266957,Vi
PH004250,CID003395,9426325966,Vi
PH004251,CID003396,9819597024,Vi
PH004252,CID003397,9712762010,Vi
PH004253,CID003398,9546488990,Airtel
PH004254,CID003399,9087752933,Jio
PH004255,CID003400,9499812256,Vi
PH004256,CID003401,9448581526,Vi
PH004257,CID003401,9936190154,Jio
PH004258,CID003402,9449821474,Airtel
PH004259,CID003403,9535357104,Jio
PH004260,CID003404,9133920127,BSNL
PH004261,CID003405,9308157598,BSNL
PH004262,CID003406,9635805497,Jio
PH004263,CID003407,9099324531,BSNL
PH004264,CID003407,9614677683,BSNL
PH004265,CID003408,9328713527,Airtel
PH004266,CID003408,9350024482,Jio
PH004267,CID003409,9973736569,Jio
PH004268,CID003410,9676502606,Jio
PH004269,CID003411,9483314043,BSNL
PH004270,CID003412,9874595972,Airtel
PH004271,CID003413,9691050711,Airtel
PH004272,CID003414,9111324449,Jio
PH004273,CID003415,9279756560,Jio
PH004274,CID003416,9829840340,Jio
PH004275,CID003417,9670034086,BSNL
PH004276,CID003417,9023402268,Jio
PH004277,CID003418,9301758473,Airtel
PH004278,CID003419,9833559460,Jio
PH004279,CID003419,9836114356,Airtel
PH004280,CID003420,9482428536,Airtel
PH004281,CID003421,9119542731,Airtel
PH004282,CID003422,9681744848,Vi
PH004283,CID003422,9595477683,Airtel
PH004284,CID003423,9959890857,BSNL
PH004285,CID003424,9478022815,Jio
PH004286,CID003425,9492872035,Vi
PH004287,CID003426,9706288203,BSNL
PH004288,CID003427,9695938893,Vi
PH004289,CID003428,9467175535,BSNL
PH004290,CID003428,9693323563,Airtel
PH004291,CID003429,9965329880,Vi
PH004292,CID003429,9202857855,BSNL
PH004293,CID003430,9353671235,Airtel
PH004294,CID003431,9897649004,Vi
PH004295,CID003432,9679399472,Airtel
PH004296,CID003432,9160966241,BSNL
PH004297,CID003433,9721538019,Vi
PH004298,CID003434,9227997587,Airtel
PH004299,CID003435,9840368594,BSNL
PH004300,CID003436,9672485294,Vi
PH004301,CID003437,9964937731,Vi
PH004302,CID003438,9559834192,Airtel
PH004303,CID003439,9235278846,Vi
PH004304,CID003440,9702381323,Jio
PH004305,CID003440,9943831919,BSNL
PH004306,CID003441,9019863141,BSNL
PH004307,CID003441,9169517732,Vi
PH004308,CID003442,9183836774,Jio
PH004309,CID003443,9658661435,Jio
PH004310,CID003444,9639912904,Vi
PH004311,CID003445,9167898161,Jio
PH004312,CID003446,9933648423,Jio
PH004313,CID003446,9075781092,Airtel
PH004314,CID003447,9486987789,BSNL
PH004315,CID003448,9981951508,Airtel
PH004316,CID003448,9559304649,Vi
PH004317,CID003449,9487726946,Vi
PH004318,CID003449,9106184656,Jio
PH004319,CID003450,9626484433,Vi
PH004320,CID003451,9877537860,Jio
PH004321,CID003452,9511704941,Airtel
PH004322,CID003453,9134835059,BSNL
PH004323,CID003454,9661000575,Jio
PH004324,CID003455,9425343854,Airtel
PH004325,CID003456,9456525902,Vi
PH004326,CID003457,9787358934,BSNL
PH004327,CID003458,9998109616,Airtel
PH004328,CID003459,9423601583,BSNL
PH004329,CID003460,9055000896,Jio
PH004330,CID003460,9602477946,Jio
PH004331,CID003461,9029560583,BSNL
PH004332,CID003462,9852535065,Vi
PH004333,CID003463,9643407823,Vi
PH004334,CID003464,9897465043,Vi
PH004335,CID003464,9478711255,Jio
PH004336,CID003465,9862787602,Vi
PH004337,CID003466,9350408567,Airtel
PH004338,CID003467,9898439375,Vi
PH004339,CID003468,9242732406,Airtel
PH004340,CID003469,9758840380,Airtel
PH004341,CID003469,9385683111,Airtel
PH004342,CID003470,9777133337,Vi
PH004343,CID003471,9911144844,Vi
PH004344,CID003472,9997177599,Jio
PH004345,CID003473,9667695323,Airtel
PH004346,CID003474,9598277660,Vi
PH004347,CID003474,9264490790,Airtel
PH004348,CID003475,9149337420,Jio
PH004349,CID003476,9643143065,Airtel
PH004350,CID003476,9216075133,BSNL
PH004351,CID003477,9354898062,Vi
PH004352,CID003477,9259721312,Vi
PH004353,CID003478,9557957632,Airtel
PH004354,CID003478,9900101043,Airtel
PH004355,CID003479,9078822532,Airtel
PH004356,CID003479,9050392991,Vi
PH004357,CID003480,9479306988,BSNL
PH004358,CID003481,9527707839,Airtel
PH004359,CID003482,9837793841,Airtel
PH004360,CID003482,9307595484,Jio
PH004361,CID003483,9083363514,Vi
PH004362,CID003484,9201450580,Jio
PH004363,CID003485,9970794633,Vi
PH004364,CID003486,9370173550,Airtel
PH004365,CID003487,9741349871,BSNL
PH004366,CID003487,9540870384,Vi
PH004367,CID003488,9361324152,Jio
PH004368,CID003488,9476552606,Vi
PH004369,CID003489,9571015843,Jio
PH004370,CID003490,9210767107,BSNL
PH004371,CID003490,9781895165,Airtel
PH004372,CID003491,9922165486,BSNL
PH004373,CID003492,9484695092,BSNL
PH004374,CID003493,9701353982,Jio
PH004375,CID003494,9496761528,Jio
PH004376,CID003495,9093839270,Jio
PH004377,CID003496,9861930448,Airtel
PH004378,CID003496,9085585296,Airtel
PH004379,CID003497,9834944670,Jio
PH004380,CID003498,9735324676,Vi
PH004381,CID003499,9350384796,Vi
PH004382,CID003500,9309580213,Airtel
PH004383,CID003500,9643814049,Airtel
PH004384,CID003501,9081357728,Airtel
PH004385,CID003502,9106160366,Vi
PH004386,CID003503,9754339648,Airtel
PH004387,CID003503,9818283015,BSNL
PH004388,CID003504,9156866075,BSNL
PH004389,CID003505,9125814133,Jio
PH004390,CID003506,9792526323,Jio
PH004391,CID003507,9627182516,Vi
PH004392,CID003508,9287066325,Vi
PH004393,CID003509,9680895754,BSNL
PH004394,CID003510,9373513811,Jio
PH004395,CID003510,9806611695,Jio
PH004396,CID003511,9500768367,Vi
PH004397,CID003512,9041422089,Airtel
PH004398,CID003513,9039517921,BSNL
PH004399,CID003514,9867730555,Jio
PH004400,CID003515,9064054511,Airtel
PH004401,CID003516,9960438013,BSNL
PH004402,CID003517,9426772827,Jio
PH004403,CID003517,9399850737,Airtel
PH004404,CID003518,9266182625,Vi
PH004405,CID003518,9028462813,Airtel
PH004406,CID003519,9552328983,Vi
PH004407,CID003520,9893966743,Jio
PH004408,CID003521,9760308111,Jio
PH004409,CID003522,9825274468,Vi
PH004410,CID003523,9042363330,BSNL
PH004411,CID003523,9607991290,BSNL
PH004412,CID003524,9947342560,Jio
PH004413,CID003524,9394321015,Jio
PH004414,CID003525,9164114439,Jio
PH004415,CID003526,9013422365,Airtel
PH004416,CID003526,9510304094,Vi
PH004417,CID003527,9273653374,Jio
PH004418,CID003527,9359181548,Airtel
PH004419,CID003528,9437077091,BSNL
PH004420,CID003529,9670495936,BSNL
PH004421,CID003530,9664097488,Vi
PH004422,CID003531,9044940341,Airtel
PH004423,CID003532,9591167175,Jio
PH004424,CID003533,9189017383,Vi
PH004425,CID003534,9244105874,BSNL
PH004426,CID003534,9676957939,Jio
PH004427,CID003535,9332545186,Jio
PH004428,CID003536,9426158427,Jio
PH004429,CID003536,9215683803,Jio
PH004430,CID003537,9701113762,Airtel
PH004431,CID003537,9370178844,Vi
PH004432,CID003538,9927242434,Jio
PH004433,CID003539,9110834558,Vi
PH004434,CID003539,9583197106,Jio
PH004435,CID003540,9417951266,Airtel
PH004436,CID003540,9015988295,Jio
PH004437,CID003541,9962636819,Jio
PH004438,CID003542,9680133001,Airtel
PH004439,CID003543,9894395277,BSNL
PH004440,CID003544,9102795123,Jio
PH004441,CID003545,9698845928,Vi
PH004442,CID003546,9779122629,Vi
PH004443,CID003547,9705975203,BSNL
PH004444,CID003548,9985107463,BSNL
PH004445,CID003548,9262368019,Airtel
PH004446,CID003549,9822996090,Jio
PH004447,CID003550,9575270967,Airtel
PH004448,CID003551,9488038990,Airtel
PH004449,CID003552,9032250210,Vi
PH004450,CID003553,9774448373,BSNL
PH004451,CID003553,9116419659,Vi
PH004452,CID003554,9998506911,BSNL
PH004453,CID003554,9968236864,Jio
PH004454,CID003555,9262082459,Vi
PH004455,CID003556,9736727551,Airtel
PH004456,CID003556,9682459334,Airtel
PH004457,CID003557,9287031014,BSNL
PH004458,CID003557,9976177606,Vi
PH004459,CID003558,9116192217,Airtel
PH004460,CID003559,9736800963,BSNL
PH004461,CID003560,9121511409,BSNL
PH004462,CID003561,9960602967,Jio
PH004463,CID003562,9267683936,BSNL
PH004464,CID003563,9883025487,Vi
PH004465,CID003564,9910029841,Jio
PH004466,CID003565,9212745168,BSNL
PH004467,CID003566,9985448570,Airtel
PH004468,CID003566,9502352320,BSNL
PH004469,CID003567,9338200342,BSNL
PH004470,CID003568,9045042656,BSNL
PH004471,CID003569,9623784483,Jio
PH004472,CID003570,9031062728,BSNL
PH004473,CID003571,9200078117,Jio
PH004474,CID003572,9913570324,BSNL
PH004475,CID003573,9301266894,Vi
PH004476,CID003573,9891424628,Vi
PH004477,CID003574,9288956080,BSNL
PH004478,CID003575,9663233848,Vi
PH004479,CID003576,9464015810,Vi
PH004480,CID003577,9526328017,Airtel
PH004481,CID003578,9636797063,BSNL
PH004482,CID003579,9791797207,Airtel
PH004483,CID003580,9385643770,BSNL
PH004484,CID003581,9081835279,BSNL
PH004485,CID003582,9937020417,Jio
PH004486,CID003582,9370186341,BSNL
PH004487,CID003583,9796402851,BSNL
PH004488,CID003584,9237019967,Jio
PH004489,CID003585,9807996371,BSNL
PH004490,CID003585,9631193754,BSNL
PH004491,CID003586,9848622382,Vi
PH004492,CID003587,9429919952,BSNL
PH004493,CID003588,9778893733,Airtel
PH004494,CID003589,9889056803,BSNL
PH004495,CID003590,9618963753,Airtel
PH004496,CID003591,9699357067,Jio
PH004497,CID003592,9227545237,Jio
PH004498,CID003592,9842481207,Airtel
PH004499,CID003593,9631577181,Vi
PH004500,CID003594,9897209497,Airtel
PH004501,CID003595,9920560414,Airtel
PH004502,CID003596,9519343551,BSNL
PH004503,CID003596,9478533179,Vi
PH004504,CID003597,9660743117,BSNL
PH004505,CID003598,9490866642,Vi
PH004506,CID003598,9166687745,BSNL
PH004507,CID003599,9938982590,BSNL
PH004508,CID003599,9710922327,BSNL
PH004509,CID003600,9554039683,Jio
PH004510,CID003601,9494331464,Jio
PH004511,CID003602,9866551325,Airtel
PH004512,CID003603,9208088039,BSNL
PH004513,CID003604,9777703330,Airtel
PH004514,CID003605,9244715910,Airtel
PH004515,CID003606,9337974759,Airtel
PH004516,CID003607,9721960851,Vi
PH004517,CID003608,9347924239,Airtel
PH004518,CID003608,9534198107,Jio
PH004519,CID003609,9824186158,Vi
PH004520,CID003610,9856267897,Airtel
PH004521,CID003611,9652144016,Jio
PH004522,CID003611,9854997179,Jio
PH004523,CID003612,9235853225,Vi
PH004524,CID003612,9187755178,Vi
PH004525,CID003613,9013933981,Vi
PH004526,CID003614,9657373605,Vi
PH004527,CID003615,9033681863,Jio
PH004528,CID003616,9603185663,BSNL
PH004529,CID003617,9896644772,BSNL
PH004530,CID003618,9383539642,BSNL
PH004531,CID003619,9166326757,Airtel
PH004532,CID003620,9129908685,BSNL
PH004533,CID003620,9624111476,Airtel
PH004534,CID003621,9122419916,Airtel
PH004535,CID003622,9600038477,Airtel
PH004536,CID003622,9687648968,Airtel
PH004537,CID003623,9307880545,Jio
PH004538,CID003623,9730393117,Jio
PH004539,CID003624,9534896950,Vi
PH004540,CID003625,9308518544,Vi
PH004541,CID003626,9691555501,Airtel
PH004542,CID003627,9831976789,BSNL
PH004543,CID003627,9204145184,BSNL
PH004544,CID003628,9365573687,Airtel
PH004545,CID003628,9378863491,Vi
PH004546,CID003629,9301303428,Jio
PH004547,CID003630,9453294632,Jio
PH004548,CID003631,9232139770,Airtel
PH004549,CID003632,9952687695,BSNL
PH004550,CID003633,9840159454,Jio
PH004551,CID003633,9428545961,Jio
PH004552,CID003634,9859740375,Jio
PH004553,CID003635,9580138822,Jio
PH004554,CID003636,9452032902,Jio
PH004555,CID003637,9361446847,Jio
PH004556,CID003637,9123695305,Jio
PH004557,CID003638,9821402427,Airtel
PH004558,CID003639,9647185123,Jio
PH004559,CID003640,9106216501,BSNL
PH004560,CID003640,9854729990,BSNL
PH004561,CID003641,9782508059,Jio
PH004562,CID003642,9272975720,Vi
PH004563,CID003643,9855370670,Airtel
PH004564,CID003644,9969316318,Jio
PH004565,CID003644,9843878553,Jio
PH004566,CID003645,9735414055,Vi
PH004567,CID003646,9671171153,Vi
PH004568,CID003647,9573015764,BSNL
PH004569,CID003648,9042516586,Airtel
PH004570,CID003649,9827281158,BSNL
PH004571,CID003650,9794249393,BSNL
PH004572,CID003651,9438251997,Jio
PH004573,CID003652,9007820005,Jio
PH004574,CID003653,9816782472,Jio
PH004575,CID003654,9647269680,BSNL
PH004576,CID003655,9869824384,Jio
PH004577,CID003656,9910138941,Jio
PH004578,CID003657,9738575442,BSNL
PH004579,CID003658,9837220537,Airtel
PH004580,CID003658,9683491948,Airtel
PH004581,CID003659,9000513784,Jio
PH004582,CID003660,9863290730,Airtel
PH004583,CID003661,9845941579,Jio
PH004584,CID003662,9119682980,BSNL
PH004585,CID003663,9094540379,Airtel
PH004586,CID003663,9971150282,BSNL
PH004587,CID003664,9493349608,BSNL
PH004588,CID003665,9568112178,Airtel
PH004589,CID003666,9695892758,Airtel
PH004590,CID003667,9363152050,Vi
PH004591,CID003668,9370681735,BSNL
PH004592,CID003669,9628367639,Vi
PH004593,CID003670,9456000495,Vi
PH004594,CID003671,9451390779,BSNL
PH004595,CID003672,9542820730,Jio
PH004596,CID003673,9655711656,Airtel
PH004597,CID003674,9696891411,Vi
PH004598,CID003674,9684285354,BSNL
PH004599,CID003675,9226427084,Airtel
PH004600,CID003675,9813466121,Airtel
PH004601,CID003676,9071629258,Vi
PH004602,CID003676,9706544151,Jio
PH004603,CID003677,9326338364,Airtel
PH004604,CID003677,9025697228,BSNL
PH004605,CID003678,9965985521,Airtel
PH004606,CID003679,9473228183,Jio
PH004607,CID003680,9131586222,BSNL
PH004608,CID003681,9391604198,Vi
PH004609,CID003682,9714416564,Vi
PH004610,CID003683,9368408518,Jio
PH004611,CID003684,9544048308,Vi
PH004612,CID003685,9598157717,Jio
PH004613,CID003685,9440617442,Airtel
PH004614,CID003686,9144906045,BSNL
PH004615,CID003686,9598342231,Vi
PH004616,CID003687,9578497484,Airtel
PH004617,CID003688,9234103464,Vi
PH004618,CID003689,9007173018,Jio
PH004619,CID003689,9553165243,Airtel
PH004620,CID003690,9394452492,Jio
PH004621,CID003691,9155001752,Jio
PH004622,CID003692,9151030946,Vi
PH004623,CID003693,9715036025,Vi
PH004624,CID003694,9174852809,Vi
PH004625,CID003695,9240294341,Vi
PH004626,CID003696,9181501454,Airtel
PH004627,CID003697,9575340325,Airtel
PH004628,CID003698,9445195888,Vi
PH004629,CID003699,9183074541,BSNL
PH004630,CID003699,9210843979,Airtel
PH004631,CID003700,9217208073,Vi
PH004632,CID003700,9495412644,Vi
PH004633,CID003701,9244630788,Jio
PH004634,CID003702,9952906325,BSNL
PH004635,CID003703,9794895203,Jio
PH004636,CID003703,9954944414,BSNL
PH004637,CID003704,9948709491,Vi
PH004638,CID003704,9963200841,BSNL
PH004639,CID003705,9397281101,Jio
PH004640,CID003706,9544676097,BSNL
PH004641,CID003707,9121524796,BSNL
PH004642,CID003707,9202126189,Vi
PH004643,CID003708,9812111041,Vi
PH004644,CID003709,9048984128,BSNL
PH004645,CID003710,9419498262,BSNL
PH004646,CID003711,9090430470,Jio
PH004647,CID003711,9517564864,Vi
PH004648,CID003712,9750533507,Jio
PH004649,CID003712,9725947724,Airtel
PH004650,CID003713,9720524179,Airtel
PH004651,CID003713,9839771796,Vi
PH004652,CID003714,9689335883,BSNL
PH004653,CID003715,9818254850,Vi
PH004654,CID003716,9846927562,Vi
PH004655,CID003717,9616097441,BSNL
PH004656,CID003718,9671653586,Vi
PH004657,CID003719,9114697225,Vi
PH004658,CID003720,9375058652,Jio
PH004659,CID003721,9999087795,Jio
PH004660,CID003722,9140622426,BSNL
PH004661,CID003723,9005920861,Airtel
PH004662,CID003724,9482334353,Vi
PH004663,CID003725,9155220213,BSNL
PH004664,CID003726,9503718768,Airtel
PH004665,CID003727,9817422509,BSNL
PH004666,CID003728,9880951921,BSNL
PH004667,CID003729,9806469782,BSNL
PH004668,CID003730,9805100062,BSNL
PH004669,CID003731,9300211398,Airtel
PH004670,CID003732,9122386733,BSNL
PH004671,CID003733,9031547562,Jio
PH004672,CID003734,9995193046,Jio
PH004673,CID003735,9678323187,Vi
PH004674,CID003736,9939550291,Vi
PH004675,CID003737,9631460776,Jio
PH004676,CID003737,9032718664,Airtel
PH004677,CID003738,9667667624,BSNL
PH004678,CID003739,9724479605,Airtel
PH004679,CID003739,9153138879,Vi
PH004680,CID003740,9264006024,Airtel
PH004681,CID003741,9471226837,Airtel
PH004682,CID003742,9823791774,Vi
PH004683,CID003742,9336838821,Airtel
PH004684,CID003743,9750465390,BSNL
PH004685,CID003744,9538418241,BSNL
PH004686,CID003745,9243077615,Vi
PH004687,CID003745,9233683032,Jio
PH004688,CID003746,9197082095,Vi
PH004689,CID003747,9665951317,Jio
PH004690,CID003748,9735643284,BSNL
PH004691,CID003749,9857633858,Airtel
PH004692,CID003750,9087640618,Vi
PH004693,CID003751,9851823601,Airtel
PH004694,CID003752,9010683864,Airtel
PH004695,CID003753,9052854883,BSNL
PH004696,CID003754,9137588940,Jio
PH004697,CID003755,9234391084,BSNL
PH004698,CID003756,9729088214,Airtel
PH004699,CID003757,9429870524,Jio
PH004700,CID003757,9149492674,Airtel
PH004701,CID003758,9152206465,BSNL
PH004702,CID003758,9788128408,Airtel
PH004703,CID003759,9110509803,Airtel
PH004704,CID003759,9611503124,Vi
PH004705,CID003760,9535192148,BSNL
PH004706,CID003760,9094069050,Jio
PH004707,CID003761,9192161556,Airtel
PH004708,CID003762,9880776148,BSNL
PH004709,CID003763,9550864511,Jio
PH004710,CID003764,9843695092,Airtel
PH004711,CID003765,9765985079,Jio
PH004712,CID003766,9822494410,Jio
PH004713,CID003767,9444673370,Jio
PH004714,CID003768,9277658207,Jio
PH004715,CID003768,9025046361,Airtel
PH004716,CID003769,9555922328,BSNL
PH004717,CID003769,9240200352,Jio
PH004718,CID003770,9588512466,Vi
PH004719,CID003771,9263583643,Airtel
PH004720,CID003771,9817767684,BSNL
PH004721,CID003772,9414637957,Jio
PH004722,CID003773,9146872321,Vi
PH004723,CID003773,9856858776,Jio
PH004724,CID003774,9570002865,BSNL
PH004725,CID003774,9418263739,Vi
PH004726,CID003775,9964626014,Vi
PH004727,CID003776,9047218785,BSNL
PH004728,CID003776,9449312582,Airtel
PH004729,CID003777,9265321042,Jio
PH004730,CID003777,9758389706,Vi
PH004731,CID003778,9272003829,Jio
PH004732,CID003779,9726348835,BSNL
PH004733,CID003779,9328440338,Jio
PH004734,CID003780,9259527637,Jio
PH004735,CID003781,9611216873,BSNL
PH004736,CID003782,9647985603,Vi
PH004737,CID003782,9598776588,Airtel
PH004738,CID003783,9356538271,BSNL
PH004739,CID003784,9921752860,Jio
PH004740,CID003785,9599397208,BSNL
PH004741,CID003785,9285976526,Vi
PH004742,CID003786,9104898057,BSNL
PH004743,CID003787,9058289633,Jio
PH004744,CID003788,9340956720,BSNL
PH004745,CID003789,9388010815,Jio
PH004746,CID003790,9634322250,Jio
PH004747,CID003791,9278709276,Vi
PH004748,CID003791,9022075226,BSNL
PH004749,CID003792,9693467002,Vi
PH004750,CID003793,9851866837,Vi
PH004751,CID003794,9982800749,Vi
PH004752,CID003795,9144789061,BSNL
PH004753,CID003796,9066429120,BSNL
PH004754,CID003797,9737698757,Vi
PH004755,CID003798,9575903686,Vi
PH004756,CID003799,9126961790,Airtel
PH004757,CID003800,9841396637,Airtel
PH004758,CID003801,9446283478,Jio
PH004759,CID003802,9133730314,Airtel
PH004760,CID003802,9451743016,Jio
PH004761,CID003803,9044134452,Airtel
PH004762,CID003804,9944279613,Airtel
PH004763,CID003805,9894100043,BSNL
PH004764,CID003805,9833818428,Vi
PH004765,CID003806,9653413871,Airtel
PH004766,CID003807,9361917794,BSNL
PH004767,CID003808,9886341698,Vi
PH004768,CID003809,9669134015,Airtel
PH004769,CID003810,9181190837,BSNL
PH004770,CID003810,9935577284,Jio
PH004771,CID003811,9575411840,Airtel
PH004772,CID003812,9876849302,Vi
PH004773,CID003813,9319119523,Airtel
PH004774,CID003814,9222277130,Jio
PH004775,CID003815,9458051485,Jio
PH004776,CID003815,9785091033,Airtel
PH004777,CID003816,9476674609,Airtel
PH004778,CID003817,9371559800,Vi
PH004779,CID003818,9163608236,BSNL
PH004780,CID003819,9123089170,Jio
PH004781,CID003820,9736775098,Jio
PH004782,CID003821,9056728118,Jio
PH004783,CID003821,9166424955,BSNL
PH004784,CID003822,9054922294,BSNL
PH004785,CID003823,9249903388,Airtel
PH004786,CID003823,9661691443,Jio
PH004787,CID003824,9333432141,BSNL
PH004788,CID003825,9914332907,Vi
PH004789,CID003826,9436818468,BSNL
PH004790,CID003826,9884765838,Vi
PH004791,CID003827,9383489019,BSNL
PH004792,CID003828,9918811150,Airtel
PH004793,CID003829,9936118057,Vi
PH004794,CID003830,9972284115,Jio
PH004795,CID003830,9088651180,Jio
PH004796,CID003831,9254792398,Jio
PH004797,CID003832,9912065954,Vi
PH004798,CID003832,9214086064,BSNL
PH004799,CID003833,9687059265,Jio
PH004800,CID003834,9147997828,Vi
PH004801,CID003835,9412067197,BSNL
PH004802,CID003836,9966880651,Airtel
PH004803,CID003836,9243141670,Vi
PH004804,CID003837,9091652272,Airtel
PH004805,CID003838,9901108892,Airtel
PH004806,CID003838,9775155529,Airtel
PH004807,CID003839,9101741797,Airtel
PH004808,CID003839,9169239074,Airtel
PH004809,CID003840,9692746707,Vi
PH004810,CID003840,9594620959,BSNL
PH004811,CID003841,9284914976,Jio
PH004812,CID003841,9160393441,Jio
PH004813,CID003842,9598204978,Vi
PH004814,CID003843,9788172090,BSNL
PH004815,CID003844,9951811606,Vi
PH004816,CID003845,9112982653,Airtel
PH004817,CID003846,9857664355,BSNL
PH004818,CID003846,9995442396,Vi
PH004819,CID003847,9935056290,BSNL
PH004820,CID003848,9826209350,Airtel
PH004821,CID003849,9647064205,Airtel
PH004822,CID003850,9561869861,Airtel
PH004823,CID003851,9786563333,Airtel
PH004824,CID003852,9607002123,BSNL
PH004825,CID003853,9931957965,Jio
PH004826,CID003853,9873304525,BSNL
PH004827,CID003854,9944559571,Jio
PH004828,CID003855,9620725309,BSNL
PH004829,CID003855,9412240049,Jio
PH004830,CID003856,9241201573,Jio
PH004831,CID003856,9998843770,Airtel
PH004832,CID003857,9817620353,Airtel
PH004833,CID003858,9424457015,BSNL
PH004834,CID003859,9784920613,Airtel
PH004835,CID003860,9205689403,Airtel
PH004836,CID003861,9959775433,Vi
PH004837,CID003862,9179523634,Airtel
PH004838,CID003862,9363195966,BSNL
PH004839,CID003863,9518036781,Vi
PH004840,CID003864,9219059704,BSNL
PH004841,CID003865,9201784334,Airtel
PH004842,CID003866,9501040084,Jio
PH004843,CID003867,9877805698,Airtel
PH004844,CID003868,9776744931,Airtel
PH004845,CID003869,9169510544,Vi
PH004846,CID003870,9855152232,Airtel
PH004847,CID003870,9042186296,Airtel
PH004848,CID003871,9642963102,Jio
PH004849,CID003872,9906511895,BSNL
PH004850,CID003873,9122348540,Vi
PH004851,CID003874,9300701752,Airtel
PH004852,CID003875,9042357818,Airtel
PH004853,CID003875,9614382478,Airtel
PH004854,CID003876,9398163237,BSNL
PH004855,CID003876,9108274528,BSNL
PH004856,CID003877,9045131418,Vi
PH004857,CID003878,9247125278,Airtel
PH004858,CID003879,9363167325,Airtel
PH004859,CID003880,9376508430,Airtel
PH004860,CID003881,9032961724,Airtel
PH004861,CID003881,9500793799,Vi
PH004862,CID003882,9521041096,Vi
PH004863,CID003883,9417287622,Jio
PH004864,CID003884,9882730162,BSNL
PH004865,CID003885,9020378368,Jio
PH004866,CID003886,9761215852,Vi
PH004867,CID003886,9920674862,BSNL
PH004868,CID003887,9572517196,Airtel
PH004869,CID003888,9597418233,Jio
PH004870,CID003889,9495074636,Vi
PH004871,CID003889,9648338739,Airtel
PH004872,CID003890,9863011262,Jio
PH004873,CID003891,9588198093,Vi
PH004874,CID003892,9263428633,Jio
PH004875,CID003893,9562364517,Airtel
PH004876,CID003894,9090760058,Airtel
PH004877,CID003895,9948372554,Jio
PH004878,CID003896,9592709992,Airtel
PH004879,CID003897,9503171601,Vi
PH004880,CID003898,9038126462,Jio
PH004881,CID003899,9098810868,BSNL
PH004882,CID003900,9424144191,Jio
PH004883,CID003901,9071444106,Airtel
PH004884,CID003902,9359625193,Vi
PH004885,CID003903,9978789075,Vi
PH004886,CID003904,9687843794,Airtel
PH004887,CID003904,9871423574,Airtel
PH004888,CID003905,9674615467,BSNL
PH004889,CID003905,9345580181,Airtel
PH004890,CID003906,9696852713,BSNL
PH004891,CID003907,9690559426,BSNL
PH004892,CID003907,9218788069,Jio
PH004893,CID003908,9750451728,Vi
PH004894,CID003909,9809712297,Airtel
PH004895,CID003910,9182274000,Vi
PH004896,CID003910,9721427097,Vi
PH004897,CID003911,9353130314,Airtel
PH004898,CID003912,9869355713,Jio
PH004899,CID003912,9503057532,BSNL
PH004900,CID003913,9022483867,Vi
PH004901,CID003914,9143602052,Vi
PH004902,CID003915,9688912087,Airtel
PH004903,CID003916,9783688661,Jio
PH004904,CID003917,9031143882,Airtel
PH004905,CID003918,9950954282,Vi
PH004906,CID003919,9839969136,Vi
PH004907,CID003920,9587784663,Airtel
PH004908,CID003921,9732932929,Airtel
PH004909,CID003922,9360669893,Airtel
PH004910,CID003923,9309481251,Airtel
PH004911,CID003924,9816188699,BSNL
PH004912,CID003925,9112569405,Jio
PH004913,CID003926,9855180937,BSNL
PH004914,CID003926,9941209079,BSNL
PH004915,CID003927,9729335747,Jio
PH004916,CID003927,9889607614,Vi
PH004917,CID003928,9793232179,Jio
PH004918,CID003929,9473977765,Airtel
PH004919,CID003930,9771453551,BSNL
PH004920,CID003931,9509653953,Airtel
PH004921,CID003931,9589268570,Vi
PH004922,CID003932,9348687373,Jio
PH004923,CID003933,9581078612,Jio
PH004924,CID003934,9895219409,Jio
PH004925,CID003935,9056965058,Jio
PH004926,CID003936,9037653728,Airtel
PH004927,CID003936,9315259189,BSNL
PH004928,CID003937,9430669941,Vi
PH004929,CID003938,9437829807,BSNL
PH004930,CID003938,9725934280,Airtel
PH004931,CID003939,9364566105,Jio
PH004932,CID003940,9433914638,BSNL
PH004933,CID003940,9346945831,Jio
PH004934,CID003941,9868385296,Jio
PH004935,CID003942,9382071241,Airtel
PH004936,CID003943,9243050800,Airtel
PH004937,CID003944,9469219186,Vi
PH004938,CID003945,9378164234,Airtel
PH004939,CID003946,9402245367,Vi
PH004940,CID003947,9887493454,Airtel
PH004941,CID003948,9989273375,BSNL
PH004942,CID003949,9497948901,Jio
PH004943,CID003950,9678657154,BSNL
PH004944,CID003950,9072920388,Vi
PH004945,CID003951,9213329690,Jio
PH004946,CID003951,9535004390,BSNL
PH004947,CID003952,9631199380,Jio
PH004948,CID003952,9806876963,Airtel
PH004949,CID003953,9266923300,Vi
PH004950,CID003954,9661080949,BSNL
PH004951,CID003955,9149739018,Airtel
PH004952,CID003956,9982313961,BSNL
PH004953,CID003957,9689455572,Vi
PH004954,CID003958,9801841144,Vi
PH004955,CID003959,9107293146,Vi
PH004956,CID003959,9101619490,Airtel
PH004957,CID003960,9233176004,Jio
PH004958,CID003961,9218803632,Airtel
PH004959,CID003962,9990820639,Vi
PH004960,CID003963,9084468150,Jio
PH004961,CID003964,9159692176,Vi
PH004962,CID003965,9403286041,Airtel
PH004963,CID003966,9875372771,Vi
PH004964,CID003967,9258815391,Airtel
PH004965,CID003968,9935844336,BSNL
PH004966,CID003968,9235821268,Airtel
PH004967,CID003969,9261894705,Vi
PH004968,CID003970,9707256913,Jio
PH004969,CID003971,9988196549,Vi
PH004970,CID003972,9390795952,BSNL
PH004971,CID003973,9968184091,Airtel
PH004972,CID003974,9210313743,BSNL
PH004973,CID003975,9097532151,Airtel
PH004974,CID003976,9678296117,Vi
PH004975,CID003977,9059701286,BSNL
PH004976,CID003978,9705132418,Vi
PH004977,CID003979,9773299305,BSNL
PH004978,CID003980,9969650977,Vi
PH004979,CID003981,9499356511,Airtel
PH004980,CID003981,9220639619,Jio
PH004981,CID003982,9166991586,Vi
PH004982,CID003983,9818081098,Jio
PH004983,CID003984,9118773552,Jio
PH004984,CID003984,9486939796,BSNL
PH004985,CID003985,9916711896,BSNL
PH004986,CID003985,9003133667,BSNL
PH004987,CID003986,9311132394,Vi
PH004988,CID003987,9825404936,Vi
PH004989,CID003988,9618410217,Jio
PH004990,CID003989,9773884988,Jio
PH004991,CID003990,9957227668,BSNL
PH004992,CID003991,9040435882,Jio
PH004993,CID003992,9553236132,Vi
PH004994,CID003993,9247155572,Vi
PH004995,CID003994,9453416600,Airtel
PH004996,CID003995,9908807892,BSNL
PH004997,CID003996,9356251574,Airtel
PH004998,CID003997,9585360491,Vi
PH004999,CID003998,9686609936,Vi
PH005000,CID003999,9292880412,BSNL
PH005001,CID003999,9240816646,BSNL
PH005002,CID004000,9727435075,Jio
PH005003,CID004000,9059311801,Airtel
PH005004,CID004001,9196991601,Jio
PH005005,CID004002,9251672927,Vi
PH005006,CID004003,9573521621,Vi
PH005007,CID004004,9994348538,Jio
PH005008,CID004005,9696626889,Airtel
PH005009,CID004006,9278045013,Airtel
PH005010,CID004006,9601130595,Vi
PH005011,CID004007,9934643724,Vi
PH005012,CID004008,9804965681,Vi
PH005013,CID004009,9246875051,Airtel
PH005014,CID004010,9425071889,Airtel
PH005015,CID004010,9542924602,Vi
PH005016,CID004011,9134548613,Jio
PH005017,CID004012,9081208540,Airtel
PH005018,CID004012,9839300125,Vi
PH005019,CID004013,9195638554,Airtel
PH005020,CID004014,9210340286,Airtel
PH005021,CID004015,9955860034,Vi
PH005022,CID004015,9028049101,Vi
PH005023,CID004016,9239132010,Airtel
PH005024,CID004016,9759290627,BSNL
PH005025,CID004017,9247659184,Jio
PH005026,CID004018,9997089433,Jio
PH005027,CID004018,9401778054,BSNL
PH005028,CID004019,9607992644,Jio
PH005029,CID004019,9530449958,Vi
PH005030,CID004020,9853438713,Jio
PH005031,CID004021,9318938686,Airtel
PH005032,CID004022,9782772931,BSNL
PH005033,CID004023,9098013455,Airtel
PH005034,CID004024,9700723178,Airtel
PH005035,CID004024,9738110920,Airtel
PH005036,CID004025,9295878076,BSNL
PH005037,CID004026,9390832317,Airtel
PH005038,CID004027,9866754440,Airtel
PH005039,CID004027,9453904305,Airtel
PH005040,CID004028,9742508430,Jio
PH005041,CID004029,9688895480,Jio
PH005042,CID004030,9320430671,Airtel
PH005043,CID004030,9346652349,Vi
PH005044,CID004031,9190505121,Airtel
PH005045,CID004032,9594469546,Airtel
PH005046,CID004032,9235667572,Jio
PH005047,CID004033,9145484653,Jio
PH005048,CID004034,9840523554,Vi
PH005049,CID004035,9829983995,Airtel
PH005050,CID004036,9523594736,Jio
PH005051,CID004037,9508788716,Vi
PH005052,CID004038,9545620886,Vi
PH005053,CID004039,9147389560,BSNL
PH005054,CID004040,9998792885,Vi
PH005055,CID004040,9510072745,BSNL
PH005056,CID004041,9851997701,Jio
PH005057,CID004042,9921870746,BSNL
PH005058,CID004042,9266540200,Vi
PH005059,CID004043,9812072276,Jio
PH005060,CID004044,9883452871,Airtel
PH005061,CID004044,9103243434,Airtel
PH005062,CID004045,9749447090,Vi
PH005063,CID004046,9584418384,Airtel
PH005064,CID004046,9890931908,Airtel
PH005065,CID004047,9985112115,Vi
PH005066,CID004048,9233644618,Airtel
PH005067,CID004049,9970506547,BSNL
PH005068,CID004050,9173125566,BSNL
PH005069,CID004051,9235391892,Vi
PH005070,CID004051,9254318935,Jio
PH005071,CID004052,9748173014,Vi
PH005072,CID004053,9666897820,Jio
PH005073,CID004054,9466696173,Jio
PH005074,CID004055,9882870948,Airtel
PH005075,CID004056,9564443647,Airtel
PH005076,CID004056,9543318837,Airtel
PH005077,CID004057,9747667349,Jio
PH005078,CID004057,9377711809,BSNL
PH005079,CID004058,9079707332,Jio
PH005080,CID004058,9277783181,Jio
PH005081,CID004059,9939561190,BSNL
PH005082,CID004060,9724058491,BSNL
PH005083,CID004061,9593930282,Jio
PH005084,CID004062,9522213598,Vi
PH005085,CID004063,9737334929,Airtel
PH005086,CID004063,9408798282,Airtel
PH005087,CID004064,9012653542,BSNL
PH005088,CID004065,9478497124,Airtel
PH005089,CID004065,9014615950,Airtel
PH005090,CID004066,9057516289,Vi
PH005091,CID004067,9223894945,Vi
PH005092,CID004068,9704766078,Jio
PH005093,CID004069,9765835359,Airtel
PH005094,CID004069,9606780744,Airtel
PH005095,CID004070,9704837158,BSNL
PH005096,CID004070,9993581399,BSNL
PH005097,CID004071,9621347540,Airtel
PH005098,CID004072,9844891959,BSNL
PH005099,CID004073,9391935153,Vi
PH005100,CID004074,9065958610,Vi
PH005101,CID004075,9548367490,BSNL
PH005102,CID004076,9829996890,Jio
PH005103,CID004076,9518028766,Jio
PH005104,CID004077,9475528959,Jio
PH005105,CID004078,9831856064,Jio
PH005106,CID004079,9954154669,Jio
PH005107,CID004080,9883547533,BSNL
PH005108,CID004080,9135319928,Airtel
PH005109,CID004081,9988264094,Vi
PH005110,CID004082,9490191183,BSNL
PH005111,CID004083,9718488601,Airtel
PH005112,CID004083,9341880333,BSNL
PH005113,CID004084,9306376392,Jio
PH005114,CID004085,9886398911,Jio
PH005115,CID004086,9401199428,Vi
PH005116,CID004087,9166861029,Jio
PH005117,CID004088,9220491006,BSNL
PH005118,CID004089,9960160276,Vi
PH005119,CID004090,9376131159,Airtel
PH005120,CID004091,9469574398,Airtel
PH005121,CID004091,9710105995,Jio
PH005122,CID004092,9521731362,BSNL
PH005123,CID004093,9380992360,Jio
PH005124,CID004094,9759227347,BSNL
PH005125,CID004095,9250577804,BSNL
PH005126,CID004096,9982820432,Vi
PH005127,CID004097,9314027030,BSNL
PH005128,CID004098,9584037748,Vi
PH005129,CID004099,9521468133,Jio
PH005130,CID004100,9353412248,Jio
PH005131,CID004101,9387619236,Airtel
PH005132,CID004102,9317536971,Airtel
PH005133,CID004103,9427868361,BSNL
PH005134,CID004104,9309603526,Vi
PH005135,CID004105,9070259756,Airtel
PH005136,CID004105,9663303780,Vi
PH005137,CID004106,9435170731,Jio
PH005138,CID004107,9364577512,Airtel
PH005139,CID004108,9643833190,Jio
PH005140,CID004108,9185933384,Vi
PH005141,CID004109,9225905614,Vi
PH005142,CID004110,9373150013,Jio
PH005143,CID004111,9024394645,Vi
PH005144,CID004112,9939748574,Jio
PH005145,CID004113,9537433902,Vi
PH005146,CID004114,9478807659,Airtel
PH005147,CID004115,9530951940,Jio
PH005148,CID004116,9092649477,Vi
PH005149,CID004117,9327019959,Airtel
PH005150,CID004118,9499343403,Jio
PH005151,CID004119,9701205609,Airtel
PH005152,CID004120,9107411663,Vi
PH005153,CID004121,9296654361,Airtel
PH005154,CID004121,9838727947,BSNL
PH005155,CID004122,9913730996,BSNL
PH005156,CID004122,9847205714,Airtel
PH005157,CID004123,9543552259,Airtel
PH005158,CID004124,9785449652,BSNL
PH005159,CID004124,9552098378,Vi
PH005160,CID004125,9707190198,Jio
PH005161,CID004126,9305627032,Airtel
PH005162,CID004127,9415222809,BSNL
PH005163,CID004128,9995499935,Airtel
PH005164,CID004128,9493868614,Vi
PH005165,CID004129,9077123950,Airtel
PH005166,CID004130,9322792146,Vi
PH005167,CID004130,9745728210,Jio
PH005168,CID004131,9470834788,Airtel
PH005169,CID004132,9983521534,Vi
PH005170,CID004133,9495681423,Vi
PH005171,CID004134,9418158631,BSNL
PH005172,CID004135,9371918347,BSNL
PH005173,CID004136,9788010951,BSNL
PH005174,CID004137,9661220196,Vi
PH005175,CID004138,9785808082,Vi
PH005176,CID004139,9885358476,BSNL
PH005177,CID004140,9348608000,BSNL
PH005178,CID004141,9246866260,Airtel
PH005179,CID004142,9116026880,Airtel
PH005180,CID004143,9186857621,BSNL
PH005181,CID004144,9601818114,BSNL
PH005182,CID004145,9345651648,Vi
PH005183,CID004146,9798615056,Jio
PH005184,CID004147,9292132019,Airtel
PH005185,CID004148,9684145968,Jio
PH005186,CID004149,9395115119,Vi
PH005187,CID004150,9110637379,BSNL
PH005188,CID004151,9511405427,BSNL
PH005189,CID004151,9785174690,Jio
PH005190,CID004152,9563450839,Airtel
PH005191,CID004153,9135632210,Jio
PH005192,CID004154,9993487158,Vi
PH005193,CID004155,9521694425,Vi
PH005194,CID004155,9275568977,Airtel
PH005195,CID004156,9006685706,Vi
PH005196,CID004157,9389342464,Jio
PH005197,CID004157,9044002786,Vi
PH005198,CID004158,9746546535,Vi
PH005199,CID004158,9440388760,Jio
PH005200,CID004159,9287736337,Vi
PH005201,CID004160,9426309569,Jio
PH005202,CID004161,9815302873,BSNL
PH005203,CID004162,9162786327,BSNL
PH005204,CID004163,9881004211,Vi
PH005205,CID004164,9461341112,Jio
PH005206,CID004165,9817990720,Airtel
PH005207,CID004165,9140012221,Airtel
PH005208,CID004166,9023726505,Vi
PH005209,CID004167,9179882512,BSNL
PH005210,CID004167,9274520875,BSNL
PH005211,CID004168,9076689537,Jio
PH005212,CID004169,9099774690,Airtel
PH005213,CID004169,9085488586,Airtel
PH005214,CID004170,9993580637,Vi
PH005215,CID004171,9420742139,BSNL
PH005216,CID004172,9884646465,Vi
PH005217,CID004173,9795275114,Jio
PH005218,CID004174,9280569006,BSNL
PH005219,CID004174,9283525333,Jio
PH005220,CID004175,9650179968,Airtel
PH005221,CID004175,9401308783,Vi
PH005222,CID004176,9098628263,Vi
PH005223,CID004177,9531425538,BSNL
PH005224,CID004178,9303301294,Jio
PH005225,CID004178,9723164274,Jio
PH005226,CID004179,9468803867,BSNL
PH005227,CID004180,9479367716,Airtel
PH005228,CID004181,9124975678,Jio
PH005229,CID004182,9277635878,Vi
PH005230,CID004182,9804144658,Vi
PH005231,CID004183,9972059212,BSNL
PH005232,CID004183,9380556543,Jio
PH005233,CID004184,9720486479,Airtel
PH005234,CID004184,9731777937,Vi
PH005235,CID004185,9954027133,Vi
PH005236,CID004186,9911374951,BSNL
PH005237,CID004186,9381829226,BSNL
PH005238,CID004187,9150201246,Airtel
PH005239,CID004188,9422195871,Jio
PH005240,CID004189,9398236573,Vi
PH005241,CID004190,9954267003,Jio
PH005242,CID004191,9058790690,BSNL
PH005243,CID004191,9965527067,Jio
PH005244,CID004192,9166806152,Vi
PH005245,CID004193,9375067205,BSNL
PH005246,CID004194,9177684858,BSNL
PH005247,CID004195,9512525537,Vi
PH005248,CID004196,9321849492,Jio
PH005249,CID004197,9492789344,Jio
PH005250,CID004198,9201758653,Vi
PH005251,CID004199,9551219525,Airtel
PH005252,CID004199,9106598433,BSNL
PH005253,CID004200,9412914092,Jio
PH005254,CID004201,9773729276,Jio
PH005255,CID004202,9825509896,Airtel
PH005256,CID004203,9788817456,BSNL
PH005257,CID004203,9139411537,Airtel
PH005258,CID004204,9060070418,Vi
PH005259,CID004204,9223482172,Jio
PH005260,CID004205,9102113040,Airtel
PH005261,CID004206,9411641705,BSNL
PH005262,CID004207,9946396222,Vi
PH005263,CID004208,9930818738,Airtel
PH005264,CID004208,9145401139,Airtel
PH005265,CID004209,9943415775,BSNL
PH005266,CID004210,9975870587,Airtel
PH005267,CID004210,9059906773,Airtel
PH005268,CID004211,9109414930,Vi
PH005269,CID004212,9768237969,Airtel
PH005270,CID004213,9709686191,Airtel
PH005271,CID004214,9855603624,Vi
PH005272,CID004215,9561181372,Jio
PH005273,CID004216,9846084624,Jio
PH005274,CID004216,9869873185,Jio
PH005275,CID004217,9027714892,Vi
PH005276,CID004218,9199565626,Jio
PH005277,CID004219,9194251507,Jio
PH005278,CID004219,9961783521,Vi
PH005279,CID004220,9850373426,BSNL
PH005280,CID004221,9039843278,Jio
PH005281,CID004222,9455991347,Jio
PH005282,CID004223,9144675414,Airtel
PH005283,CID004224,9581245781,BSNL
PH005284,CID004225,9884031841,BSNL
PH005285,CID004226,9293305137,Jio
PH005286,CID004227,9832527796,BSNL
PH005287,CID004228,9918890762,BSNL
PH005288,CID004229,9614955677,BSNL
PH005289,CID004230,9288470738,Vi
PH005290,CID004231,9017730207,Vi
PH005291,CID004232,9708101456,Airtel
PH005292,CID004233,9599319470,Jio
PH005293,CID004234,9640178860,Vi
PH005294,CID004235,9538550624,Airtel
PH005295,CID004236,9765107598,Vi
PH005296,CID004237,9653962909,Airtel
PH005297,CID004238,9001241310,BSNL
PH005298,CID004239,9031111481,Jio
PH005299,CID004240,9726138812,Airtel
PH005300,CID004241,9457880222,Jio
PH005301,CID004242,9394073868,Jio
PH005302,CID004243,9512725410,Airtel
PH005303,CID004243,9107856926,Airtel
PH005304,CID004244,9449813454,Jio
PH005305,CID004245,9898342478,BSNL
PH005306,CID004246,9857640792,Jio
PH005307,CID004247,9817645875,Airtel
PH005308,CID004247,9692348478,Jio
PH005309,CID004248,9398612770,BSNL
PH005310,CID004248,9916086056,Airtel
PH005311,CID004249,9472835835,Vi
PH005312,CID004250,9695922952,BSNL
PH005313,CID004250,9823075859,Airtel
PH005314,CID004251,9516709511,Vi
PH005315,CID004251,9629807669,Jio
PH005316,CID004252,9039669943,Vi
PH005317,CID004252,9376826649,Jio
PH005318,CID004253,9585078544,Airtel
PH005319,CID004254,9427281741,Airtel
PH005320,CID004255,9094294587,Jio
PH005321,CID004256,9479859681,Vi
PH005322,CID004257,9827052770,Airtel
PH005323,CID004258,9898833905,BSNL
PH005324,CID004259,9835527257,BSNL
PH005325,CID004259,9274787419,Jio
PH005326,CID004260,9119764437,BSNL
PH005327,CID004261,9359392903,BSNL
PH005328,CID004262,9670243234,BSNL
PH005329,CID004263,9103498177,Airtel
PH005330,CID004264,9013930549,Jio
PH005331,CID004264,9067385333,BSNL
PH005332,CID004265,9856865502,Airtel
PH005333,CID004266,9277781915,BSNL
PH005334,CID004267,9564824062,Airtel
PH005335,CID004268,9426295424,Jio
PH005336,CID004269,9047497634,Airtel
PH005337,CID004270,9554404097,Airtel
PH005338,CID004271,9681451074,BSNL
PH005339,CID004272,9804661521,Vi
PH005340,CID004272,9083675089,BSNL
PH005341,CID004273,9649005348,Airtel
PH005342,CID004274,9158460036,Jio
PH005343,CID004275,9134945626,BSNL
PH005344,CID004276,9315303991,BSNL
PH005345,CID004277,9512966347,Vi
PH005346,CID004278,9972423294,Airtel
PH005347,CID004278,9443460543,Airtel
PH005348,CID004279,9510038774,Airtel
PH005349,CID004280,9698095421,BSNL
PH005350,CID004281,9374672883,Airtel
PH005351,CID004281,9125406904,Vi
PH005352,CID004282,9174980738,Jio
PH005353,CID004283,9493502466,Jio
PH005354,CID004284,9073451909,Airtel
PH005355,CID004285,9472710086,Jio
PH005356,CID004286,9348205773,Airtel
PH005357,CID004286,9362783401,BSNL
PH005358,CID004287,9143123181,Airtel
PH005359,CID004287,9938282921,BSNL
PH005360,CID004288,9236087753,Jio
PH005361,CID004289,9423581768,Vi
PH005362,CID004290,9321706483,BSNL
PH005363,CID004291,9765912146,Vi
PH005364,CID004292,9699588524,Jio
PH005365,CID004293,9337168901,Airtel
PH005366,CID004294,9509595936,Vi
PH005367,CID004295,9298271715,Vi
PH005368,CID004296,9201990925,Vi
PH005369,CID004297,9548470561,Jio
PH005370,CID004297,9120905310,Vi
PH005371,CID004298,9919598836,Airtel
PH005372,CID004298,9567393201,Jio
PH005373,CID004299,9314035285,BSNL
PH005374,CID004300,9157682731,Vi
PH005375,CID004300,9062380048,BSNL
PH005376,CID004301,9731902592,BSNL
PH005377,CID004302,9710045485,Airtel
PH005378,CID004303,9146711739,Jio
PH005379,CID004304,9182516852,BSNL
PH005380,CID004305,9563088500,Airtel
PH005381,CID004306,9967373729,Vi
PH005382,CID004306,9856875433,BSNL
PH005383,CID004307,9548056757,BSNL
PH005384,CID004307,9095155359,BSNL
PH005385,CID004308,9896725988,Airtel
PH005386,CID004309,9137520804,Vi
PH005387,CID004310,9410144832,BSNL
PH005388,CID004311,9682978235,BSNL
PH005389,CID004312,9512581274,Vi
PH005390,CID004313,9909857044,Vi
PH005391,CID004314,9712476996,Airtel
PH005392,CID004315,9228871998,BSNL
PH005393,CID004316,9847769089,Jio
PH005394,CID004317,9241075019,Jio
PH005395,CID004317,9324770988,Airtel
PH005396,CID004318,9895171685,Airtel
PH005397,CID004319,9760638289,BSNL
PH005398,CID004320,9603215190,Vi
PH005399,CID004321,9585157882,Jio
PH005400,CID004322,9126476052,Airtel
PH005401,CID004323,9925085075,Vi
PH005402,CID004324,9487131983,Airtel
PH005403,CID004325,9651066908,Jio
PH005404,CID004326,9498729169,BSNL
PH005405,CID004327,9639644184,Jio
PH005406,CID004327,9466652073,Vi
PH005407,CID004328,9716471847,Airtel
PH005408,CID004329,9272443483,Jio
PH005409,CID004329,9615659855,BSNL
PH005410,CID004330,9623491786,Vi
PH005411,CID004331,9311874454,BSNL
PH005412,CID004332,9675337655,BSNL
PH005413,CID004333,9542444998,Vi
PH005414,CID004334,9443594979,Airtel
PH005415,CID004334,9339937113,Airtel
PH005416,CID004335,9441317493,BSNL
PH005417,CID004336,9485154674,Jio
PH005418,CID004337,9698380282,Vi
PH005419,CID004337,9396332247,Airtel
PH005420,CID004338,9618903244,Vi
PH005421,CID004339,9344038056,BSNL
PH005422,CID004340,9197088053,Vi
PH005423,CID004341,9134553716,Vi
PH005424,CID004342,9973227051,BSNL
PH005425,CID004343,9383537640,BSNL
PH005426,CID004344,9796955322,BSNL
PH005427,CID004344,9084311380,Airtel
PH005428,CID004345,9800725134,Jio
PH005429,CID004346,9396317341,Vi
PH005430,CID004347,9208714515,Jio
PH005431,CID004347,9053389084,Airtel
PH005432,CID004348,9990635207,BSNL
PH005433,CID004349,9004223436,BSNL
PH005434,CID004350,9915209131,Vi
PH005435,CID004351,9636234020,BSNL
PH005436,CID004352,9988420328,BSNL
PH005437,CID004352,9465673729,Jio
PH005438,CID004353,9956690858,Jio
PH005439,CID004354,9765825513,Jio
PH005440,CID004355,9558896723,BSNL
PH005441,CID004356,9937353037,BSNL
PH005442,CID004357,9664385810,Jio
PH005443,CID004358,9583591457,Vi
PH005444,CID004359,9483611348,BSNL
PH005445,CID004359,9247653954,Jio
PH005446,CID004360,9340497615,Jio
PH005447,CID004361,9164363682,Jio
PH005448,CID004362,9263287184,Vi
PH005449,CID004362,9373001047,Airtel
PH005450,CID004363,9483188881,BSNL
PH005451,CID004363,9115684162,Jio
PH005452,CID004364,9439952648,BSNL
PH005453,CID004365,9071595755,Jio
PH005454,CID004366,9273233960,Airtel
PH005455,CID004367,9454827912,Airtel
PH005456,CID004368,9446899048,BSNL
PH005457,CID004369,9995799705,BSNL
PH005458,CID004369,9133122488,BSNL
PH005459,CID004370,9817712655,Jio
PH005460,CID004371,9230143153,Vi
PH005461,CID004372,9808904364,Airtel
PH005462,CID004373,9791538967,Jio
PH005463,CID004374,9882760843,Airtel
PH005464,CID004374,9537214725,Jio
PH005465,CID004375,9621798708,Jio
PH005466,CID004375,9936017975,Vi
PH005467,CID004376,9588831417,Vi
PH005468,CID004377,9548265758,Airtel
PH005469,CID004378,9962911833,BSNL
PH005470,CID004379,9250542441,BSNL
PH005471,CID004380,9179875565,Jio
PH005472,CID004381,9639260490,Jio
PH005473,CID004381,9550546383,Jio
PH005474,CID004382,9396842859,Airtel
PH005475,CID004383,9934486194,Vi
PH005476,CID004384,9449043280,Airtel
PH005477,CID004385,9683525462,Airtel
PH005478,CID004386,9759618317,Vi
PH005479,CID004386,9358601422,Airtel
PH005480,CID004387,9467143786,BSNL
PH005481,CID004387,9227271655,Vi
PH005482,CID004388,9780877720,Jio
PH005483,CID004388,9763904754,Airtel
PH005484,CID004389,9018573658,BSNL
PH005485,CID004390,9038049865,BSNL
PH005486,CID004390,9320224974,Airtel
PH005487,CID004391,9637869660,BSNL
PH005488,CID004391,9952087627,BSNL
PH005489,CID004392,9926405077,Airtel
PH005490,CID004393,9771190370,Vi
PH005491,CID004393,9956556166,Airtel
PH005492,CID004394,9861073798,BSNL
PH005493,CID004395,9972874043,BSNL
PH005494,CID004395,9149731481,Airtel
PH005495,CID004396,9261384654,Airtel
PH005496,CID004397,9952155176,BSNL
PH005497,CID004398,9617472987,Jio
PH005498,CID004398,9225831249,Airtel
PH005499,CID004399,9264509986,Vi
PH005500,CID004399,9762504449,Jio
PH005501,CID004400,9189408566,BSNL
PH005502,CID004401,9315413249,Vi
PH005503,CID004402,9693916095,Airtel
PH005504,CID004402,9815229221,Airtel
PH005505,CID004403,9950939527,BSNL
PH005506,CID004404,9078941268,Vi
PH005507,CID004405,9872347425,Airtel
PH005508,CID004406,9622545648,Vi
PH005509,CID004407,9814191321,BSNL
PH005510,CID004408,9640601276,BSNL
PH005511,CID004409,9798719839,Jio
PH005512,CID004410,9046463533,Airtel
PH005513,CID004411,9496642891,Vi
PH005514,CID004411,9678302984,Vi
PH005515,CID004412,9798557096,Jio
PH005516,CID004413,9267439321,Airtel
PH005517,CID004413,9279791612,Vi
PH005518,CID004414,9501549081,Jio
PH005519,CID004415,9659078444,Vi
PH005520,CID004415,9172670156,BSNL
PH005521,CID004416,9303811231,Jio
PH005522,CID004416,9960817976,Vi
PH005523,CID004417,9768074715,BSNL
PH005524,CID004418,9690631050,Airtel
PH005525,CID004419,9816497920,Vi
PH005526,CID004420,9707566731,BSNL
PH005527,CID004421,9531839107,BSNL
PH005528,CID004422,9588348382,Airtel
PH005529,CID004423,9251984692,Airtel
PH005530,CID004423,9680142130,Airtel
PH005531,CID004424,9264757484,BSNL
PH005532,CID004425,9136694584,BSNL
PH005533,CID004426,9004236762,Jio
PH005534,CID004427,9320974363,Jio
PH005535,CID004428,9194108627,Jio
PH005536,CID004429,9429131297,BSNL
PH005537,CID004430,9304365097,Airtel
PH005538,CID004430,9641870521,Jio
PH005539,CID004431,9662225938,BSNL
PH005540,CID004432,9525388354,Airtel
PH005541,CID004432,9289691569,Airtel
PH005542,CID004433,9246809532,Vi
PH005543,CID004434,9241179843,Airtel
PH005544,CID004435,9577646916,Jio
PH005545,CID004436,9466137094,Vi
PH005546,CID004437,9471577482,BSNL
PH005547,CID004438,9967474532,Airtel
PH005548,CID004438,9499326131,Airtel
PH005549,CID004439,9509320572,Jio
PH005550,CID004440,9923917354,Jio
PH005551,CID004441,9387091867,Jio
PH005552,CID004442,9815153272,Airtel
PH005553,CID004442,9674393828,Vi
PH005554,CID004443,9037234785,Airtel
PH005555,CID004443,9164620290,Airtel
PH005556,CID004444,9215969191,BSNL
PH005557,CID004445,9787075422,Airtel
PH005558,CID004446,9599907087,BSNL
PH005559,CID004447,9668530240,Jio
PH005560,CID004448,9326837843,Vi
PH005561,CID004448,9071323311,Vi
PH005562,CID004449,9219580372,BSNL
PH005563,CID004449,9943113702,Vi
PH005564,CID004450,9292662416,Vi
PH005565,CID004451,9075414458,Airtel
PH005566,CID004451,9385140821,Airtel
PH005567,CID004452,9160867615,BSNL
PH005568,CID004453,9784016755,BSNL
PH005569,CID004454,9664374719,Jio
PH005570,CID004455,9766085599,Vi
PH005571,CID004456,9560482736,Vi
PH005572,CID004456,9005316571,Airtel
PH005573,CID004457,9981204070,Airtel
PH005574,CID004458,9213736949,Jio
PH005575,CID004458,9092399148,Airtel
PH005576,CID004459,9677705284,Airtel
PH005577,CID004460,9858982643,Airtel
PH005578,CID004460,9323953384,Vi
PH005579,CID004461,9074899985,Jio
PH005580,CID004462,9499695397,BSNL
PH005581,CID004463,9982944667,BSNL
PH005582,CID004464,9008991483,Airtel
PH005583,CID004465,9221499722,BSNL
PH005584,CID004466,9237862336,Airtel
PH005585,CID004467,9307753323,Airtel
PH005586,CID004467,9448797632,Jio
PH005587,CID004468,9309500295,Vi
PH005588,CID004469,9772580777,Vi
PH005589,CID004470,9240594136,Vi
PH005590,CID004471,9853971831,Vi
PH005591,CID004472,9047111803,Airtel
PH005592,CID004473,9118163643,Jio
PH005593,CID004474,9205790718,Jio
PH005594,CID004475,9374001165,Airtel
PH005595,CID004475,9562091507,Jio
PH005596,CID004476,9297597183,Vi
PH005597,CID004476,9724025324,BSNL
PH005598,CID004477,9566784230,Vi
PH005599,CID004478,9147785354,Airtel
PH005600,CID004478,9857541553,BSNL
PH005601,CID004479,9419422345,Airtel
PH005602,CID004480,9605131538,Vi
PH005603,CID004481,9509041037,Jio
PH005604,CID004481,9102640504,Airtel
PH005605,CID004482,9789571175,Vi
PH005606,CID004482,9553193112,BSNL
PH005607,CID004483,9210747068,Jio
PH005608,CID004483,9262686874,Jio
PH005609,CID004484,9086063471,BSNL
PH005610,CID004485,9352374176,Airtel
PH005611,CID004485,9485432634,Jio
PH005612,CID004486,9332794459,Vi
PH005613,CID004486,9286632970,Vi
PH005614,CID004487,9175263128,Jio
PH005615,CID004488,9676298514,Jio
PH005616,CID004488,9866952661,Jio
PH005617,CID004489,9010189486,BSNL
PH005618,CID004490,9834344014,Airtel
PH005619,CID004491,9869171286,Vi
PH005620,CID004492,9421482234,Vi
PH005621,CID004493,9452290790,Jio
PH005622,CID004494,9451528667,Vi
PH005623,CID004495,9892167214,Airtel
PH005624,CID004496,9111435157,Vi
PH005625,CID004497,9249942037,Vi
PH005626,CID004497,9335323523,Airtel
PH005627,CID004498,9306314662,Jio
PH005628,CID004499,9134003952,BSNL
PH005629,CID004500,9916196246,Vi
PH005630,CID004500,9871915208,BSNL
PH005631,CID004501,9974344721,Airtel
PH005632,CID004502,9261948800,Airtel
PH005633,CID004503,9005854011,Jio
PH005634,CID004503,9274959791,Airtel
PH005635,CID004504,9667363075,BSNL
PH005636,CID004505,9192021557,BSNL
PH005637,CID004506,9756405044,Jio
PH005638,CID004506,9824078546,Jio
PH005639,CID004507,9528004515,Vi
PH005640,CID004508,9519730244,Vi
PH005641,CID004509,9188968925,Airtel
PH005642,CID004510,9234993817,Vi
PH005643,CID004511,9141444861,Airtel
PH005644,CID004511,9764339172,Jio
PH005645,CID004512,9678831598,Airtel
PH005646,CID004513,9586769249,BSNL
PH005647,CID004514,9681848785,BSNL
PH005648,CID004515,9551075547,BSNL
PH005649,CID004516,9065697260,Airtel
PH005650,CID004517,9938929265,Vi
PH005651,CID004518,9592646646,Airtel
PH005652,CID004518,9769640606,Jio
PH005653,CID004519,9523900199,Airtel
PH005654,CID004520,9724832379,Vi
PH005655,CID004521,9740099515,Vi
PH005656,CID004521,9755590996,Vi
PH005657,CID004522,9380041739,Vi
PH005658,CID004522,9889080812,Jio
PH005659,CID004523,9532429553,BSNL
PH005660,CID004523,9364458347,Jio
PH005661,CID004524,9422911792,BSNL
PH005662,CID004525,9242704861,Vi
PH005663,CID004525,9886872939,Jio
PH005664,CID004526,9838708072,Vi
PH005665,CID004527,9722670046,Airtel
PH005666,CID004527,9717764719,Vi
PH005667,CID004528,9594085765,BSNL
PH005668,CID004529,9432295026,Airtel
PH005669,CID004530,9241616270,BSNL
PH005670,CID004531,9278914428,Airtel
PH005671,CID004531,9396044369,Airtel
PH005672,CID004532,9009955773,Airtel
PH005673,CID004532,9260753925,BSNL
PH005674,CID004533,9933520861,Jio
PH005675,CID004534,9270031891,Vi
PH005676,CID004535,9114861540,Vi
PH005677,CID004536,9703729996,Airtel
PH005678,CID004537,9417493253,Airtel
PH005679,CID004538,9281583364,Jio
PH005680,CID004539,9293192060,Airtel
PH005681,CID004540,9186403506,Airtel
PH005682,CID004541,9641934714,Jio
PH005683,CID004542,9591270081,Jio
PH005684,CID004543,9804516190,Airtel
PH005685,CID004544,9744467039,Jio
PH005686,CID004544,9702933685,BSNL
PH005687,CID004545,9284226613,Jio
PH005688,CID004546,9432252355,Jio
PH005689,CID004547,9845790527,Jio
PH005690,CID004547,9629621623,Vi
PH005691,CID004548,9137935347,Vi
PH005692,CID004549,9565541884,Airtel
PH005693,CID004549,9990124453,Jio
PH005694,CID004550,9545831544,Airtel
PH005695,CID004551,9854488521,Vi
PH005696,CID004552,9498231234,BSNL
PH005697,CID004552,9900803890,BSNL
PH005698,CID004553,9111375556,Airtel
PH005699,CID004553,9317297071,Vi
PH005700,CID004554,9973054910,Vi
PH005701,CID004555,9964306868,BSNL
PH005702,CID004555,9826329683,Vi
PH005703,CID004556,9203956406,BSNL
PH005704,CID004556,9692334916,BSNL
PH005705,CID004557,9473862416,BSNL
PH005706,CID004558,9067764478,Jio
PH005707,CID004558,9829823159,Jio
PH005708,CID004559,9429273467,Jio
PH005709,CID004560,9372596324,Airtel
PH005710,CID004560,9537972408,Vi
PH005711,CID004561,9568430670,Jio
PH005712,CID004562,9501647706,Jio
PH005713,CID004563,9787997995,Vi
PH005714,CID004564,9040572444,Jio
PH005715,CID004565,9973490812,Jio
PH005716,CID004566,9127140439,Vi
PH005717,CID004567,9454943637,BSNL
PH005718,CID004568,9382882429,Airtel
PH005719,CID004569,9851288949,Jio
PH005720,CID004570,9110776089,Jio
PH005721,CID004571,9184342745,Vi
PH005722,CID004572,9190213695,BSNL
PH005723,CID004573,9867618339,BSNL
PH005724,CID004573,9122945738,BSNL
PH005725,CID004574,9857479827,Vi
PH005726,CID004575,9745875522,Jio
PH005727,CID004575,9097416755,Jio
PH005728,CID004576,9397030416,BSNL
PH005729,CID004577,9152731276,Jio
PH005730,CID004577,9201805658,BSNL
PH005731,CID004578,9990970490,Jio
PH005732,CID004578,9202890202,Vi
PH005733,CID004579,9464010807,Vi
PH005734,CID004580,9491581260,BSNL
PH005735,CID004581,9925994678,BSNL
PH005736,CID004582,9595909937,BSNL
PH005737,CID004583,9002077021,BSNL
PH005738,CID004583,9974305763,BSNL
PH005739,CID004584,9912594548,Airtel
PH005740,CID004585,9158790766,Vi
PH005741,CID004586,9847658543,Jio
PH005742,CID004587,9058787502,BSNL
PH005743,CID004588,9444226265,Vi
PH005744,CID004589,9804654967,Airtel
PH005745,CID004590,9233471346,Vi
PH005746,CID004591,9425662599,Jio
PH005747,CID004591,9912053443,Jio
PH005748,CID004592,9503499545,Airtel
PH005749,CID004593,9299317953,Airtel
PH005750,CID004594,9430313038,BSNL
PH005751,CID004595,9974188369,Airtel
PH005752,CID004595,9902321456,BSNL
PH005753,CID004596,9551903418,Jio
PH005754,CID004597,9574197402,Airtel
PH005755,CID004597,9832229887,Airtel
PH005756,CID004598,9630635230,BSNL
PH005757,CID004599,9778276006,Airtel
PH005758,CID004600,9981791670,BSNL
PH005759,CID004601,9433494770,Airtel
PH005760,CID004602,9563745108,Vi
PH005761,CID004603,9725403804,Jio
PH005762,CID004604,9720372339,Airtel
PH005763,CID004605,9359632018,BSNL
PH005764,CID004605,9937687921,Jio
PH005765,CID004606,9268517742,Vi
PH005766,CID004607,9805650995,Airtel
PH005767,CID004607,9324732714,Jio
PH005768,CID004608,9689234873,Airtel
PH005769,CID004608,9742353318,Jio
PH005770,CID004609,9544692369,BSNL
PH005771,CID004610,9975466601,Airtel
PH005772,CID004610,9967721168,BSNL
PH005773,CID004611,9648212810,Vi
PH005774,CID004611,9819427733,BSNL
PH005775,CID004612,9778535646,Jio
PH005776,CID004612,9058824682,Airtel
PH005777,CID004613,9434333090,Jio
PH005778,CID004614,9002092656,BSNL
PH005779,CID004615,9557763760,Airtel
PH005780,CID004616,9132104985,Vi
PH005781,CID004617,9620969161,Jio
PH005782,CID004618,9057651676,BSNL
PH005783,CID004619,9363472718,Jio
PH005784,CID004620,9431558832,Airtel
PH005785,CID004621,9433628819,BSNL
PH005786,CID004622,9998188461,Jio
PH005787,CID004623,9364559195,Jio
PH005788,CID004624,9439505844,Vi
PH005789,CID004625,9649952095,Jio
PH005790,CID004626,9475060863,Vi
PH005791,CID004626,9574897639,Jio
PH005792,CID004627,9759656086,BSNL
PH005793,CID004627,9681893721,Jio
PH005794,CID004628,9022604844,Airtel
PH005795,CID004629,9555677523,BSNL
PH005796,CID004630,9571321686,Airtel
PH005797,CID004630,9874312208,Airtel
PH005798,CID004631,9659095009,BSNL
PH005799,CID004631,9499517695,BSNL
PH005800,CID004632,9396813739,BSNL
PH005801,CID004633,9608073936,Vi
PH005802,CID004634,9331268189,Jio
PH005803,CID004635,9185470645,Vi
PH005804,CID004636,9026429171,Jio
PH005805,CID004637,9332432926,Airtel
PH005806,CID004638,9931873599,Airtel
PH005807,CID004639,9799314635,Jio
PH005808,CID004639,9482116998,Jio
PH005809,CID004640,9791412668,Vi
PH005810,CID004641,9208193177,Vi
PH005811,CID004642,9827259879,Airtel
PH005812,CID004643,9563908461,Vi
PH005813,CID004643,9921338638,Jio
PH005814,CID004644,9527834894,Vi
PH005815,CID004645,9733545851,Jio
PH005816,CID004646,9447088526,Airtel
PH005817,CID004647,9173399804,Jio
PH005818,CID004648,9487934926,Vi
PH005819,CID004648,9742225896,Airtel
PH005820,CID004649,9813130965,Airtel
PH005821,CID004650,9386994714,Jio
PH005822,CID004651,9852974609,Jio
PH005823,CID004651,9855835480,BSNL
PH005824,CID004652,9388492887,BSNL
PH005825,CID004653,9775347974,Jio
PH005826,CID004654,9309992633,Airtel
PH005827,CID004655,9678554537,Vi
PH005828,CID004656,9749913133,BSNL
PH005829,CID004657,9275003813,Jio
PH005830,CID004658,9172280001,Vi
PH005831,CID004659,9780084781,Jio
PH005832,CID004660,9163656690,Airtel
PH005833,CID004661,9256866778,BSNL
PH005834,CID004662,9653518172,BSNL
PH005835,CID004663,9207024889,Airtel
PH005836,CID004664,9662915142,Airtel
PH005837,CID004665,9934126893,Vi
PH005838,CID004666,9238957853,Vi
PH005839,CID004666,9044209864,Airtel
PH005840,CID004667,9994450790,Jio
PH005841,CID004667,9603530123,BSNL
PH005842,CID004668,9081026918,Jio
PH005843,CID004668,9466419920,Vi
PH005844,CID004669,9793427387,BSNL
PH005845,CID004669,9528546500,Vi
PH005846,CID004670,9682047923,Jio
PH005847,CID004671,9269357558,Airtel
PH005848,CID004672,9850234141,Airtel
PH005849,CID004673,9908239533,Jio
PH005850,CID004674,9457609180,Airtel
PH005851,CID004675,9073130580,Jio
PH005852,CID004676,9455039689,BSNL
PH005853,CID004677,9177130513,Jio
PH005854,CID004677,9661081714,Airtel
PH005855,CID004678,9003478597,Jio
PH005856,CID004679,9212411173,Jio
PH005857,CID004679,9064532651,Jio
PH005858,CID004680,9243450691,BSNL
PH005859,CID004680,9670115433,Jio
PH005860,CID004681,9103506001,BSNL
PH005861,CID004682,9105366527,Vi
PH005862,CID004683,9046243136,Airtel
PH005863,CID004683,9691587737,Jio
PH005864,CID004684,9860748373,BSNL
PH005865,CID004685,9683780114,BSNL
PH005866,CID004685,9529954533,Airtel
PH005867,CID004686,9962066837,Jio
PH005868,CID004687,9506202643,Vi
PH005869,CID004688,9946467623,BSNL
PH005870,CID004689,9045763005,Airtel
PH005871,CID004689,9820276105,BSNL
PH005872,CID004690,9408753109,Vi
PH005873,CID004691,9175209471,BSNL
PH005874,CID004692,9169643097,Airtel
PH005875,CID004692,9998748074,Vi
PH005876,CID004693,9261930427,Airtel
PH005877,CID004694,9595338784,Vi
PH005878,CID004695,9311882011,Jio
PH005879,CID004696,9854131183,BSNL
PH005880,CID004696,9709879843,Vi
PH005881,CID004697,9778384818,Airtel
PH005882,CID004698,9268433000,Jio
PH005883,CID004699,9913040047,BSNL
PH005884,CID004700,9572177406,Jio
PH005885,CID004701,9763689543,BSNL
PH005886,CID004701,9221917857,Airtel
PH005887,CID004702,9084371582,Airtel
PH005888,CID004703,9344426590,Airtel
PH005889,CID004704,9509654164,Vi
PH005890,CID004705,9851370760,Airtel
PH005891,CID004706,9309254224,BSNL
PH005892,CID004707,9637009019,Jio
PH005893,CID004708,9670509069,Jio
PH005894,CID004709,9003892009,BSNL
PH005895,CID004710,9350321030,Vi
PH005896,CID004710,9955866043,Vi
PH005897,CID004711,9417665667,Airtel
PH005898,CID004712,9323981356,Jio
PH005899,CID004713,9470460551,Airtel
PH005900,CID004714,9508547399,BSNL
PH005901,CID004715,9271169054,Vi
PH005902,CID004715,9183856643,Vi
PH005903,CID004716,9700069488,BSNL
PH005904,CID004717,9401036433,BSNL
PH005905,CID004718,9781347540,Jio
PH005906,CID004718,9996554666,Jio
PH005907,CID004719,9781676375,BSNL
PH005908,CID004720,9250867345,Jio
PH005909,CID004721,9324009047,Vi
PH005910,CID004722,9403562590,Airtel
PH005911,CID004723,9299035321,BSNL
PH005912,CID004724,9905277006,Airtel
PH005913,CID004724,9859707345,BSNL
PH005914,CID004725,9316756321,BSNL
PH005915,CID004726,9680493080,Vi
PH005916,CID004727,9204013084,Airtel
PH005917,CID004727,9417259062,Airtel
PH005918,CID004728,9126383810,Jio
PH005919,CID004729,9268183564,Vi
PH005920,CID004730,9595971178,Vi
PH005921,CID004731,9503114196,BSNL
PH005922,CID004732,9771887362,Jio
PH005923,CID004732,9231156724,Jio
PH005924,CID004733,9632215534,Vi
PH005925,CID004734,9529780519,Airtel
PH005926,CID004734,9655287409,Jio
PH005927,CID004735,9359479941,BSNL
PH005928,CID004736,9280036210,Vi
PH005929,CID004736,9397096719,Airtel
PH005930,CID004737,9618743613,Airtel
PH005931,CID004737,9460664491,Jio
PH005932,CID004738,9591657841,Vi
PH005933,CID004739,9549087616,Jio
PH005934,CID004739,9578509992,Jio
PH005935,CID004740,9954072593,Airtel
PH005936,CID004741,9009287979,Jio
PH005937,CID004742,9423404685,BSNL
PH005938,CID004743,9199034798,Jio
PH005939,CID004744,9903806158,Jio
PH005940,CID004744,9938190974,Airtel
PH005941,CID004745,9859110767,Vi
PH005942,CID004746,9992789877,Airtel
PH005943,CID004747,9600729671,Vi
PH005944,CID004748,9298878666,Airtel
PH005945,CID004749,9066251559,Airtel
PH005946,CID004750,9463872664,Vi
PH005947,CID004751,9676841225,Airtel
PH005948,CID004751,9662409082,Airtel
PH005949,CID004752,9140027318,Airtel
PH005950,CID004753,9139061702,BSNL
PH005951,CID004754,9967620303,Airtel
PH005952,CID004754,9941710718,Airtel
PH005953,CID004755,9474948910,Jio
PH005954,CID004756,9983524274,BSNL
PH005955,CID004756,9033157209,Vi
PH005956,CID004757,9748780112,Vi
PH005957,CID004757,9933800762,BSNL
PH005958,CID004758,9535256862,Jio
PH005959,CID004759,9850973152,Vi
PH005960,CID004760,9607337141,Jio
PH005961,CID004760,9428624760,BSNL
PH005962,CID004761,9402995435,Airtel
PH005963,CID004762,9560776383,Vi
PH005964,CID004763,9574624621,Airtel
PH005965,CID004764,9947223681,Vi
PH005966,CID004765,9377583105,Jio
PH005967,CID004766,9291108256,Jio
PH005968,CID004767,9233470402,Jio
PH005969,CID004768,9243237259,BSNL
PH005970,CID004769,9832378582,Vi
PH005971,CID004770,9006703283,Vi
PH005972,CID004771,9256603130,Airtel
PH005973,CID004772,9124364970,Jio
PH005974,CID004773,9155742599,Jio
PH005975,CID004774,9992543260,Jio
PH005976,CID004774,9291443594,Jio
PH005977,CID004775,9948251787,Airtel
PH005978,CID004775,9577051471,Vi
PH005979,CID004776,9108246061,Airtel
PH005980,CID004777,9738409779,Vi
PH005981,CID004778,9173168268,Jio
PH005982,CID004779,9524502431,Jio
PH005983,CID004780,9688870209,Jio
PH005984,CID004781,9515302621,Vi
PH005985,CID004782,9608039691,Vi
PH005986,CID004782,9876707168,Jio
PH005987,CID004783,9332398875,Vi
PH005988,CID004784,9257547346,Airtel
PH005989,CID004785,9960326083,Airtel
PH005990,CID004786,9609814146,Vi
PH005991,CID004787,9899125313,BSNL
PH005992,CID004788,9442914597,BSNL
PH005993,CID004789,9647834386,BSNL
PH005994,CID004789,9273316314,Airtel
PH005995,CID004790,9595584032,Jio
PH005996,CID004791,9872646962,Jio
PH005997,CID004791,9628134148,BSNL
PH005998,CID004792,9074179377,Jio
PH005999,CID004793,9600468184,BSNL
PH006000,CID004794,9203559388,Jio
PH006001,CID004795,9925934354,BSNL
PH006002,CID004796,9403607791,Vi
PH006003,CID004797,9523469159,Vi
PH006004,CID004798,9728105262,BSNL
PH006005,CID004799,9915050700,Vi
PH006006,CID004800,9417688555,BSNL
PH006007,CID004801,9968627638,Airtel
PH006008,CID004801,9287075348,Airtel
PH006009,CID004802,9653326882,Jio
PH006010,CID004803,9146564145,Jio
PH006011,CID004804,9281597945,Jio
PH006012,CID004805,9328788775,BSNL
PH006013,CID004806,9931050735,Jio
PH006014,CID004807,9736188795,Vi
PH006015,CID004808,9220630507,Jio
PH006016,CID004809,9264814946,Airtel
PH006017,CID004809,9136758312,Vi
PH006018,CID004810,9523849602,Jio
PH006019,CID004811,9697207224,Jio
PH006020,CID004812,9391013050,Airtel
PH006021,CID004813,9636547828,Vi
PH006022,CID004814,9125268582,Vi
PH006023,CID004815,9117325383,Jio
PH006024,CID004816,9448965001,Vi
PH006025,CID004817,9738891205,Jio
PH006026,CID004818,9175047029,Jio
PH006027,CID004818,9479875511,Vi
PH006028,CID004819,9735582680,Jio
PH006029,CID004820,9057885632,Jio
PH006030,CID004821,9715166465,Vi
PH006031,CID004822,9158252288,Airtel
PH006032,CID004822,9246529899,BSNL
PH006033,CID004823,9236664248,Airtel
PH006034,CID004824,9128620374,Airtel
PH006035,CID004825,9388390463,Airtel
PH006036,CID004826,9801378112,Vi
PH006037,CID004827,9971903163,Vi
PH006038,CID004827,9828495696,Jio
PH006039,CID004828,9077311420,Airtel
PH006040,CID004829,9224782430,Airtel
PH006041,CID004830,9902828166,Vi
PH006042,CID004831,9422691902,BSNL
PH006043,CID004832,9487125449,Jio
PH006044,CID004832,9999476295,Airtel
PH006045,CID004833,9505257726,Jio
PH006046,CID004834,9219315840,Airtel
PH006047,CID004835,9905578943,Airtel
PH006048,CID004836,9587966514,Jio
PH006049,CID004837,9869576511,BSNL
PH006050,CID004838,9254144461,BSNL
PH006051,CID004839,9106944575,Airtel
PH006052,CID004840,9980083112,BSNL
PH006053,CID004841,9120111549,Vi
PH006054,CID004842,9824725104,BSNL
PH006055,CID004843,9205247896,Airtel
PH006056,CID004844,9127287352,Airtel
PH006057,CID004845,9520582769,BSNL
PH006058,CID004845,9213579171,Vi
PH006059,CID004846,9517931898,Vi
PH006060,CID004847,9406170828,Airtel
PH006061,CID004848,9016663769,Jio
PH006062,CID004849,9122557692,Airtel
PH006063,CID004849,9612391037,BSNL
PH006064,CID004850,9482776218,Airtel
PH006065,CID004851,9973980295,BSNL
PH006066,CID004852,9139484658,Jio
PH006067,CID004853,9131316740,Vi
PH006068,CID004854,9664765210,Airtel
PH006069,CID004855,9154546671,Vi
PH006070,CID004856,9358066874,BSNL
PH006071,CID004857,9625149325,Vi
PH006072,CID004857,9643100772,BSNL
PH006073,CID004858,9263230932,Jio
PH006074,CID004858,9614053801,Vi
PH006075,CID004859,9477676896,BSNL
PH006076,CID004860,9844988073,Airtel
PH006077,CID004861,9234387115,Airtel
PH006078,CID004861,9653834501,Vi
PH006079,CID004862,9566786625,Vi
PH006080,CID004863,9356881679,Jio
PH006081,CID004863,9298715254,Jio
PH006082,CID004864,9804891113,Airtel
PH006083,CID004864,9524456954,Vi
PH006084,CID004865,9168386581,Airtel
PH006085,CID004866,9728617669,Vi
PH006086,CID004866,9986328510,Vi
PH006087,CID004867,9776510732,Airtel
PH006088,CID004868,9585909314,Vi
PH006089,CID004869,9668309843,BSNL
PH006090,CID004870,9364773355,Airtel
PH006091,CID004870,9159889150,Vi
PH006092,CID004871,9447089936,Jio
PH006093,CID004871,9596904649,Vi
PH006094,CID004872,9112647343,Vi
PH006095,CID004873,9138962210,Vi
PH006096,CID004874,9249921298,Airtel
PH006097,CID004874,9933202225,Airtel
PH006098,CID004875,9523471165,BSNL
PH006099,CID004875,9494675522,Airtel
PH006100,CID004876,9959254293,Airtel
PH006101,CID004877,9818694387,BSNL
PH006102,CID004878,9227368986,BSNL
PH006103,CID004879,9008000134,Jio
PH006104,CID004880,9921682521,Airtel
PH006105,CID004881,9840789202,Vi
PH006106,CID004882,9847682690,Airtel
PH006107,CID004883,9569418656,Jio
PH006108,CID004884,9431241108,Airtel
PH006109,CID004885,9132086344,Jio
PH006110,CID004886,9754901611,Airtel
PH006111,CID004887,9238272225,Vi
PH006112,CID004888,9755059797,Airtel
PH006113,CID004888,9845968418,Jio
PH006114,CID004889,9383816108,Vi
PH006115,CID004890,9907601749,Jio
PH006116,CID004891,9538042643,Airtel
PH006117,CID004892,9851041515,Jio
PH006118,CID004893,9654927924,BSNL
PH006119,CID004893,9340413537,Jio
PH006120,CID004894,9348116688,BSNL
PH006121,CID004895,9323448427,BSNL
PH006122,CID004896,9655934434,Airtel
PH006123,CID004897,9163986710,Jio
PH006124,CID004898,9181020043,Vi
PH006125,CID004899,9285014945,Airtel
PH006126,CID004899,9541180421,Jio
PH006127,CID004900,9961616517,Vi
PH006128,CID004901,9330931766,Jio
PH006129,CID004902,9830171791,BSNL
PH006130,CID004903,9542838427,Vi
PH006131,CID004903,9664207048,Jio
PH006132,CID004904,9816306989,Jio
PH006133,CID004905,9946535922,Vi
PH006134,CID004906,9757642550,Vi
PH006135,CID004907,9901763617,Vi
PH006136,CID004908,9540928740,Jio
PH006137,CID004909,9266052916,Airtel
PH006138,CID004910,9156045122,Airtel
PH006139,CID004911,9577220253,Jio
PH006140,CID004912,9349684421,Airtel
PH006141,CID004913,9769178480,Airtel
PH006142,CID004913,9495815761,BSNL
PH006143,CID004914,9899692762,Vi
PH006144,CID004915,9513375283,BSNL
PH006145,CID004916,9854601126,Jio
PH006146,CID004917,9184700687,Airtel
PH006147,CID004917,9894001555,BSNL
PH006148,CID004918,9227451509,Jio
PH006149,CID004918,9916894251,Airtel
PH006150,CID004919,9808434743,Vi
PH006151,CID004919,9496409094,Vi
PH006152,CID004920,9105797182,Vi
PH006153,CID004921,9167955810,Jio
PH006154,CID004922,9174284420,Vi
PH006155,CID004923,9765475907,Vi
PH006156,CID004924,9033374336,Vi
PH006157,CID004925,9212160429,BSNL
PH006158,CID004925,9735970288,BSNL
PH006159,CID004926,9552642210,BSNL
PH006160,CID004927,9341290953,Vi
PH006161,CID004928,9298080292,BSNL
PH006162,CID004928,9746771573,Vi
PH006163,CID004929,9245515530,Vi
PH006164,CID004930,9204864841,Vi
PH006165,CID004931,9142266191,Airtel
PH006166,CID004932,9499769509,Jio
PH006167,CID004933,9797715240,Vi
PH006168,CID004934,9056303683,Jio
PH006169,CID004935,9579534940,Airtel
PH006170,CID004935,9969462642,Airtel
PH006171,CID004936,9504729098,Vi
PH006172,CID004937,9724966700,Vi
PH006173,CID004938,9960440724,Vi
PH006174,CID004939,9513363057,Vi
PH006175,CID004940,9766560225,Vi
PH006176,CID004941,9481023650,Jio
PH006177,CID004942,9246736187,Vi
PH006178,CID004943,9674505350,BSNL
PH006179,CID004944,9656373704,Airtel
PH006180,CID004944,9039354073,Jio
PH006181,CID004945,9116238729,Airtel
PH006182,CID004946,9024784808,Vi
PH006183,CID004946,9369363559,Airtel
PH006184,CID004947,9175943374,Vi
PH006185,CID004948,9272681596,Jio
PH006186,CID004949,9437637094,Airtel
PH006187,CID004949,9023195977,Airtel
PH006188,CID004950,9654109043,Vi
PH006189,CID004951,9971895494,Jio
PH006190,CID004952,9962573587,Jio
PH006191,CID004953,9508570705,Airtel
PH006192,CID004954,9921015055,Vi
PH006193,CID004954,9725840951,Vi
PH006194,CID004955,9377598139,BSNL
PH006195,CID004956,9766911044,Jio
PH006196,CID004957,9019184377,Vi
PH006197,CID004957,9818621357,Airtel
PH006198,CID004958,9914028616,Vi
PH006199,CID004959,9497504560,Airtel
PH006200,CID004960,9032356063,Vi
PH006201,CID004961,9841030279,Jio
PH006202,CID004962,9697046182,Airtel
PH006203,CID004962,9876903330,Airtel
PH006204,CID004963,9161645895,Airtel
PH006205,CID004964,9469539252,BSNL
PH006206,CID004965,9950517512,Airtel
PH006207,CID004966,9338515175,BSNL
PH006208,CID004967,9536096841,Vi
PH006209,CID004968,9439670159,BSNL
PH006210,CID004969,9091772916,Airtel
PH006211,CID004970,9763905075,Jio
PH006212,CID004970,9625265894,Vi
PH006213,CID004971,9833969587,Jio
PH006214,CID004972,9231811048,Jio
PH006215,CID004973,9015804451,Vi
PH006216,CID004974,9008490721,BSNL
PH006217,CID004975,9676591582,Vi
PH006218,CID004976,9512108275,Jio
PH006219,CID004977,9045388851,BSNL
PH006220,CID004977,9476312240,Airtel
PH006221,CID004978,9058050544,Jio
PH006222,CID004979,9351461044,Vi
PH006223,CID004980,9018682013,Airtel
PH006224,CID004980,9454614905,Vi
PH006225,CID004981,9414529366,Airtel
PH006226,CID004981,9411815815,Jio
PH006227,CID004982,9463006409,BSNL
PH006228,CID004983,9748535111,BSNL
PH006229,CID004984,9075798316,BSNL
PH006230,CID004985,9527056543,Airtel
PH006231,CID004986,9876652554,Vi
PH006232,CID004987,9957903941,Jio
PH006233,CID004987,9478694742,Vi
PH006234,CID004988,9547638507,Vi
PH006235,CID004989,9036942225,Vi
PH006236,CID004990,9487636975,BSNL
PH006237,CID004991,9855780988,BSNL
PH006238,CID004991,9350468353,Vi
PH006239,CID004992,9278400006,Airtel
PH006240,CID004993,9452374957,Jio
PH006241,CID004994,9144173596,Airtel
PH006242,CID004995,9248491595,Vi
PH006243,CID004996,9025561902,Vi
PH006244,CID004997,9974948804,Vi
PH006245,CID004997,9546271957,Vi
PH006246,CID004998,9182290587,Jio
PH006247,CID004998,9320900115,BSNL
PH006248,CID004999,9977792701,Vi
PH006249,CID005000,9770139278,BSNL
PH006250,CID005001,9116704567,Airtel
PH006251,CID005001,9759368710,Vi
PH006252,CID005002,9525394430,BSNL
PH006253,CID005002,9596974223,Jio
PH006254,CID005003,9263245751,Airtel
PH006255,CID005004,9335120559,Jio
PH006256,CID005004,9540233301,Airtel
PH006257,CID005005,9694440096,BSNL
PH006258,CID005006,9642787958,BSNL
PH006259,CID005006,9895582553,Jio
PH006260,CID005007,9787492889,Jio
PH006261,CID005008,9559236476,Airtel
PH006262,CID005008,9045958198,BSNL
PH006263,CID005009,9229645022,Airtel
PH006264,CID005010,9089837027,Jio
PH006265,CID005011,9944172632,Airtel
PH006266,CID005012,9595873063,Jio
PH006267,CID005013,9602506499,BSNL
PH006268,CID005013,9684000498,Jio
PH006269,CID005014,9642461696,Vi
PH006270,CID005015,9819150865,Vi
PH006271,CID005016,9839759912,Airtel
PH006272,CID005017,9077251031,Vi
PH006273,CID005018,9463355690,Jio
PH006274,CID005019,9538422018,Airtel
PH006275,CID005020,9928466637,Airtel
PH006276,CID005020,9742553428,BSNL
PH006277,CID005021,9071832264,Vi
PH006278,CID005022,9425314679,BSNL
PH006279,CID005023,9153481706,Vi
PH006280,CID005023,9290548797,Vi
PH006281,CID005024,9971351156,Vi
PH006282,CID005025,9634182840,BSNL
PH006283,CID005026,9243074116,Jio
PH006284,CID005027,9438216933,BSNL
PH006285,CID005028,9113884390,BSNL
PH006286,CID005029,9538249731,Vi
PH006287,CID005030,9206015477,BSNL
PH006288,CID005031,9215219056,Airtel
PH006289,CID005031,9357585545,Airtel
PH006290,CID005032,9980968415,Jio
PH006291,CID005032,9295064951,Airtel
PH006292,CID005033,9538584094,Vi
PH006293,CID005034,9100797699,BSNL
PH006294,CID005035,9908569757,BSNL
PH006295,CID005035,9252736296,Airtel
PH006296,CID005036,9732786760,Vi
PH006297,CID005037,9190020374,BSNL
PH006298,CID005038,9135814711,Jio
PH006299,CID005039,9765007966,Airtel
PH006300,CID005040,9096100423,Vi
PH006301,CID005040,9037164103,Airtel
PH006302,CID005041,9249431965,Airtel
PH006303,CID005042,9945810877,Jio
PH006304,CID005043,9218454830,BSNL
PH006305,CID005043,9530157759,Jio
PH006306,CID005044,9344427304,Airtel
PH006307,CID005045,9802146002,Airtel
PH006308,CID005046,9980081939,Vi
PH006309,CID005046,9630660699,BSNL
PH006310,CID005047,9426347939,BSNL
PH006311,CID005047,9309219832,BSNL
PH006312,CID005048,9096302886,BSNL
PH006313,CID005049,9734238907,Jio
PH006314,CID005049,9146481400,Vi
PH006315,CID005050,9285101816,Jio
PH006316,CID005051,9366357967,Vi
PH006317,CID005052,9648758926,Jio
PH006318,CID005053,9647092834,Vi
PH006319,CID005054,9489571160,Airtel
PH006320,CID005055,9562076608,Jio
PH006321,CID005056,9019772977,Airtel
PH006322,CID005057,9637205206,Jio
PH006323,CID005058,9866909548,Jio
PH006324,CID005059,9218406971,Vi
PH006325,CID005059,9342862571,Vi
PH006326,CID005060,9797409414,BSNL
PH006327,CID005061,9922509597,Airtel
PH006328,CID005061,9357557478,Jio
PH006329,CID005062,9649019711,Airtel
PH006330,CID005062,9938266671,Airtel
PH006331,CID005063,9437773138,BSNL
PH006332,CID005064,9691902287,Vi
PH006333,CID005065,9543144758,Airtel
PH006334,CID005066,9764150106,Vi
PH006335,CID005067,9030340612,Jio
PH006336,CID005068,9867374208,Vi
PH006337,CID005068,9432990488,BSNL
PH006338,CID005069,9431295513,Vi
PH006339,CID005069,9418081938,Jio
PH006340,CID005070,9878992659,Airtel
PH006341,CID005071,9098309555,BSNL
PH006342,CID005072,9588433937,Vi
PH006343,CID005073,9520356007,Jio
PH006344,CID005074,9457414376,Jio
PH006345,CID005075,9411776519,Vi
PH006346,CID005076,9171307778,Vi
PH006347,CID005077,9291499831,BSNL
PH006348,CID005078,9154691159,BSNL
PH006349,CID005079,9408107294,BSNL
PH006350,CID005080,9495735575,Vi
PH006351,CID005081,9760817420,Vi
PH006352,CID005082,9790123141,Airtel
PH006353,CID005083,9776828595,Vi
PH006354,CID005084,9799145059,BSNL
PH006355,CID005084,9976749160,BSNL
PH006356,CID005085,9092081586,Airtel
PH006357,CID005086,9193938432,Jio
PH006358,CID005087,9276933865,Airtel
PH006359,CID005088,9990042708,Airtel
PH006360,CID005088,9029545461,Vi
PH006361,CID005089,9656020730,Airtel
PH006362,CID005090,9309198119,BSNL
PH006363,CID005091,9951554964,Vi
PH006364,CID005092,9504595654,Jio
PH006365,CID005092,9486851930,Airtel
PH006366,CID005093,9953917381,Jio
PH006367,CID005094,9961936846,Jio
PH006368,CID005094,9349815100,Vi
PH006369,CID005095,9036691438,BSNL
PH006370,CID005095,9686117874,BSNL
PH006371,CID005096,9099036070,Vi
PH006372,CID005097,9972909243,Vi
PH006373,CID005098,9530465095,BSNL
PH006374,CID005098,9433085476,Vi
PH006375,CID005099,9771242229,BSNL
PH006376,CID005100,9325890103,BSNL
PH006377,CID005101,9277428788,Jio
PH006378,CID005102,9318189851,Airtel
PH006379,CID005103,9358040556,BSNL
PH006380,CID005104,9025070562,BSNL
PH006381,CID005105,9802023218,Airtel
PH006382,CID005106,9744734831,Vi
PH006383,CID005107,9802375822,BSNL
PH006384,CID005108,9053416507,Jio
PH006385,CID005109,9860729084,Airtel
PH006386,CID005109,9262886179,Airtel
PH006387,CID005110,9455214210,Jio
PH006388,CID005110,9725439928,Vi
PH006389,CID005111,9566759419,BSNL
PH006390,CID005112,9061902297,Vi
PH006391,CID005113,9305204355,BSNL
PH006392,CID005113,9258218359,Vi
PH006393,CID005114,9622471968,Airtel
PH006394,CID005115,9678997514,Vi
PH006395,CID005116,9948148777,Jio
PH006396,CID005117,9724581750,Jio
PH006397,CID005117,9401031735,Vi
PH006398,CID005118,9602548806,Jio
PH006399,CID005118,9312286183,Airtel
PH006400,CID005119,9570594241,Jio
PH006401,CID005120,9436108208,Vi
PH006402,CID005121,9846254584,Vi
PH006403,CID005121,9828647290,Airtel
PH006404,CID005122,9819010929,Jio
PH006405,CID005123,9024998559,BSNL
PH006406,CID005123,9570387166,Jio
PH006407,CID005124,9145129408,BSNL
PH006408,CID005125,9123198078,BSNL
PH006409,CID005125,9244916595,BSNL
PH006410,CID005126,9617323010,BSNL
PH006411,CID005126,9779309483,BSNL
PH006412,CID005127,9230018704,BSNL
PH006413,CID005128,9853377857,Airtel
PH006414,CID005129,9150198229,BSNL
PH006415,CID005130,9302763360,Vi
PH006416,CID005131,9412228095,Jio
PH006417,CID005131,9759035333,Jio
PH006418,CID005132,9727061712,Jio
PH006419,CID005133,9946323814,Vi
PH006420,CID005134,9054485817,Jio
PH006421,CID005135,9415974696,Vi
PH006422,CID005136,9475949663,BSNL
PH006423,CID005137,9193676413,Vi
PH006424,CID005138,9484840732,Vi
PH006425,CID005139,9757585719,Vi
PH006426,CID005140,9599284331,Airtel
PH006427,CID005140,9824032399,Vi
PH006428,CID005141,9755355908,Vi
PH006429,CID005142,9218363783,Jio
PH006430,CID005142,9744846932,Airtel
PH006431,CID005143,9182910928,Jio
PH006432,CID005143,9679519006,BSNL
PH006433,CID005144,9292576597,Jio
PH006434,CID005145,9893104383,BSNL
PH006435,CID005146,9533855179,Jio
PH006436,CID005147,9229201457,Airtel
PH006437,CID005147,9333248153,Vi
PH006438,CID005148,9770046539,Jio
PH006439,CID005148,9511707084,Vi
PH006440,CID005149,9845900541,BSNL
PH006441,CID005150,9849193055,Vi
PH006442,CID005151,9549453104,Vi
PH006443,CID005152,9335749164,Vi
PH006444,CID005152,9638770371,BSNL
PH006445,CID005153,9892254315,BSNL
PH006446,CID005154,9311256315,Airtel
PH006447,CID005154,9852369166,Vi
PH006448,CID005155,9163395619,Jio
PH006449,CID005155,9346982901,Jio
PH006450,CID005156,9936713111,Vi
PH006451,CID005156,9391213155,BSNL
PH006452,CID005157,9673611566,BSNL
PH006453,CID005158,9635916644,BSNL
PH006454,CID005159,9817213015,BSNL
PH006455,CID005159,9164315110,Airtel
PH006456,CID005160,9846440166,Jio
PH006457,CID005160,9871557308,BSNL
PH006458,CID005161,9532561851,Vi
PH006459,CID005162,9491819714,Jio
PH006460,CID005163,9290535517,Jio
PH006461,CID005164,9296524826,Jio
PH006462,CID005165,9818165097,Jio
PH006463,CID005166,9326400500,Vi
PH006464,CID005166,9015592660,Jio
PH006465,CID005167,9880746999,Vi
PH006466,CID005167,9944904586,Jio
PH006467,CID005168,9053409750,Jio
PH006468,CID005169,9283031400,Jio
PH006469,CID005169,9388809815,BSNL
PH006470,CID005170,9093979695,BSNL
PH006471,CID005171,9055824700,BSNL
PH006472,CID005171,9727645564,Vi
PH006473,CID005172,9757125518,Vi
PH006474,CID005173,9043346944,BSNL
PH006475,CID005174,9301827355,Airtel
PH006476,CID005174,9437393844,BSNL
PH006477,CID005175,9868700136,Jio
PH006478,CID005176,9747441831,BSNL
PH006479,CID005176,9599232933,Jio
PH006480,CID005177,9105338734,BSNL
PH006481,CID005178,9219720650,Jio
PH006482,CID005179,9850750412,Jio
PH006483,CID005179,9170480654,Airtel
PH006484,CID005180,9909881963,Vi
PH006485,CID005180,9330796154,BSNL
PH006486,CID005181,9918914447,Vi
PH006487,CID005182,9046577563,Jio
PH006488,CID005183,9525437916,Airtel
PH006489,CID005184,9218860826,Vi
PH006490,CID005185,9689583432,Airtel
PH006491,CID005185,9985712228,Jio
PH006492,CID005186,9940397235,BSNL
PH006493,CID005187,9558232475,Vi
PH006494,CID005187,9864720035,Airtel
PH006495,CID005188,9073315082,BSNL
PH006496,CID005189,9513331811,BSNL
PH006497,CID005190,9929413394,Jio
PH006498,CID005190,9467276241,Jio
PH006499,CID005191,9171378356,Jio
PH006500,CID005192,9502728539,Vi
PH006501,CID005192,9435847794,Vi
PH006502,CID005193,9748320974,BSNL
PH006503,CID005194,9947585599,Airtel
PH006504,CID005195,9598054975,Airtel
PH006505,CID005196,9676398725,Vi
PH006506,CID005197,9285462132,Airtel
PH006507,CID005198,9212194627,Airtel
PH006508,CID005199,9279381781,Jio
PH006509,CID005200,9158783501,Vi
PH006510,CID005200,9192134878,Jio
PH006511,CID005201,9071298449,Vi
PH006512,CID005201,9086676015,Jio
PH006513,CID005202,9205187149,BSNL
PH006514,CID005203,9135781414,Vi
PH006515,CID005203,9771745007,Airtel
PH006516,CID005204,9896817350,Airtel
PH006517,CID005205,9607863121,Vi
PH006518,CID005206,9793484267,Jio
PH006519,CID005207,9990698209,Jio
PH006520,CID005207,9334233298,BSNL
PH006521,CID005208,9248719213,Jio
PH006522,CID005208,9758981872,Jio
PH006523,CID005209,9429078755,Airtel
PH006524,CID005210,9053860558,Airtel
PH006525,CID005211,9026466306,Vi
PH006526,CID005212,9779570221,BSNL
PH006527,CID005213,9175037629,Airtel
PH006528,CID005214,9128874071,Jio
PH006529,CID005214,9595430464,BSNL
PH006530,CID005215,9393545530,Airtel
PH006531,CID005216,9853095284,Airtel
PH006532,CID005217,9476387582,Jio
PH006533,CID005218,9829189224,BSNL
PH006534,CID005219,9830007316,Jio
PH006535,CID005220,9161858821,Airtel
PH006536,CID005221,9805908943,Vi
PH006537,CID005221,9848557371,BSNL
PH006538,CID005222,9595339362,Vi
PH006539,CID005223,9641532101,Jio
PH006540,CID005223,9263768367,Vi
PH006541,CID005224,9784152885,Airtel
PH006542,CID005225,9438255862,Vi
PH006543,CID005226,9682216483,BSNL
PH006544,CID005227,9734025238,BSNL
PH006545,CID005228,9103946877,BSNL
PH006546,CID005228,9972475706,BSNL
PH006547,CID005229,9101837304,Vi
PH006548,CID005229,9308675705,BSNL
PH006549,CID005230,9293216599,BSNL
PH006550,CID005230,9836918850,Airtel
PH006551,CID005231,9181916812,Airtel
PH006552,CID005232,9338021108,Vi
PH006553,CID005233,9254995719,BSNL
PH006554,CID005233,9819424358,Vi
PH006555,CID005234,9105880240,Airtel
PH006556,CID005235,9502161331,Airtel
PH006557,CID005236,9993516864,Vi
PH006558,CID005237,9373140273,Jio
PH006559,CID005238,9014079738,Airtel
PH006560,CID005239,9099932199,Jio
PH006561,CID005240,9451180935,Jio
PH006562,CID005241,9477944244,Jio
PH006563,CID005242,9555914783,Jio
PH006564,CID005243,9888927001,Airtel
PH006565,CID005244,9520665375,Vi
PH006566,CID005245,9398059396,BSNL
PH006567,CID005246,9703349666,Airtel
PH006568,CID005247,9879318788,Airtel
PH006569,CID005248,9067118479,Vi
PH006570,CID005248,9469411384,Vi
PH006571,CID005249,9932628529,Jio
PH006572,CID005250,9812419837,Vi
PH006573,CID005251,9794216507,Vi
PH006574,CID005252,9340028278,Jio
PH006575,CID005253,9700040785,Jio
PH006576,CID005254,9806398518,Vi
PH006577,CID005255,9896628326,BSNL
PH006578,CID005256,9639574785,Vi
PH006579,CID005257,9934225056,Airtel
PH006580,CID005257,9710773933,Jio
PH006581,CID005258,9466960978,BSNL
PH006582,CID005259,9856100459,Vi
PH006583,CID005260,9080895802,Jio
PH006584,CID005261,9004596344,BSNL
PH006585,CID005262,9372154572,Vi
PH006586,CID005262,9909552865,Airtel
PH006587,CID005263,9430005412,Vi
PH006588,CID005264,9236904530,Jio
PH006589,CID005265,9284762059,Airtel
PH006590,CID005266,9299833759,Vi
PH006591,CID005267,9583307566,BSNL
PH006592,CID005268,9378650041,Vi
PH006593,CID005268,9028288760,Vi
PH006594,CID005269,9198439918,Jio
PH006595,CID005270,9423382571,Airtel
PH006596,CID005270,9933851285,Airtel
PH006597,CID005271,9196964384,Airtel
PH006598,CID005272,9003433639,BSNL
PH006599,CID005273,9939836434,Vi
PH006600,CID005273,9638199364,Vi
PH006601,CID005274,9060467431,Jio
PH006602,CID005275,9271046196,BSNL
PH006603,CID005275,9251162741,Vi
PH006604,CID005276,9385212904,BSNL
PH006605,CID005277,9100685734,Airtel
PH006606,CID005277,9335431571,Vi
PH006607,CID005278,9425054847,BSNL
PH006608,CID005278,9663024061,Jio
PH006609,CID005279,9545515514,Vi
PH006610,CID005279,9641648232,BSNL
PH006611,CID005280,9944976020,Airtel
PH006612,CID005281,9041539499,Vi
PH006613,CID005281,9918862931,Vi
PH006614,CID005282,9505282380,Vi
PH006615,CID005282,9564040469,Jio
PH006616,CID005283,9774095359,BSNL
PH006617,CID005284,9499413895,Vi
PH006618,CID005285,9646517668,Airtel
PH006619,CID005286,9300373336,BSNL
PH006620,CID005287,9264055769,Airtel
PH006621,CID005288,9524924879,Jio
PH006622,CID005289,9228488063,Jio
PH006623,CID005290,9627350155,Jio
PH006624,CID005291,9698294338,BSNL
PH006625,CID005292,9992747700,Airtel
PH006626,CID005293,9188516591,Airtel
PH006627,CID005293,9847639894,BSNL
PH006628,CID005294,9844970659,Airtel
PH006629,CID005294,9546408638,Vi
PH006630,CID005295,9870328099,Jio
PH006631,CID005296,9616473931,Jio
PH006632,CID005296,9156401730,BSNL
PH006633,CID005297,9157820027,BSNL
PH006634,CID005298,9530954923,BSNL
PH006635,CID005299,9614802620,BSNL
PH006636,CID005299,9152781996,BSNL
PH006637,CID005300,9287365641,Jio
PH006638,CID005301,9786922367,Vi
PH006639,CID005302,9827651928,Airtel
PH006640,CID005303,9222569389,Vi
PH006641,CID005304,9739627784,Vi
PH006642,CID005305,9227052148,Jio
PH006643,CID005306,9128395766,Jio
PH006644,CID005307,9798033625,Jio
PH006645,CID005307,9284197014,Jio
PH006646,CID005308,9571082486,BSNL
PH006647,CID005309,9357872558,Vi
PH006648,CID005310,9696297298,Airtel
PH006649,CID005311,9180376376,Vi
PH006650,CID005312,9777551384,Airtel
PH006651,CID005313,9688807445,BSNL
PH006652,CID005314,9595300182,Vi
PH006653,CID005315,9026416688,Jio
PH006654,CID005316,9855676341,Airtel
PH006655,CID005317,9585847950,BSNL
PH006656,CID005318,9415237562,BSNL
PH006657,CID005319,9929479130,Airtel
PH006658,CID005320,9766299330,Vi
PH006659,CID005321,9275077941,Airtel
PH006660,CID005322,9103678190,BSNL
PH006661,CID005322,9409354704,Vi
PH006662,CID005323,9678921957,Jio
PH006663,CID005324,9132501659,BSNL
PH006664,CID005325,9632417728,Vi
PH006665,CID005325,9573763447,Jio
PH006666,CID005326,9808724426,BSNL
PH006667,CID005327,9622160320,Airtel
PH006668,CID005328,9427403899,Jio
PH006669,CID005329,9761829112,Airtel
PH006670,CID005329,9610981077,BSNL
PH006671,CID005330,9154738218,Vi
PH006672,CID005331,9591508833,Vi
PH006673,CID005332,9121890545,Jio
PH006674,CID005333,9491209085,Airtel
PH006675,CID005333,9520976206,Vi
PH006676,CID005334,9222812478,Jio
PH006677,CID005335,9146963323,Airtel
PH006678,CID005336,9159122816,BSNL
PH006679,CID005336,9072792601,Jio
PH006680,CID005337,9348582292,BSNL
PH006681,CID005338,9247898979,BSNL
PH006682,CID005338,9895435776,BSNL
PH006683,CID005339,9841061383,Vi
PH006684,CID005340,9728153131,Vi
PH006685,CID005341,9001118830,BSNL
PH006686,CID005342,9064730270,Jio
PH006687,CID005343,9831182302,Vi
PH006688,CID005344,9625194058,BSNL
PH006689,CID005345,9344050084,Jio
PH006690,CID005346,9433525187,Vi
PH006691,CID005347,9537202082,Vi
PH006692,CID005347,9383510472,Vi
PH006693,CID005348,9729331728,Airtel
PH006694,CID005349,9533039729,Airtel
PH006695,CID005350,9143352600,Airtel
PH006696,CID005351,9847728785,Airtel
PH006697,CID005352,9027024421,Vi
PH006698,CID005353,9023158426,Vi
PH006699,CID005354,9150431687,Airtel
PH006700,CID005355,9912782547,Airtel
PH006701,CID005355,9930303831,BSNL
PH006702,CID005356,9999503652,Airtel
PH006703,CID005356,9649815032,Vi
PH006704,CID005357,9655246280,Vi
PH006705,CID005358,9944540002,BSNL
PH006706,CID005359,9827095866,BSNL
PH006707,CID005360,9407323317,BSNL
PH006708,CID005361,9466023049,Airtel
PH006709,CID005362,9169009559,Vi
PH006710,CID005363,9630149296,Jio
PH006711,CID005363,9358037804,Vi
PH006712,CID005364,9599426131,Jio
PH006713,CID005365,9733527263,Airtel
PH006714,CID005366,9209491588,BSNL
PH006715,CID005367,9023759281,Jio
PH006716,CID005367,9688860247,Jio
PH006717,CID005368,9663851426,Airtel
PH006718,CID005369,9904150833,Jio
PH006719,CID005370,9769778564,BSNL
PH006720,CID005371,9999018428,Vi
PH006721,CID005372,9678918540,Airtel
PH006722,CID005373,9027010854,Vi
PH006723,CID005374,9350226363,Jio
PH006724,CID005375,9950781340,Airtel
PH006725,CID005376,9662296101,BSNL
PH006726,CID005376,9262003403,Jio
PH006727,CID005377,9769322075,Airtel
PH006728,CID005378,9927769694,Airtel
PH006729,CID005378,9832770970,Vi
PH006730,CID005379,9868923091,BSNL
PH006731,CID005379,9560439826,Airtel
PH006732,CID005380,9402831034,Airtel
PH006733,CID005380,9019539405,Jio
PH006734,CID005381,9775436071,BSNL
PH006735,CID005382,9288840930,Jio
PH006736,CID005382,9973709314,Airtel
PH006737,CID005383,9672473070,Jio
PH006738,CID005383,9164758699,BSNL
PH006739,CID005384,9415477322,Airtel
PH006740,CID005385,9300264717,Airtel
PH006741,CID005386,9239028857,Jio
PH006742,CID005387,9165713663,Jio
PH006743,CID005388,9778617067,Airtel
PH006744,CID005388,9844831279,Vi
PH006745,CID005389,9967513584,Jio
PH006746,CID005390,9269008714,Vi
PH006747,CID005391,9034263727,BSNL
PH006748,CID005391,9358906082,Vi
PH006749,CID005392,9943898421,BSNL
PH006750,CID005393,9767048893,Airtel
PH006751,CID005394,9149586257,Airtel
PH006752,CID005395,9644780695,BSNL
PH006753,CID005396,9383610887,Airtel
PH006754,CID005397,9203540584,Vi
PH006755,CID005398,9077182601,Vi
PH006756,CID005399,9655280948,Jio
PH006757,CID005400,9959702250,BSNL
PH006758,CID005401,9983677941,Jio
PH006759,CID005402,9238592901,BSNL
PH006760,CID005403,9932632229,BSNL
PH006761,CID005404,9341417539,Vi
PH006762,CID005405,9137897575,Vi
PH006763,CID005406,9559228142,Airtel
PH006764,CID005406,9943935419,BSNL
PH006765,CID005407,9738182406,BSNL
PH006766,CID005408,9086537895,BSNL
PH006767,CID005408,9265087731,BSNL
PH006768,CID005409,9595328187,Airtel
PH006769,CID005410,9337597341,Vi
PH006770,CID005411,9747192266,Jio
PH006771,CID005412,9249792766,Vi
PH006772,CID005413,9801440086,Vi
PH006773,CID005414,9179069292,Jio
PH006774,CID005415,9941817830,Airtel
PH006775,CID005416,9339672315,Jio
PH006776,CID005417,9987433441,Airtel
PH006777,CID005418,9503212830,Vi
PH006778,CID005419,9613317943,BSNL
PH006779,CID005419,9864858577,Airtel
PH006780,CID005420,9240796207,Airtel
PH006781,CID005421,9268582953,Airtel
PH006782,CID005422,9113151574,Jio
PH006783,CID005423,9846589278,Airtel
PH006784,CID005424,9727160068,Vi
PH006785,CID005425,9975482119,BSNL
PH006786,CID005426,9484754177,BSNL
PH006787,CID005426,9095070415,Airtel
PH006788,CID005427,9526142624,BSNL
PH006789,CID005427,9821184760,Vi
PH006790,CID005428,9373267299,Airtel
PH006791,CID005429,9041977036,Jio
PH006792,CID005429,9783966055,Airtel
PH006793,CID005430,9081309237,BSNL
PH006794,CID005431,9039555644,BSNL
PH006795,CID005431,9956793724,BSNL
PH006796,CID005432,9778513201,Vi
PH006797,CID005432,9109278255,Airtel
PH006798,CID005433,9213760663,BSNL
PH006799,CID005434,9341765539,Vi
PH006800,CID005434,9555450680,BSNL
PH006801,CID005435,9222334052,Airtel
PH006802,CID005436,9878331050,BSNL
PH006803,CID005437,9360618317,Airtel
PH006804,CID005437,9580801592,Airtel
PH006805,CID005438,9888605681,Jio
PH006806,CID005439,9792082927,BSNL
PH006807,CID005439,9475584123,Jio
PH006808,CID005440,9393931524,Vi
PH006809,CID005441,9801590797,Airtel
PH006810,CID005442,9155232760,Airtel
PH006811,CID005442,9190554929,Jio
PH006812,CID005443,9015898977,Airtel
PH006813,CID005443,9549531853,Jio
PH006814,CID005444,9547089203,Jio
PH006815,CID005445,9846089284,Airtel
PH006816,CID005445,9678621216,Jio
PH006817,CID005446,9073419806,BSNL
PH006818,CID005446,9643522829,Jio
PH006819,CID005447,9508236043,Jio
PH006820,CID005448,9577194764,BSNL
PH006821,CID005448,9714508032,Vi
PH006822,CID005449,9930661431,BSNL
PH006823,CID005450,9783003083,BSNL
PH006824,CID005451,9433799136,Airtel
PH006825,CID005452,9851987381,Airtel
PH006826,CID005452,9953575310,Vi
PH006827,CID005453,9753461193,Vi
PH006828,CID005454,9630043443,Airtel
PH006829,CID005454,9567020338,Jio
PH006830,CID005455,9100098212,BSNL
PH006831,CID005456,9512065872,Airtel
PH006832,CID005457,9393354073,Jio
PH006833,CID005457,9580291042,Vi
PH006834,CID005458,9206697660,Vi
PH006835,CID005459,9820133068,BSNL
PH006836,CID005459,9304809376,BSNL
PH006837,CID005460,9966437472,BSNL
PH006838,CID005461,9940726047,Jio
PH006839,CID005461,9925164387,Airtel
PH006840,CID005462,9298374196,BSNL
PH006841,CID005463,9247218328,Vi
PH006842,CID005463,9267885888,Airtel
PH006843,CID005464,9122895659,Vi
PH006844,CID005465,9501819562,Jio
PH006845,CID005466,9157511730,Jio
PH006846,CID005467,9335279132,Airtel
PH006847,CID005468,9210131192,Jio
PH006848,CID005469,9545473593,Airtel
PH006849,CID005470,9665157530,Vi
PH006850,CID005471,9768263247,Vi
PH006851,CID005472,9996859600,BSNL
PH006852,CID005473,9461494841,BSNL
PH006853,CID005473,9838946161,Airtel
PH006854,CID005474,9406824290,Jio
PH006855,CID005475,9240468246,Jio
PH006856,CID005475,9608818829,Jio
PH006857,CID005476,9521946714,Vi
PH006858,CID005477,9954435148,Vi
PH006859,CID005478,9889322906,Airtel
PH006860,CID005479,9447601052,Jio
PH006861,CID005480,9513535089,Jio
PH006862,CID005480,9530138324,Airtel
PH006863,CID005481,9158116471,BSNL
PH006864,CID005482,9571336599,Vi
PH006865,CID005483,9047425053,Jio
PH006866,CID005484,9386080168,Airtel
PH006867,CID005485,9264516528,Airtel
PH006868,CID005486,9220842477,Jio
PH006869,CID005487,9181363843,BSNL
PH006870,CID005487,9775685286,Jio
PH006871,CID005488,9349350176,BSNL
PH006872,CID005489,9290861827,Airtel
PH006873,CID005489,9815120723,Vi
PH006874,CID005490,9867575715,Jio
PH006875,CID005490,9141294081,Airtel
PH006876,CID005491,9674908690,Airtel
PH006877,CID005492,9307273558,BSNL
PH006878,CID005493,9002879745,BSNL
PH006879,CID005494,9577674624,Jio
PH006880,CID005495,9707030729,BSNL
PH006881,CID005496,9463239949,Airtel
PH006882,CID005497,9946271610,Airtel
PH006883,CID005498,9113159384,Jio
PH006884,CID005499,9320992983,Airtel
PH006885,CID005500,9919786696,Vi
PH006886,CID005501,9144643735,BSNL
PH006887,CID005502,9628435999,Vi
PH006888,CID005503,9999026600,Vi
PH006889,CID005503,9272480876,BSNL
PH006890,CID005504,9007031843,Jio
PH006891,CID005505,9286014405,Airtel
PH006892,CID005506,9443828357,BSNL
PH006893,CID005506,9003863712,Jio
PH006894,CID005507,9948974287,Vi
PH006895,CID005508,9921163337,Vi
PH006896,CID005509,9851861354,Airtel
PH006897,CID005510,9580559556,Vi
PH006898,CID005511,9935251794,Jio
PH006899,CID005512,9237130415,BSNL
PH006900,CID005513,9878139679,Airtel
PH006901,CID005514,9862056080,Vi
PH006902,CID005514,9625723109,Jio
PH006903,CID005515,9317728006,Jio
PH006904,CID005516,9524614298,BSNL
PH006905,CID005516,9695998647,Vi
PH006906,CID005517,9519068411,Airtel
PH006907,CID005518,9980303309,Airtel
PH006908,CID005519,9911567444,Jio
PH006909,CID005520,9013423927,Jio
PH006910,CID005520,9861683687,Airtel
PH006911,CID005521,9674736116,BSNL
PH006912,CID005521,9369917664,Airtel
PH006913,CID005522,9552592362,Airtel
PH006914,CID005523,9998693313,BSNL
PH006915,CID005524,9787069674,BSNL
PH006916,CID005525,9674703984,Jio
PH006917,CID005525,9796845395,Vi
PH006918,CID005526,9618315318,Airtel
PH006919,CID005526,9625999489,BSNL
PH006920,CID005527,9630764446,Airtel
PH006921,CID005528,9386080135,Jio
PH006922,CID005529,9993250789,Airtel
PH006923,CID005530,9465175772,Jio
PH006924,CID005531,9363920501,Airtel
PH006925,CID005532,9563832335,BSNL
PH006926,CID005533,9813989427,Airtel
PH006927,CID005533,9614242148,BSNL
PH006928,CID005534,9735732084,Airtel
PH006929,CID005534,9851412874,BSNL
PH006930,CID005535,9292295245,Vi
PH006931,CID005536,9683287401,Airtel
PH006932,CID005537,9884291776,Jio
PH006933,CID005538,9537134302,Jio
PH006934,CID005539,9336431687,Jio
PH006935,CID005539,9048302451,BSNL
PH006936,CID005540,9662856870,Airtel
PH006937,CID005541,9039551289,BSNL
PH006938,CID005542,9912477515,BSNL
PH006939,CID005543,9878714938,Airtel
PH006940,CID005543,9491948074,BSNL
PH006941,CID005544,9897230482,Vi
PH006942,CID005545,9024484025,Vi
PH006943,CID005546,9711152825,Airtel
PH006944,CID005547,9559204511,BSNL
PH006945,CID005548,9010189052,Jio
PH006946,CID005549,9345157977,Vi
PH006947,CID005549,9748984543,Vi
PH006948,CID005550,9065847697,Airtel
PH006949,CID005551,9456398836,Vi
PH006950,CID005552,9177813753,BSNL
PH006951,CID005553,9438492290,Jio
PH006952,CID005554,9110429569,BSNL
PH006953,CID005555,9497774309,BSNL
PH006954,CID005556,9724287702,Jio
PH006955,CID005556,9920620822,Vi
PH006956,CID005557,9212745253,Jio
PH006957,CID005558,9443636982,BSNL
PH006958,CID005559,9557168109,Airtel
PH006959,CID005560,9984843531,Jio
PH006960,CID005561,9672724048,Jio
PH006961,CID005562,9575974695,Vi
PH006962,CID005563,9446294098,Jio
PH006963,CID005564,9007119997,BSNL
PH006964,CID005564,9758371389,BSNL
PH006965,CID005565,9735961660,BSNL
PH006966,CID005566,9231352252,Airtel
PH006967,CID005566,9042551448,Airtel
PH006968,CID005567,9342377364,Airtel
PH006969,CID005568,9953711150,Jio
PH006970,CID005569,9601595164,BSNL
PH006971,CID005570,9414257179,Airtel
PH006972,CID005570,9530928315,BSNL
PH006973,CID005571,9293668837,Vi
PH006974,CID005571,9549493375,BSNL
PH006975,CID005572,9345362151,Airtel
PH006976,CID005573,9410613884,BSNL
PH006977,CID005574,9823265782,Vi
PH006978,CID005575,9293289801,Vi
PH006979,CID005576,9109546259,Jio
PH006980,CID005576,9855325868,Vi
PH006981,CID005577,9378062192,BSNL
PH006982,CID005578,9232948828,Vi
PH006983,CID005579,9604435115,Jio
PH006984,CID005579,9587425889,Vi
PH006985,CID005580,9442240113,BSNL
PH006986,CID005581,9051544903,Vi
PH006987,CID005582,9720127263,Airtel
PH006988,CID005582,9242624641,Airtel
PH006989,CID005583,9392612581,Airtel
PH006990,CID005583,9194685373,Airtel
PH006991,CID005584,9601369028,Airtel
PH006992,CID005584,9387434834,Jio
PH006993,CID005585,9456419783,BSNL
PH006994,CID005585,9753249937,BSNL
PH006995,CID005586,9065773330,BSNL
PH006996,CID005587,9168391488,Vi
PH006997,CID005588,9529332008,BSNL
PH006998,CID005589,9844293988,Jio
PH006999,CID005590,9477386344,Jio
PH007000,CID005591,9747757926,Airtel
PH007001,CID005592,9430011650,Airtel
PH007002,CID005593,9543673703,BSNL
PH007003,CID005594,9960366087,Airtel
PH007004,CID005595,9288716496,BSNL
PH007005,CID005596,9436937751,BSNL
PH007006,CID005597,9996476404,Vi
PH007007,CID005598,9365527634,Vi
PH007008,CID005599,9938722045,Airtel
PH007009,CID005600,9111872676,Vi
PH007010,CID005601,9793485975,Jio
PH007011,CID005602,9975427397,Jio
PH007012,CID005603,9282573542,BSNL
PH007013,CID005604,9212980400,Jio
PH007014,CID005605,9475852206,Airtel
PH007015,CID005606,9089700011,Vi
PH007016,CID005607,9115021932,Jio
PH007017,CID005608,9330258772,Airtel
PH007018,CID005609,9261921536,Airtel
PH007019,CID005610,9330794618,Jio
PH007020,CID005610,9284108014,Vi
PH007021,CID005611,9771540758,Airtel
PH007022,CID005611,9071720031,Jio
PH007023,CID005612,9444287605,Vi
PH007024,CID005612,9223530269,Airtel
PH007025,CID005613,9158761921,Airtel
PH007026,CID005613,9684819017,Jio
PH007027,CID005614,9369403388,Vi
PH007028,CID005614,9647769043,Vi
PH007029,CID005615,9111522267,Vi
PH007030,CID005616,9471133267,Airtel
PH007031,CID005617,9768573883,Jio
PH007032,CID005618,9179798484,Jio
PH007033,CID005619,9072479710,Jio
PH007034,CID005620,9117885206,Airtel
PH007035,CID005621,9828306694,Vi
PH007036,CID005621,9096149229,Jio
PH007037,CID005622,9249441112,BSNL
PH007038,CID005623,9830131678,BSNL
PH007039,CID005623,9347896529,Jio
PH007040,CID005624,9337133554,Vi
PH007041,CID005625,9385842619,Jio
PH007042,CID005626,9072027012,Jio
PH007043,CID005626,9677692388,Airtel
PH007044,CID005627,9841110676,BSNL
PH007045,CID005628,9110355188,Airtel
PH007046,CID005628,9874880039,Jio
PH007047,CID005629,9459806933,Jio
PH007048,CID005630,9875717069,Jio
PH007049,CID005631,9222148454,BSNL
PH007050,CID005631,9003727997,Airtel
PH007051,CID005632,9297400096,Vi
PH007052,CID005633,9049783249,Jio
PH007053,CID005634,9763001955,Airtel
PH007054,CID005635,9864548218,Jio
PH007055,CID005635,9857164230,Vi
PH007056,CID005636,9161941035,Airtel
PH007057,CID005637,9007337759,Jio
PH007058,CID005637,9837547935,Jio
PH007059,CID005638,9898887391,BSNL
PH007060,CID005639,9376359142,BSNL
PH007061,CID005639,9195801651,Jio
PH007062,CID005640,9764243368,BSNL
PH007063,CID005641,9894807292,Airtel
PH007064,CID005642,9247833497,Jio
PH007065,CID005642,9069272738,BSNL
PH007066,CID005643,9896138480,Jio
PH007067,CID005644,9213782375,Airtel
PH007068,CID005645,9722255800,BSNL
PH007069,CID005645,9355945670,Jio
PH007070,CID005646,9818136105,Jio
PH007071,CID005647,9306432837,BSNL
PH007072,CID005648,9986370519,Vi
PH007073,CID005649,9835106455,Vi
PH007074,CID005650,9371548078,Airtel
PH007075,CID005651,9186478687,Airtel
PH007076,CID005652,9762888091,Jio
PH007077,CID005653,9532771789,Airtel
PH007078,CID005654,9782258926,Vi
PH007079,CID005654,9232075060,Airtel
PH007080,CID005655,9730514852,Vi
PH007081,CID005655,9759866756,BSNL
PH007082,CID005656,9836251583,BSNL
PH007083,CID005656,9124239226,Vi
PH007084,CID005657,9853481422,Airtel
PH007085,CID005658,9734323732,BSNL
PH007086,CID005658,9755456533,Jio
PH007087,CID005659,9464910298,Airtel
PH007088,CID005660,9527551532,Jio
PH007089,CID005661,9582744473,Airtel
PH007090,CID005662,9445677917,BSNL
PH007091,CID005663,9309055183,BSNL
PH007092,CID005664,9100112571,Airtel
PH007093,CID005665,9740423907,Airtel
PH007094,CID005665,9258636182,Jio
PH007095,CID005666,9973927773,BSNL
PH007096,CID005666,9809067185,Airtel
PH007097,CID005667,9916910224,Airtel
PH007098,CID005667,9082778185,Vi
PH007099,CID005668,9412477952,Jio
PH007100,CID005669,9752117849,BSNL
PH007101,CID005670,9371201135,BSNL
PH007102,CID005670,9440235970,Jio
PH007103,CID005671,9380244744,Airtel
PH007104,CID005672,9588018302,Airtel
PH007105,CID005673,9319393969,Airtel
PH007106,CID005674,9549968062,Jio
PH007107,CID005674,9214273914,Vi
PH007108,CID005675,9589984194,BSNL
PH007109,CID005676,9738702783,Jio
PH007110,CID005676,9915989246,Airtel
PH007111,CID005677,9830602241,Airtel
PH007112,CID005678,9483670555,Vi
PH007113,CID005679,9432120144,Vi
PH007114,CID005679,9686058781,Jio
PH007115,CID005680,9955379249,BSNL
PH007116,CID005681,9409259220,BSNL
PH007117,CID005682,9399803295,Vi
PH007118,CID005682,9924305663,Jio
PH007119,CID005683,9962878823,Airtel
PH007120,CID005683,9059694477,Jio
PH007121,CID005684,9312250233,BSNL
PH007122,CID005685,9282857108,Jio
PH007123,CID005686,9501938788,Airtel
PH007124,CID005686,9033593238,BSNL
PH007125,CID005687,9927508374,Jio
PH007126,CID005688,9874827235,Airtel
PH007127,CID005689,9584391066,Airtel
PH007128,CID005690,9312922349,Airtel
PH007129,CID005691,9671530733,BSNL
PH007130,CID005691,9292502123,Vi
PH007131,CID005692,9002336147,Airtel
PH007132,CID005693,9346708458,Jio
PH007133,CID005694,9662298489,Airtel
PH007134,CID005695,9397468251,Jio
PH007135,CID005696,9338638549,Vi
PH007136,CID005697,9868830113,Airtel
PH007137,CID005698,9766547688,Jio
PH007138,CID005699,9519150304,Airtel
PH007139,CID005700,9104864223,Jio
PH007140,CID005701,9408965312,Airtel
PH007141,CID005701,9839322070,Vi
PH007142,CID005702,9349705995,Vi
PH007143,CID005702,9380551621,BSNL
PH007144,CID005703,9758832957,Jio
PH007145,CID005703,9654325847,Airtel
PH007146,CID005704,9776539107,Vi
PH007147,CID005705,9731105390,Airtel
PH007148,CID005706,9311063168,BSNL
PH007149,CID005707,9729354383,Airtel
PH007150,CID005708,9593533916,Vi
PH007151,CID005709,9590994910,BSNL
PH007152,CID005710,9715401298,Vi
PH007153,CID005711,9824501880,Jio
PH007154,CID005712,9796291846,Airtel
PH007155,CID005713,9785495633,Vi
PH007156,CID005714,9273273668,Airtel
PH007157,CID005714,9688168097,Vi
PH007158,CID005715,9816972770,Vi
PH007159,CID005716,9738316166,Airtel
PH007160,CID005717,9312152528,Airtel
PH007161,CID005717,9391075640,Vi
PH007162,CID005718,9901244343,Airtel
PH007163,CID005719,9118136415,Jio
PH007164,CID005720,9544983287,Jio
PH007165,CID005721,9229776786,Jio
PH007166,CID005722,9988140353,Vi
PH007167,CID005723,9993110540,Vi
PH007168,CID005724,9282151400,Vi
PH007169,CID005725,9569892508,Vi
PH007170,CID005726,9201964718,Jio
PH007171,CID005727,9973483800,BSNL
PH007172,CID005727,9014332535,Vi
PH007173,CID005728,9942939102,Jio
PH007174,CID005729,9572576754,Vi
PH007175,CID005730,9195171886,Jio
PH007176,CID005731,9523243892,Airtel
PH007177,CID005732,9055420125,Vi
PH007178,CID005733,9433149728,Airtel
PH007179,CID005734,9088191820,Jio
PH007180,CID005735,9502816389,Vi
PH007181,CID005736,9618733199,Vi
PH007182,CID005736,9936237532,Airtel
PH007183,CID005737,9068662309,Airtel
PH007184,CID005738,9456193222,Jio
PH007185,CID005739,9148529866,Airtel
PH007186,CID005740,9469824262,BSNL
PH007187,CID005740,9976966670,BSNL
PH007188,CID005741,9199808040,Vi
PH007189,CID005742,9339887011,Jio
PH007190,CID005743,9138547681,BSNL
PH007191,CID005744,9415825664,Airtel
PH007192,CID005745,9154828123,Vi
PH007193,CID005746,9129210244,Vi
PH007194,CID005747,9160076180,Jio
PH007195,CID005748,9050763901,Airtel
PH007196,CID005749,9200400081,BSNL
PH007197,CID005750,9821387447,BSNL
PH007198,CID005750,9153285929,Airtel
PH007199,CID005751,9188681061,BSNL
PH007200,CID005752,9581186184,Airtel
PH007201,CID005753,9891172877,Jio
PH007202,CID005754,9884588587,Airtel
PH007203,CID005754,9053103923,BSNL
PH007204,CID005755,9630330595,Airtel
PH007205,CID005756,9978255450,Jio
PH007206,CID005757,9622010550,Vi
PH007207,CID005758,9652115750,Vi
PH007208,CID005759,9075222324,BSNL
PH007209,CID005759,9658114569,BSNL
PH007210,CID005760,9310188143,Vi
PH007211,CID005761,9911850158,Vi
PH007212,CID005762,9253145316,BSNL
PH007213,CID005763,9098648011,BSNL
PH007214,CID005764,9255877737,Vi
PH007215,CID005765,9378301316,Vi
PH007216,CID005766,9608916770,Jio
PH007217,CID005767,9594563486,Vi
PH007218,CID005768,9304483322,Airtel
PH007219,CID005769,9475990689,Airtel
PH007220,CID005770,9249432530,Airtel
PH007221,CID005770,9495208513,Vi
PH007222,CID005771,9523136632,Vi
PH007223,CID005772,9515844732,BSNL
PH007224,CID005772,9799311091,BSNL
PH007225,CID005773,9862432038,Jio
PH007226,CID005773,9850049859,Airtel
PH007227,CID005774,9657029856,Airtel
PH007228,CID005775,9717947106,Jio
PH007229,CID005776,9692283951,BSNL
PH007230,CID005777,9437225961,BSNL
PH007231,CID005778,9259347996,Airtel
PH007232,CID005779,9985487682,Jio
PH007233,CID005780,9696514633,Vi
PH007234,CID005781,9772843581,Vi
PH007235,CID005782,9998341526,Airtel
PH007236,CID005782,9255219602,BSNL
PH007237,CID005783,9528609979,BSNL
PH007238,CID005783,9265765430,Airtel
PH007239,CID005784,9258963245,Airtel
PH007240,CID005784,9520926816,Airtel
PH007241,CID005785,9348744478,BSNL
PH007242,CID005786,9564798543,Airtel
PH007243,CID005787,9450808456,BSNL
PH007244,CID005788,9242124742,Jio
PH007245,CID005789,9344976165,Jio
PH007246,CID005790,9788162639,Airtel
PH007247,CID005791,9671142527,Vi
PH007248,CID005792,9546377258,Airtel
PH007249,CID005793,9550129292,BSNL
PH007250,CID005794,9265789459,BSNL
PH007251,CID005795,9005638075,Vi
PH007252,CID005796,9903328377,Jio
PH007253,CID005797,9109252537,Vi
PH007254,CID005798,9617578138,BSNL
PH007255,CID005799,9056885690,Airtel
PH007256,CID005799,9283291271,Vi
PH007257,CID005800,9051420742,BSNL
PH007258,CID005800,9687578003,Airtel
PH007259,CID005801,9570650627,Vi
PH007260,CID005802,9559811839,Airtel
PH007261,CID005803,9107556513,Jio
PH007262,CID005804,9574825712,Vi
PH007263,CID005805,9924556365,Jio
PH007264,CID005805,9421506204,Jio
PH007265,CID005806,9092827358,Airtel
PH007266,CID005807,9268631763,Airtel
PH007267,CID005808,9938523771,Jio
PH007268,CID005808,9599160568,BSNL
PH007269,CID005809,9516637864,Vi
PH007270,CID005809,9637008888,BSNL
PH007271,CID005810,9818868756,BSNL
PH007272,CID005810,9149639172,Vi
PH007273,CID005811,9906209547,BSNL
PH007274,CID005812,9687813082,Vi
PH007275,CID005813,9298473710,BSNL
PH007276,CID005813,9735653689,Vi
PH007277,CID005814,9851706876,BSNL
PH007278,CID005815,9045914803,BSNL
PH007279,CID005816,9900610547,Jio
PH007280,CID005816,9136748662,Jio
PH007281,CID005817,9181425027,Vi
PH007282,CID005818,9647032352,Vi
PH007283,CID005819,9290626705,Vi
PH007284,CID005820,9905913240,BSNL
PH007285,CID005821,9972879386,Jio
PH007286,CID005822,9298409020,BSNL
PH007287,CID005822,9327568026,Vi
PH007288,CID005823,9039572938,BSNL
PH007289,CID005824,9499122638,Airtel
PH007290,CID005825,9977202857,Airtel
PH007291,CID005826,9827785671,BSNL
PH007292,CID005826,9177126771,Airtel
PH007293,CID005827,9187422363,Airtel
PH007294,CID005828,9393047216,Airtel
PH007295,CID005829,9999617301,Vi
PH007296,CID005829,9594942423,Jio
PH007297,CID005830,9831297280,Vi
PH007298,CID005830,9886633481,Airtel
PH007299,CID005831,9061465324,Airtel
PH007300,CID005831,9809800363,Jio
PH007301,CID005832,9581989243,Jio
PH007302,CID005833,9829565117,Jio
PH007303,CID005834,9612857896,Jio
PH007304,CID005834,9736795131,Airtel
PH007305,CID005835,9814712142,Airtel
PH007306,CID005836,9447891681,Airtel
PH007307,CID005836,9951011155,Vi
PH007308,CID005837,9406493605,Vi
PH007309,CID005837,9086901729,Airtel
PH007310,CID005838,9948133876,BSNL
PH007311,CID005839,9155337286,BSNL
PH007312,CID005840,9218301304,Airtel
PH007313,CID005841,9782069429,Jio
PH007314,CID005842,9573119199,Vi
PH007315,CID005843,9174680720,BSNL
PH007316,CID005843,9398259550,Jio
PH007317,CID005844,9706197134,BSNL
PH007318,CID005844,9112186297,Airtel
PH007319,CID005845,9599850163,Vi
PH007320,CID005846,9613004487,Jio
PH007321,CID005847,9154876331,BSNL
PH007322,CID005848,9437207445,Vi
PH007323,CID005848,9033049365,Jio
PH007324,CID005849,9238950682,Jio
PH007325,CID005850,9274277304,Vi
PH007326,CID005851,9911313068,Jio
PH007327,CID005852,9947790178,BSNL
PH007328,CID005853,9700966489,Jio
PH007329,CID005854,9375204796,Jio
PH007330,CID005855,9384661061,BSNL
PH007331,CID005856,9458671969,Vi
PH007332,CID005857,9968596085,Vi
PH007333,CID005858,9549716416,Airtel
PH007334,CID005859,9582652931,Jio
PH007335,CID005859,9316866274,Vi
PH007336,CID005860,9119042338,Vi
PH007337,CID005861,9832314789,Jio
PH007338,CID005862,9754085425,Jio
PH007339,CID005863,9092360275,Airtel
PH007340,CID005864,9663164428,Jio
PH007341,CID005865,9071823329,Airtel
PH007342,CID005865,9868936940,BSNL
PH007343,CID005866,9288094393,Vi
PH007344,CID005867,9219594800,Jio
PH007345,CID005868,9953732716,Jio
PH007346,CID005869,9066817889,BSNL
PH007347,CID005870,9153530414,Airtel
PH007348,CID005871,9152224956,Jio
PH007349,CID005872,9237258913,Airtel
PH007350,CID005873,9698551947,Vi
PH007351,CID005874,9829385212,Airtel
PH007352,CID005874,9728746995,Airtel
PH007353,CID005875,9830883860,BSNL
PH007354,CID005875,9243902094,Airtel
PH007355,CID005876,9718042116,Vi
PH007356,CID005877,9029460842,Airtel
PH007357,CID005878,9342803006,BSNL
PH007358,CID005879,9048019764,BSNL
PH007359,CID005880,9034552502,Vi
PH007360,CID005881,9223989347,Jio
PH007361,CID005882,9834452483,Vi
PH007362,CID005883,9281878364,Vi
PH007363,CID005884,9251276908,Airtel
PH007364,CID005885,9150884123,Jio
PH007365,CID005886,9968669967,Vi
PH007366,CID005887,9413292316,Vi
PH007367,CID005888,9951877705,BSNL
PH007368,CID005889,9206886317,BSNL
PH007369,CID005890,9957639386,BSNL
PH007370,CID005891,9502427049,Jio
PH007371,CID005892,9244464274,BSNL
PH007372,CID005893,9048361007,BSNL
PH007373,CID005894,9094692418,BSNL
PH007374,CID005895,9477212510,Airtel
PH007375,CID005895,9788919634,Vi
PH007376,CID005896,9605146682,BSNL
PH007377,CID005897,9512969863,Jio
PH007378,CID005898,9386144495,Airtel
PH007379,CID005899,9940737324,Jio
PH007380,CID005900,9765778411,Airtel
PH007381,CID005900,9755714399,Vi
PH007382,CID005901,9129618417,Airtel
PH007383,CID005901,9115444904,Vi
PH007384,CID005902,9178539978,Airtel
PH007385,CID005903,9195926974,BSNL
PH007386,CID005904,9834557690,Vi
PH007387,CID005905,9635209042,Vi
PH007388,CID005905,9722506343,Airtel
PH007389,CID005906,9578002017,Jio
PH007390,CID005907,9523174692,Vi
PH007391,CID005908,9806730408,Airtel
PH007392,CID005909,9234605175,Vi
PH007393,CID005909,9655870768,Vi
PH007394,CID005910,9788021764,BSNL
PH007395,CID005911,9736361976,Vi
PH007396,CID005912,9496111768,BSNL
PH007397,CID005912,9137559139,BSNL
PH007398,CID005913,9749620274,Vi
PH007399,CID005914,9768543185,Airtel
PH007400,CID005915,9707633321,Airtel
PH007401,CID005916,9474238813,Airtel
PH007402,CID005917,9951495263,Airtel
PH007403,CID005918,9969368417,Airtel
PH007404,CID005919,9390740210,BSNL
PH007405,CID005919,9411679232,BSNL
PH007406,CID005920,9970746083,Jio
PH007407,CID005921,9669132204,Jio
PH007408,CID005922,9514939035,Airtel
PH007409,CID005923,9058746283,Vi
PH007410,CID005924,9094191685,Airtel
PH007411,CID005925,9216914513,Jio
PH007412,CID005925,9961168568,Vi
PH007413,CID005926,9725688458,Airtel
PH007414,CID005927,9369768348,BSNL
PH007415,CID005928,9303328766,BSNL
PH007416,CID005929,9544648527,BSNL
PH007417,CID005930,9399270485,Airtel
PH007418,CID005931,9128348514,Jio
PH007419,CID005932,9008084404,Vi
PH007420,CID005933,9505642995,Vi
PH007421,CID005933,9927439986,Airtel
PH007422,CID005934,9110950284,BSNL
PH007423,CID005935,9204063125,Vi
PH007424,CID005936,9756155428,Jio
PH007425,CID005937,9746584618,Jio
PH007426,CID005938,9498819127,Jio
PH007427,CID005938,9680422562,Airtel
PH007428,CID005939,9881188476,Vi
PH007429,CID005940,9791988756,Vi
PH007430,CID005941,9638325056,BSNL
PH007431,CID005942,9750181967,Jio
PH007432,CID005942,9501708965,Airtel
PH007433,CID005943,9609565899,Vi
PH007434,CID005944,9391744360,Vi
PH007435,CID005945,9304623628,Airtel
PH007436,CID005946,9727704262,BSNL
PH007437,CID005947,9953758299,Airtel
PH007438,CID005947,9454574988,Airtel
PH007439,CID005948,9248828061,Jio
PH007440,CID005948,9919493945,Jio
PH007441,CID005949,9810788846,BSNL
PH007442,CID005949,9360174261,Airtel
PH007443,CID005950,9338875311,Airtel
PH007444,CID005951,9088193188,Airtel
PH007445,CID005952,9542713307,Jio
PH007446,CID005953,9026990848,BSNL
PH007447,CID005954,9949748999,Vi
PH007448,CID005955,9882263189,Vi
PH007449,CID005955,9536060801,Airtel
PH007450,CID005956,9153701989,Airtel
PH007451,CID005957,9461012552,Airtel
PH007452,CID005958,9608089168,BSNL
PH007453,CID005959,9563767632,BSNL
PH007454,CID005960,9414465761,Jio
PH007455,CID005961,9241251326,BSNL
PH007456,CID005962,9012393922,Airtel
PH007457,CID005963,9833102486,BSNL
PH007458,CID005964,9016782830,Vi
PH007459,CID005965,9696239987,Airtel
PH007460,CID005966,9602137906,Airtel
PH007461,CID005966,9520290016,Airtel
PH007462,CID005967,9825632315,Airtel
PH007463,CID005968,9880509947,BSNL
PH007464,CID005969,9571577574,Vi
PH007465,CID005970,9313221823,Vi
PH007466,CID005971,9473785306,Jio
PH007467,CID005972,9732149326,Airtel
PH007468,CID005973,9746055277,Vi
PH007469,CID005974,9575342566,Vi
PH007470,CID005975,9516918911,BSNL
PH007471,CID005976,9674382745,Airtel
PH007472,CID005977,9230838003,Jio
PH007473,CID005978,9369969916,Vi
PH007474,CID005979,9623926747,Jio
PH007475,CID005980,9612659094,Airtel
PH007476,CID005981,9996974470,Vi
PH007477,CID005982,9222872336,Vi
PH007478,CID005982,9276162922,Airtel
PH007479,CID005983,9891189135,Vi
PH007480,CID005984,9321364646,Airtel
PH007481,CID005985,9685407700,BSNL
PH007482,CID005986,9047758679,Vi
PH007483,CID005986,9022321538,Airtel
PH007484,CID005987,9638791564,Jio
PH007485,CID005988,9543609653,Vi
PH007486,CID005988,9648604838,BSNL
PH007487,CID005989,9732697609,Jio
PH007488,CID005989,9248553091,Jio
PH007489,CID005990,9550968510,Airtel
PH007490,CID005990,9915480424,Airtel
PH007491,CID005991,9088839399,Airtel
PH007492,CID005992,9048418624,Vi
PH007493,CID005993,9896974351,Jio
PH007494,CID005993,9458279616,BSNL
PH007495,CID005994,9816143414,Airtel
PH007496,CID005995,9140592520,Airtel
PH007497,CID005995,9873623191,Jio
PH007498,CID005996,9775362166,Vi
PH007499,CID005997,9737765665,Jio
PH007500,CID005997,9834479619,Airtel
PH007501,CID005998,9155749477,BSNL
PH007502,CID005999,9395509303,Airtel
PH007503,CID006000,9443017978,BSNL
PH007504,CID006001,9156566766,Vi
PH007505,CID006001,9714640220,BSNL
PH007506,CID006002,9017291413,BSNL
PH007507,CID006003,9078097065,Jio
PH007508,CID006003,9002563579,Airtel
PH007509,CID006004,9621585712,Airtel
PH007510,CID006004,9616241671,Vi
PH007511,CID006005,9462760578,Airtel
PH007512,CID006006,9411675965,BSNL
PH007513,CID006007,9535537233,BSNL
PH007514,CID006007,9235025604,Vi
PH007515,CID006008,9379057259,BSNL
PH007516,CID006009,9980774071,Vi
PH007517,CID006010,9282986122,Vi
PH007518,CID006011,9330445878,Vi
PH007519,CID006011,9382571584,Vi
PH007520,CID006012,9016244988,BSNL
PH007521,CID006013,9931866901,BSNL
PH007522,CID006014,9347445322,Vi
PH007523,CID006015,9584751955,Airtel
PH007524,CID006016,9421424050,Jio
PH007525,CID006017,9179526023,Airtel
PH007526,CID006017,9783399940,Airtel
PH007527,CID006018,9009870816,Airtel
PH007528,CID006019,9465293698,Jio
PH007529,CID006020,9651798294,Jio
PH007530,CID006021,9982894325,Airtel
PH007531,CID006022,9052353156,Jio
PH007532,CID006023,9387704672,BSNL
PH007533,CID006024,9561608379,BSNL
PH007534,CID006025,9721429049,Jio
PH007535,CID006026,9344613485,Jio
PH007536,CID006027,9736349798,Jio
PH007537,CID006028,9096360387,Airtel
PH007538,CID006028,9761085601,Jio
PH007539,CID006029,9362760892,Vi
PH007540,CID006030,9696934247,Airtel
PH007541,CID006031,9320269408,Airtel
PH007542,CID006032,9313128181,Airtel
PH007543,CID006032,9468271389,Vi
PH007544,CID006033,9310930251,Vi
PH007545,CID006034,9366917391,BSNL
PH007546,CID006035,9877266805,BSNL
PH007547,CID006036,9078520846,Jio
PH007548,CID006037,9824872249,Airtel
PH007549,CID006038,9192602895,Jio
PH007550,CID006039,9096635429,Airtel
PH007551,CID006040,9928685140,Vi
PH007552,CID006041,9517564607,BSNL
PH007553,CID006042,9219500249,BSNL
PH007554,CID006042,9912023626,BSNL
PH007555,CID006043,9403645645,Airtel
PH007556,CID006044,9618872980,Airtel
PH007557,CID006045,9000444851,Airtel
PH007558,CID006045,9557267044,Jio
PH007559,CID006046,9495708425,Jio
PH007560,CID006047,9185411994,Airtel
PH007561,CID006048,9216526749,Airtel
PH007562,CID006049,9469530894,BSNL
PH007563,CID006050,9792520419,Airtel
PH007564,CID006051,9925901041,Jio
PH007565,CID006052,9953943498,BSNL
PH007566,CID006053,9409510206,Jio
PH007567,CID006054,9719674531,Airtel
PH007568,CID006055,9382202897,Jio
PH007569,CID006056,9400607460,Vi
PH007570,CID006057,9543318486,BSNL
PH007571,CID006057,9985124060,Airtel
PH007572,CID006058,9496407890,Vi
PH007573,CID006059,9242870276,Vi
PH007574,CID006060,9824409424,BSNL
PH007575,CID006060,9272993080,Jio
PH007576,CID006061,9209359418,Vi
PH007577,CID006062,9995882816,BSNL
PH007578,CID006063,9152036160,Airtel
PH007579,CID006063,9149821531,Airtel
PH007580,CID006064,9868747300,Airtel
PH007581,CID006065,9912777155,Airtel
PH007582,CID006065,9819976945,BSNL
PH007583,CID006066,9827139700,Jio
PH007584,CID006067,9826898385,BSNL
PH007585,CID006068,9437726584,Airtel
PH007586,CID006069,9879990428,Jio
PH007587,CID006070,9033231173,Jio
PH007588,CID006071,9575668210,Airtel
PH007589,CID006072,9398147527,BSNL
PH007590,CID006072,9896019871,BSNL
PH007591,CID006073,9168624983,BSNL
PH007592,CID006073,9614179010,BSNL
PH007593,CID006074,9938120767,Vi
PH007594,CID006075,9344509542,Jio
PH007595,CID006075,9473553000,BSNL
PH007596,CID006076,9499917032,BSNL
PH007597,CID006077,9439848152,Jio
PH007598,CID006078,9811752108,Vi
PH007599,CID006079,9361543719,Jio
PH007600,CID006080,9026017374,Airtel
PH007601,CID006081,9017956768,Vi
PH007602,CID006082,9154090796,Vi
PH007603,CID006083,9271858322,Vi
PH007604,CID006084,9799057773,Airtel
PH007605,CID006085,9984123003,Jio
PH007606,CID006086,9985314678,Jio
PH007607,CID006087,9029840460,Airtel
PH007608,CID006088,9495266502,BSNL
PH007609,CID006089,9950867642,BSNL
PH007610,CID006090,9048029390,Vi
PH007611,CID006091,9303828029,Vi
PH007612,CID006092,9615960622,Airtel
PH007613,CID006093,9448381417,Airtel
PH007614,CID006093,9082141123,BSNL
PH007615,CID006094,9602123706,BSNL
PH007616,CID006095,9990907851,Vi
PH007617,CID006095,9727846676,Jio
PH007618,CID006096,9503200163,Airtel
PH007619,CID006097,9521748687,Airtel
PH007620,CID006097,9420196596,Vi
PH007621,CID006098,9548434223,Vi
PH007622,CID006099,9246241222,Jio
PH007623,CID006100,9101825067,Vi
PH007624,CID006101,9492924678,Vi
PH007625,CID006102,9675378339,Vi
PH007626,CID006103,9238177286,Vi
PH007627,CID006104,9646686848,Jio
PH007628,CID006104,9760326122,Airtel
PH007629,CID006105,9477705211,BSNL
PH007630,CID006106,9279808154,Jio
PH007631,CID006106,9863703154,Vi
PH007632,CID006107,9849464045,BSNL
PH007633,CID006108,9618385821,Jio
PH007634,CID006109,9820830296,Jio
PH007635,CID006110,9940526937,Vi
PH007636,CID006111,9209271621,Jio
PH007637,CID006111,9321209583,Airtel
PH007638,CID006112,9837871429,Airtel
PH007639,CID006113,9093982376,Airtel
PH007640,CID006114,9442514784,Jio
PH007641,CID006114,9041771998,Vi
PH007642,CID006115,9040294330,Vi
PH007643,CID006115,9507829503,Airtel
PH007644,CID006116,9487970955,Vi
PH007645,CID006117,9461421813,BSNL
PH007646,CID006117,9474629547,Vi
PH007647,CID006118,9764860790,Jio
PH007648,CID006119,9958144430,BSNL
PH007649,CID006119,9572692485,Vi
PH007650,CID006120,9404444027,Jio
PH007651,CID006121,9655648883,Jio
PH007652,CID006122,9256295253,Jio
PH007653,CID006122,9703615598,BSNL
PH007654,CID006123,9964477512,BSNL
PH007655,CID006124,9928272728,Airtel
PH007656,CID006125,9701040714,Vi
PH007657,CID006126,9973610300,BSNL
PH007658,CID006127,9373420833,BSNL
PH007659,CID006128,9645772498,Vi
PH007660,CID006128,9406725948,Vi
PH007661,CID006129,9645781827,Vi
PH007662,CID006130,9862936591,Vi
PH007663,CID006130,9391479051,Vi
PH007664,CID006131,9264475389,Airtel
PH007665,CID006132,9133623929,BSNL
PH007666,CID006133,9051313438,BSNL
PH007667,CID006134,9797297229,Vi
PH007668,CID006135,9997914340,Airtel
PH007669,CID006136,9519073944,Vi
PH007670,CID006137,9031696071,Vi
PH007671,CID006137,9791764349,Jio
PH007672,CID006138,9322857784,BSNL
PH007673,CID006139,9220707918,BSNL
PH007674,CID006140,9330716104,BSNL
PH007675,CID006140,9239638747,Jio
PH007676,CID006141,9035152417,Airtel
PH007677,CID006142,9663396705,Jio
PH007678,CID006143,9378069116,BSNL
PH007679,CID006144,9764284551,BSNL
PH007680,CID006145,9351151346,Jio
PH007681,CID006145,9010960387,BSNL
PH007682,CID006146,9935548012,Vi
PH007683,CID006146,9583689625,Airtel
PH007684,CID006147,9874438126,Airtel
PH007685,CID006147,9012495590,Jio
PH007686,CID006148,9630745773,BSNL
PH007687,CID006149,9304892110,Jio
PH007688,CID006150,9199216993,Airtel
PH007689,CID006151,9743911444,Vi
PH007690,CID006152,9445806425,Jio
PH007691,CID006153,9455571889,Jio
PH007692,CID006154,9733968392,Airtel
PH007693,CID006155,9513083284,Jio
PH007694,CID006156,9226230350,Jio
PH007695,CID006157,9444712314,Jio
PH007696,CID006158,9053299093,BSNL
PH007697,CID006159,9098045130,Jio
PH007698,CID006160,9593968325,Airtel
PH007699,CID006161,9328591159,BSNL
PH007700,CID006162,9765561342,Vi
PH007701,CID006162,9457354524,BSNL
PH007702,CID006163,9845467008,Jio
PH007703,CID006164,9774020028,Airtel
PH007704,CID006165,9814644270,Airtel
PH007705,CID006166,9403785525,BSNL
PH007706,CID006167,9398245369,BSNL
PH007707,CID006168,9582548101,Vi
PH007708,CID006169,9244525597,Jio
PH007709,CID006170,9044231491,Vi
PH007710,CID006171,9226676253,Jio
PH007711,CID006172,9942258749,Jio
PH007712,CID006172,9587329015,BSNL
PH007713,CID006173,9257850243,Airtel
PH007714,CID006173,9066988637,Vi
PH007715,CID006174,9076817085,Jio
PH007716,CID006175,9170579717,Airtel
PH007717,CID006176,9758953911,Airtel
PH007718,CID006176,9174313943,Jio
PH007719,CID006177,9023938117,Jio
PH007720,CID006178,9932723828,BSNL
PH007721,CID006179,9366614893,Jio
PH007722,CID006180,9201509067,Vi
PH007723,CID006181,9109098579,BSNL
PH007724,CID006182,9311472899,Vi
PH007725,CID006183,9281034744,Vi
PH007726,CID006184,9599856160,Airtel
PH007727,CID006185,9619717246,BSNL
PH007728,CID006186,9409398104,Vi
PH007729,CID006187,9853271814,BSNL
PH007730,CID006188,9010753585,Jio
PH007731,CID006189,9598898307,Vi
PH007732,CID006190,9658134896,Vi
PH007733,CID006190,9530189096,BSNL
PH007734,CID006191,9827769271,Jio
PH007735,CID006192,9663542190,Airtel
PH007736,CID006193,9537233943,Vi
PH007737,CID006194,9247658105,Airtel
PH007738,CID006195,9927368791,Jio
PH007739,CID006195,9059982387,Airtel
PH007740,CID006196,9140183286,Vi
PH007741,CID006197,9981564014,Airtel
PH007742,CID006198,9231283937,BSNL
PH007743,CID006198,9401702345,Vi
PH007744,CID006199,9317347725,Vi
PH007745,CID006200,9494748321,Vi
PH007746,CID006201,9141573785,Jio
PH007747,CID006202,9950002966,Airtel
PH007748,CID006202,9094747860,BSNL
PH007749,CID006203,9985326493,Airtel
PH007750,CID006204,9427886552,BSNL
PH007751,CID006205,9171803776,Vi
PH007752,CID006206,9755347189,Vi
PH007753,CID006207,9351758165,BSNL
PH007754,CID006208,9750001293,BSNL
PH007755,CID006209,9789935970,Vi
PH007756,CID006210,9020427120,BSNL
PH007757,CID006210,9409159373,Jio
PH007758,CID006211,9644773237,Vi
PH007759,CID006212,9046917290,Airtel
PH007760,CID006213,9556473423,Jio
PH007761,CID006214,9602335373,BSNL
PH007762,CID006215,9539426200,Jio
PH007763,CID006216,9208860698,BSNL
PH007764,CID006217,9467095586,Jio
PH007765,CID006218,9702294185,Airtel
PH007766,CID006218,9143546210,Vi
PH007767,CID006219,9077951195,Jio
PH007768,CID006220,9346313543,Jio
PH007769,CID006221,9559992200,Jio
PH007770,CID006222,9663906301,BSNL
PH007771,CID006223,9551648860,Vi
PH007772,CID006224,9840711909,Jio
PH007773,CID006225,9369545145,BSNL
PH007774,CID006226,9818208349,Vi
PH007775,CID006227,9973428838,Airtel
PH007776,CID006228,9157155712,Jio
PH007777,CID006228,9279296430,Jio
PH007778,CID006229,9021603048,Airtel
PH007779,CID006230,9007392894,Vi
PH007780,CID006231,9407932061,BSNL
PH007781,CID006232,9325173916,BSNL
PH007782,CID006232,9885907187,BSNL
PH007783,CID006233,9872086081,Airtel
PH007784,CID006234,9095195873,Vi
PH007785,CID006234,9246187553,Airtel
PH007786,CID006235,9798220974,Vi
PH007787,CID006236,9134963525,Vi
PH007788,CID006237,9804155537,Jio
PH007789,CID006237,9895108834,BSNL
PH007790,CID006238,9811624107,BSNL
PH007791,CID006239,9405062827,Airtel
PH007792,CID006240,9785398105,BSNL
PH007793,CID006241,9498604011,Airtel
PH007794,CID006242,9970968598,BSNL
PH007795,CID006243,9321589638,BSNL
PH007796,CID006244,9621058499,Vi
PH007797,CID006245,9055171229,Vi
PH007798,CID006246,9514706756,BSNL
PH007799,CID006246,9767408932,Jio
PH007800,CID006247,9850644477,Jio
PH007801,CID006248,9481005673,Jio
PH007802,CID006249,9578296206,BSNL
PH007803,CID006250,9896320910,Vi
PH007804,CID006250,9673895975,BSNL
PH007805,CID006251,9741795529,Airtel
PH007806,CID006252,9052653398,Airtel
PH007807,CID006253,9550603057,BSNL
PH007808,CID006254,9925527311,Airtel
PH007809,CID006255,9812331287,Vi
PH007810,CID006256,9288481057,BSNL
PH007811,CID006256,9498478205,Vi
PH007812,CID006257,9785492917,Vi
PH007813,CID006258,9926370447,Vi
PH007814,CID006258,9980169719,Vi
PH007815,CID006259,9012561963,Jio
PH007816,CID006260,9814615478,BSNL
PH007817,CID006261,9273103976,BSNL
PH007818,CID006261,9633758309,Vi
PH007819,CID006262,9653847963,Jio
PH007820,CID006263,9480565959,Jio
PH007821,CID006264,9702920865,BSNL
PH007822,CID006264,9501286213,Jio
PH007823,CID006265,9773145949,Vi
PH007824,CID006266,9543450057,Jio
PH007825,CID006266,9798473363,Airtel
PH007826,CID006267,9685805261,Airtel
PH007827,CID006268,9359517224,BSNL
PH007828,CID006269,9303691901,BSNL
PH007829,CID006270,9417812937,Jio
PH007830,CID006271,9944359118,BSNL
PH007831,CID006272,9574100713,Airtel
PH007832,CID006273,9514005711,Vi
PH007833,CID006274,9969770388,BSNL
PH007834,CID006275,9213240136,Vi
PH007835,CID006276,9088987461,Vi
PH007836,CID006276,9381810349,Jio
PH007837,CID006277,9782420287,Vi
PH007838,CID006278,9798969130,Vi
PH007839,CID006279,9479745749,Jio
PH007840,CID006280,9106256755,Airtel
PH007841,CID006280,9143035599,Airtel
PH007842,CID006281,9535340441,Vi
PH007843,CID006281,9729674855,Jio
PH007844,CID006282,9588475924,BSNL
PH007845,CID006283,9607433832,Airtel
PH007846,CID006284,9495836116,BSNL
PH007847,CID006284,9519959381,Jio
PH007848,CID006285,9519620682,Airtel
PH007849,CID006286,9443131267,Airtel
PH007850,CID006286,9022021189,Jio
PH007851,CID006287,9140683127,Vi
PH007852,CID006288,9210649273,Jio
PH007853,CID006289,9639338694,Vi
PH007854,CID006290,9179005066,Jio
PH007855,CID006291,9016321717,Vi
PH007856,CID006292,9973523230,Jio
PH007857,CID006293,9805940192,Vi
PH007858,CID006293,9115881747,Jio
PH007859,CID006294,9200554700,BSNL
PH007860,CID006295,9990873786,Airtel
PH007861,CID006296,9426936573,BSNL
PH007862,CID006296,9783544388,Jio
PH007863,CID006297,9955439679,Vi
PH007864,CID006297,9848011076,BSNL
PH007865,CID006298,9068866180,Jio
PH007866,CID006298,9614461841,Jio
PH007867,CID006299,9423716939,Airtel
PH007868,CID006299,9060740118,Vi
PH007869,CID006300,9681188744,Airtel
PH007870,CID006301,9590322157,Jio
PH007871,CID006302,9758164787,Jio
PH007872,CID006302,9737071435,BSNL
PH007873,CID006303,9996321081,Jio
PH007874,CID006304,9197310775,Jio
PH007875,CID006305,9721905816,Vi
PH007876,CID006306,9460958278,Jio
PH007877,CID006306,9236158640,Jio
PH007878,CID006307,9615261221,Airtel
PH007879,CID006307,9159142354,Jio
PH007880,CID006308,9323935060,Jio
PH007881,CID006309,9076506042,Vi
PH007882,CID006310,9834179315,Jio
PH007883,CID006311,9911760560,Jio
PH007884,CID006311,9652613577,Jio
PH007885,CID006312,9324997563,Vi
PH007886,CID006313,9870293458,Vi
PH007887,CID006313,9234295958,Jio
PH007888,CID006314,9641989137,Vi
PH007889,CID006314,9823008277,BSNL
PH007890,CID006315,9772024661,Vi
PH007891,CID006316,9758560487,Airtel
PH007892,CID006317,9861978662,BSNL
PH007893,CID006317,9727274398,BSNL
PH007894,CID006318,9726114542,BSNL
PH007895,CID006319,9911708435,Jio
PH007896,CID006320,9737859427,BSNL
PH007897,CID006321,9240211354,Vi
PH007898,CID006322,9610721299,Airtel
PH007899,CID006323,9054176466,Airtel
PH007900,CID006323,9885636789,Jio
PH007901,CID006324,9599478977,BSNL
PH007902,CID006325,9356086115,Jio
PH007903,CID006325,9632514876,BSNL
PH007904,CID006326,9710524513,BSNL
PH007905,CID006327,9678911103,Vi
PH007906,CID006327,9331434960,Jio
PH007907,CID006328,9901705628,Airtel
PH007908,CID006329,9276155818,BSNL
PH007909,CID006330,9040278151,Airtel
PH007910,CID006331,9782614462,Jio
PH007911,CID006331,9870626260,BSNL
PH007912,CID006332,9710902378,Vi
PH007913,CID006333,9397367218,Airtel
PH007914,CID006334,9809228114,BSNL
PH007915,CID006334,9714004366,Airtel
PH007916,CID006335,9058873430,BSNL
PH007917,CID006336,9171191313,Airtel
PH007918,CID006336,9881827332,BSNL
PH007919,CID006337,9997335672,Airtel
PH007920,CID006338,9543841946,Jio
PH007921,CID006339,9748216629,BSNL
PH007922,CID006340,9763874730,BSNL
PH007923,CID006341,9802273370,Jio
PH007924,CID006342,9778197060,BSNL
PH007925,CID006343,9337568080,Vi
PH007926,CID006343,9064237210,Vi
PH007927,CID006344,9047715096,Airtel
PH007928,CID006345,9473634161,Vi
PH007929,CID006345,9201943597,Jio
PH007930,CID006346,9796816233,BSNL
PH007931,CID006347,9856997883,Jio
PH007932,CID006347,9733535128,Jio
PH007933,CID006348,9465811887,Airtel
PH007934,CID006349,9606887909,Vi
PH007935,CID006350,9457623922,Vi
PH007936,CID006351,9358378883,BSNL
PH007937,CID006352,9275155927,BSNL
PH007938,CID006352,9753689795,Vi
PH007939,CID006353,9024833010,Vi
PH007940,CID006354,9750498029,Vi
PH007941,CID006355,9196904047,Airtel
PH007942,CID006355,9898395804,Vi
PH007943,CID006356,9393787433,Jio
PH007944,CID006357,9703579886,Airtel
PH007945,CID006358,9097127564,Airtel
PH007946,CID006359,9292508581,BSNL
PH007947,CID006360,9467513261,Jio
PH007948,CID006360,9015170319,BSNL
PH007949,CID006361,9537673614,Jio
PH007950,CID006361,9496339670,BSNL
PH007951,CID006362,9706086824,Vi
PH007952,CID006362,9719861921,BSNL
PH007953,CID006363,9533413334,Airtel
PH007954,CID006364,9265658236,Airtel
PH007955,CID006364,9300976132,BSNL
PH007956,CID006365,9091338251,BSNL
PH007957,CID006366,9790366589,Vi
PH007958,CID006367,9317776406,BSNL
PH007959,CID006368,9871740793,Jio
PH007960,CID006369,9993923815,Vi
PH007961,CID006369,9862040029,Vi
PH007962,CID006370,9091749647,BSNL
PH007963,CID006370,9376808730,BSNL
PH007964,CID006371,9504567746,BSNL
PH007965,CID006372,9645828957,Jio
PH007966,CID006372,9011641290,Jio
PH007967,CID006373,9672649232,BSNL
PH007968,CID006374,9463260229,Airtel
PH007969,CID006375,9301641278,Vi
PH007970,CID006376,9816244499,Vi
PH007971,CID006376,9977034631,BSNL
PH007972,CID006377,9668429043,Jio
PH007973,CID006378,9818013734,Vi
PH007974,CID006378,9613851513,Vi
PH007975,CID006379,9829022745,Jio
PH007976,CID006379,9702193972,Vi
PH007977,CID006380,9702063777,BSNL
PH007978,CID006380,9501284345,Jio
PH007979,CID006381,9260760709,BSNL
PH007980,CID006382,9732303891,Vi
PH007981,CID006383,9249403216,BSNL
PH007982,CID006383,9351272459,Jio
PH007983,CID006384,9322398186,BSNL
PH007984,CID006385,9189560081,Jio
PH007985,CID006386,9393897064,Airtel
PH007986,CID006386,9585509047,BSNL
PH007987,CID006387,9337542941,Vi
PH007988,CID006388,9521941680,Jio
PH007989,CID006389,9366022827,Airtel
PH007990,CID006390,9346332072,Airtel
PH007991,CID006390,9112888588,Vi
PH007992,CID006391,9149806635,BSNL
PH007993,CID006392,9712757728,Jio
PH007994,CID006393,9731310238,BSNL
PH007995,CID006394,9128378250,BSNL
PH007996,CID006395,9849265135,Vi
PH007997,CID006396,9641793300,Vi
PH007998,CID006396,9072762764,Jio
PH007999,CID006397,9972197839,Airtel
PH008000,CID006397,9378456148,BSNL
PH008001,CID006398,9640734807,Vi
PH008002,CID006399,9188571564,Vi
PH008003,CID006399,9930086684,Jio
PH008004,CID006400,9285851773,Vi
PH008005,CID006400,9610138705,Airtel
PH008006,CID006401,9391570745,BSNL
PH008007,CID006402,9109970185,Airtel
PH008008,CID006402,9794322157,Jio
PH008009,CID006403,9143364615,Airtel
PH008010,CID006403,9868167527,Airtel
PH008011,CID006404,9394602425,Airtel
PH008012,CID006404,9063908509,Airtel
PH008013,CID006405,9349159103,Vi
PH008014,CID006405,9670384299,BSNL
PH008015,CID006406,9873130315,Airtel
PH008016,CID006407,9749426431,Vi
PH008017,CID006408,9569666307,Airtel
PH008018,CID006409,9968790416,Vi
PH008019,CID006410,9647513324,BSNL
PH008020,CID006411,9791212468,Vi
PH008021,CID006412,9173047878,Airtel
PH008022,CID006413,9126804849,Airtel
PH008023,CID006414,9786178843,BSNL
PH008024,CID006415,9238273505,Vi
PH008025,CID006416,9583750600,Vi
PH008026,CID006417,9963980688,Airtel
PH008027,CID006418,9972989160,Jio
PH008028,CID006418,9792325443,Airtel
PH008029,CID006419,9469935193,BSNL
PH008030,CID006420,9571364463,Airtel
PH008031,CID006421,9767511186,Jio
PH008032,CID006422,9942624046,BSNL
PH008033,CID006423,9301573757,Airtel
PH008034,CID006424,9975159400,Jio
PH008035,CID006425,9747832428,Vi
PH008036,CID006426,9037877129,Vi
PH008037,CID006427,9365513693,Jio
PH008038,CID006428,9891528377,BSNL
PH008039,CID006429,9667816114,Jio
PH008040,CID006430,9258445943,Vi
PH008041,CID006431,9753194930,Jio
PH008042,CID006431,9564490766,Jio
PH008043,CID006432,9323135106,Vi
PH008044,CID006432,9230286314,BSNL
PH008045,CID006433,9848189039,Vi
PH008046,CID006434,9369048181,Jio
PH008047,CID006435,9358167078,Airtel
PH008048,CID006436,9696517173,Vi
PH008049,CID006437,9691215108,Vi
PH008050,CID006438,9548674139,Jio
PH008051,CID006439,9022358923,BSNL
PH008052,CID006439,9295426765,Jio
PH008053,CID006440,9488319746,BSNL
PH008054,CID006441,9133373415,Airtel
PH008055,CID006442,9025158641,Jio
PH008056,CID006443,9018121862,BSNL
PH008057,CID006443,9858902166,Airtel
PH008058,CID006444,9783362557,Vi
PH008059,CID006445,9239915076,Airtel
PH008060,CID006446,9872639616,Vi
PH008061,CID006446,9490942289,Airtel
PH008062,CID006447,9158672866,BSNL
PH008063,CID006448,9232436631,BSNL
PH008064,CID006448,9814596695,Jio
PH008065,CID006449,9469300787,Vi
PH008066,CID006450,9009359761,Vi
PH008067,CID006450,9841841694,BSNL
PH008068,CID006451,9924093450,Vi
PH008069,CID006452,9351453859,Airtel
PH008070,CID006453,9002465735,Vi
PH008071,CID006453,9877985446,BSNL
PH008072,CID006454,9565455476,BSNL
PH008073,CID006455,9031883199,Jio
PH008074,CID006456,9992562003,BSNL
PH008075,CID006457,9061910635,Jio
PH008076,CID006458,9230406992,Vi
PH008077,CID006459,9836507690,BSNL
PH008078,CID006460,9809412982,Vi
PH008079,CID006461,9879732676,Airtel
PH008080,CID006461,9340587545,Vi
PH008081,CID006462,9592220626,BSNL
PH008082,CID006463,9384418776,Vi
PH008083,CID006464,9741188522,Jio
PH008084,CID006465,9882008087,Jio
PH008085,CID006465,9966506402,Jio
PH008086,CID006466,9069112831,Airtel
PH008087,CID006466,9156554229,BSNL
PH008088,CID006467,9402083800,Jio
PH008089,CID006468,9203800475,Airtel
PH008090,CID006469,9249696336,Airtel
PH008091,CID006469,9819981046,Jio
PH008092,CID006470,9504763808,Jio
PH008093,CID006471,9030522743,Jio
PH008094,CID006472,9876190268,Airtel
PH008095,CID006472,9504459351,Airtel
PH008096,CID006473,9905853122,BSNL
PH008097,CID006474,9016010858,BSNL
PH008098,CID006474,9073584242,Vi
PH008099,CID006475,9287511115,Jio
PH008100,CID006476,9817626331,Jio
PH008101,CID006477,9118356482,BSNL
PH008102,CID006478,9755049250,BSNL
PH008103,CID006479,9358483717,BSNL
PH008104,CID006480,9612470797,Vi
PH008105,CID006480,9797480698,Jio
PH008106,CID006481,9948470565,Airtel
PH008107,CID006481,9910366115,BSNL
PH008108,CID006482,9609630057,BSNL
PH008109,CID006483,9378376330,Jio
PH008110,CID006484,9571332434,Airtel
PH008111,CID006484,9879921956,Jio
PH008112,CID006485,9875655776,Airtel
PH008113,CID006486,9465129810,BSNL
PH008114,CID006487,9743273885,BSNL
PH008115,CID006487,9541904451,BSNL
PH008116,CID006488,9280004087,Jio
PH008117,CID006488,9271827013,Jio
PH008118,CID006489,9317335216,Airtel
PH008119,CID006490,9631350966,BSNL
PH008120,CID006491,9484757636,Vi
PH008121,CID006492,9508707919,Vi
PH008122,CID006493,9943110957,BSNL
PH008123,CID006494,9960936709,Airtel
PH008124,CID006494,9645870575,BSNL
PH008125,CID006495,9417581128,BSNL
PH008126,CID006496,9189101174,BSNL
PH008127,CID006496,9743215021,Airtel
PH008128,CID006497,9825574529,Airtel
PH008129,CID006498,9905640239,Jio
PH008130,CID006498,9639160257,BSNL
PH008131,CID006499,9823124470,Airtel
PH008132,CID006499,9904607037,BSNL
PH008133,CID006500,9538082368,Airtel
PH008134,CID006501,9048969927,Vi
PH008135,CID006502,9246442704,BSNL
PH008136,CID006503,9205271675,Vi
PH008137,CID006503,9768525510,BSNL
PH008138,CID006504,9452429799,BSNL
PH008139,CID006504,9871305326,Jio
PH008140,CID006505,9428654205,Vi
PH008141,CID006506,9623492426,BSNL
PH008142,CID006507,9997447509,BSNL
PH008143,CID006508,9265924195,Jio
PH008144,CID006509,9623695850,Airtel
PH008145,CID006510,9114486699,BSNL
PH008146,CID006511,9781157209,Jio
PH008147,CID006512,9194369129,Jio
PH008148,CID006513,9842837674,BSNL
PH008149,CID006514,9912240137,BSNL
PH008150,CID006515,9908091565,Airtel
PH008151,CID006516,9364484299,Vi
PH008152,CID006516,9287604306,Airtel
PH008153,CID006517,9593422402,Vi
PH008154,CID006518,9886363909,Jio
PH008155,CID006518,9267976694,BSNL
PH008156,CID006519,9914033598,Vi
PH008157,CID006519,9743751635,Airtel
PH008158,CID006520,9904694007,Vi
PH008159,CID006520,9830923020,Vi
PH008160,CID006521,9893760783,Airtel
PH008161,CID006522,9504712403,Vi
PH008162,CID006523,9030066796,Vi
PH008163,CID006524,9883961567,BSNL
PH008164,CID006525,9367444086,Jio
PH008165,CID006525,9727411192,Vi
PH008166,CID006526,9152637299,Vi
PH008167,CID006526,9136185328,Vi
PH008168,CID006527,9265121310,BSNL
PH008169,CID006527,9686036379,BSNL
PH008170,CID006528,9047853550,Vi
PH008171,CID006529,9233019614,Vi
PH008172,CID006530,9459566981,Airtel
PH008173,CID006530,9301230708,BSNL
PH008174,CID006531,9756363986,Vi
PH008175,CID006532,9949610269,Vi
PH008176,CID006532,9364465616,BSNL
PH008177,CID006533,9058011868,Airtel
PH008178,CID006534,9278551582,Jio
PH008179,CID006535,9251174536,Vi
PH008180,CID006535,9502119916,Jio
PH008181,CID006536,9647662263,BSNL
PH008182,CID006536,9253793137,Jio
PH008183,CID006537,9259780242,Jio
PH008184,CID006538,9556494034,Vi
PH008185,CID006539,9985573761,Airtel
PH008186,CID006540,9244089491,BSNL
PH008187,CID006541,9417518905,Jio
PH008188,CID006542,9503153143,Airtel
PH008189,CID006543,9341089520,Vi
PH008190,CID006544,9833653339,Jio
PH008191,CID006545,9351082265,Jio
PH008192,CID006546,9634531984,BSNL
PH008193,CID006547,9558131046,BSNL
PH008194,CID006548,9816666547,Jio
PH008195,CID006549,9596089512,Jio
PH008196,CID006550,9541079830,BSNL
PH008197,CID006551,9496100932,Vi
PH008198,CID006552,9390470690,Jio
PH008199,CID006552,9975536755,BSNL
PH008200,CID006553,9563647748,Vi
PH008201,CID006554,9934996745,Airtel
PH008202,CID006555,9518671918,Vi
PH008203,CID006556,9051743249,Vi
PH008204,CID006557,9022196233,Vi
PH008205,CID006558,9265641668,Jio
PH008206,CID006559,9474693378,BSNL
PH008207,CID006559,9806759985,Airtel
PH008208,CID006560,9714280526,Jio
PH008209,CID006561,9000621918,BSNL
PH008210,CID006562,9888565277,Vi
PH008211,CID006562,9243006411,Airtel
PH008212,CID006563,9159731068,BSNL
PH008213,CID006563,9496216580,Vi
PH008214,CID006564,9617056233,Airtel
PH008215,CID006565,9616516166,Vi
PH008216,CID006566,9923959475,Airtel
PH008217,CID006567,9040204071,Vi
PH008218,CID006568,9952765180,Jio
PH008219,CID006569,9827428785,Vi
PH008220,CID006569,9483392366,Airtel
PH008221,CID006570,9951168565,BSNL
PH008222,CID006571,9409279515,Jio
PH008223,CID006572,9131660738,BSNL
PH008224,CID006573,9768248799,Vi
PH008225,CID006574,9588455999,Airtel
PH008226,CID006575,9748109616,BSNL
PH008227,CID006576,9645166886,Jio
PH008228,CID006577,9739881668,Airtel
PH008229,CID006578,9995798968,Jio
PH008230,CID006579,9913949103,Airtel
PH008231,CID006580,9443026631,Jio
PH008232,CID006581,9671787145,Vi
PH008233,CID006582,9553278689,Jio
PH008234,CID006583,9260560728,Vi
PH008235,CID006583,9686090134,Vi
PH008236,CID006584,9435768078,Airtel
PH008237,CID006585,9181124398,Jio
PH008238,CID006586,9423785353,Jio
PH008239,CID006586,9123973195,Airtel
PH008240,CID006587,9489883687,Vi
PH008241,CID006587,9170825622,BSNL
PH008242,CID006588,9935844091,Jio
PH008243,CID006589,9310164791,Jio
PH008244,CID006590,9660110840,Airtel
PH008245,CID006591,9390199822,Airtel
PH008246,CID006591,9902359606,Vi
PH008247,CID006592,9778069005,Vi
PH008248,CID006593,9493242420,Airtel
PH008249,CID006594,9473591610,Vi
PH008250,CID006595,9529029397,Airtel
PH008251,CID006595,9799994597,BSNL
PH008252,CID006596,9739950591,Vi
PH008253,CID006597,9738229283,Airtel
PH008254,CID006598,9211754066,Airtel
PH008255,CID006599,9949840730,Airtel
PH008256,CID006600,9006100706,Vi
PH008257,CID006601,9408136655,BSNL
PH008258,CID006602,9604926873,Jio
PH008259,CID006603,9721915157,Airtel
PH008260,CID006604,9592026016,Jio
PH008261,CID006604,9797353580,Vi
PH008262,CID006605,9828091220,Airtel
PH008263,CID006606,9646010681,Airtel
PH008264,CID006607,9389866207,BSNL
PH008265,CID006608,9204578211,Vi
PH008266,CID006609,9344230337,Airtel
PH008267,CID006610,9728635563,Airtel
PH008268,CID006611,9067767551,BSNL
PH008269,CID006612,9794743067,Airtel
PH008270,CID006613,9110825105,Airtel
PH008271,CID006614,9922343656,Airtel
PH008272,CID006615,9236031766,Vi
PH008273,CID006616,9368386366,Airtel
PH008274,CID006617,9294829965,Vi
PH008275,CID006618,9294096576,Airtel
PH008276,CID006619,9278474299,Airtel
PH008277,CID006620,9586892772,Vi
PH008278,CID006621,9671302376,Airtel
PH008279,CID006622,9281941983,Vi
PH008280,CID006623,9490533962,Jio
PH008281,CID006624,9498634946,BSNL
PH008282,CID006625,9721139154,Airtel
PH008283,CID006626,9991682376,Jio
PH008284,CID006627,9900969299,Jio
PH008285,CID006627,9617490104,Airtel
PH008286,CID006628,9217092365,Airtel
PH008287,CID006629,9362838335,Vi
PH008288,CID006629,9390411709,BSNL
PH008289,CID006630,9966764191,Jio
PH008290,CID006631,9236645078,Jio
PH008291,CID006632,9680788665,Jio
PH008292,CID006632,9790112678,Vi
PH008293,CID006633,9261510824,Airtel
PH008294,CID006634,9164664201,Jio
PH008295,CID006635,9496581707,BSNL
PH008296,CID006636,9698129083,BSNL
PH008297,CID006637,9533372628,Airtel
PH008298,CID006638,9119212075,Vi
PH008299,CID006639,9836520087,Jio
PH008300,CID006640,9815648227,Vi
PH008301,CID006640,9307528734,Jio
PH008302,CID006641,9606875083,BSNL
PH008303,CID006642,9343300426,Airtel
PH008304,CID006643,9245629844,Airtel
PH008305,CID006644,9996433495,BSNL
PH008306,CID006645,9664894792,Jio
PH008307,CID006646,9114142302,BSNL
PH008308,CID006647,9445745485,BSNL
PH008309,CID006647,9126114507,Airtel
PH008310,CID006648,9343994441,BSNL
PH008311,CID006648,9899571332,Vi
PH008312,CID006649,9405286488,Vi
PH008313,CID006650,9974253927,Vi
PH008314,CID006651,9827234118,Airtel
PH008315,CID006652,9472965280,Vi
PH008316,CID006653,9654919369,Vi
PH008317,CID006654,9685942455,Airtel
PH008318,CID006654,9451248266,Vi
PH008319,CID006655,9047733929,Airtel
PH008320,CID006656,9580268330,Jio
PH008321,CID006657,9463614574,Airtel
PH008322,CID006657,9746655664,Vi
PH008323,CID006658,9354559227,Jio
PH008324,CID006659,9699512496,Jio
PH008325,CID006660,9461047865,Vi
PH008326,CID006661,9749142999,Airtel
PH008327,CID006662,9072877788,Jio
PH008328,CID006663,9863853073,Jio
PH008329,CID006664,9702552439,BSNL
PH008330,CID006665,9769423661,Airtel
PH008331,CID006666,9677576286,Vi
PH008332,CID006666,9624050064,Airtel
PH008333,CID006667,9527270220,Vi
PH008334,CID006668,9087271028,BSNL
PH008335,CID006669,9106668127,BSNL
PH008336,CID006670,9777462135,Airtel
PH008337,CID006671,9306302672,Jio
PH008338,CID006672,9269976548,Vi
PH008339,CID006673,9707448175,Jio
PH008340,CID006674,9882505545,Vi
PH008341,CID006675,9072259701,BSNL
PH008342,CID006676,9460274931,Airtel
PH008343,CID006677,9851120685,BSNL
PH008344,CID006678,9612151762,Jio
PH008345,CID006678,9157176196,Vi
PH008346,CID006679,9834112329,Jio
PH008347,CID006679,9907355509,Vi
PH008348,CID006680,9186917520,Airtel
PH008349,CID006681,9936223162,Jio
PH008350,CID006682,9113888642,Vi
PH008351,CID006683,9657845593,BSNL
PH008352,CID006684,9869279005,Jio
PH008353,CID006685,9449586830,Vi
PH008354,CID006686,9535181091,Airtel
PH008355,CID006687,9413110897,Vi
PH008356,CID006688,9732504029,Vi
PH008357,CID006689,9166300205,Jio
PH008358,CID006689,9951264393,Airtel
PH008359,CID006690,9157780565,Vi
PH008360,CID006691,9349875920,Jio
PH008361,CID006691,9786919277,BSNL
PH008362,CID006692,9238419876,Jio
PH008363,CID006692,9098573301,Jio
PH008364,CID006693,9546596601,Vi
PH008365,CID006694,9481145777,Vi
PH008366,CID006695,9129015480,Vi
PH008367,CID006696,9960900967,Jio
PH008368,CID006696,9506326237,BSNL
PH008369,CID006697,9752487688,BSNL
PH008370,CID006698,9794570825,Vi
PH008371,CID006699,9843612101,BSNL
PH008372,CID006700,9049404486,Airtel
PH008373,CID006701,9623414791,Jio
PH008374,CID006702,9917548202,Airtel
PH008375,CID006703,9804442448,BSNL
PH008376,CID006704,9316479460,Jio
PH008377,CID006705,9318871956,BSNL
PH008378,CID006705,9003680921,Vi
PH008379,CID006706,9734907800,Vi
PH008380,CID006707,9229792693,Vi
PH008381,CID006708,9932824649,Jio
PH008382,CID006709,9102723354,Jio
PH008383,CID006710,9379621457,Vi
PH008384,CID006711,9293880210,Airtel
PH008385,CID006712,9794929547,BSNL
PH008386,CID006712,9904760364,Airtel
PH008387,CID006713,9895524632,Vi
PH008388,CID006714,9214616000,Airtel
PH008389,CID006714,9887705886,BSNL
PH008390,CID006715,9549601899,BSNL
PH008391,CID006716,9719908438,BSNL
PH008392,CID006717,9472733346,Vi
PH008393,CID006718,9890214246,Vi
PH008394,CID006719,9564584820,Jio
PH008395,CID006720,9723705675,Airtel
PH008396,CID006721,9486725136,Vi
PH008397,CID006722,9332764943,BSNL
PH008398,CID006722,9734800855,Vi
PH008399,CID006723,9948554906,BSNL
PH008400,CID006724,9262340662,Airtel
PH008401,CID006725,9142635334,Airtel
PH008402,CID006726,9553290640,Airtel
PH008403,CID006727,9049625250,Vi
PH008404,CID006728,9753923090,Jio
PH008405,CID006729,9924016761,BSNL
PH008406,CID006730,9895925507,Jio
PH008407,CID006731,9282098496,BSNL
PH008408,CID006732,9093598298,BSNL
PH008409,CID006732,9891955091,Vi
PH008410,CID006733,9204337809,Airtel
PH008411,CID006733,9800952889,Jio
PH008412,CID006734,9567545449,Jio
PH008413,CID006735,9885733203,Vi
PH008414,CID006736,9815623095,Airtel
PH008415,CID006737,9521150770,Airtel
PH008416,CID006738,9800360127,BSNL
PH008417,CID006739,9135818842,Jio
PH008418,CID006740,9048565320,BSNL
PH008419,CID006741,9674787761,Jio
PH008420,CID006742,9095764215,Vi
PH008421,CID006743,9297070338,Jio
PH008422,CID006744,9056118171,Jio
PH008423,CID006745,9296364329,Airtel
PH008424,CID006745,9578351502,Vi
PH008425,CID006746,9927516146,Jio
PH008426,CID006746,9890197955,Airtel
PH008427,CID006747,9470040794,BSNL
PH008428,CID006748,9033345634,Airtel
PH008429,CID006749,9207493329,Airtel
PH008430,CID006750,9166734202,Jio
PH008431,CID006751,9409040664,Jio
PH008432,CID006751,9816955652,BSNL
PH008433,CID006752,9806576756,Jio
PH008434,CID006753,9390274224,Jio
PH008435,CID006753,9150317361,BSNL
PH008436,CID006754,9653624669,Airtel
PH008437,CID006754,9874287743,Jio
PH008438,CID006755,9785643662,BSNL
PH008439,CID006756,9133459837,Vi
PH008440,CID006757,9189020094,Vi
PH008441,CID006758,9660958426,Jio
PH008442,CID006759,9813955241,Jio
PH008443,CID006760,9988972311,Jio
PH008444,CID006761,9566438279,Vi
PH008445,CID006762,9071496589,Vi
PH008446,CID006763,9409343085,Jio
PH008447,CID006764,9546140542,Vi
PH008448,CID006765,9757412395,Jio
PH008449,CID006766,9446159006,Vi
PH008450,CID006766,9516715892,Airtel
PH008451,CID006767,9845240520,BSNL
PH008452,CID006768,9652877408,Jio
PH008453,CID006769,9888668757,BSNL
PH008454,CID006770,9395462958,Airtel
PH008455,CID006771,9826606603,Vi
PH008456,CID006772,9367148699,Jio
PH008457,CID006773,9957309499,BSNL
PH008458,CID006774,9130224645,Airtel
PH008459,CID006775,9678556988,Vi
PH008460,CID006776,9247511862,Airtel
PH008461,CID006777,9770288341,Vi
PH008462,CID006778,9547102803,Vi
PH008463,CID006779,9998305652,BSNL
PH008464,CID006780,9472924620,Jio
PH008465,CID006781,9701429293,Vi
PH008466,CID006782,9487460554,Vi
PH008467,CID006783,9074105175,Jio
PH008468,CID006784,9323778981,Jio
PH008469,CID006785,9362416456,Jio
PH008470,CID006786,9264307174,Jio
PH008471,CID006787,9835498246,Vi
PH008472,CID006788,9338582367,BSNL
PH008473,CID006788,9438949586,Jio
PH008474,CID006789,9607575613,Airtel
PH008475,CID006790,9167697547,Airtel
PH008476,CID006791,9807967862,Vi
PH008477,CID006792,9115720902,Jio
PH008478,CID006793,9325286519,Vi
PH008479,CID006793,9346011441,Airtel
PH008480,CID006794,9600509182,Airtel
PH008481,CID006795,9321211019,Jio
PH008482,CID006796,9284138048,BSNL
PH008483,CID006796,9520737439,Jio
PH008484,CID006797,9489922578,BSNL
PH008485,CID006797,9536764381,Vi
PH008486,CID006798,9385790393,Airtel
PH008487,CID006798,9472787041,Jio
PH008488,CID006799,9173475436,Jio
PH008489,CID006800,9479349952,BSNL
PH008490,CID006800,9185640374,BSNL
PH008491,CID006801,9873119849,Jio
PH008492,CID006802,9358154681,Vi
PH008493,CID006803,9530020337,Vi
PH008494,CID006804,9554099695,BSNL
PH008495,CID006805,9623411190,Jio
PH008496,CID006806,9874255555,BSNL
PH008497,CID006806,9052572390,Airtel
PH008498,CID006807,9136256467,Airtel
PH008499,CID006808,9993515045,Airtel
PH008500,CID006808,9604812464,Airtel
PH008501,CID006809,9757715121,Vi
PH008502,CID006810,9706058732,Jio
PH008503,CID006810,9117039153,Vi
PH008504,CID006811,9431579817,BSNL
PH008505,CID006812,9776713705,Jio
PH008506,CID006812,9208627382,Jio
PH008507,CID006813,9201792148,Airtel
PH008508,CID006814,9469192195,BSNL
PH008509,CID006815,9611672270,Jio
PH008510,CID006816,9220329378,BSNL
PH008511,CID006816,9598347843,Vi
PH008512,CID006817,9883521083,Jio
PH008513,CID006817,9489949457,Vi
PH008514,CID006818,9762038878,Vi
PH008515,CID006819,9352420126,Jio
PH008516,CID006820,9731431589,BSNL
PH008517,CID006821,9600981250,Jio
PH008518,CID006822,9860703096,BSNL
PH008519,CID006823,9999348910,Jio
PH008520,CID006824,9805366911,BSNL
PH008521,CID006825,9775575229,Vi
PH008522,CID006826,9385704553,BSNL
PH008523,CID006827,9019859666,BSNL
PH008524,CID006828,9358757537,Airtel
PH008525,CID006829,9577250767,Vi
PH008526,CID006829,9399399192,Airtel
PH008527,CID006830,9554708960,Airtel
PH008528,CID006831,9181464485,Vi
PH008529,CID006832,9720312371,Vi
PH008530,CID006833,9947528526,Vi
PH008531,CID006834,9586610692,BSNL
PH008532,CID006835,9555838504,Airtel
PH008533,CID006836,9507733138,BSNL
PH008534,CID006837,9523573596,Jio
PH008535,CID006838,9085263045,Vi
PH008536,CID006839,9693313834,Airtel
PH008537,CID006840,9331350016,Airtel
PH008538,CID006841,9800608548,BSNL
PH008539,CID006841,9879747235,Jio
PH008540,CID006842,9174295407,BSNL
PH008541,CID006843,9603071988,Vi
PH008542,CID006844,9356005917,Jio
PH008543,CID006845,9090546661,Vi
PH008544,CID006846,9208364054,Vi
PH008545,CID006847,9327617899,Jio
PH008546,CID006848,9536463869,Airtel
PH008547,CID006848,9052818334,Airtel
PH008548,CID006849,9323659475,Airtel
PH008549,CID006850,9735979729,Vi
PH008550,CID006851,9272969157,Vi
PH008551,CID006851,9493196958,BSNL
PH008552,CID006852,9039836413,Jio
PH008553,CID006853,9519496871,BSNL
PH008554,CID006854,9937185908,BSNL
PH008555,CID006855,9913379866,Airtel
PH008556,CID006856,9904112618,Airtel
PH008557,CID006857,9704330586,Airtel
PH008558,CID006857,9349440247,Jio
PH008559,CID006858,9563197805,Vi
PH008560,CID006858,9473781384,Vi
PH008561,CID006859,9709152579,BSNL
PH008562,CID006860,9860361029,Jio
PH008563,CID006861,9590897959,BSNL
PH008564,CID006862,9431335543,Vi
PH008565,CID006863,9695094141,Jio
PH008566,CID006864,9529089019,Vi
PH008567,CID006865,9751921740,BSNL
PH008568,CID006866,9175423631,BSNL
PH008569,CID006867,9026773157,Vi
PH008570,CID006867,9296152270,BSNL
PH008571,CID006868,9725535825,BSNL
PH008572,CID006869,9861205985,Airtel
PH008573,CID006870,9114510261,Jio
PH008574,CID006871,9321959947,Jio
PH008575,CID006872,9750503811,BSNL
PH008576,CID006873,9970509722,Vi
PH008577,CID006874,9870867032,BSNL
PH008578,CID006875,9838168952,BSNL
PH008579,CID006875,9138998224,Vi
PH008580,CID006876,9000186064,BSNL
PH008581,CID006877,9073067364,Jio
PH008582,CID006878,9466973961,Airtel
PH008583,CID006879,9133663144,Vi
PH008584,CID006880,9910116584,BSNL
PH008585,CID006880,9322552716,BSNL
PH008586,CID006881,9919254822,Jio
PH008587,CID006882,9132942409,Vi
PH008588,CID006882,9395522052,BSNL
PH008589,CID006883,9091886343,Vi
PH008590,CID006884,9253604329,BSNL
PH008591,CID006884,9287600609,Jio
PH008592,CID006885,9789249577,Jio
PH008593,CID006886,9815842055,BSNL
PH008594,CID006887,9272175983,Vi
PH008595,CID006887,9012739548,Vi
PH008596,CID006888,9053547259,BSNL
PH008597,CID006889,9480506740,Vi
PH008598,CID006890,9241401975,Jio
PH008599,CID006891,9913035824,Jio
PH008600,CID006892,9930143641,Jio
PH008601,CID006892,9734925679,Vi
PH008602,CID006893,9789456923,Airtel
PH008603,CID006893,9185808957,Airtel
PH008604,CID006894,9874846005,Vi
PH008605,CID006895,9318157970,Jio
PH008606,CID006896,9129894045,Jio
PH008607,CID006896,9516759378,BSNL
PH008608,CID006897,9643278880,BSNL
PH008609,CID006898,9225046869,Airtel
PH008610,CID006899,9877894004,Jio
PH008611,CID006900,9544759495,Vi
PH008612,CID006900,9570240127,Jio
PH008613,CID006901,9445163116,BSNL
PH008614,CID006902,9978206920,BSNL
PH008615,CID006902,9012313208,Vi
PH008616,CID006903,9737597560,Vi
PH008617,CID006904,9777450951,BSNL
PH008618,CID006905,9847928693,Vi
PH008619,CID006905,9221685010,Vi
PH008620,CID006906,9923870084,BSNL
PH008621,CID006907,9361827550,Vi
PH008622,CID006908,9784454724,Vi
PH008623,CID006908,9871567434,Airtel
PH008624,CID006909,9948990278,Airtel
PH008625,CID006909,9392064455,Airtel
PH008626,CID006910,9073602160,Vi
PH008627,CID006911,9347294074,Vi
PH008628,CID006911,9643234129,Airtel
PH008629,CID006912,9597153127,Jio
PH008630,CID006912,9227786191,Jio
PH008631,CID006913,9540700596,Airtel
PH008632,CID006913,9644018267,Jio
PH008633,CID006914,9520571048,Vi
PH008634,CID006915,9269206857,Jio
PH008635,CID006916,9480191772,BSNL
PH008636,CID006917,9705249242,Vi
PH008637,CID006918,9418942617,Airtel
PH008638,CID006918,9396955162,BSNL
PH008639,CID006919,9121168031,Vi
PH008640,CID006920,9538762889,Airtel
PH008641,CID006921,9385730238,Jio
PH008642,CID006921,9702466023,Jio
PH008643,CID006922,9515114538,BSNL
PH008644,CID006923,9013085738,Vi
PH008645,CID006924,9220896858,Jio
PH008646,CID006924,9916598463,Vi
PH008647,CID006925,9055224537,Airtel
PH008648,CID006926,9303878434,Airtel
PH008649,CID006927,9048834300,Airtel
PH008650,CID006927,9641730552,Airtel
PH008651,CID006928,9034913193,BSNL
PH008652,CID006929,9383706603,BSNL
PH008653,CID006930,9566105297,BSNL
PH008654,CID006931,9816991995,Airtel
PH008655,CID006932,9624001483,Jio
PH008656,CID006933,9666218079,Airtel
PH008657,CID006934,9116499110,Jio
PH008658,CID006935,9775079713,Vi
PH008659,CID006936,9248272756,Vi
PH008660,CID006937,9784140962,Vi
PH008661,CID006938,9817669128,Jio
PH008662,CID006939,9487312620,Vi
PH008663,CID006940,9943145556,Airtel
PH008664,CID006941,9178584259,Airtel
PH008665,CID006941,9065600518,Vi
PH008666,CID006942,9787198177,Airtel
PH008667,CID006943,9280098054,BSNL
PH008668,CID006944,9189883641,Vi
PH008669,CID006945,9470692846,Airtel
PH008670,CID006946,9453214172,Airtel
PH008671,CID006947,9683142040,Jio
PH008672,CID006948,9916779275,BSNL
PH008673,CID006949,9429797705,Jio
PH008674,CID006950,9367572486,Airtel
PH008675,CID006951,9072783551,Airtel
PH008676,CID006952,9724161640,BSNL
PH008677,CID006953,9221312789,Airtel
PH008678,CID006954,9547232983,Airtel
PH008679,CID006955,9101501669,Airtel
PH008680,CID006956,9441860525,BSNL
PH008681,CID006957,9762015210,Airtel
PH008682,CID006958,9126837946,BSNL
PH008683,CID006958,9339023495,Jio
PH008684,CID006959,9254968854,Jio
PH008685,CID006959,9313748396,Vi
PH008686,CID006960,9292521326,Airtel
PH008687,CID006960,9257061416,Airtel
PH008688,CID006961,9174355006,Vi
PH008689,CID006962,9989590832,BSNL
PH008690,CID006963,9273291450,BSNL
PH008691,CID006964,9177276939,Jio
PH008692,CID006965,9862248283,Airtel
PH008693,CID006965,9107926942,BSNL
PH008694,CID006966,9219755487,Jio
PH008695,CID006967,9955890933,Jio
PH008696,CID006968,9053941919,Jio
PH008697,CID006969,9079051260,Vi
PH008698,CID006970,9814676868,Vi
PH008699,CID006971,9074374894,Airtel
PH008700,CID006972,9705856620,BSNL
PH008701,CID006972,9355774836,BSNL
PH008702,CID006973,9145119220,Airtel
PH008703,CID006974,9453656315,Jio
PH008704,CID006974,9911435757,Vi
PH008705,CID006975,9955239974,Vi
PH008706,CID006976,9735000563,Airtel
PH008707,CID006977,9432252939,Jio
PH008708,CID006978,9169058751,Jio
PH008709,CID006979,9257458237,BSNL
PH008710,CID006980,9202625985,BSNL
PH008711,CID006981,9500000079,BSNL
PH008712,CID006982,9057296339,Jio
PH008713,CID006983,9080008136,Vi
PH008714,CID006983,9176138329,BSNL
PH008715,CID006984,9371114437,Vi
PH008716,CID006985,9778081137,Jio
PH008717,CID006986,9737942757,Jio
PH008718,CID006987,9770980701,Airtel
PH008719,CID006988,9138824940,Jio
PH008720,CID006989,9122781898,Jio
PH008721,CID006989,9676865142,Vi
PH008722,CID006990,9478134224,BSNL
PH008723,CID006991,9983752699,BSNL
PH008724,CID006992,9739593304,BSNL
PH008725,CID006993,9831325011,Airtel
PH008726,CID006993,9577356700,Jio
PH008727,CID006994,9581571208,BSNL
PH008728,CID006995,9898198117,Jio
PH008729,CID006996,9139928591,Jio
PH008730,CID006997,9068052258,Vi
PH008731,CID006998,9619954830,Vi
PH008732,CID006998,9443870610,BSNL
PH008733,CID006999,9946019389,BSNL
PH008734,CID007000,9080918852,Vi
PH008735,CID007001,9029606959,Vi
PH008736,CID007001,9227820105,Vi
PH008737,CID007002,9736089148,Jio
PH008738,CID007002,9500858263,Vi
PH008739,CID007003,9971667626,BSNL
PH008740,CID007004,9297107786,Jio
PH008741,CID007005,9052103124,Vi
PH008742,CID007006,9943706609,Airtel
PH008743,CID007007,9219936305,Vi
PH008744,CID007008,9275870207,Airtel
PH008745,CID007009,9136768998,Vi
PH008746,CID007010,9327533444,Jio
PH008747,CID007011,9352606570,Jio
PH008748,CID007012,9652843187,Vi
PH008749,CID007012,9279173228,Jio
PH008750,CID007013,9230231100,Jio
PH008751,CID007014,9827884556,Jio
PH008752,CID007015,9538882814,Vi
PH008753,CID007016,9882108563,BSNL
PH008754,CID007016,9940187774,BSNL
PH008755,CID007017,9719088352,BSNL
PH008756,CID007018,9582321758,Jio
PH008757,CID007019,9484214396,Jio
PH008758,CID007020,9481868673,Jio
PH008759,CID007021,9479448178,Airtel
PH008760,CID007022,9675912359,BSNL
PH008761,CID007023,9110632140,Airtel
PH008762,CID007024,9196087311,Vi
PH008763,CID007025,9829962854,Jio
PH008764,CID007026,9078122822,Airtel
PH008765,CID007026,9117210949,Vi
PH008766,CID007027,9509898752,Vi
PH008767,CID007028,9704831872,Airtel
PH008768,CID007029,9400917828,Jio
PH008769,CID007030,9003168985,Vi
PH008770,CID007031,9067417613,Airtel
PH008771,CID007032,9537198823,Airtel
PH008772,CID007032,9073767501,Jio
PH008773,CID007033,9123166080,Airtel
PH008774,CID007033,9970931130,Vi
PH008775,CID007034,9130302156,Airtel
PH008776,CID007035,9579966541,Vi
PH008777,CID007036,9929933519,Airtel
PH008778,CID007037,9209920489,Airtel
PH008779,CID007038,9049204599,Vi
PH008780,CID007039,9618766431,Jio
PH008781,CID007040,9645380318,Vi
PH008782,CID007041,9024562240,Vi
PH008783,CID007042,9256384085,BSNL
PH008784,CID007042,9487346888,BSNL
PH008785,CID007043,9464641787,Jio
PH008786,CID007043,9027147777,Jio
PH008787,CID007044,9769430227,Airtel
PH008788,CID007045,9637821095,Airtel
PH008789,CID007046,9485003267,Jio
PH008790,CID007047,9769303363,Airtel
PH008791,CID007048,9909730353,Airtel
PH008792,CID007049,9758909553,BSNL
PH008793,CID007050,9829325867,Airtel
PH008794,CID007051,9530274474,Jio
PH008795,CID007052,9739587467,Jio
PH008796,CID007052,9811216844,Jio
PH008797,CID007053,9919047313,BSNL
PH008798,CID007053,9066558772,Airtel
PH008799,CID007054,9635902614,BSNL
PH008800,CID007055,9016323623,BSNL
PH008801,CID007056,9118722516,Airtel
PH008802,CID007057,9581790087,BSNL
PH008803,CID007058,9994428313,BSNL
PH008804,CID007059,9663880721,Vi
PH008805,CID007060,9494753666,Jio
PH008806,CID007061,9649545883,Vi
PH008807,CID007062,9270371386,Airtel
PH008808,CID007063,9830827393,Vi
PH008809,CID007064,9194205821,BSNL
PH008810,CID007065,9929169416,Airtel
PH008811,CID007065,9621516357,Vi
PH008812,CID007066,9845087775,Jio
PH008813,CID007067,9431780560,Airtel
PH008814,CID007067,9745631275,BSNL
PH008815,CID007068,9325653060,Vi
PH008816,CID007069,9705321550,Airtel
PH008817,CID007070,9226290984,Jio
PH008818,CID007071,9663201912,Vi
PH008819,CID007072,9842541425,Airtel
PH008820,CID007073,9839407119,Vi
PH008821,CID007074,9992996438,Jio
PH008822,CID007075,9547186047,Airtel
PH008823,CID007076,9159911931,Vi
PH008824,CID007077,9290418424,BSNL
PH008825,CID007078,9177763364,Vi
PH008826,CID007079,9094923579,Vi
PH008827,CID007079,9633254691,Airtel
PH008828,CID007080,9281597268,Jio
PH008829,CID007081,9801880917,Airtel
PH008830,CID007082,9260516390,BSNL
PH008831,CID007083,9251374584,BSNL
PH008832,CID007083,9888765155,Jio
PH008833,CID007084,9041459324,Airtel
PH008834,CID007085,9284508123,BSNL
PH008835,CID007086,9500323196,Jio
PH008836,CID007087,9225179093,Airtel
PH008837,CID007088,9454006328,BSNL
PH008838,CID007088,9326729498,Jio
PH008839,CID007089,9866097709,Airtel
PH008840,CID007090,9572862039,Jio
PH008841,CID007091,9247564107,BSNL
PH008842,CID007092,9084801340,Jio
PH008843,CID007093,9198022863,Airtel
PH008844,CID007094,9872679749,Vi
PH008845,CID007095,9678140850,Vi
PH008846,CID007096,9393480447,Jio
PH008847,CID007096,9323230825,Airtel
PH008848,CID007097,9228084238,Airtel
PH008849,CID007098,9062705949,BSNL
PH008850,CID007099,9370904114,BSNL
PH008851,CID007099,9692947530,BSNL
PH008852,CID007100,9646597675,Vi
PH008853,CID007101,9302496353,Jio
PH008854,CID007102,9093345392,Vi
PH008855,CID007103,9172377774,Vi
PH008856,CID007104,9986433667,Airtel
PH008857,CID007105,9166313972,BSNL
PH008858,CID007105,9956247218,BSNL
PH008859,CID007106,9788473830,Airtel
PH008860,CID007107,9140417265,Airtel
PH008861,CID007108,9947182824,Jio
PH008862,CID007109,9032705870,Airtel
PH008863,CID007110,9728455041,Vi
PH008864,CID007111,9144655531,BSNL
PH008865,CID007111,9626660649,Airtel
PH008866,CID007112,9118035961,BSNL
PH008867,CID007113,9326363688,Vi
PH008868,CID007114,9672244559,Airtel
PH008869,CID007115,9899537130,BSNL
PH008870,CID007116,9192763711,Vi
PH008871,CID007117,9012973406,Airtel
PH008872,CID007117,9208963625,Jio
PH008873,CID007118,9161252670,Airtel
PH008874,CID007119,9979911791,BSNL
PH008875,CID007120,9796399260,Vi
PH008876,CID007120,9888477882,BSNL
PH008877,CID007121,9981737697,Jio
PH008878,CID007122,9373882282,Vi
PH008879,CID007123,9349011301,Vi
PH008880,CID007124,9589646814,Jio
PH008881,CID007125,9032096955,Vi
PH008882,CID007126,9421718972,Vi
PH008883,CID007127,9929327271,BSNL
PH008884,CID007128,9353867953,BSNL
PH008885,CID007129,9933399285,Airtel
PH008886,CID007130,9601842788,Jio
PH008887,CID007131,9461404360,BSNL
PH008888,CID007132,9889198760,Airtel
PH008889,CID007132,9011254699,Jio
PH008890,CID007133,9576443557,Vi
PH008891,CID007133,9088003183,BSNL
PH008892,CID007134,9340299257,BSNL
PH008893,CID007135,9922126786,Airtel
PH008894,CID007135,9383479713,Jio
PH008895,CID007136,9745988399,Airtel
PH008896,CID007136,9889659310,Airtel
PH008897,CID007137,9148047893,Airtel
PH008898,CID007137,9618219732,Vi
PH008899,CID007138,9245180819,Jio
PH008900,CID007139,9571706906,Airtel
PH008901,CID007140,9075556352,BSNL
PH008902,CID007141,9463057117,Jio
PH008903,CID007142,9797502690,Vi
PH008904,CID007143,9736906350,Vi
PH008905,CID007143,9688013134,BSNL
PH008906,CID007144,9098395152,BSNL
PH008907,CID007145,9786554800,Airtel
PH008908,CID007146,9650551171,Jio
PH008909,CID007147,9800271744,Airtel
PH008910,CID007148,9780535395,BSNL
PH008911,CID007149,9298911659,BSNL
PH008912,CID007150,9350547525,Airtel
PH008913,CID007151,9550580834,Vi
PH008914,CID007152,9594708448,Vi
PH008915,CID007153,9183451766,Airtel
PH008916,CID007154,9461642223,BSNL
PH008917,CID007154,9488049411,Airtel
PH008918,CID007155,9739137508,Vi
PH008919,CID007156,9507168571,Airtel
PH008920,CID007157,9643271675,Vi
PH008921,CID007158,9143730922,Jio
PH008922,CID007159,9259432876,BSNL
PH008923,CID007160,9236407724,Airtel
PH008924,CID007161,9338276731,Vi
PH008925,CID007162,9846658292,Airtel
PH008926,CID007163,9604482316,Airtel
PH008927,CID007164,9415253475,BSNL
PH008928,CID007165,9678275658,Jio
PH008929,CID007165,9694719302,Jio
PH008930,CID007166,9231803318,Vi
PH008931,CID007167,9345440117,BSNL
PH008932,CID007168,9093647061,Jio
PH008933,CID007169,9741000377,BSNL
PH008934,CID007170,9428641913,Vi
PH008935,CID007171,9499159653,Jio
PH008936,CID007172,9742473187,Vi
PH008937,CID007173,9899009853,Airtel
PH008938,CID007174,9292015774,BSNL
PH008939,CID007175,9557729102,BSNL
PH008940,CID007176,9108174926,Jio
PH008941,CID007177,9555759095,Jio
PH008942,CID007178,9351967653,BSNL
PH008943,CID007179,9131821912,Airtel
PH008944,CID007180,9811138381,BSNL
PH008945,CID007181,9737918133,Jio
PH008946,CID007182,9921365556,Airtel
PH008947,CID007183,9932575448,Jio
PH008948,CID007184,9957638217,BSNL
PH008949,CID007185,9409120137,Jio
PH008950,CID007186,9216709010,BSNL
PH008951,CID007187,9160700897,BSNL
PH008952,CID007188,9096035898,Jio
PH008953,CID007189,9057377870,Jio
PH008954,CID007190,9036856123,BSNL
PH008955,CID007191,9956942579,Jio
PH008956,CID007192,9912033117,BSNL
PH008957,CID007192,9329766066,BSNL
PH008958,CID007193,9425019890,Vi
PH008959,CID007193,9168839130,Vi
PH008960,CID007194,9041541415,Airtel
PH008961,CID007194,9185759370,Vi
PH008962,CID007195,9910413143,Airtel
PH008963,CID007196,9250315589,Vi
PH008964,CID007197,9139573522,BSNL
PH008965,CID007198,9199849211,BSNL
PH008966,CID007199,9592196786,Vi
PH008967,CID007200,9246798347,BSNL
PH008968,CID007201,9757368497,Airtel
PH008969,CID007202,9211017934,BSNL
PH008970,CID007202,9017418110,BSNL
PH008971,CID007203,9690858009,BSNL
PH008972,CID007204,9015527897,BSNL
PH008973,CID007205,9182557845,Jio
PH008974,CID007206,9316601236,Vi
PH008975,CID007206,9153784460,Jio
PH008976,CID007207,9909969249,Airtel
PH008977,CID007207,9520825139,Jio
PH008978,CID007208,9882598945,Jio
PH008979,CID007209,9695238975,BSNL
PH008980,CID007210,9203101644,BSNL
PH008981,CID007211,9730141357,BSNL
PH008982,CID007212,9649869057,Vi
PH008983,CID007212,9320602752,Vi
PH008984,CID007213,9282285546,Vi
PH008985,CID007213,9520602250,Jio
PH008986,CID007214,9630879365,Airtel
PH008987,CID007215,9213491640,Vi
PH008988,CID007215,9176668939,BSNL
PH008989,CID007216,9765854221,Airtel
PH008990,CID007217,9738521479,Vi
PH008991,CID007217,9024054018,BSNL
PH008992,CID007218,9050871325,BSNL
PH008993,CID007218,9586247696,BSNL
PH008994,CID007219,9299460530,BSNL
PH008995,CID007220,9794640975,BSNL
PH008996,CID007221,9998370094,Jio
PH008997,CID007222,9178144437,BSNL
PH008998,CID007222,9872275921,Jio
PH008999,CID007223,9645058607,Airtel
PH009000,CID007224,9144396450,BSNL
PH009001,CID007225,9109057702,Airtel
PH009002,CID007226,9235876551,Jio
PH009003,CID007227,9159551212,Airtel
PH009004,CID007227,9314934721,Jio
PH009005,CID007228,9643556907,BSNL
PH009006,CID007229,9053328785,BSNL
PH009007,CID007230,9608716024,Vi
PH009008,CID007231,9453068337,Vi
PH009009,CID007232,9463037242,Vi
PH009010,CID007233,9006631586,Jio
PH009011,CID007233,9572474640,Airtel
PH009012,CID007234,9844646141,Jio
PH009013,CID007235,9164974909,Vi
PH009014,CID007236,9967410023,Airtel
PH009015,CID007237,9213596260,Vi
PH009016,CID007237,9140265966,Vi
PH009017,CID007238,9841978173,Airtel
PH009018,CID007239,9649765070,Jio
PH009019,CID007240,9747282587,Vi
PH009020,CID007241,9697186079,Vi
PH009021,CID007241,9276243116,BSNL
PH009022,CID007242,9802176614,Jio
PH009023,CID007243,9966004122,Vi
PH009024,CID007244,9808579004,BSNL
PH009025,CID007244,9041474133,Jio
PH009026,CID007245,9339497557,BSNL
PH009027,CID007246,9351309273,Jio
PH009028,CID007247,9737005685,Vi
PH009029,CID007248,9314612978,BSNL
PH009030,CID007249,9480633280,Airtel
PH009031,CID007250,9460141650,Airtel
PH009032,CID007251,9447265344,Vi
PH009033,CID007252,9396293072,Airtel
PH009034,CID007253,9488246020,BSNL
PH009035,CID007253,9373672625,Vi
PH009036,CID007254,9309514854,Vi
PH009037,CID007255,9758004356,Airtel
PH009038,CID007255,9026359004,Jio
PH009039,CID007256,9251680837,Vi
PH009040,CID007257,9369588654,BSNL
PH009041,CID007258,9242213664,BSNL
PH009042,CID007258,9390705828,Jio
PH009043,CID007259,9205187647,Jio
PH009044,CID007260,9545298908,Jio
PH009045,CID007261,9340300580,Airtel
PH009046,CID007262,9327689524,Airtel
PH009047,CID007262,9576007048,Airtel
PH009048,CID007263,9542938887,BSNL
PH009049,CID007264,9662132986,Jio
PH009050,CID007265,9239098335,Airtel
PH009051,CID007266,9863908070,BSNL
PH009052,CID007266,9550922430,Airtel
PH009053,CID007267,9016592428,Jio
PH009054,CID007268,9413857326,Vi
PH009055,CID007268,9448086190,BSNL
PH009056,CID007269,9700527623,Airtel
PH009057,CID007270,9519933178,BSNL
PH009058,CID007271,9649531528,Airtel
PH009059,CID007272,9994192881,BSNL
PH009060,CID007272,9892578998,BSNL
PH009061,CID007273,9384345939,Jio
PH009062,CID007274,9144631633,Jio
PH009063,CID007274,9237768802,Jio
PH009064,CID007275,9858778201,Vi
PH009065,CID007276,9203493255,Airtel
PH009066,CID007277,9349379443,Vi
PH009067,CID007278,9691855571,BSNL
PH009068,CID007279,9808646299,Vi
PH009069,CID007280,9113141384,BSNL
PH009070,CID007281,9771756507,Airtel
PH009071,CID007282,9082828685,Airtel
PH009072,CID007283,9248246517,Airtel
PH009073,CID007284,9779617477,Airtel
PH009074,CID007285,9640899437,Airtel
PH009075,CID007286,9672260906,BSNL
PH009076,CID007286,9342676859,Vi
PH009077,CID007287,9368351591,Jio
PH009078,CID007287,9339288940,Vi
PH009079,CID007288,9464637494,Airtel
PH009080,CID007289,9375568289,Vi
PH009081,CID007290,9216668886,Airtel
PH009082,CID007291,9861284401,Jio
PH009083,CID007292,9281228219,Airtel
PH009084,CID007293,9806850077,Airtel
PH009085,CID007294,9647226290,Jio
PH009086,CID007294,9558647539,BSNL
PH009087,CID007295,9653473103,BSNL
PH009088,CID007296,9621705906,Jio
PH009089,CID007297,9808494080,Vi
PH009090,CID007297,9612100760,Jio
PH009091,CID007298,9563237624,Vi
PH009092,CID007299,9248312112,Airtel
PH009093,CID007300,9992910167,Airtel
PH009094,CID007301,9405303845,Vi
PH009095,CID007302,9582511068,Airtel
PH009096,CID007302,9278481371,Airtel
PH009097,CID007303,9493777715,Airtel
PH009098,CID007304,9912361094,Airtel
PH009099,CID007305,9088728649,Airtel
PH009100,CID007306,9246616813,Airtel
PH009101,CID007307,9660020348,Vi
PH009102,CID007307,9823748435,Vi
PH009103,CID007308,9805060043,BSNL
PH009104,CID007309,9366199290,Jio
PH009105,CID007310,9661629056,Vi
PH009106,CID007311,9351961620,Vi
PH009107,CID007311,9404557051,BSNL
PH009108,CID007312,9999352606,Vi
PH009109,CID007312,9101663343,BSNL
PH009110,CID007313,9090687192,BSNL
PH009111,CID007314,9708457165,BSNL
PH009112,CID007315,9190051387,Vi
PH009113,CID007316,9046769157,Jio
PH009114,CID007317,9675943294,Jio
PH009115,CID007318,9692586777,BSNL
PH009116,CID007319,9731824836,Airtel
PH009117,CID007320,9973251939,Jio
PH009118,CID007320,9568039053,Vi
PH009119,CID007321,9040705431,Jio
PH009120,CID007322,9604751697,BSNL
PH009121,CID007323,9395548325,Airtel
PH009122,CID007323,9728340410,Jio
PH009123,CID007324,9947429060,BSNL
PH009124,CID007325,9647594778,Jio
PH009125,CID007326,9205409309,BSNL
PH009126,CID007326,9322142995,BSNL
PH009127,CID007327,9171353364,BSNL
PH009128,CID007328,9744812437,Vi
PH009129,CID007328,9804186338,Airtel
PH009130,CID007329,9179407376,Airtel
PH009131,CID007330,9474427195,BSNL
PH009132,CID007331,9444437167,Airtel
PH009133,CID007332,9230407908,Vi
PH009134,CID007333,9136622460,Airtel
PH009135,CID007333,9504695577,Airtel
PH009136,CID007334,9891392983,Jio
PH009137,CID007335,9767430017,Vi
PH009138,CID007335,9162168315,BSNL
PH009139,CID007336,9016811249,Jio
PH009140,CID007337,9556718672,Airtel
PH009141,CID007338,9106476502,Airtel
PH009142,CID007338,9726352647,BSNL
PH009143,CID007339,9239838258,BSNL
PH009144,CID007339,9962477246,Vi
PH009145,CID007340,9337887933,BSNL
PH009146,CID007340,9314723321,BSNL
PH009147,CID007341,9385210926,Jio
PH009148,CID007342,9479257503,Vi
PH009149,CID007343,9438636029,Vi
PH009150,CID007344,9493081819,Airtel
PH009151,CID007344,9679689869,Airtel
PH009152,CID007345,9528575624,Airtel
PH009153,CID007346,9518087450,Jio
PH009154,CID007346,9657842700,Vi
PH009155,CID007347,9997250732,BSNL
PH009156,CID007348,9135008213,Airtel
PH009157,CID007348,9172532283,Vi
PH009158,CID007349,9129457233,Airtel
PH009159,CID007350,9412225348,BSNL
PH009160,CID007350,9696183138,BSNL
PH009161,CID007351,9512644961,BSNL
PH009162,CID007351,9858133268,Jio
PH009163,CID007352,9025977243,BSNL
PH009164,CID007353,9283131192,Vi
PH009165,CID007354,9164397696,Vi
PH009166,CID007355,9637639255,Vi
PH009167,CID007356,9767627290,Vi
PH009168,CID007356,9775335634,Jio
PH009169,CID007357,9242573157,BSNL
PH009170,CID007358,9316450715,Airtel
PH009171,CID007359,9538204782,Airtel
PH009172,CID007360,9231478593,BSNL
PH009173,CID007360,9276471475,Vi
PH009174,CID007361,9338094251,Vi
PH009175,CID007362,9123744680,BSNL
PH009176,CID007363,9785374536,Airtel
PH009177,CID007364,9823251608,Vi
PH009178,CID007364,9633215858,Airtel
PH009179,CID007365,9126514472,Vi
PH009180,CID007365,9526437846,Airtel
PH009181,CID007366,9102106082,Vi
PH009182,CID007367,9231516147,Jio
PH009183,CID007367,9899679377,Jio
PH009184,CID007368,9085371926,Airtel
PH009185,CID007369,9527077652,Airtel
PH009186,CID007370,9019256057,BSNL
PH009187,CID007371,9556589543,Jio
PH009188,CID007372,9154996503,Jio
PH009189,CID007372,9589140083,Airtel
PH009190,CID007373,9127065882,Airtel
PH009191,CID007374,9035302389,Airtel
PH009192,CID007375,9768040650,BSNL
PH009193,CID007376,9186724856,BSNL
PH009194,CID007377,9551256602,Jio
PH009195,CID007378,9619934590,Vi
PH009196,CID007379,9076397957,Airtel
PH009197,CID007380,9296716007,Jio
PH009198,CID007381,9842687106,Jio
PH009199,CID007382,9960896703,BSNL
PH009200,CID007383,9872842754,BSNL
PH009201,CID007383,9595685486,Airtel
PH009202,CID007384,9526918644,Airtel
PH009203,CID007385,9288768819,Airtel
PH009204,CID007386,9641841745,Jio
PH009205,CID007387,9244230635,BSNL
PH009206,CID007388,9585197869,Airtel
PH009207,CID007389,9752818565,Jio
PH009208,CID007390,9807174596,Vi
PH009209,CID007391,9321108666,Vi
PH009210,CID007392,9905750953,BSNL
PH009211,CID007393,9716268890,Vi
PH009212,CID007393,9738157330,BSNL
PH009213,CID007394,9864574169,Jio
PH009214,CID007395,9211510341,Jio
PH009215,CID007396,9099889452,BSNL
PH009216,CID007397,9777861592,Jio
PH009217,CID007398,9378061137,BSNL
PH009218,CID007399,9889237307,BSNL
PH009219,CID007400,9564320850,Airtel
PH009220,CID007401,9613339899,Airtel
PH009221,CID007402,9474144614,Vi
PH009222,CID007402,9880658229,BSNL
PH009223,CID007403,9234861643,Vi
PH009224,CID007403,9702922490,Jio
PH009225,CID007404,9134754415,BSNL
PH009226,CID007405,9400012500,Jio
PH009227,CID007405,9229242315,Vi
PH009228,CID007406,9113646446,Airtel
PH009229,CID007407,9563592192,BSNL
PH009230,CID007408,9401756820,BSNL
PH009231,CID007409,9301510888,Airtel
PH009232,CID007410,9368676870,BSNL
PH009233,CID007411,9115461654,Airtel
PH009234,CID007411,9457226738,Airtel
PH009235,CID007412,9311305833,Vi
PH009236,CID007412,9595191303,Vi
PH009237,CID007413,9316824529,Vi
PH009238,CID007414,9698802046,BSNL
PH009239,CID007415,9156311939,Airtel
PH009240,CID007416,9200953504,Vi
PH009241,CID007416,9260093565,Jio
PH009242,CID007417,9907326106,Vi
PH009243,CID007417,9342124242,Airtel
PH009244,CID007418,9336463185,Airtel
PH009245,CID007419,9570096043,Vi
PH009246,CID007419,9027471427,Vi
PH009247,CID007420,9581394986,Vi
PH009248,CID007421,9921672096,Vi
PH009249,CID007421,9839052811,Jio
PH009250,CID007422,9404071600,Airtel
PH009251,CID007422,9677473475,Jio
PH009252,CID007423,9987841155,BSNL
PH009253,CID007424,9260714343,Jio
PH009254,CID007425,9803072537,Vi
PH009255,CID007425,9254476940,Vi
PH009256,CID007426,9254839640,Jio
PH009257,CID007427,9760216231,Airtel
PH009258,CID007427,9163213784,Vi
PH009259,CID007428,9559605521,Vi
PH009260,CID007428,9193968633,Airtel
PH009261,CID007429,9682281885,Vi
PH009262,CID007430,9647627408,Vi
PH009263,CID007430,9315179781,Airtel
PH009264,CID007431,9285969621,Airtel
PH009265,CID007432,9054857241,Jio
PH009266,CID007433,9988802265,Airtel
PH009267,CID007434,9247733787,BSNL
PH009268,CID007435,9498734043,Airtel
PH009269,CID007435,9081449683,Airtel
PH009270,CID007436,9137161653,Airtel
PH009271,CID007437,9349913271,BSNL
PH009272,CID007438,9577483602,BSNL
PH009273,CID007439,9799493889,Vi
PH009274,CID007440,9532409618,BSNL
PH009275,CID007440,9552843901,Jio
PH009276,CID007441,9496465821,BSNL
PH009277,CID007442,9397121653,BSNL
PH009278,CID007443,9497853536,Airtel
PH009279,CID007444,9127503697,Vi
PH009280,CID007444,9104041206,Jio
PH009281,CID007445,9410222181,Jio
PH009282,CID007445,9258595945,Vi
PH009283,CID007446,9024822984,Airtel
PH009284,CID007446,9836245033,Airtel
PH009285,CID007447,9232712693,Jio
PH009286,CID007448,9866228639,Airtel
PH009287,CID007448,9887261840,Vi
PH009288,CID007449,9969397798,BSNL
PH009289,CID007450,9113687549,Vi
PH009290,CID007450,9174653862,BSNL
PH009291,CID007451,9230476971,BSNL
PH009292,CID007452,9123683845,BSNL
PH009293,CID007453,9887987942,BSNL
PH009294,CID007454,9566246265,Jio
PH009295,CID007455,9511736907,BSNL
PH009296,CID007456,9520683516,Jio
PH009297,CID007457,9407239074,Vi
PH009298,CID007458,9474203537,BSNL
PH009299,CID007458,9966863908,Jio
PH009300,CID007459,9722440044,BSNL
PH009301,CID007460,9155503210,Jio
PH009302,CID007461,9356346918,Jio
PH009303,CID007461,9829489182,Vi
PH009304,CID007462,9435142166,Airtel
PH009305,CID007463,9583520461,Jio
PH009306,CID007464,9945620385,BSNL
PH009307,CID007465,9614126114,Vi
PH009308,CID007466,9341008143,BSNL
PH009309,CID007467,9921419379,BSNL
PH009310,CID007467,9311828375,BSNL
PH009311,CID007468,9247345255,BSNL
PH009312,CID007468,9463344090,Airtel
PH009313,CID007469,9624180133,Vi
PH009314,CID007470,9937791055,Vi
PH009315,CID007471,9621170968,BSNL
PH009316,CID007472,9799143253,Airtel
PH009317,CID007473,9241601578,Airtel
PH009318,CID007474,9104754982,Airtel
PH009319,CID007475,9831535047,BSNL
PH009320,CID007475,9960837136,Vi
PH009321,CID007476,9273584861,Airtel
PH009322,CID007477,9905356189,Jio
PH009323,CID007478,9950020936,Vi
PH009324,CID007479,9425099332,Airtel
PH009325,CID007480,9095848862,Vi
PH009326,CID007481,9039487738,Vi
PH009327,CID007482,9405111190,Jio
PH009328,CID007483,9755951660,Jio
PH009329,CID007484,9123666671,Jio
PH009330,CID007485,9496482180,Airtel
PH009331,CID007486,9085231735,BSNL
PH009332,CID007487,9081322945,Vi
PH009333,CID007487,9528315362,Vi
PH009334,CID007488,9862231268,BSNL
PH009335,CID007489,9030745733,BSNL
PH009336,CID007490,9749226219,BSNL
PH009337,CID007491,9995795982,Vi
PH009338,CID007492,9025061365,Jio
PH009339,CID007493,9421941885,Airtel
PH009340,CID007494,9073432633,BSNL
PH009341,CID007494,9251950019,BSNL
PH009342,CID007495,9923796245,BSNL
PH009343,CID007496,9312095528,Jio
PH009344,CID007497,9088577104,Vi
PH009345,CID007498,9765205901,Vi
PH009346,CID007499,9723108234,BSNL
PH009347,CID007500,9761634722,Airtel
PH009348,CID007501,9370831496,Airtel
PH009349,CID007501,9854233579,BSNL
PH009350,CID007502,9986137716,Airtel
PH009351,CID007503,9938826801,Jio
PH009352,CID007504,9947247224,BSNL
PH009353,CID007504,9522791571,Jio
PH009354,CID007505,9501723232,Vi
PH009355,CID007505,9757942165,Airtel
PH009356,CID007506,9819975622,Airtel
PH009357,CID007507,9586732552,Jio
PH009358,CID007508,9226466282,Jio
PH009359,CID007508,9578308986,Airtel
PH009360,CID007509,9260169209,Vi
PH009361,CID007510,9129695472,Jio
PH009362,CID007511,9792470705,Vi
PH009363,CID007512,9162325698,Jio
PH009364,CID007513,9656986935,Airtel
PH009365,CID007514,9162279977,Jio
PH009366,CID007514,9275072362,Vi
PH009367,CID007515,9722043642,BSNL
PH009368,CID007515,9869997092,Jio
PH009369,CID007516,9622908150,Jio
PH009370,CID007517,9071179203,BSNL
PH009371,CID007518,9135730356,Airtel
PH009372,CID007519,9997807830,BSNL
PH009373,CID007520,9804824866,BSNL
PH009374,CID007520,9158787552,Jio
PH009375,CID007521,9580873706,Airtel
PH009376,CID007522,9114051237,Airtel
PH009377,CID007523,9042978987,Vi
PH009378,CID007524,9229205574,Airtel
PH009379,CID007525,9513383956,Jio
PH009380,CID007526,9692518759,Vi
PH009381,CID007527,9217151230,Jio
PH009382,CID007527,9555429782,Airtel
PH009383,CID007528,9869590176,Jio
PH009384,CID007528,9526340408,Vi
PH009385,CID007529,9909931555,Airtel
PH009386,CID007530,9427343238,Jio
PH009387,CID007531,9256264303,Jio
PH009388,CID007532,9749374236,Airtel
PH009389,CID007533,9217115729,Airtel
PH009390,CID007534,9513200846,Airtel
PH009391,CID007534,9760979213,BSNL
PH009392,CID007535,9758718220,Vi
PH009393,CID007535,9043527891,BSNL
PH009394,CID007536,9577401306,Jio
PH009395,CID007537,9802587220,Vi
PH009396,CID007538,9415337882,BSNL
PH009397,CID007539,9645503122,BSNL
PH009398,CID007540,9575000648,Airtel
PH009399,CID007541,9431381438,Vi
PH009400,CID007542,9213214590,Jio
PH009401,CID007543,9536871428,Jio
PH009402,CID007544,9999665277,Jio
PH009403,CID007545,9849820060,Jio
PH009404,CID007546,9334107651,Jio
PH009405,CID007547,9505551305,Jio
PH009406,CID007548,9536127535,Airtel
PH009407,CID007549,9365840044,Jio
PH009408,CID007550,9288732471,Vi
PH009409,CID007551,9994616258,Vi
PH009410,CID007551,9595156626,BSNL
PH009411,CID007552,9526292823,Jio
PH009412,CID007553,9308176301,Airtel
PH009413,CID007554,9341294440,BSNL
PH009414,CID007555,9204146206,Jio
PH009415,CID007556,9955942647,Jio
PH009416,CID007557,9344877827,Jio
PH009417,CID007557,9920157269,BSNL
PH009418,CID007558,9807059513,BSNL
PH009419,CID007559,9440681686,Vi
PH009420,CID007560,9614002452,Vi
PH009421,CID007561,9015811335,Jio
PH009422,CID007562,9462169162,Jio
PH009423,CID007563,9591922272,Airtel
PH009424,CID007563,9082990308,Airtel
PH009425,CID007564,9735510188,Jio
PH009426,CID007564,9800719204,Airtel
PH009427,CID007565,9509044943,Airtel
PH009428,CID007566,9695254835,BSNL
PH009429,CID007567,9992231895,Airtel
PH009430,CID007568,9769113609,BSNL
PH009431,CID007569,9032263266,Jio
PH009432,CID007570,9995151531,BSNL
PH009433,CID007571,9587852435,Jio
PH009434,CID007571,9327831857,Vi
PH009435,CID007572,9363055001,Jio
PH009436,CID007573,9108735169,BSNL
PH009437,CID007573,9064195586,Vi
PH009438,CID007574,9051944600,BSNL
PH009439,CID007575,9376396536,Jio
PH009440,CID007576,9856090242,BSNL
PH009441,CID007577,9331902010,Jio
PH009442,CID007578,9600732006,Jio
PH009443,CID007579,9225246787,Jio
PH009444,CID007580,9788432883,BSNL
PH009445,CID007581,9535910878,BSNL
PH009446,CID007582,9215487623,Jio
PH009447,CID007583,9312720870,BSNL
PH009448,CID007584,9642170049,BSNL
PH009449,CID007585,9766825905,BSNL
PH009450,CID007586,9117358139,Airtel
PH009451,CID007587,9730994655,Vi
PH009452,CID007588,9170308967,Vi
PH009453,CID007589,9489714937,Jio
PH009454,CID007590,9432265505,Vi
PH009455,CID007591,9858746397,BSNL
PH009456,CID007592,9877041684,Jio
PH009457,CID007592,9549900772,Jio
PH009458,CID007593,9168483481,Jio
PH009459,CID007594,9479640397,Jio
PH009460,CID007595,9452872770,BSNL
PH009461,CID007595,9123413954,Jio
PH009462,CID007596,9555395579,Airtel
PH009463,CID007597,9677486966,Jio
PH009464,CID007598,9695618610,BSNL
PH009465,CID007598,9005407873,Vi
PH009466,CID007599,9314627780,Jio
PH009467,CID007600,9408318899,Airtel
PH009468,CID007600,9216808121,Airtel
PH009469,CID007601,9532648324,Vi
PH009470,CID007602,9294453573,Jio
PH009471,CID007603,9815791307,Jio
PH009472,CID007604,9073327847,Jio
PH009473,CID007605,9054701475,BSNL
PH009474,CID007606,9481104012,BSNL
PH009475,CID007607,9666337177,BSNL
PH009476,CID007608,9365758335,Airtel
PH009477,CID007609,9923122488,BSNL
PH009478,CID007610,9274402551,BSNL
PH009479,CID007611,9517156169,BSNL
PH009480,CID007612,9520372853,Jio
PH009481,CID007613,9948701732,Vi
PH009482,CID007614,9330060753,Airtel
PH009483,CID007615,9322677297,Airtel
PH009484,CID007616,9994373890,BSNL
PH009485,CID007616,9063594248,Vi
PH009486,CID007617,9799761980,Jio
PH009487,CID007618,9211180972,Vi
PH009488,CID007619,9173160886,Vi
PH009489,CID007620,9464653146,Jio
PH009490,CID007621,9517198647,BSNL
PH009491,CID007621,9511952245,BSNL
PH009492,CID007622,9495694507,Jio
PH009493,CID007623,9497777869,Airtel
PH009494,CID007624,9796735997,BSNL
PH009495,CID007625,9744529307,Vi
PH009496,CID007626,9920760935,Vi
PH009497,CID007627,9769791363,Jio
PH009498,CID007628,9911151253,Vi
PH009499,CID007629,9240323185,Vi
PH009500,CID007630,9916487456,Jio
PH009501,CID007631,9352978325,Airtel
PH009502,CID007631,9360992005,Jio
PH009503,CID007632,9783298094,BSNL
PH009504,CID007633,9051912221,BSNL
PH009505,CID007634,9812309400,Jio
PH009506,CID007635,9819797676,Jio
PH009507,CID007636,9917252845,Jio
PH009508,CID007637,9879812481,Jio
PH009509,CID007638,9223008994,Vi
PH009510,CID007638,9365978710,Airtel
PH009511,CID007639,9526923685,Jio
PH009512,CID007640,9972855994,Airtel
PH009513,CID007641,9424689654,Airtel
PH009514,CID007642,9137864559,Airtel
PH009515,CID007643,9870773092,Jio
PH009516,CID007644,9455666902,Vi
PH009517,CID007644,9996203781,Vi
PH009518,CID007645,9161021643,Airtel
PH009519,CID007646,9349527449,BSNL
PH009520,CID007647,9628724407,Vi
PH009521,CID007648,9335218273,Airtel
PH009522,CID007648,9219309717,Airtel
PH009523,CID007649,9210924488,Jio
PH009524,CID007650,9068560350,Vi
PH009525,CID007651,9608873760,Airtel
PH009526,CID007651,9055956883,Vi
PH009527,CID007652,9872223286,Jio
PH009528,CID007653,9537796386,Jio
PH009529,CID007654,9686377785,Airtel
PH009530,CID007655,9942462611,Vi
PH009531,CID007656,9249096133,Vi
PH009532,CID007657,9106051785,Vi
PH009533,CID007658,9573501729,BSNL
PH009534,CID007659,9710386507,Jio
PH009535,CID007660,9770646863,Airtel
PH009536,CID007661,9666427183,Airtel
PH009537,CID007662,9576679932,Vi
PH009538,CID007663,9154931454,Vi
PH009539,CID007664,9610823744,BSNL
PH009540,CID007664,9977665255,Airtel
PH009541,CID007665,9851676984,Vi
PH009542,CID007666,9332278362,Airtel
PH009543,CID007667,9980585847,Jio
PH009544,CID007668,9205093372,Vi
PH009545,CID007669,9047293050,Jio
PH009546,CID007670,9856775121,Jio
PH009547,CID007671,9949820250,BSNL
PH009548,CID007671,9370518299,Airtel
PH009549,CID007672,9436418932,Vi
PH009550,CID007673,9249818424,BSNL
PH009551,CID007674,9451172072,BSNL
PH009552,CID007675,9151798511,BSNL
PH009553,CID007676,9606820724,Airtel
PH009554,CID007677,9529166960,BSNL
PH009555,CID007678,9611230760,Jio
PH009556,CID007679,9895273929,BSNL
PH009557,CID007680,9949147581,Airtel
PH009558,CID007681,9389432845,BSNL
PH009559,CID007682,9484533745,Airtel
PH009560,CID007683,9178008817,Vi
PH009561,CID007683,9416488541,BSNL
PH009562,CID007684,9696292412,Vi
PH009563,CID007685,9994738057,BSNL
PH009564,CID007686,9436161106,Vi
PH009565,CID007686,9272537371,Jio
PH009566,CID007687,9406598184,Vi
PH009567,CID007688,9807589140,BSNL
PH009568,CID007689,9024842749,Airtel
PH009569,CID007690,9880348188,Vi
PH009570,CID007691,9761472430,Vi
PH009571,CID007692,9859226185,Jio
PH009572,CID007693,9999778804,Jio
PH009573,CID007694,9928837154,Airtel
PH009574,CID007695,9298043242,Airtel
PH009575,CID007696,9114119627,Jio
PH009576,CID007696,9921800946,BSNL
PH009577,CID007697,9573001430,Jio
PH009578,CID007698,9170246416,Airtel
PH009579,CID007698,9270205232,Jio
PH009580,CID007699,9950898767,BSNL
PH009581,CID007699,9449083498,Jio
PH009582,CID007700,9346222827,Airtel
PH009583,CID007700,9035337946,BSNL
PH009584,CID007701,9809343345,BSNL
PH009585,CID007701,9282027763,Airtel
PH009586,CID007702,9027907348,Jio
PH009587,CID007703,9740964392,Vi
PH009588,CID007703,9069404595,Airtel
PH009589,CID007704,9743319344,Jio
PH009590,CID007705,9551939254,BSNL
PH009591,CID007705,9549880367,Jio
PH009592,CID007706,9556172547,Jio
PH009593,CID007706,9337258752,BSNL
PH009594,CID007707,9536997969,Jio
PH009595,CID007707,9665776123,Jio
PH009596,CID007708,9920115001,Jio
PH009597,CID007708,9404252851,Airtel
PH009598,CID007709,9619558290,Airtel
PH009599,CID007709,9096787181,Airtel
PH009600,CID007710,9236549340,Vi
PH009601,CID007711,9434837686,Jio
PH009602,CID007711,9685372223,Airtel
PH009603,CID007712,9590038261,Jio
PH009604,CID007713,9429607509,Jio
PH009605,CID007713,9288129055,Jio
PH009606,CID007714,9651912097,BSNL
PH009607,CID007715,9822252434,Airtel
PH009608,CID007716,9049566755,Jio
PH009609,CID007717,9671081757,Jio
PH009610,CID007718,9358720638,Airtel
PH009611,CID007718,9134614886,Airtel
PH009612,CID007719,9791923317,BSNL
PH009613,CID007720,9234692168,Airtel
PH009614,CID007720,9383515852,Vi
PH009615,CID007721,9815461579,Airtel
PH009616,CID007722,9084709934,BSNL
PH009617,CID007723,9079703924,Jio
PH009618,CID007724,9904664900,BSNL
PH009619,CID007724,9737166048,Jio
PH009620,CID007725,9473323482,BSNL
PH009621,CID007726,9391265892,Vi
PH009622,CID007727,9682884978,Jio
PH009623,CID007728,9967808630,Vi
PH009624,CID007729,9434838062,Airtel
PH009625,CID007730,9777258770,Jio
PH009626,CID007731,9379817955,BSNL
PH009627,CID007732,9240187354,Jio
PH009628,CID007732,9968472196,Vi
PH009629,CID007733,9009770998,BSNL
PH009630,CID007733,9141136215,Jio
PH009631,CID007734,9411789157,Airtel
PH009632,CID007735,9032529470,BSNL
PH009633,CID007736,9965969088,Airtel
PH009634,CID007737,9491350574,Jio
PH009635,CID007737,9046649663,Jio
PH009636,CID007738,9577830996,BSNL
PH009637,CID007739,9403264879,BSNL
PH009638,CID007739,9900953142,Airtel
PH009639,CID007740,9521134897,Vi
PH009640,CID007741,9554128427,Vi
PH009641,CID007742,9571690739,BSNL
PH009642,CID007743,9073605016,BSNL
PH009643,CID007744,9505812146,Airtel
PH009644,CID007745,9562771187,Airtel
PH009645,CID007746,9303264825,BSNL
PH009646,CID007747,9704391176,Airtel
PH009647,CID007747,9368442282,BSNL
PH009648,CID007748,9526558339,Vi
PH009649,CID007749,9707563376,BSNL
PH009650,CID007750,9705336992,Jio
PH009651,CID007751,9293815300,Vi
PH009652,CID007752,9341036526,BSNL
PH009653,CID007753,9169681529,BSNL
PH009654,CID007754,9014541312,Airtel
PH009655,CID007755,9544592534,BSNL
PH009656,CID007756,9416494057,Airtel
PH009657,CID007757,9663351580,Jio
PH009658,CID007758,9449710672,Airtel
PH009659,CID007759,9469543065,Jio
PH009660,CID007759,9904866479,BSNL
PH009661,CID007760,9902222078,Airtel
PH009662,CID007760,9392989443,Jio
PH009663,CID007761,9139683389,Jio
PH009664,CID007762,9013879353,Vi
PH009665,CID007763,9555649778,BSNL
PH009666,CID007764,9166267281,Jio
PH009667,CID007765,9430055266,BSNL
PH009668,CID007766,9015659929,Jio
PH009669,CID007767,9196187243,Vi
PH009670,CID007768,9311456044,Jio
PH009671,CID007768,9165827212,Airtel
PH009672,CID007769,9320224718,Jio
PH009673,CID007770,9980734407,Jio
PH009674,CID007771,9051842384,Vi
PH009675,CID007772,9523980367,Jio
PH009676,CID007773,9782618514,BSNL
PH009677,CID007774,9810712082,Vi
PH009678,CID007774,9324750190,Jio
PH009679,CID007775,9645932968,BSNL
PH009680,CID007776,9789291589,Airtel
PH009681,CID007776,9714115598,Jio
PH009682,CID007777,9014411113,Jio
PH009683,CID007778,9613482688,Airtel
PH009684,CID007778,9850134237,BSNL
PH009685,CID007779,9311019653,BSNL
PH009686,CID007780,9335080115,BSNL
PH009687,CID007781,9236102675,Vi
PH009688,CID007782,9285743777,Airtel
PH009689,CID007783,9640325751,Jio
PH009690,CID007784,9334246925,BSNL
PH009691,CID007785,9971216902,Jio
PH009692,CID007785,9214771114,BSNL
PH009693,CID007786,9405871686,BSNL
PH009694,CID007787,9725742762,BSNL
PH009695,CID007787,9535855256,Jio
PH009696,CID007788,9571621275,Airtel
PH009697,CID007788,9273693693,Jio
PH009698,CID007789,9791368451,Vi
PH009699,CID007790,9731042422,Airtel
PH009700,CID007791,9566448819,Vi
PH009701,CID007791,9797875984,Jio
PH009702,CID007792,9741744842,Jio
PH009703,CID007793,9573280017,BSNL
PH009704,CID007793,9674700709,Airtel
PH009705,CID007794,9983165895,BSNL
PH009706,CID007794,9301729989,BSNL
PH009707,CID007795,9094064798,Jio
PH009708,CID007796,9054014992,Airtel
PH009709,CID007797,9173087204,Airtel
PH009710,CID007798,9307427897,Jio
PH009711,CID007799,9887761406,BSNL
PH009712,CID007800,9822253617,BSNL
PH009713,CID007801,9153306324,Jio
PH009714,CID007801,9714958140,Vi
PH009715,CID007802,9188945961,Vi
PH009716,CID007803,9666951132,Airtel
PH009717,CID007804,9408615117,Vi
PH009718,CID007805,9172905473,BSNL
PH009719,CID007806,9962232292,BSNL
PH009720,CID007807,9181955704,Airtel
PH009721,CID007808,9154331162,Jio
PH009722,CID007809,9763022436,BSNL
PH009723,CID007809,9056272963,Airtel
PH009724,CID007810,9133499019,Vi
PH009725,CID007811,9502047996,Jio
PH009726,CID007812,9935536741,Vi
PH009727,CID007813,9338811900,BSNL
PH009728,CID007814,9233045623,BSNL
PH009729,CID007815,9984568287,Jio
PH009730,CID007816,9392207745,BSNL
PH009731,CID007817,9195997796,Jio
PH009732,CID007818,9960516550,Vi
PH009733,CID007818,9746205291,Jio
PH009734,CID007819,9310422204,Vi
PH009735,CID007819,9928313804,BSNL
PH009736,CID007820,9592706221,Airtel
PH009737,CID007821,9271388829,BSNL
PH009738,CID007822,9856020074,Jio
PH009739,CID007823,9843110485,Vi
PH009740,CID007824,9596729804,BSNL
PH009741,CID007824,9942499525,Vi
PH009742,CID007825,9450682407,Airtel
PH009743,CID007826,9273705218,Airtel
PH009744,CID007827,9031700615,Vi
PH009745,CID007827,9571956387,Vi
PH009746,CID007828,9160587596,Jio
PH009747,CID007828,9423843848,Jio
PH009748,CID007829,9592438646,Airtel
PH009749,CID007830,9881653306,BSNL
PH009750,CID007831,9934712538,Airtel
PH009751,CID007832,9558384141,Airtel
PH009752,CID007833,9221906929,BSNL
PH009753,CID007834,9391268088,Jio
PH009754,CID007835,9857903975,Jio
PH009755,CID007835,9119874051,Jio
PH009756,CID007836,9197053224,Vi
PH009757,CID007837,9290224336,BSNL
PH009758,CID007837,9541963754,Jio
PH009759,CID007838,9926653768,Vi
PH009760,CID007838,9677883442,Airtel
PH009761,CID007839,9558837702,Airtel
PH009762,CID007840,9194777501,Airtel
PH009763,CID007841,9818635843,Vi
PH009764,CID007842,9645188089,Vi
PH009765,CID007843,9343580936,Vi
PH009766,CID007844,9778034787,Airtel
PH009767,CID007845,9506825566,Airtel
PH009768,CID007845,9666340536,Vi
PH009769,CID007846,9520713299,Jio
PH009770,CID007846,9772807036,BSNL
PH009771,CID007847,9635116918,BSNL
PH009772,CID007848,9676395119,Vi
PH009773,CID007848,9553942886,BSNL
PH009774,CID007849,9386974656,BSNL
PH009775,CID007850,9047651347,Jio
PH009776,CID007851,9403027556,BSNL
PH009777,CID007852,9200161156,Vi
PH009778,CID007853,9216398225,Jio
PH009779,CID007854,9851600351,Jio
PH009780,CID007855,9738230179,Vi
PH009781,CID007856,9408900982,BSNL
PH009782,CID007856,9812794446,Jio
PH009783,CID007857,9315965508,Vi
PH009784,CID007857,9299806499,Jio
PH009785,CID007858,9684280190,BSNL
PH009786,CID007858,9445828527,Jio
PH009787,CID007859,9275082382,Airtel
PH009788,CID007860,9036942139,Vi
PH009789,CID007861,9771001352,Airtel
PH009790,CID007861,9331023624,BSNL
PH009791,CID007862,9668187974,Jio
PH009792,CID007863,9531467287,BSNL
PH009793,CID007863,9500734194,Jio
PH009794,CID007864,9481230717,BSNL
PH009795,CID007865,9577441283,Airtel
PH009796,CID007866,9476574369,BSNL
PH009797,CID007867,9106908437,Vi
PH009798,CID007868,9039522311,Vi
PH009799,CID007869,9585904505,Jio
PH009800,CID007870,9365575183,Airtel
PH009801,CID007871,9527855222,Vi
PH009802,CID007872,9334035138,Airtel
PH009803,CID007872,9919205781,Vi
PH009804,CID007873,9715332312,Airtel
PH009805,CID007874,9071231957,Vi
PH009806,CID007875,9352252205,Jio
PH009807,CID007876,9253358836,Vi
PH009808,CID007877,9584175485,Airtel
PH009809,CID007878,9269631220,Jio
PH009810,CID007879,9614244416,Jio
PH009811,CID007879,9399755300,Airtel
PH009812,CID007880,9405138075,BSNL
PH009813,CID007881,9946901315,BSNL
PH009814,CID007882,9259058673,Airtel
PH009815,CID007883,9445696627,Airtel
PH009816,CID007883,9377083181,Vi
PH009817,CID007884,9828326446,Jio
PH009818,CID007885,9713316764,BSNL
PH009819,CID007885,9624908598,Vi
PH009820,CID007886,9920517549,BSNL
PH009821,CID007887,9604157009,BSNL
PH009822,CID007888,9963262373,Airtel
PH009823,CID007889,9609434869,Jio
PH009824,CID007889,9393263972,BSNL
PH009825,CID007890,9484688592,Jio
PH009826,CID007890,9226627044,Airtel
PH009827,CID007891,9256685396,Airtel
PH009828,CID007892,9550889559,Jio
PH009829,CID007893,9848401261,BSNL
PH009830,CID007894,9387557651,Airtel
PH009831,CID007895,9458350696,Airtel
PH009832,CID007896,9002573806,Airtel
PH009833,CID007897,9657268520,BSNL
PH009834,CID007897,9180738736,Jio
PH009835,CID007898,9476731014,Vi
PH009836,CID007898,9626218170,BSNL
PH009837,CID007899,9594642418,BSNL
PH009838,CID007900,9348224789,Jio
PH009839,CID007900,9898119333,Jio
PH009840,CID007901,9770323253,Jio
PH009841,CID007901,9812336176,Jio
PH009842,CID007902,9962547605,BSNL
PH009843,CID007903,9364331938,Vi
PH009844,CID007904,9468459658,Jio
PH009845,CID007905,9550825822,BSNL
PH009846,CID007906,9759419475,Airtel
PH009847,CID007906,9359041726,Jio
PH009848,CID007907,9311201191,Airtel
PH009849,CID007907,9506032988,Airtel
PH009850,CID007908,9851982028,Jio
PH009851,CID007909,9366000147,BSNL
PH009852,CID007910,9641346221,Jio
PH009853,CID007910,9934371148,Jio
PH009854,CID007911,9587427064,BSNL
PH009855,CID007911,9347644430,Airtel
PH009856,CID007912,9945402476,BSNL
PH009857,CID007913,9079275827,Vi
PH009858,CID007914,9034316415,Airtel
PH009859,CID007915,9452789172,BSNL
PH009860,CID007916,9841742327,Jio
PH009861,CID007917,9831579856,Jio
PH009862,CID007918,9098023919,Airtel
PH009863,CID007919,9578183799,BSNL
PH009864,CID007920,9233036281,Airtel
PH009865,CID007920,9535003409,BSNL
PH009866,CID007921,9306664626,Vi
PH009867,CID007921,9012665750,Airtel
PH009868,CID007922,9525389096,Airtel
PH009869,CID007923,9021223620,BSNL
PH009870,CID007924,9284551602,Vi
PH009871,CID007925,9021135787,Jio
PH009872,CID007926,9845760267,Jio
PH009873,CID007927,9666659056,Vi
PH009874,CID007928,9841090031,Airtel
PH009875,CID007929,9275826666,Jio
PH009876,CID007929,9462760005,Airtel
PH009877,CID007930,9676021878,BSNL
PH009878,CID007931,9840860135,Vi
PH009879,CID007932,9110691823,Vi
PH009880,CID007933,9462622463,BSNL
PH009881,CID007934,9373370112,Vi
PH009882,CID007935,9933127684,Airtel
PH009883,CID007936,9894238386,BSNL
PH009884,CID007937,9679110294,Airtel
PH009885,CID007938,9451190183,Vi
PH009886,CID007938,9252038668,Vi
PH009887,CID007939,9929740297,Airtel
PH009888,CID007939,9750115371,Airtel
PH009889,CID007940,9320263854,Jio
PH009890,CID007941,9142015535,BSNL
PH009891,CID007942,9890449661,Jio
PH009892,CID007943,9648470536,Jio
PH009893,CID007944,9870224312,Jio
PH009894,CID007945,9029037594,Vi
PH009895,CID007946,9219108057,Jio
PH009896,CID007947,9255262422,Vi
PH009897,CID007947,9162602065,Airtel
PH009898,CID007948,9770530617,Vi
PH009899,CID007949,9697501894,Jio
PH009900,CID007949,9201355486,BSNL
PH009901,CID007950,9642761080,Airtel
PH009902,CID007951,9603927960,Jio
PH009903,CID007952,9225827703,Airtel
PH009904,CID007953,9357711583,Vi
PH009905,CID007954,9308261648,Jio
PH009906,CID007955,9770218750,Airtel
PH009907,CID007955,9989191127,Vi
PH009908,CID007956,9215890553,BSNL
PH009909,CID007957,9407889997,BSNL
PH009910,CID007957,9517592876,Airtel
PH009911,CID007958,9149637019,Vi
PH009912,CID007959,9062053079,BSNL
PH009913,CID007960,9123439396,Vi
PH009914,CID007961,9253361567,Airtel
PH009915,CID007962,9364242723,Jio
PH009916,CID007963,9011059924,BSNL
PH009917,CID007964,9557402435,Airtel
PH009918,CID007965,9407259811,Jio
PH009919,CID007966,9080841455,Jio
PH009920,CID007966,9271317301,Airtel
PH009921,CID007967,9508945162,Vi
PH009922,CID007967,9702896242,Jio
PH009923,CID007968,9291135910,BSNL
PH009924,CID007969,9729753942,Vi
PH009925,CID007969,9064684995,Airtel
PH009926,CID007970,9390440952,Vi
PH009927,CID007971,9765239965,Airtel
PH009928,CID007971,9223273042,Vi
PH009929,CID007972,9820643424,Jio
PH009930,CID007973,9626725962,Airtel
PH009931,CID007974,9438489346,BSNL
PH009932,CID007974,9792983334,Jio
PH009933,CID007975,9633194371,Jio
PH009934,CID007976,9942601458,Airtel
PH009935,CID007977,9692720832,Jio
PH009936,CID007978,9461743753,Vi
PH009937,CID007978,9593890150,Vi
PH009938,CID007979,9120742464,BSNL
PH009939,CID007980,9270153096,Vi
PH009940,CID007981,9150434871,Vi
PH009941,CID007982,9600884174,Airtel
PH009942,CID007982,9995733960,Airtel
PH009943,CID007983,9509988344,Jio
PH009944,CID007984,9171346396,Vi
PH009945,CID007984,9867662557,Vi
PH009946,CID007985,9462874934,Jio
PH009947,CID007986,9367532157,Jio
PH009948,CID007987,9672182311,Vi
PH009949,CID007988,9521117185,Airtel
PH009950,CID007989,9292014209,BSNL
PH009951,CID007990,9012606811,Vi
PH009952,CID007990,9249927875,Airtel
PH009953,CID007991,9607587444,Jio
PH009954,CID007992,9662982265,BSNL
PH009955,CID007993,9311278614,Vi
PH009956,CID007994,9826481229,Vi
PH009957,CID007995,9924553107,Vi
PH009958,CID007995,9934581614,Jio
PH009959,CID007996,9912111859,Jio
PH009960,CID007997,9527729839,Airtel
PH009961,CID007997,9929698492,Airtel
PH009962,CID007998,9182142422,Airtel
PH009963,CID007998,9393617297,Jio
PH009964,CID007999,9767646670,Vi
PH009965,CID008000,9383678034,BSNL
PH009966,CID008000,9421002536,Jio
PH009967,CID008001,9598561871,Jio
PH009968,CID008001,9638697319,Vi
PH009969,CID008002,9196779846,Jio
PH009970,CID008002,9425216756,Vi
PH009971,CID008003,9951377518,Vi
PH009972,CID008004,9678637882,Jio
PH009973,CID008005,9022271253,Airtel
PH009974,CID008006,9732815796,Airtel
PH009975,CID008006,9749804456,Airtel
PH009976,CID008007,9481923107,Airtel
PH009977,CID008007,9967917076,Airtel
PH009978,CID008008,9098553385,Airtel
PH009979,CID008009,9966874039,Airtel
PH009980,CID008010,9213670718,Airtel
PH009981,CID008011,9307016477,Jio
PH009982,CID008011,9265706901,Jio
PH009983,CID008012,9826295844,Airtel
PH009984,CID008013,9358099033,BSNL
PH009985,CID008013,9391629988,Vi
PH009986,CID008014,9557382474,BSNL
PH009987,CID008014,9213580260,BSNL
PH009988,CID008015,9444688805,Jio
PH009989,CID008016,9078358466,BSNL
PH009990,CID008016,9888110750,Jio
PH009991,CID008017,9439684019,Airtel
PH009992,CID008017,9241988264,BSNL
PH009993,CID008018,9881776365,BSNL
PH009994,CID008019,9380388728,Jio
PH009995,CID008020,9554438343,Airtel
PH009996,CID008020,9973658696,Jio
PH009997,CID008021,9141942594,Airtel
PH009998,CID008022,9310872876,Jio
PH009999,CID008023,9597831985,Jio
PH010000,CID008023,9022721560,BSNL
PH010001,CID008024,9124172288,Airtel
PH010002,CID008025,9043483490,Vi
PH010003,CID008026,9005840560,Airtel
PH010004,CID008027,9864301760,Airtel
PH010005,CID008028,9153908552,Vi
PH010006,CID008028,9651366875,BSNL
PH010007,CID008029,9403098310,BSNL
PH010008,CID008029,9765551620,BSNL
PH010009,CID008030,9667065480,Vi
PH010010,CID008031,9861768772,Vi
PH010011,CID008032,9750836246,Vi
PH010012,CID008032,9770324252,Airtel
PH010013,CID008033,9917784743,Airtel
PH010014,CID008034,9187855331,Vi
PH010015,CID008035,9875957730,BSNL
PH010016,CID008036,9376523967,Airtel
PH010017,CID008037,9372426729,Vi
PH010018,CID008038,9445629996,BSNL
PH010019,CID008039,9686129089,Jio
PH010020,CID008040,9431880351,Jio
PH010021,CID008041,9333437007,Airtel
PH010022,CID008042,9688712038,Jio
PH010023,CID008043,9434924109,Airtel
PH010024,CID008044,9545692458,Jio
PH010025,CID008045,9674224947,BSNL
PH010026,CID008046,9456094828,BSNL
PH010027,CID008047,9458042219,Airtel
PH010028,CID008048,9549546842,Vi
PH010029,CID008049,9778622289,Airtel
PH010030,CID008050,9559992974,Vi
PH010031,CID008051,9287930360,Vi
PH010032,CID008052,9753292688,Vi
PH010033,CID008052,9085545822,Vi
PH010034,CID008053,9459222687,BSNL
PH010035,CID008054,9825217980,Vi
PH010036,CID008055,9433745698,Jio
PH010037,CID008056,9447625220,BSNL
PH010038,CID008057,9187707280,Jio
PH010039,CID008058,9752533233,Jio
PH010040,CID008059,9559923795,Airtel
PH010041,CID008060,9668312131,Jio
PH010042,CID008060,9975930548,Jio
PH010043,CID008061,9177681767,Jio
PH010044,CID008062,9963703468,Airtel
PH010045,CID008063,9603235458,BSNL
PH010046,CID008064,9346690277,BSNL
PH010047,CID008065,9156964372,Vi
PH010048,CID008066,9276259350,BSNL
PH010049,CID008067,9092237994,Airtel
PH010050,CID008068,9663192413,BSNL
PH010051,CID008069,9848084459,Jio
PH010052,CID008069,9599551221,Vi
PH010053,CID008070,9518247502,Jio
PH010054,CID008070,9802597753,Airtel
PH010055,CID008071,9356794678,Vi
PH010056,CID008072,9289392092,Vi
PH010057,CID008073,9651438079,BSNL
PH010058,CID008073,9961036088,Vi
PH010059,CID008074,9705869034,Airtel
PH010060,CID008075,9288931428,BSNL
PH010061,CID008076,9219365046,Jio
PH010062,CID008076,9540193601,BSNL
PH010063,CID008077,9103793073,Airtel
PH010064,CID008078,9282337566,Airtel
PH010065,CID008078,9117060866,Airtel
PH010066,CID008079,9777094048,Jio
PH010067,CID008079,9178296681,Jio
PH010068,CID008080,9107916965,Vi
PH010069,CID008080,9499840301,Vi
PH010070,CID008081,9463451087,BSNL
PH010071,CID008082,9448430120,Vi
PH010072,CID008083,9964989536,BSNL
PH010073,CID008084,9853072025,Airtel
PH010074,CID008084,9959657602,Jio
PH010075,CID008085,9733980740,BSNL
PH010076,CID008086,9698127512,Airtel
PH010077,CID008086,9078076501,Jio
PH010078,CID008087,9537163226,Jio
PH010079,CID008088,9435269590,BSNL
PH010080,CID008088,9723875499,Airtel
PH010081,CID008089,9891434083,BSNL
PH010082,CID008090,9096369593,Jio
PH010083,CID008091,9572550694,Vi
PH010084,CID008091,9754613003,Airtel
PH010085,CID008092,9313535158,Jio
PH010086,CID008092,9064224010,Vi
PH010087,CID008093,9628782727,Jio
PH010088,CID008093,9590007203,Vi
PH010089,CID008094,9502479263,Jio
PH010090,CID008095,9501001316,Vi
PH010091,CID008096,9602993568,Jio
PH010092,CID008097,9835895769,Jio
PH010093,CID008097,9878715123,Airtel
PH010094,CID008098,9810372814,BSNL
PH010095,CID008098,9453003047,Airtel
PH010096,CID008099,9159805678,BSNL
PH010097,CID008100,9307977072,Jio
PH010098,CID008101,9805663039,Vi
PH010099,CID008102,9299637830,Jio
PH010100,CID008102,9383104349,Airtel
PH010101,CID008103,9456810812,Airtel
PH010102,CID008104,9884147619,BSNL
PH010103,CID008104,9967629523,Vi
PH010104,CID008105,9579955369,BSNL
PH010105,CID008106,9377278615,Vi
PH010106,CID008107,9779893204,BSNL
PH010107,CID008108,9700741953,Vi
PH010108,CID008109,9483908903,Jio
PH010109,CID008110,9536247513,Jio
PH010110,CID008110,9910575015,Airtel
PH010111,CID008111,9158805846,BSNL
PH010112,CID008111,9707996698,Airtel
PH010113,CID008112,9750621414,Airtel
PH010114,CID008113,9339217116,BSNL
PH010115,CID008114,9406307833,Airtel
PH010116,CID008115,9553517419,Vi
PH010117,CID008116,9115038540,Airtel
PH010118,CID008117,9502809272,BSNL
PH010119,CID008118,9738857056,Vi
PH010120,CID008119,9407863802,Jio
PH010121,CID008120,9501849006,Vi
PH010122,CID008120,9820470303,BSNL
PH010123,CID008121,9665924088,Vi
PH010124,CID008122,9735140408,Vi
PH010125,CID008123,9660272990,BSNL
PH010126,CID008124,9905747389,Jio
PH010127,CID008125,9798950461,BSNL
PH010128,CID008126,9991934228,Airtel
PH010129,CID008127,9727533298,Vi
PH010130,CID008127,9718891733,Jio
PH010131,CID008128,9271530396,Jio
PH010132,CID008129,9251267800,Airtel
PH010133,CID008130,9562549440,Airtel
PH010134,CID008131,9300984186,BSNL
PH010135,CID008132,9888456275,Vi
PH010136,CID008133,9137515898,BSNL
PH010137,CID008134,9090810057,BSNL
PH010138,CID008135,9574529978,Airtel
PH010139,CID008136,9432031570,BSNL
PH010140,CID008137,9734476041,Jio
PH010141,CID008138,9108830627,Airtel
PH010142,CID008138,9953225235,Jio
PH010143,CID008139,9000382061,Vi
PH010144,CID008139,9229818021,Airtel
PH010145,CID008140,9632962291,Airtel
PH010146,CID008141,9235157201,Jio
PH010147,CID008142,9321148299,Airtel
PH010148,CID008143,9452754167,BSNL
PH010149,CID008144,9429929116,BSNL
PH010150,CID008145,9157532208,Airtel
PH010151,CID008146,9591912364,Airtel
PH010152,CID008146,9170257777,Jio
PH010153,CID008147,9076309344,BSNL
PH010154,CID008148,9210182125,Airtel
PH010155,CID008149,9970749443,Airtel
PH010156,CID008150,9298638595,Jio
PH010157,CID008151,9313809986,Vi
PH010158,CID008152,9650683315,BSNL
PH010159,CID008153,9543513568,BSNL
PH010160,CID008153,9616437163,Vi
PH010161,CID008154,9314541803,Vi
PH010162,CID008154,9057206461,BSNL
PH010163,CID008155,9007935509,BSNL
PH010164,CID008155,9988761427,BSNL
PH010165,CID008156,9909254637,Vi
PH010166,CID008156,9990163061,Airtel
PH010167,CID008157,9713019725,BSNL
PH010168,CID008157,9717362435,BSNL
PH010169,CID008158,9817510273,BSNL
PH010170,CID008159,9734431424,Airtel
PH010171,CID008160,9867194282,Vi
PH010172,CID008160,9612161088,Vi
PH010173,CID008161,9850047572,Airtel
PH010174,CID008162,9003227203,Jio
PH010175,CID008163,9745774715,Vi
PH010176,CID008164,9487447965,Airtel
PH010177,CID008165,9503961089,Vi
PH010178,CID008166,9698549086,BSNL
PH010179,CID008166,9406625214,Vi
PH010180,CID008167,9032445363,BSNL
PH010181,CID008168,9597178814,Airtel
PH010182,CID008169,9829872328,Jio
PH010183,CID008170,9523287450,Airtel
PH010184,CID008170,9146617790,Vi
PH010185,CID008171,9527774386,Jio
PH010186,CID008171,9343708089,Airtel
PH010187,CID008172,9617360475,Airtel
PH010188,CID008173,9221053435,Jio
PH010189,CID008174,9985166328,Airtel
PH010190,CID008175,9882350255,BSNL
PH010191,CID008176,9774419940,BSNL
PH010192,CID008177,9762795429,BSNL
PH010193,CID008178,9672963483,Jio
PH010194,CID008179,9043313155,Jio
PH010195,CID008180,9590994977,Jio
PH010196,CID008181,9281769308,Jio
PH010197,CID008181,9715581027,Airtel
PH010198,CID008182,9905576376,Vi
PH010199,CID008183,9206271954,Vi
PH010200,CID008184,9413133546,Jio
PH010201,CID008184,9451639085,Airtel
PH010202,CID008185,9959511347,Jio
PH010203,CID008185,9766342945,Airtel
PH010204,CID008186,9452600173,Jio
PH010205,CID008187,9536154187,Jio
PH010206,CID008187,9389063782,Vi
PH010207,CID008188,9579614837,Jio
PH010208,CID008189,9274528613,Airtel
PH010209,CID008189,9385875407,BSNL
PH010210,CID008190,9517266869,Vi
PH010211,CID008190,9763890942,BSNL
PH010212,CID008191,9399045358,BSNL
PH010213,CID008192,9040516541,Jio
PH010214,CID008192,9102875359,Vi
PH010215,CID008193,9816750724,BSNL
PH010216,CID008194,9563460651,Vi
PH010217,CID008194,9667501603,Jio
PH010218,CID008195,9616949355,BSNL
PH010219,CID008196,9141964778,BSNL
PH010220,CID008197,9114541428,Vi
PH010221,CID008198,9106305028,Airtel
PH010222,CID008198,9784847546,Vi
PH010223,CID008199,9976411729,Vi
PH010224,CID008200,9538053805,Jio
PH010225,CID008201,9398663777,Vi
PH010226,CID008202,9393919833,Vi
PH010227,CID008203,9957990346,Airtel
PH010228,CID008204,9157460993,Jio
PH010229,CID008204,9040274632,Jio
PH010230,CID008205,9333411935,Vi
PH010231,CID008206,9867970088,Airtel
PH010232,CID008207,9811693958,Airtel
PH010233,CID008208,9723662657,Vi
PH010234,CID008209,9563196794,Vi
PH010235,CID008210,9095173416,Airtel
PH010236,CID008211,9184857765,BSNL
PH010237,CID008212,9432482908,Airtel
PH010238,CID008213,9328032003,Airtel
PH010239,CID008213,9937911418,Jio
PH010240,CID008214,9055289311,BSNL
PH010241,CID008215,9303969080,Airtel
PH010242,CID008216,9442342574,Jio
PH010243,CID008217,9140769269,Jio
PH010244,CID008218,9413083611,Airtel
PH010245,CID008219,9547671581,BSNL
PH010246,CID008220,9849508141,Jio
PH010247,CID008221,9528326050,Airtel
PH010248,CID008222,9440083797,Airtel
PH010249,CID008223,9399302661,Jio
PH010250,CID008223,9609111439,Vi
PH010251,CID008224,9093243460,Vi
PH010252,CID008224,9802874373,Airtel
PH010253,CID008225,9303433831,Airtel
PH010254,CID008226,9942557829,Airtel
PH010255,CID008227,9363311031,BSNL
PH010256,CID008228,9855731533,Vi
PH010257,CID008229,9054747925,BSNL
PH010258,CID008229,9336081153,Airtel
PH010259,CID008230,9486024951,Vi
PH010260,CID008231,9798821271,Vi
PH010261,CID008232,9661012706,Airtel
PH010262,CID008233,9971935383,Jio
PH010263,CID008234,9829461962,Vi
PH010264,CID008235,9747055184,Jio
PH010265,CID008236,9898212786,Jio
PH010266,CID008237,9747108924,BSNL
PH010267,CID008238,9736773339,Airtel
PH010268,CID008239,9616959226,Vi
PH010269,CID008240,9412014251,Vi
PH010270,CID008241,9490282542,Vi
PH010271,CID008242,9112778301,Jio
PH010272,CID008243,9629941056,Jio
PH010273,CID008244,9392174412,Vi
PH010274,CID008244,9507938749,Vi
PH010275,CID008245,9172492607,Jio
PH010276,CID008246,9378537557,Jio
PH010277,CID008247,9020484157,Vi
PH010278,CID008248,9308526470,BSNL
PH010279,CID008248,9236373308,Jio
PH010280,CID008249,9762691750,BSNL
PH010281,CID008250,9431116471,Jio
PH010282,CID008251,9087241699,Airtel
PH010283,CID008252,9549712646,Airtel
PH010284,CID008253,9503719200,BSNL
PH010285,CID008254,9981233615,Vi
PH010286,CID008254,9494901462,Jio
PH010287,CID008255,9107911222,Jio
PH010288,CID008256,9017367040,BSNL
PH010289,CID008257,9788550802,Jio
PH010290,CID008258,9263435408,BSNL
PH010291,CID008258,9068230397,Airtel
PH010292,CID008259,9867902081,Vi
PH010293,CID008260,9921781563,Vi
PH010294,CID008261,9530713341,Jio
PH010295,CID008262,9495862503,Vi
PH010296,CID008262,9225562668,Airtel
PH010297,CID008263,9784135749,Airtel
PH010298,CID008264,9323634982,Vi
PH010299,CID008264,9513429895,Vi
PH010300,CID008265,9701530432,Airtel
PH010301,CID008266,9138892780,Vi
PH010302,CID008266,9317832327,Vi
PH010303,CID008267,9996862913,Vi
PH010304,CID008267,9761305397,Airtel
PH010305,CID008268,9794095409,Airtel
PH010306,CID008269,9144374328,Airtel
PH010307,CID008270,9183522743,Airtel
PH010308,CID008271,9575645870,Airtel
PH010309,CID008272,9262757506,Airtel
PH010310,CID008273,9925616260,BSNL
PH010311,CID008274,9179392445,BSNL
PH010312,CID008275,9878322395,Airtel
PH010313,CID008276,9413179461,Airtel
PH010314,CID008277,9200617541,Airtel
PH010315,CID008278,9786620380,Airtel
PH010316,CID008279,9414464475,Vi
PH010317,CID008280,9630877292,Jio
PH010318,CID008281,9368111092,Airtel
PH010319,CID008282,9086452729,Vi
PH010320,CID008283,9411130150,Jio
PH010321,CID008284,9540363647,Jio
PH010322,CID008285,9620927448,Vi
PH010323,CID008285,9581550018,Airtel
PH010324,CID008286,9280021994,BSNL
PH010325,CID008287,9304799211,Airtel
PH010326,CID008288,9386450655,Vi
PH010327,CID008289,9382997932,Airtel
PH010328,CID008290,9002505770,Vi
PH010329,CID008291,9862320051,BSNL
PH010330,CID008292,9429539788,Vi
PH010331,CID008293,9938304961,Airtel
PH010332,CID008294,9684831196,BSNL
PH010333,CID008295,9904916164,Jio
PH010334,CID008295,9249586371,BSNL
PH010335,CID008296,9337440872,BSNL
PH010336,CID008296,9172783346,BSNL
PH010337,CID008297,9065204467,Jio
PH010338,CID008297,9613460233,Vi
PH010339,CID008298,9198858729,Vi
PH010340,CID008298,9377743087,Airtel
PH010341,CID008299,9192106143,Airtel
PH010342,CID008300,9296646736,BSNL
PH010343,CID008301,9136267997,Airtel
PH010344,CID008302,9611144906,Jio
PH010345,CID008303,9261789855,Vi
PH010346,CID008303,9417398689,Jio
PH010347,CID008304,9319399096,Vi
PH010348,CID008305,9988082564,Jio
PH010349,CID008306,9603380693,BSNL
PH010350,CID008307,9902136824,Airtel
PH010351,CID008307,9157797888,Jio
PH010352,CID008308,9719894969,Vi
PH010353,CID008309,9714836021,Airtel
PH010354,CID008309,9380346877,BSNL
PH010355,CID008310,9332658589,Jio
PH010356,CID008311,9723636930,BSNL
PH010357,CID008312,9610642992,Airtel
PH010358,CID008313,9667358589,Vi
PH010359,CID008314,9337962110,BSNL
PH010360,CID008315,9260410352,BSNL
PH010361,CID008316,9033243677,Vi
PH010362,CID008316,9814391704,Airtel
PH010363,CID008317,9551325668,Jio
PH010364,CID008317,9254057682,Jio
PH010365,CID008318,9630943335,BSNL
PH010366,CID008319,9886500636,BSNL
PH010367,CID008320,9359811456,Airtel
PH010368,CID008320,9454559119,BSNL
PH010369,CID008321,9191598684,Jio
PH010370,CID008322,9131450084,Vi
PH010371,CID008322,9233608462,Airtel
PH010372,CID008323,9927588314,Vi
PH010373,CID008323,9729072451,Jio
PH010374,CID008324,9526095164,BSNL
PH010375,CID008325,9019034695,Jio
PH010376,CID008326,9918495483,Jio
PH010377,CID008327,9282546518,BSNL
PH010378,CID008328,9952050999,Jio
PH010379,CID008328,9315891273,Vi
PH010380,CID008329,9191202403,Vi
PH010381,CID008329,9372007981,BSNL
PH010382,CID008330,9565598411,Vi
PH010383,CID008331,9339640140,Vi
PH010384,CID008331,9948243726,Vi
PH010385,CID008332,9022574720,Jio
PH010386,CID008332,9682423579,Airtel
PH010387,CID008333,9822021811,Vi
PH010388,CID008334,9605029891,BSNL
PH010389,CID008334,9066063868,BSNL
PH010390,CID008335,9272886548,Airtel
PH010391,CID008336,9748981576,Airtel
PH010392,CID008337,9853062895,Jio
PH010393,CID008337,9640321295,BSNL
PH010394,CID008338,9399108031,Jio
PH010395,CID008339,9286028007,Jio
PH010396,CID008339,9242635649,Vi
PH010397,CID008340,9996789182,BSNL
PH010398,CID008341,9806194717,Airtel
PH010399,CID008342,9985405872,BSNL
PH010400,CID008342,9703135321,Vi
PH010401,CID008343,9901601392,Jio
PH010402,CID008344,9391447957,Jio
PH010403,CID008345,9301162935,BSNL
PH010404,CID008346,9333615441,Airtel
PH010405,CID008347,9378326476,BSNL
PH010406,CID008348,9568672075,BSNL
PH010407,CID008349,9181429192,BSNL
PH010408,CID008350,9725257897,Vi
PH010409,CID008350,9022858566,Airtel
PH010410,CID008351,9068536125,Vi
PH010411,CID008352,9816001137,Vi
PH010412,CID008353,9824369105,Airtel
PH010413,CID008353,9274308954,Vi
PH010414,CID008354,9768722962,Airtel
PH010415,CID008355,9207333316,Jio
PH010416,CID008356,9017021290,BSNL
PH010417,CID008356,9248381216,Vi
PH010418,CID008357,9686486442,BSNL
PH010419,CID008358,9887160023,BSNL
PH010420,CID008359,9286464930,BSNL
PH010421,CID008360,9096474190,Jio
PH010422,CID008361,9105361184,Vi
PH010423,CID008362,9050550247,Airtel
PH010424,CID008363,9321216225,BSNL
PH010425,CID008364,9774927088,BSNL
PH010426,CID008364,9544902821,BSNL
PH010427,CID008365,9280042092,Airtel
PH010428,CID008366,9860181988,Airtel
PH010429,CID008366,9866420370,Vi
PH010430,CID008367,9086282787,Airtel
PH010431,CID008367,9704561596,BSNL
PH010432,CID008368,9926947469,Airtel
PH010433,CID008369,9143018950,Jio
PH010434,CID008370,9184982267,Airtel
PH010435,CID008371,9494030796,BSNL
PH010436,CID008372,9114228568,Jio
PH010437,CID008373,9443278786,BSNL
PH010438,CID008374,9194276637,Vi
PH010439,CID008374,9262705733,BSNL
PH010440,CID008375,9004743773,Vi
PH010441,CID008376,9088426168,Vi
PH010442,CID008376,9139591688,BSNL
PH010443,CID008377,9485704310,Vi
PH010444,CID008378,9738174401,Jio
PH010445,CID008379,9700472415,BSNL
PH010446,CID008380,9035520490,Jio
PH010447,CID008381,9063243025,Airtel
PH010448,CID008382,9134771937,Vi
PH010449,CID008382,9727173328,BSNL
PH010450,CID008383,9596501809,Vi
PH010451,CID008383,9458238189,Jio
PH010452,CID008384,9460047968,BSNL
PH010453,CID008385,9578994914,Jio
PH010454,CID008385,9141226987,Vi
PH010455,CID008386,9980686272,Vi
PH010456,CID008386,9939657548,Vi
PH010457,CID008387,9266936479,Jio
PH010458,CID008388,9488765800,Vi
PH010459,CID008389,9487991243,BSNL
PH010460,CID008390,9169129032,Airtel
PH010461,CID008390,9749912680,Jio
PH010462,CID008391,9633558186,BSNL
PH010463,CID008391,9467216700,Jio
PH010464,CID008392,9564569287,BSNL
PH010465,CID008392,9761039555,BSNL
PH010466,CID008393,9321611093,Airtel
PH010467,CID008394,9718539545,Vi
PH010468,CID008395,9229011445,Airtel
PH010469,CID008396,9283681646,Vi
PH010470,CID008397,9599753964,Vi
PH010471,CID008398,9107850788,BSNL
PH010472,CID008399,9245127819,Jio
PH010473,CID008399,9707157148,Airtel
PH010474,CID008400,9943288311,BSNL
PH010475,CID008401,9770405878,Airtel
PH010476,CID008401,9703050436,Vi
PH010477,CID008402,9736793093,Jio
PH010478,CID008403,9276132909,Vi
PH010479,CID008404,9681791771,Airtel
PH010480,CID008404,9210538532,Vi
PH010481,CID008405,9821994885,Jio
PH010482,CID008406,9828296673,BSNL
PH010483,CID008407,9561520218,Airtel
PH010484,CID008408,9657032175,Vi
PH010485,CID008408,9270237753,Airtel
PH010486,CID008409,9627817737,Jio
PH010487,CID008410,9153325805,Jio
PH010488,CID008411,9342180062,Jio
PH010489,CID008412,9381641905,Jio
PH010490,CID008413,9422939058,BSNL
PH010491,CID008414,9240087237,Jio
PH010492,CID008415,9983099936,Airtel
PH010493,CID008416,9287665828,BSNL
PH010494,CID008417,9051173975,BSNL
PH010495,CID008418,9900814000,Vi
PH010496,CID008419,9114469581,Airtel
PH010497,CID008420,9459492476,Vi
PH010498,CID008421,9397930642,Airtel
PH010499,CID008421,9202572268,Jio
PH010500,CID008422,9925501027,Jio
PH010501,CID008423,9406040523,BSNL
PH010502,CID008424,9251266615,Airtel
PH010503,CID008424,9317139718,BSNL
PH010504,CID008425,9024584789,Vi
PH010505,CID008426,9713197945,Jio
PH010506,CID008427,9004074067,Airtel
PH010507,CID008427,9877657116,BSNL
PH010508,CID008428,9963699044,BSNL
PH010509,CID008428,9348094561,Vi
PH010510,CID008429,9886509700,BSNL
PH010511,CID008429,9679934045,Airtel
PH010512,CID008430,9631699414,Jio
PH010513,CID008430,9272455847,Vi
PH010514,CID008431,9938578585,BSNL
PH010515,CID008431,9346473868,BSNL
PH010516,CID008432,9038385004,Vi
PH010517,CID008432,9292603601,Jio
PH010518,CID008433,9167483950,Airtel
PH010519,CID008434,9323007803,Jio
PH010520,CID008435,9152359666,Jio
PH010521,CID008436,9838933529,Jio
PH010522,CID008437,9484661240,Jio
PH010523,CID008438,9140518420,BSNL
PH010524,CID008439,9207925261,Airtel
PH010525,CID008440,9943098413,BSNL
PH010526,CID008441,9893168645,Airtel
PH010527,CID008442,9970899082,BSNL
PH010528,CID008443,9414663708,Airtel
PH010529,CID008443,9370042337,Vi
PH010530,CID008444,9471194754,Jio
PH010531,CID008445,9531391844,Jio
PH010532,CID008446,9886051985,BSNL
PH010533,CID008447,9510695915,Vi
PH010534,CID008448,9686252144,Jio
PH010535,CID008449,9734749331,Airtel
PH010536,CID008449,9272225276,BSNL
PH010537,CID008450,9727139735,Vi
PH010538,CID008451,9529317052,Vi
PH010539,CID008452,9211741514,Vi
PH010540,CID008452,9794414624,Vi
PH010541,CID008453,9613171884,Vi
PH010542,CID008453,9970004281,Airtel
PH010543,CID008454,9414936702,BSNL
PH010544,CID008455,9727911872,BSNL
PH010545,CID008455,9002270677,Vi
PH010546,CID008456,9239855371,Airtel
PH010547,CID008457,9054887289,BSNL
PH010548,CID008458,9860686709,Airtel
PH010549,CID008459,9197825752,Jio
PH010550,CID008460,9116930882,BSNL
PH010551,CID008460,9375113558,Vi
PH010552,CID008461,9694388699,Airtel
PH010553,CID008462,9708210247,Airtel
PH010554,CID008463,9217934547,BSNL
PH010555,CID008464,9015223499,BSNL
PH010556,CID008464,9015762892,Vi
PH010557,CID008465,9077637412,Vi
PH010558,CID008465,9202536641,Jio
PH010559,CID008466,9033130367,BSNL
PH010560,CID008467,9032779845,BSNL
PH010561,CID008468,9267660754,BSNL
PH010562,CID008469,9088340299,Jio
PH010563,CID008470,9672129609,Vi
PH010564,CID008470,9064428599,BSNL
PH010565,CID008471,9150121436,Jio
PH010566,CID008472,9731776408,Airtel
PH010567,CID008473,9347500097,Vi
PH010568,CID008473,9179656233,BSNL
PH010569,CID008474,9379971853,Airtel
PH010570,CID008475,9662023619,Jio
PH010571,CID008476,9456909810,Jio
PH010572,CID008477,9027021255,Airtel
PH010573,CID008478,9189875890,BSNL
PH010574,CID008478,9649184446,BSNL
PH010575,CID008479,9839240024,BSNL
PH010576,CID008480,9283280062,Vi
PH010577,CID008481,9206506217,Airtel
PH010578,CID008482,9677438617,BSNL
PH010579,CID008483,9970297706,BSNL
PH010580,CID008483,9914074583,BSNL
PH010581,CID008484,9519017639,Jio
PH010582,CID008485,9739395460,Vi
PH010583,CID008486,9058511728,BSNL
PH010584,CID008487,9624276028,BSNL
PH010585,CID008487,9698614888,Vi
PH010586,CID008488,9681252232,Jio
PH010587,CID008489,9454711728,BSNL
PH010588,CID008490,9846269559,BSNL
PH010589,CID008491,9046668896,Airtel
PH010590,CID008491,9237592050,Jio
PH010591,CID008492,9879600312,BSNL
PH010592,CID008493,9046239483,BSNL
PH010593,CID008494,9602428070,Airtel
PH010594,CID008495,9147206847,BSNL
PH010595,CID008495,9284559211,BSNL
PH010596,CID008496,9692690491,BSNL
PH010597,CID008497,9719263602,Vi
PH010598,CID008498,9313128227,Jio
PH010599,CID008498,9158559748,Airtel
PH010600,CID008499,9844990024,Jio
PH010601,CID008500,9048050413,Airtel
PH010602,CID008501,9849703167,Jio
PH010603,CID008502,9414564288,Airtel
PH010604,CID008503,9319049894,Vi
PH010605,CID008504,9789183108,Vi
PH010606,CID008505,9364245299,Jio
PH010607,CID008506,9349335864,Jio
PH010608,CID008506,9408109802,BSNL
PH010609,CID008507,9549642959,BSNL
PH010610,CID008507,9238220524,BSNL
PH010611,CID008508,9391209603,Airtel
PH010612,CID008509,9555897210,Airtel
PH010613,CID008509,9358385628,BSNL
PH010614,CID008510,9455910798,Vi
PH010615,CID008511,9496298937,Airtel
PH010616,CID008512,9412384967,Airtel
PH010617,CID008513,9959345612,Airtel
PH010618,CID008514,9864530891,Vi
PH010619,CID008514,9816558140,Vi
PH010620,CID008515,9410581251,Jio
PH010621,CID008516,9770398420,Airtel
PH010622,CID008517,9371314059,Jio
PH010623,CID008518,9454744043,BSNL
PH010624,CID008519,9773858478,Vi
PH010625,CID008520,9537090424,Airtel
PH010626,CID008521,9537705838,Jio
PH010627,CID008522,9905468582,Jio
PH010628,CID008523,9817192035,Vi
PH010629,CID008524,9741939797,Airtel
PH010630,CID008524,9405835769,Airtel
PH010631,CID008525,9565682338,Jio
PH010632,CID008526,9726212558,BSNL
PH010633,CID008527,9551357065,Jio
PH010634,CID008528,9167910719,Vi
PH010635,CID008529,9908525767,Airtel
PH010636,CID008530,9250196425,Jio
PH010637,CID008530,9826477802,Jio
PH010638,CID008531,9153253077,Jio
PH010639,CID008532,9635605682,Airtel
PH010640,CID008532,9540003373,Jio
PH010641,CID008533,9630275711,Airtel
PH010642,CID008534,9047411887,Vi
PH010643,CID008535,9283026762,BSNL
PH010644,CID008535,9380265897,Jio
PH010645,CID008536,9889767522,Airtel
PH010646,CID008537,9929209855,Jio
PH010647,CID008538,9064145263,Vi
PH010648,CID008538,9027045042,Jio
PH010649,CID008539,9539833253,Airtel
PH010650,CID008540,9045524362,Vi
PH010651,CID008541,9062325383,Vi
PH010652,CID008542,9931495467,Vi
PH010653,CID008542,9630132338,BSNL
PH010654,CID008543,9163455661,Airtel
PH010655,CID008544,9391507556,Jio
PH010656,CID008545,9011162479,BSNL
PH010657,CID008545,9435023050,Jio
PH010658,CID008546,9992698027,Vi
PH010659,CID008546,9858483006,Jio
PH010660,CID008547,9860175826,Jio
PH010661,CID008547,9167970868,Jio
PH010662,CID008548,9095968332,BSNL
PH010663,CID008549,9842629390,Airtel
PH010664,CID008550,9661724165,Vi
PH010665,CID008551,9790502497,Airtel
PH010666,CID008551,9830332834,Airtel
PH010667,CID008552,9346705715,Airtel
PH010668,CID008553,9397524742,Jio
PH010669,CID008554,9726879226,Vi
PH010670,CID008555,9273504057,Vi
PH010671,CID008556,9902009422,Airtel
PH010672,CID008557,9063310518,Vi
PH010673,CID008558,9335402402,Vi
PH010674,CID008559,9295468714,Jio
PH010675,CID008560,9169050456,Jio
PH010676,CID008561,9763547452,Jio
PH010677,CID008562,9246442344,Vi
PH010678,CID008563,9709376742,Vi
PH010679,CID008564,9260784186,Jio
PH010680,CID008565,9597546658,Jio
PH010681,CID008566,9945097502,Jio
PH010682,CID008567,9525905961,Airtel
PH010683,CID008568,9185509245,Jio
PH010684,CID008569,9000328420,Jio
PH010685,CID008569,9316464332,Vi
PH010686,CID008570,9228553328,Jio
PH010687,CID008571,9184746617,Vi
PH010688,CID008571,9713184507,BSNL
PH010689,CID008572,9839024087,Vi
PH010690,CID008573,9497344605,Jio
PH010691,CID008574,9191271025,BSNL
PH010692,CID008575,9837959999,BSNL
PH010693,CID008576,9061471012,BSNL
PH010694,CID008577,9357692337,BSNL
PH010695,CID008578,9849598690,Vi
PH010696,CID008578,9976108294,Jio
PH010697,CID008579,9601103747,Vi
PH010698,CID008580,9354437823,Jio
PH010699,CID008580,9874897234,Jio
PH010700,CID008581,9065838401,BSNL
PH010701,CID008582,9732448978,Jio
PH010702,CID008582,9389142354,Airtel
PH010703,CID008583,9133597770,Airtel
PH010704,CID008584,9270159944,Airtel
PH010705,CID008585,9342428360,BSNL
PH010706,CID008585,9535270303,Jio
PH010707,CID008586,9998235041,Vi
PH010708,CID008587,9127737894,Vi
PH010709,CID008588,9770778718,Vi
PH010710,CID008589,9699694269,Airtel
PH010711,CID008589,9167124324,BSNL
PH010712,CID008590,9100369315,BSNL
PH010713,CID008591,9664420899,BSNL
PH010714,CID008592,9991938065,Vi
PH010715,CID008593,9850473265,Airtel
PH010716,CID008594,9555055315,Airtel
PH010717,CID008595,9049982364,Jio
PH010718,CID008596,9938170847,BSNL
PH010719,CID008596,9337294891,Vi
PH010720,CID008597,9161730689,Vi
PH010721,CID008598,9873989539,BSNL
PH010722,CID008598,9281016553,Airtel
PH010723,CID008599,9749365803,BSNL
PH010724,CID008600,9060994706,Vi
PH010725,CID008601,9157141220,BSNL
PH010726,CID008602,9536801387,BSNL
PH010727,CID008603,9308586773,BSNL
PH010728,CID008604,9635910899,Vi
PH010729,CID008605,9918398285,BSNL
PH010730,CID008605,9213832823,BSNL
PH010731,CID008606,9059138004,Airtel
PH010732,CID008607,9994538644,BSNL
PH010733,CID008608,9484008305,Airtel
PH010734,CID008609,9117963602,Vi
PH010735,CID008610,9665431095,Vi
PH010736,CID008611,9184472713,Airtel
PH010737,CID008612,9571774517,Airtel
PH010738,CID008613,9958436657,Airtel
PH010739,CID008613,9825484742,Jio
PH010740,CID008614,9250852665,Vi
PH010741,CID008615,9877941560,BSNL
PH010742,CID008616,9432764562,Jio
PH010743,CID008617,9851469058,BSNL
PH010744,CID008618,9828487060,BSNL
PH010745,CID008619,9608826719,Jio
PH010746,CID008619,9298680921,Vi
PH010747,CID008620,9826561313,Airtel
PH010748,CID008621,9039386980,Jio
PH010749,CID008622,9642045866,BSNL
PH010750,CID008622,9640726014,Airtel
PH010751,CID008623,9245555372,Airtel
PH010752,CID008624,9230524685,Jio
PH010753,CID008625,9133455172,Vi
PH010754,CID008626,9799590672,Vi
PH010755,CID008627,9624452129,Jio
PH010756,CID008628,9907477725,BSNL
PH010757,CID008629,9278647777,Airtel
PH010758,CID008629,9787162133,Vi
PH010759,CID008630,9820548957,Jio
PH010760,CID008630,9897070090,BSNL
PH010761,CID008631,9833118220,Vi
PH010762,CID008632,9491036084,Airtel
PH010763,CID008633,9165498573,Jio
PH010764,CID008634,9967450380,Jio
PH010765,CID008634,9772823812,Jio
PH010766,CID008635,9820231425,BSNL
PH010767,CID008636,9284857738,BSNL
PH010768,CID008636,9815338283,Airtel
PH010769,CID008637,9400515921,Vi
PH010770,CID008638,9751512431,BSNL
PH010771,CID008639,9328954826,BSNL
PH010772,CID008640,9729885325,BSNL
PH010773,CID008641,9402332465,Vi
PH010774,CID008642,9569169598,Vi
PH010775,CID008642,9397751614,Vi
PH010776,CID008643,9831283806,Airtel
PH010777,CID008644,9791955224,Airtel
PH010778,CID008644,9752400185,Vi
PH010779,CID008645,9638541342,Vi
PH010780,CID008645,9199707940,BSNL
PH010781,CID008646,9107354157,Vi
PH010782,CID008647,9834762823,Vi
PH010783,CID008648,9360370129,Vi
PH010784,CID008649,9726391411,Vi
PH010785,CID008649,9186939413,Jio
PH010786,CID008650,9113001913,Jio
PH010787,CID008651,9184961517,Jio
PH010788,CID008651,9200225496,Jio
PH010789,CID008652,9083838298,Vi
PH010790,CID008653,9430425617,Vi
PH010791,CID008653,9406247493,Vi
PH010792,CID008654,9131563714,Airtel
PH010793,CID008655,9479478791,Jio
PH010794,CID008655,9424491452,Jio
PH010795,CID008656,9130049962,Vi
PH010796,CID008657,9152284632,Vi
PH010797,CID008657,9540489806,Airtel
PH010798,CID008658,9677913545,Jio
PH010799,CID008659,9678253246,Vi
PH010800,CID008660,9526385521,Jio
PH010801,CID008661,9843307375,Jio
PH010802,CID008662,9656510429,Vi
PH010803,CID008663,9803491623,BSNL
PH010804,CID008664,9227643119,Airtel
PH010805,CID008665,9920585909,BSNL
PH010806,CID008666,9085639982,BSNL
PH010807,CID008667,9021663354,BSNL
PH010808,CID008668,9092110484,BSNL
PH010809,CID008668,9143533283,Vi
PH010810,CID008669,9446862590,BSNL
PH010811,CID008670,9546693546,Airtel
PH010812,CID008671,9231023512,Jio
PH010813,CID008672,9439441051,Airtel
PH010814,CID008672,9248497258,BSNL
PH010815,CID008673,9212148124,Jio
PH010816,CID008674,9441651068,Vi
PH010817,CID008675,9317264982,Vi
PH010818,CID008676,9731657288,BSNL
PH010819,CID008677,9286689023,Vi
PH010820,CID008678,9066353133,BSNL
PH010821,CID008679,9774059975,BSNL
PH010822,CID008680,9416689168,Airtel
PH010823,CID008681,9708699067,Jio
PH010824,CID008682,9901077995,Airtel
PH010825,CID008683,9447559171,Vi
PH010826,CID008683,9695222621,Jio
PH010827,CID008684,9800338752,Airtel
PH010828,CID008685,9757685410,Vi
PH010829,CID008686,9345687113,BSNL
PH010830,CID008687,9470749571,BSNL
PH010831,CID008688,9214521914,Jio
PH010832,CID008689,9665800126,Airtel
PH010833,CID008690,9986868991,Airtel
PH010834,CID008691,9720399909,BSNL
PH010835,CID008692,9854015092,Vi
PH010836,CID008692,9404215440,BSNL
PH010837,CID008693,9089016080,Airtel
PH010838,CID008693,9419119617,BSNL
PH010839,CID008694,9843616440,Jio
PH010840,CID008695,9593254098,Airtel
PH010841,CID008696,9809384962,Airtel
PH010842,CID008696,9808394790,BSNL
PH010843,CID008697,9294232598,Jio
PH010844,CID008697,9911311116,BSNL
PH010845,CID008698,9165537362,Vi
PH010846,CID008699,9426069427,BSNL
PH010847,CID008700,9698844414,Vi
PH010848,CID008700,9719314447,BSNL
PH010849,CID008701,9261536429,Vi
PH010850,CID008702,9924609580,Airtel
PH010851,CID008703,9496880544,Jio
PH010852,CID008703,9698942141,Airtel
PH010853,CID008704,9293127949,Airtel
PH010854,CID008704,9694580300,Jio
PH010855,CID008705,9574706131,BSNL
PH010856,CID008706,9520580453,Jio
PH010857,CID008707,9465385006,Vi
PH010858,CID008708,9984895309,Jio
PH010859,CID008709,9502659430,Airtel
PH010860,CID008710,9872598100,BSNL
PH010861,CID008711,9404334000,BSNL
PH010862,CID008712,9900054056,Vi
PH010863,CID008713,9061296035,Jio
PH010864,CID008714,9067763123,BSNL
PH010865,CID008715,9618607659,Jio
PH010866,CID008716,9190970723,BSNL
PH010867,CID008717,9050037255,Airtel
PH010868,CID008717,9651902631,Vi
PH010869,CID008718,9894452192,Jio
PH010870,CID008719,9625673505,Jio
PH010871,CID008720,9930231332,BSNL
PH010872,CID008721,9829908962,BSNL
PH010873,CID008722,9948518489,Airtel
PH010874,CID008723,9473372775,Jio
PH010875,CID008724,9334398500,BSNL
PH010876,CID008724,9961728336,Jio
PH010877,CID008725,9524739551,Jio
PH010878,CID008726,9503221201,Jio
PH010879,CID008727,9360568918,Vi
PH010880,CID008728,9774640344,Airtel
PH010881,CID008729,9610328074,Airtel
PH010882,CID008730,9822951995,Jio
PH010883,CID008730,9127988766,Vi
PH010884,CID008731,9580829990,Jio
PH010885,CID008732,9122690198,Jio
PH010886,CID008733,9961682131,Vi
PH010887,CID008734,9583856968,Vi
PH010888,CID008734,9994633150,BSNL
PH010889,CID008735,9124022000,BSNL
PH010890,CID008735,9416764794,Jio
PH010891,CID008736,9979807589,Airtel
PH010892,CID008736,9895919424,Jio
PH010893,CID008737,9841801843,Vi
PH010894,CID008738,9550030291,BSNL
PH010895,CID008738,9698458565,Vi
PH010896,CID008739,9789949172,BSNL
PH010897,CID008740,9158274964,BSNL
PH010898,CID008741,9021101867,Jio
PH010899,CID008742,9396079891,BSNL
PH010900,CID008742,9936234291,BSNL
PH010901,CID008743,9300623103,Vi
PH010902,CID008744,9023367777,Vi
PH010903,CID008745,9362181147,BSNL
PH010904,CID008746,9689568406,BSNL
PH010905,CID008747,9750800802,Jio
PH010906,CID008747,9992537082,Jio
PH010907,CID008748,9421223624,Vi
PH010908,CID008749,9923755747,Airtel
PH010909,CID008750,9445643555,BSNL
PH010910,CID008751,9719666059,BSNL
PH010911,CID008752,9067102271,Jio
PH010912,CID008753,9987197925,Vi
PH010913,CID008753,9615349373,BSNL
PH010914,CID008754,9269150154,Vi
PH010915,CID008755,9394645584,Airtel
PH010916,CID008756,9558107533,Airtel
PH010917,CID008757,9247234225,BSNL
PH010918,CID008758,9595872426,Airtel
PH010919,CID008759,9956349556,Jio
PH010920,CID008759,9835543519,BSNL
PH010921,CID008760,9537304361,Jio
PH010922,CID008761,9687435438,Airtel
PH010923,CID008762,9250894474,Jio
PH010924,CID008762,9040664070,Airtel
PH010925,CID008763,9958535873,BSNL
PH010926,CID008764,9710547313,Jio
PH010927,CID008765,9635292550,Jio
PH010928,CID008766,9602984824,Airtel
PH010929,CID008767,9212090615,Airtel
PH010930,CID008768,9227317710,Vi
PH010931,CID008769,9214462140,Jio
PH010932,CID008769,9837449043,BSNL
PH010933,CID008770,9131592534,Airtel
PH010934,CID008770,9793238453,Jio
PH010935,CID008771,9297503482,Airtel
PH010936,CID008771,9044723887,Airtel
PH010937,CID008772,9683269065,BSNL
PH010938,CID008773,9558554940,BSNL
PH010939,CID008774,9536047604,Jio
PH010940,CID008774,9500465461,BSNL
PH010941,CID008775,9898013984,Jio
PH010942,CID008775,9489766893,Vi
PH010943,CID008776,9376233116,Vi
PH010944,CID008777,9995971942,Jio
PH010945,CID008778,9688301791,Jio
PH010946,CID008779,9596847795,Vi
PH010947,CID008780,9059810907,Vi
PH010948,CID008781,9309251487,Vi
PH010949,CID008781,9359752474,Jio
PH010950,CID008782,9061198603,Jio
PH010951,CID008783,9002208875,BSNL
PH010952,CID008784,9692988939,Jio
PH010953,CID008785,9485402959,Jio
PH010954,CID008785,9707704821,Airtel
PH010955,CID008786,9909737353,Vi
PH010956,CID008786,9983656064,Airtel
PH010957,CID008787,9445009601,BSNL
PH010958,CID008788,9601547752,Jio
PH010959,CID008788,9247862529,Jio
PH010960,CID008789,9974503332,Airtel
PH010961,CID008789,9396833459,Vi
PH010962,CID008790,9977178192,Vi
PH010963,CID008790,9235601559,Airtel
PH010964,CID008791,9821756172,Jio
PH010965,CID008792,9229466819,Airtel
PH010966,CID008793,9916412283,Jio
PH010967,CID008793,9964296876,Vi
PH010968,CID008794,9001789315,BSNL
PH010969,CID008795,9704067876,Jio
PH010970,CID008795,9927329764,BSNL
PH010971,CID008796,9613417836,BSNL
PH010972,CID008796,9977136520,BSNL
PH010973,CID008797,9952126678,Jio
PH010974,CID008798,9282890087,Airtel
PH010975,CID008799,9492248944,Vi
PH010976,CID008800,9009073359,Jio
PH010977,CID008801,9269946739,Jio
PH010978,CID008802,9920795628,Vi
PH010979,CID008803,9337195240,BSNL
PH010980,CID008804,9594900210,Jio
PH010981,CID008805,9860292795,Vi
PH010982,CID008806,9953292559,Airtel
PH010983,CID008807,9405377938,BSNL
PH010984,CID008808,9518579452,Airtel
PH010985,CID008808,9675531444,Jio
PH010986,CID008809,9587443470,Airtel
PH010987,CID008810,9342133408,Vi
PH010988,CID008811,9672419702,BSNL
PH010989,CID008811,9679854066,Airtel
PH010990,CID008812,9053280011,Jio
PH010991,CID008813,9356334656,Vi
PH010992,CID008813,9804036095,Airtel
PH010993,CID008814,9456639302,Jio
PH010994,CID008815,9925763227,Vi
PH010995,CID008815,9668194994,Airtel
PH010996,CID008816,9765768273,Jio
PH010997,CID008817,9151766891,Jio
PH010998,CID008818,9612091601,Vi
PH010999,CID008819,9749342439,Jio
PH011000,CID008820,9355261704,Jio
PH011001,CID008820,9775706363,Jio
PH011002,CID008821,9058808994,Airtel
PH011003,CID008822,9499073675,Jio
PH011004,CID008823,9348169034,BSNL
PH011005,CID008824,9699357105,BSNL
PH011006,CID008825,9896713664,Airtel
PH011007,CID008826,9032098762,Jio
PH011008,CID008827,9459493345,Jio
PH011009,CID008828,9489752931,Vi
PH011010,CID008829,9718849895,BSNL
PH011011,CID008830,9238521433,BSNL
PH011012,CID008831,9126721723,Jio
PH011013,CID008832,9558389605,Jio
PH011014,CID008833,9622978894,Jio
PH011015,CID008834,9025847917,Airtel
PH011016,CID008835,9469586789,BSNL
PH011017,CID008836,9780469370,Vi
PH011018,CID008837,9773857090,Jio
PH011019,CID008838,9127110669,Jio
PH011020,CID008838,9186255153,Jio
PH011021,CID008839,9898316904,Vi
PH011022,CID008839,9476097366,Jio
PH011023,CID008840,9624538461,Jio
PH011024,CID008841,9375412573,Airtel
PH011025,CID008841,9019791823,BSNL
PH011026,CID008842,9133101444,Jio
PH011027,CID008842,9386802694,BSNL
PH011028,CID008843,9352519998,BSNL
PH011029,CID008844,9256458237,BSNL
PH011030,CID008845,9850275393,Jio
PH011031,CID008845,9495420098,Jio
PH011032,CID008846,9355752273,Vi
PH011033,CID008847,9550043224,Airtel
PH011034,CID008847,9722427668,Jio
PH011035,CID008848,9455138802,Airtel
PH011036,CID008848,9687627624,Jio
PH011037,CID008849,9111150756,Jio
PH011038,CID008850,9547125735,BSNL
PH011039,CID008851,9910995128,Airtel
PH011040,CID008852,9724053273,Jio
PH011041,CID008853,9670949067,BSNL
PH011042,CID008854,9150178645,BSNL
PH011043,CID008855,9121593780,Airtel
PH011044,CID008856,9571236141,Jio
PH011045,CID008857,9732253692,BSNL
PH011046,CID008857,9296173630,BSNL
PH011047,CID008858,9544827940,Vi
PH011048,CID008859,9244118773,BSNL
PH011049,CID008860,9039522245,Jio
PH011050,CID008861,9586692400,BSNL
PH011051,CID008862,9258324853,Jio
PH011052,CID008863,9310944782,BSNL
PH011053,CID008864,9072444432,Vi
PH011054,CID008865,9608821864,Airtel
PH011055,CID008865,9577459590,Vi
PH011056,CID008866,9937790464,Airtel
PH011057,CID008867,9489768941,Airtel
PH011058,CID008868,9542306002,Jio
PH011059,CID008869,9919241300,Jio
PH011060,CID008870,9736525108,Vi
PH011061,CID008871,9906833964,Jio
PH011062,CID008872,9611697648,Jio
PH011063,CID008873,9964568009,Airtel
PH011064,CID008874,9306475000,Airtel
PH011065,CID008875,9548487571,BSNL
PH011066,CID008876,9033354100,Airtel
PH011067,CID008877,9499203295,Airtel
PH011068,CID008877,9158805278,Vi
PH011069,CID008878,9740926093,Airtel
PH011070,CID008879,9146583394,BSNL
PH011071,CID008880,9262737624,Jio
PH011072,CID008880,9333056230,Jio
PH011073,CID008881,9704329587,Airtel
PH011074,CID008882,9659392683,Vi
PH011075,CID008882,9860376894,Airtel
PH011076,CID008883,9707047460,Vi
PH011077,CID008883,9509017230,Airtel
PH011078,CID008884,9388339124,Jio
PH011079,CID008884,9879106005,Jio
PH011080,CID008885,9336617007,Jio
PH011081,CID008885,9311057768,BSNL
PH011082,CID008886,9645582681,Vi
PH011083,CID008887,9626179167,Airtel
PH011084,CID008888,9462975540,Airtel
PH011085,CID008889,9255233109,Vi
PH011086,CID008890,9574208849,Jio
PH011087,CID008891,9010913870,Jio
PH011088,CID008892,9543974323,Jio
PH011089,CID008893,9459152485,Vi
PH011090,CID008894,9457053212,Jio
PH011091,CID008895,9159696634,Airtel
PH011092,CID008896,9955994403,BSNL
PH011093,CID008896,9916976907,Airtel
PH011094,CID008897,9737482432,BSNL
PH011095,CID008898,9217877221,Airtel
PH011096,CID008899,9091483401,Airtel
PH011097,CID008900,9772993485,Airtel
PH011098,CID008900,9027127245,Vi
PH011099,CID008901,9868250231,Airtel
PH011100,CID008902,9529391516,Airtel
PH011101,CID008902,9058272212,Jio
PH011102,CID008903,9063163855,BSNL
PH011103,CID008904,9899492618,BSNL
PH011104,CID008905,9049190555,BSNL
PH011105,CID008906,9252178576,BSNL
PH011106,CID008907,9625641985,Jio
PH011107,CID008908,9818835174,Airtel
PH011108,CID008909,9281531051,Vi
PH011109,CID008910,9373342405,Vi
PH011110,CID008911,9433341491,Vi
PH011111,CID008912,9190010426,BSNL
PH011112,CID008913,9615951735,BSNL
PH011113,CID008913,9000005753,Airtel
PH011114,CID008914,9203335226,Airtel
PH011115,CID008915,9360269892,Vi
PH011116,CID008916,9411682667,BSNL
PH011117,CID008916,9877958185,Jio
PH011118,CID008917,9407062357,Jio
PH011119,CID008918,9498430948,Vi
PH011120,CID008918,9449871812,Airtel
PH011121,CID008919,9344295395,Airtel
PH011122,CID008920,9663512954,Jio
PH011123,CID008921,9491159969,BSNL
PH011124,CID008922,9725451449,Jio
PH011125,CID008923,9084463116,Airtel
PH011126,CID008924,9546791125,BSNL
PH011127,CID008924,9147436761,BSNL
PH011128,CID008925,9150474236,Vi
PH011129,CID008926,9273150233,Jio
PH011130,CID008927,9989410211,Jio
PH011131,CID008928,9453565131,Airtel
PH011132,CID008929,9939947768,Airtel
PH011133,CID008930,9343314297,Vi
PH011134,CID008931,9395129332,Vi
PH011135,CID008932,9165330003,Jio
PH011136,CID008933,9064782498,Airtel
PH011137,CID008933,9354218301,Vi
PH011138,CID008934,9922902407,BSNL
PH011139,CID008934,9687512092,Jio
PH011140,CID008935,9548869547,BSNL
PH011141,CID008935,9293590604,Jio
PH011142,CID008936,9775535779,BSNL
PH011143,CID008937,9164367547,BSNL
PH011144,CID008938,9318862350,Vi
PH011145,CID008939,9189143393,Airtel
PH011146,CID008940,9582240088,Airtel
PH011147,CID008940,9991911414,BSNL
PH011148,CID008941,9788061567,Vi
PH011149,CID008942,9110978470,BSNL
PH011150,CID008943,9808831361,Airtel
PH011151,CID008943,9999779812,Vi
PH011152,CID008944,9751231267,Airtel
PH011153,CID008945,9869383338,BSNL
PH011154,CID008945,9839707441,Vi
PH011155,CID008946,9741749996,BSNL
PH011156,CID008947,9648378778,Vi
PH011157,CID008948,9558330009,Airtel
PH011158,CID008948,9079186153,Airtel
PH011159,CID008949,9392990158,Vi
PH011160,CID008950,9915583919,BSNL
PH011161,CID008950,9357999904,BSNL
PH011162,CID008951,9951654963,BSNL
PH011163,CID008952,9174537704,BSNL
PH011164,CID008953,9972322357,Vi
PH011165,CID008953,9622936227,BSNL
PH011166,CID008954,9305208871,Vi
PH011167,CID008955,9767516259,Vi
PH011168,CID008956,9242653911,BSNL
PH011169,CID008957,9450341014,BSNL
PH011170,CID008958,9272305630,Jio
PH011171,CID008959,9387492667,Jio
PH011172,CID008960,9382465686,BSNL
PH011173,CID008961,9901327314,Vi
PH011174,CID008961,9123287168,Jio
PH011175,CID008962,9704842951,Vi
PH011176,CID008963,9616228766,BSNL
PH011177,CID008964,9494734130,BSNL
PH011178,CID008965,9877148887,BSNL
PH011179,CID008966,9178046096,Vi
PH011180,CID008966,9050741220,Vi
PH011181,CID008967,9599073625,Jio
PH011182,CID008968,9126412155,Jio
PH011183,CID008969,9375799219,BSNL
PH011184,CID008969,9980492493,Vi
PH011185,CID008970,9322668468,Vi
PH011186,CID008971,9002485632,Vi
PH011187,CID008972,9898549050,Jio
PH011188,CID008973,9583279185,Vi
PH011189,CID008974,9726079993,BSNL
PH011190,CID008975,9061736490,Airtel
PH011191,CID008976,9191010069,Vi
PH011192,CID008977,9067853646,BSNL
PH011193,CID008978,9314995974,BSNL
PH011194,CID008979,9892925548,Airtel
PH011195,CID008980,9813583294,Jio
PH011196,CID008980,9439873050,Vi
PH011197,CID008981,9216940408,Vi
PH011198,CID008982,9653516151,BSNL
PH011199,CID008983,9418546342,Airtel
PH011200,CID008984,9669331677,BSNL
PH011201,CID008985,9599447930,BSNL
PH011202,CID008986,9428443570,Vi
PH011203,CID008987,9152920337,Vi
PH011204,CID008988,9875632639,Vi
PH011205,CID008989,9567858750,Vi
PH011206,CID008989,9770308331,Vi
PH011207,CID008990,9432911775,Jio
PH011208,CID008990,9756696756,Jio
PH011209,CID008991,9305364855,Airtel
PH011210,CID008992,9434489699,Vi
PH011211,CID008993,9267498791,Jio
PH011212,CID008993,9060625589,Vi
PH011213,CID008994,9991718089,BSNL
PH011214,CID008995,9277099448,Jio
PH011215,CID008995,9137587356,BSNL
PH011216,CID008996,9266053474,Jio
PH011217,CID008996,9054148993,Vi
PH011218,CID008997,9579089513,Vi
PH011219,CID008997,9667990058,Vi
PH011220,CID008998,9809726384,BSNL
PH011221,CID008999,9974516678,Airtel
PH011222,CID009000,9239279999,BSNL
PH011223,CID009000,9494750475,Vi
PH011224,CID009001,9846356466,Vi
PH011225,CID009002,9768680007,Vi
PH011226,CID009002,9027993672,Vi
PH011227,CID009003,9365635423,Jio
PH011228,CID009004,9056263388,Jio
PH011229,CID009004,9377245611,Vi
PH011230,CID009005,9461761738,BSNL
PH011231,CID009006,9318975338,Vi
PH011232,CID009007,9863126676,Vi
PH011233,CID009007,9702089155,BSNL
PH011234,CID009008,9345068474,Vi
PH011235,CID009009,9935820061,Airtel
PH011236,CID009010,9285565042,Airtel
PH011237,CID009011,9767550730,Vi
PH011238,CID009012,9240967142,Vi
PH011239,CID009013,9623154007,Jio
PH011240,CID009013,9291575777,Airtel
PH011241,CID009014,9929525097,Vi
PH011242,CID009015,9755319103,Jio
PH011243,CID009016,9473015384,BSNL
PH011244,CID009016,9937795490,Vi
PH011245,CID009017,9286991545,Vi
PH011246,CID009018,9590090479,Vi
PH011247,CID009019,9697774940,BSNL
PH011248,CID009020,9095879317,BSNL
PH011249,CID009021,9058020335,BSNL
PH011250,CID009022,9831093012,Airtel
PH011251,CID009023,9241309301,Jio
PH011252,CID009024,9341229435,Vi
PH011253,CID009024,9237259935,BSNL
PH011254,CID009025,9308765698,Jio
PH011255,CID009025,9319211677,Jio
PH011256,CID009026,9144525933,BSNL
PH011257,CID009027,9468897387,Airtel
PH011258,CID009028,9109167303,Airtel
PH011259,CID009029,9539276261,Jio
PH011260,CID009030,9497367292,Jio
PH011261,CID009031,9767386548,Vi
PH011262,CID009032,9515527886,BSNL
PH011263,CID009033,9661802440,Jio
PH011264,CID009033,9712707132,Vi
PH011265,CID009034,9069366114,Vi
PH011266,CID009035,9405446042,Vi
PH011267,CID009036,9419941522,Vi
PH011268,CID009036,9786325596,Airtel
PH011269,CID009037,9104853284,BSNL
PH011270,CID009038,9705012160,Airtel
PH011271,CID009039,9101777652,Jio
PH011272,CID009040,9634198416,Jio
PH011273,CID009040,9757669786,BSNL
PH011274,CID009041,9079573983,BSNL
PH011275,CID009042,9837868190,Jio
PH011276,CID009043,9417231513,Airtel
PH011277,CID009044,9584446667,Airtel
PH011278,CID009045,9646632333,Vi
PH011279,CID009046,9275977295,Airtel
PH011280,CID009046,9575577011,BSNL
PH011281,CID009047,9175822990,Airtel
PH011282,CID009048,9764123256,Vi
PH011283,CID009049,9713841971,Airtel
PH011284,CID009049,9066205673,BSNL
PH011285,CID009050,9587854986,BSNL
PH011286,CID009050,9861309800,Airtel
PH011287,CID009051,9105875198,Vi
PH011288,CID009052,9279692645,Airtel
PH011289,CID009053,9507537432,Airtel
PH011290,CID009054,9331962171,Vi
PH011291,CID009055,9259356518,Airtel
PH011292,CID009056,9868697517,Airtel
PH011293,CID009056,9820068034,Jio
PH011294,CID009057,9385668474,Airtel
PH011295,CID009058,9357528547,Vi
PH011296,CID009059,9211529991,BSNL
PH011297,CID009059,9504253856,Vi
PH011298,CID009060,9024105130,Vi
PH011299,CID009061,9823607750,BSNL
PH011300,CID009061,9443726887,Airtel
PH011301,CID009062,9605774883,Vi
PH011302,CID009062,9746555941,Airtel
PH011303,CID009063,9252624990,BSNL
PH011304,CID009064,9978993503,Jio
PH011305,CID009065,9353425178,Vi
PH011306,CID009065,9708985956,Vi
PH011307,CID009066,9606341499,Vi
PH011308,CID009067,9365519274,Airtel
PH011309,CID009067,9903159712,Vi
PH011310,CID009068,9295590434,Vi
PH011311,CID009069,9829907623,Jio
PH011312,CID009069,9479219140,BSNL
PH011313,CID009070,9386949889,BSNL
PH011314,CID009071,9650402211,Airtel
PH011315,CID009072,9768810820,Jio
PH011316,CID009073,9736690048,Jio
PH011317,CID009074,9779848847,Vi
PH011318,CID009075,9958201247,Airtel
PH011319,CID009075,9614171970,Airtel
PH011320,CID009076,9053633745,Airtel
PH011321,CID009077,9264878878,BSNL
PH011322,CID009077,9675178122,Airtel
PH011323,CID009078,9589572439,BSNL
PH011324,CID009079,9759099662,BSNL
PH011325,CID009080,9839713199,Vi
PH011326,CID009081,9069282758,Jio
PH011327,CID009081,9022943431,Vi
PH011328,CID009082,9042486116,Airtel
PH011329,CID009082,9816928046,Airtel
PH011330,CID009083,9808781314,Jio
PH011331,CID009084,9927998059,BSNL
PH011332,CID009084,9613970632,Vi
PH011333,CID009085,9254525979,Vi
PH011334,CID009086,9288546741,Jio
PH011335,CID009087,9977286052,Vi
PH011336,CID009088,9781201260,BSNL
PH011337,CID009089,9684341109,Vi
PH011338,CID009090,9373329149,Airtel
PH011339,CID009091,9666211909,Jio
PH011340,CID009092,9973745520,Vi
PH011341,CID009093,9211175788,BSNL
PH011342,CID009094,9817670600,Airtel
PH011343,CID009094,9401255111,Vi
PH011344,CID009095,9496601758,Vi
PH011345,CID009096,9413041596,Jio
PH011346,CID009097,9166086981,Vi
PH011347,CID009098,9797623475,Jio
PH011348,CID009099,9971874719,Jio
PH011349,CID009100,9021614864,Vi
PH011350,CID009101,9765420082,Vi
PH011351,CID009102,9877656818,Vi
PH011352,CID009103,9960020419,Vi
PH011353,CID009103,9078645070,Vi
PH011354,CID009104,9002382952,Vi
PH011355,CID009105,9944477184,Vi
PH011356,CID009106,9275971774,Jio
PH011357,CID009106,9708042507,Airtel
PH011358,CID009107,9078981397,Jio
PH011359,CID009108,9479727976,Jio
PH011360,CID009109,9291669677,Vi
PH011361,CID009109,9474212968,BSNL
PH011362,CID009110,9667324205,Airtel
PH011363,CID009110,9126264631,Vi
PH011364,CID009111,9681387305,Jio
PH011365,CID009111,9870251749,BSNL
PH011366,CID009112,9624717312,Airtel
PH011367,CID009113,9864795227,Airtel
PH011368,CID009114,9809066040,BSNL
PH011369,CID009115,9396051307,BSNL
PH011370,CID009116,9893563933,Vi
PH011371,CID009117,9708343322,Vi
PH011372,CID009118,9829311069,Vi
PH011373,CID009119,9262034562,Jio
PH011374,CID009120,9659963821,Jio
PH011375,CID009121,9870774040,Jio
PH011376,CID009122,9859979116,Jio
PH011377,CID009123,9544217845,Vi
PH011378,CID009123,9823333287,Vi
PH011379,CID009124,9221563626,Jio
PH011380,CID009124,9607246802,Airtel
PH011381,CID009125,9052532638,Airtel
PH011382,CID009125,9275751688,Vi
PH011383,CID009126,9790710045,BSNL
PH011384,CID009127,9115644088,BSNL
PH011385,CID009128,9856799159,Airtel
PH011386,CID009129,9199091281,Vi
PH011387,CID009130,9522393539,Vi
PH011388,CID009131,9362895031,Jio
PH011389,CID009132,9766356922,Jio
PH011390,CID009133,9753519198,BSNL
PH011391,CID009134,9557880120,BSNL
PH011392,CID009135,9470349296,Airtel
PH011393,CID009135,9510949305,Jio
PH011394,CID009136,9621638247,Airtel
PH011395,CID009137,9720425361,BSNL
PH011396,CID009138,9777703777,Airtel
PH011397,CID009139,9773234004,Airtel
PH011398,CID009140,9884316475,Vi
PH011399,CID009141,9144821578,BSNL
PH011400,CID009142,9997089903,BSNL
PH011401,CID009142,9944813327,BSNL
PH011402,CID009143,9627608221,BSNL
PH011403,CID009144,9169145346,Airtel
PH011404,CID009145,9699589828,Vi
PH011405,CID009145,9733473294,BSNL
PH011406,CID009146,9065202677,Jio
PH011407,CID009147,9195311644,BSNL
PH011408,CID009147,9675048029,Jio
PH011409,CID009148,9081186696,Airtel
PH011410,CID009148,9967183187,Jio
PH011411,CID009149,9232401008,BSNL
PH011412,CID009150,9072484964,BSNL
PH011413,CID009150,9970035839,Airtel
PH011414,CID009151,9866997629,Vi
PH011415,CID009151,9572805767,BSNL
PH011416,CID009152,9362217953,Vi
PH011417,CID009153,9437477095,Jio
PH011418,CID009154,9369954766,Vi
PH011419,CID009155,9971771712,Vi
PH011420,CID009156,9720483512,Jio
PH011421,CID009157,9134676140,Airtel
PH011422,CID009158,9352018365,Airtel
PH011423,CID009158,9775798602,BSNL
PH011424,CID009159,9046676790,Airtel
PH011425,CID009159,9352622932,BSNL
PH011426,CID009160,9754157408,BSNL
PH011427,CID009161,9392946246,Jio
PH011428,CID009162,9481764483,Airtel
PH011429,CID009163,9359671115,Airtel
PH011430,CID009164,9587295094,Airtel
PH011431,CID009164,9457879426,BSNL
PH011432,CID009165,9937667192,Jio
PH011433,CID009166,9345404762,Vi
PH011434,CID009167,9650901785,Jio
PH011435,CID009168,9640754087,Airtel
PH011436,CID009169,9419574475,BSNL
PH011437,CID009170,9739061606,Airtel
PH011438,CID009170,9915493293,Vi
PH011439,CID009171,9904659652,BSNL
PH011440,CID009172,9154098887,Vi
PH011441,CID009173,9757241287,Vi
PH011442,CID009174,9392969476,Airtel
PH011443,CID009175,9016862044,Vi
PH011444,CID009175,9314629217,Vi
PH011445,CID009176,9558501185,Vi
PH011446,CID009177,9849339655,Airtel
PH011447,CID009178,9400593185,Airtel
PH011448,CID009179,9508246163,Airtel
PH011449,CID009180,9299375127,BSNL
PH011450,CID009180,9523497402,Airtel
PH011451,CID009181,9716628217,Vi
PH011452,CID009182,9741029181,Airtel
PH011453,CID009183,9477372226,Jio
PH011454,CID009184,9939192795,Airtel
PH011455,CID009185,9071940529,Vi
PH011456,CID009186,9342549567,BSNL
PH011457,CID009186,9009526708,Airtel
PH011458,CID009187,9344336831,BSNL
PH011459,CID009188,9032604750,Jio
PH011460,CID009189,9403713723,Jio
PH011461,CID009190,9515230722,BSNL
PH011462,CID009191,9548533800,Jio
PH011463,CID009192,9438204172,Airtel
PH011464,CID009193,9105852746,BSNL
PH011465,CID009194,9329368692,Airtel
PH011466,CID009195,9951165422,Vi
PH011467,CID009195,9879047764,Jio
PH011468,CID009196,9774666312,Jio
PH011469,CID009197,9717007497,Airtel
PH011470,CID009198,9366194801,Vi
PH011471,CID009198,9568492301,Jio
PH011472,CID009199,9757288263,Vi
PH011473,CID009200,9169214225,Jio
PH011474,CID009200,9567352936,BSNL
PH011475,CID009201,9024160544,BSNL
PH011476,CID009201,9473224202,Airtel
PH011477,CID009202,9882020864,BSNL
PH011478,CID009203,9046284734,Jio
PH011479,CID009204,9058566423,Airtel
PH011480,CID009205,9351685371,Vi
PH011481,CID009206,9537860308,Airtel
PH011482,CID009207,9588036005,Jio
PH011483,CID009208,9094775439,Vi
PH011484,CID009209,9647023797,Jio
PH011485,CID009209,9251815055,Vi
PH011486,CID009210,9844624644,BSNL
PH011487,CID009211,9485437285,Jio
PH011488,CID009212,9720679013,Jio
PH011489,CID009212,9614633140,BSNL
PH011490,CID009213,9467970355,Airtel
PH011491,CID009214,9048954522,Jio
PH011492,CID009215,9758229600,BSNL
PH011493,CID009216,9784897558,Airtel
PH011494,CID009217,9927020191,Vi
PH011495,CID009218,9093983816,BSNL
PH011496,CID009219,9568461174,Vi
PH011497,CID009219,9682545738,BSNL
PH011498,CID009220,9452069475,BSNL
PH011499,CID009220,9852026845,Vi
PH011500,CID009221,9887398277,BSNL
PH011501,CID009222,9705220923,BSNL
PH011502,CID009223,9987260464,Airtel
PH011503,CID009224,9336718609,Airtel
PH011504,CID009225,9960657439,Jio
PH011505,CID009225,9994330818,Jio
PH011506,CID009226,9517662333,Vi
PH011507,CID009227,9313369249,Jio
PH011508,CID009228,9119034733,Airtel
PH011509,CID009229,9168824705,Vi
PH011510,CID009230,9796001214,Airtel
PH011511,CID009230,9791051764,Vi
PH011512,CID009231,9690240009,BSNL
PH011513,CID009231,9425990175,Vi
PH011514,CID009232,9603553616,BSNL
PH011515,CID009233,9185725167,Vi
PH011516,CID009234,9228763174,BSNL
PH011517,CID009235,9639124904,Airtel
PH011518,CID009235,9651913525,BSNL
PH011519,CID009236,9148300549,Jio
PH011520,CID009237,9240814483,Airtel
PH011521,CID009238,9079071458,Vi
PH011522,CID009239,9648502927,Airtel
PH011523,CID009239,9112031075,Airtel
PH011524,CID009240,9836060630,Airtel
PH011525,CID009241,9849186665,Jio
PH011526,CID009241,9195080046,Vi
PH011527,CID009242,9841145070,Jio
PH011528,CID009242,9582824740,Vi
PH011529,CID009243,9057667924,Airtel
PH011530,CID009244,9536104648,Jio
PH011531,CID009245,9725694430,Jio
PH011532,CID009245,9165213209,Airtel
PH011533,CID009246,9330015445,Vi
PH011534,CID009247,9489966984,Airtel
PH011535,CID009247,9549917293,Airtel
PH011536,CID009248,9917496495,Jio
PH011537,CID009249,9169444051,Airtel
PH011538,CID009250,9473312440,Vi
PH011539,CID009251,9990077565,Vi
PH011540,CID009252,9192627704,Jio
PH011541,CID009253,9047526631,Airtel
PH011542,CID009254,9004940064,Jio
PH011543,CID009255,9910107478,BSNL
PH011544,CID009256,9558386170,Vi
PH011545,CID009257,9388339644,Jio
PH011546,CID009258,9724924906,Airtel
PH011547,CID009259,9651511624,Airtel
PH011548,CID009260,9282091949,BSNL
PH011549,CID009260,9275323405,Jio
PH011550,CID009261,9087335033,BSNL
PH011551,CID009261,9175911588,BSNL
PH011552,CID009262,9000655904,Airtel
PH011553,CID009263,9075752051,Airtel
PH011554,CID009263,9775927585,Vi
PH011555,CID009264,9683291808,BSNL
PH011556,CID009265,9001375193,Vi
PH011557,CID009266,9640675236,Vi
PH011558,CID009267,9817271179,Jio
PH011559,CID009268,9974249135,Vi
PH011560,CID009269,9740105123,BSNL
PH011561,CID009269,9386935086,Jio
PH011562,CID009270,9914595163,Jio
PH011563,CID009271,9755777927,BSNL
PH011564,CID009272,9439447265,BSNL
PH011565,CID009272,9914495694,Vi
PH011566,CID009273,9852098779,Vi
PH011567,CID009274,9878851108,BSNL
PH011568,CID009275,9156432338,BSNL
PH011569,CID009276,9538520212,Vi
PH011570,CID009277,9893885970,BSNL
PH011571,CID009278,9401306204,BSNL
PH011572,CID009279,9001763256,Vi
PH011573,CID009280,9545015421,Airtel
PH011574,CID009281,9200703046,Airtel
PH011575,CID009282,9957987539,Jio
PH011576,CID009283,9268926918,Airtel
PH011577,CID009284,9620008686,Jio
PH011578,CID009284,9571291967,BSNL
PH011579,CID009285,9789129499,BSNL
PH011580,CID009286,9200913228,Vi
PH011581,CID009286,9548328610,Airtel
PH011582,CID009287,9209720221,Jio
PH011583,CID009288,9808199159,Airtel
PH011584,CID009289,9006162173,Airtel
PH011585,CID009289,9717257813,Airtel
PH011586,CID009290,9800587969,BSNL
PH011587,CID009290,9823872309,Jio
PH011588,CID009291,9504701778,Vi
PH011589,CID009292,9665309648,BSNL
PH011590,CID009293,9635859203,BSNL
PH011591,CID009293,9444166690,Jio
PH011592,CID009294,9414062027,Jio
PH011593,CID009295,9636118312,Jio
PH011594,CID009296,9902115038,Vi
PH011595,CID009297,9671456517,Jio
PH011596,CID009297,9870601390,BSNL
PH011597,CID009298,9862298964,BSNL
PH011598,CID009299,9313823122,Vi
PH011599,CID009300,9693414299,Airtel
PH011600,CID009301,9186493919,Vi
PH011601,CID009302,9861979931,BSNL
PH011602,CID009302,9409892820,Vi
PH011603,CID009303,9798323195,BSNL
PH011604,CID009304,9874908082,Vi
PH011605,CID009305,9136007829,Airtel
PH011606,CID009306,9987396915,Airtel
PH011607,CID009307,9007124751,Jio
PH011608,CID009307,9761063992,BSNL
PH011609,CID009308,9342814835,Jio
PH011610,CID009309,9034169192,Airtel
PH011611,CID009309,9321797007,Jio
PH011612,CID009310,9990656516,Jio
PH011613,CID009311,9693536762,BSNL
PH011614,CID009312,9575690520,BSNL
PH011615,CID009312,9976853948,Jio
PH011616,CID009313,9939451926,Jio
PH011617,CID009313,9822425965,BSNL
PH011618,CID009314,9917569049,Airtel
PH011619,CID009315,9765823220,Jio
PH011620,CID009316,9012311268,Vi
PH011621,CID009317,9410628116,Jio
PH011622,CID009318,9399372686,Vi
PH011623,CID009319,9046066048,Jio
PH011624,CID009320,9873587474,Jio
PH011625,CID009321,9084505144,Airtel
PH011626,CID009322,9121855951,BSNL
PH011627,CID009322,9914001926,Vi
PH011628,CID009323,9020019174,BSNL
PH011629,CID009324,9323351625,BSNL
PH011630,CID009325,9011079491,Airtel
PH011631,CID009326,9878972211,Jio
PH011632,CID009327,9736886234,Vi
PH011633,CID009328,9110904974,Jio
PH011634,CID009329,9384775331,Vi
PH011635,CID009330,9566428014,Jio
PH011636,CID009331,9936017778,Jio
PH011637,CID009332,9919396733,Jio
PH011638,CID009333,9695363036,Jio
PH011639,CID009334,9250980802,Vi
PH011640,CID009334,9576148144,Vi
PH011641,CID009335,9508278434,Airtel
PH011642,CID009336,9044878670,Airtel
PH011643,CID009336,9904946650,BSNL
PH011644,CID009337,9003910036,BSNL
PH011645,CID009338,9968783640,Vi
PH011646,CID009338,9201446096,Jio
PH011647,CID009339,9267406727,Jio
PH011648,CID009340,9440257277,BSNL
PH011649,CID009341,9449120149,Jio
PH011650,CID009342,9018344397,BSNL
PH011651,CID009343,9042542978,Airtel
PH011652,CID009343,9373175767,BSNL
PH011653,CID009344,9034424709,BSNL
PH011654,CID009344,9173440427,Jio
PH011655,CID009345,9400728833,Vi
PH011656,CID009346,9859576216,Jio
PH011657,CID009347,9473560720,Airtel
PH011658,CID009348,9944076721,Vi
PH011659,CID009349,9544825316,Airtel
PH011660,CID009350,9378695477,BSNL
PH011661,CID009350,9919341893,Airtel
PH011662,CID009351,9183559507,Vi
PH011663,CID009352,9260222037,Vi
PH011664,CID009353,9370054402,Vi
PH011665,CID009354,9329147685,Jio
PH011666,CID009355,9230760268,BSNL
PH011667,CID009356,9033866779,Jio
PH011668,CID009357,9413059526,Airtel
PH011669,CID009358,9577686738,Vi
PH011670,CID009359,9872180634,Jio
PH011671,CID009360,9250917107,BSNL
PH011672,CID009361,9288348857,Jio
PH011673,CID009362,9725967766,BSNL
PH011674,CID009363,9392373319,Vi
PH011675,CID009364,9656762926,Jio
PH011676,CID009365,9742366509,Jio
PH011677,CID009366,9618959204,Jio
PH011678,CID009367,9406246088,Jio
PH011679,CID009368,9299688636,Jio
PH011680,CID009368,9171552169,Airtel
PH011681,CID009369,9124712777,BSNL
PH011682,CID009370,9614297161,Airtel
PH011683,CID009371,9211858103,Airtel
PH011684,CID009371,9018637314,Airtel
PH011685,CID009372,9835137628,Jio
PH011686,CID009373,9781967975,Airtel
PH011687,CID009374,9966237917,Airtel
PH011688,CID009374,9925699904,Airtel
PH011689,CID009375,9628561500,Vi
PH011690,CID009376,9276478293,BSNL
PH011691,CID009377,9132599626,Airtel
PH011692,CID009378,9719235928,Vi
PH011693,CID009379,9087187499,Vi
PH011694,CID009380,9748347875,Airtel
PH011695,CID009381,9604565097,Vi
PH011696,CID009381,9582256794,BSNL
PH011697,CID009382,9423030816,Jio
PH011698,CID009383,9191797908,Vi
PH011699,CID009383,9423982270,Airtel
PH011700,CID009384,9603184689,Vi
PH011701,CID009385,9109999230,Airtel
PH011702,CID009386,9220437737,BSNL
PH011703,CID009387,9656439336,Airtel
PH011704,CID009388,9806518544,Airtel
PH011705,CID009389,9173223230,Airtel
PH011706,CID009390,9952039875,Airtel
PH011707,CID009391,9358290881,BSNL
PH011708,CID009392,9434142549,Jio
PH011709,CID009393,9740540753,Vi
PH011710,CID009394,9843434221,Airtel
PH011711,CID009395,9879625778,Vi
PH011712,CID009396,9832663170,BSNL
PH011713,CID009397,9717629584,Vi
PH011714,CID009398,9575886541,BSNL
PH011715,CID009399,9316581120,Airtel
PH011716,CID009399,9320665904,Vi
PH011717,CID009400,9218648857,Airtel
PH011718,CID009401,9703109062,Vi
PH011719,CID009401,9938790686,Vi
PH011720,CID009402,9552873851,Vi
PH011721,CID009403,9671527808,Airtel
PH011722,CID009404,9678162822,BSNL
PH011723,CID009405,9396665715,Vi
PH011724,CID009406,9445448576,Airtel
PH011725,CID009407,9727743730,BSNL
PH011726,CID009408,9645915334,Vi
PH011727,CID009409,9712854150,Vi
PH011728,CID009409,9661412219,Vi
PH011729,CID009410,9464662500,Jio
PH011730,CID009411,9395994043,Vi
PH011731,CID009412,9684393942,Jio
PH011732,CID009413,9245458372,Vi
PH011733,CID009414,9700693296,Vi
PH011734,CID009415,9298283870,Airtel
PH011735,CID009416,9499932894,Vi
PH011736,CID009417,9167364356,Vi
PH011737,CID009418,9987013115,BSNL
PH011738,CID009418,9893298786,BSNL
PH011739,CID009419,9548966396,BSNL
PH011740,CID009420,9873217586,Airtel
PH011741,CID009421,9226056783,Vi
PH011742,CID009421,9966412415,BSNL
PH011743,CID009422,9259103642,Airtel
PH011744,CID009422,9989028054,BSNL
PH011745,CID009423,9696080292,BSNL
PH011746,CID009424,9395061091,BSNL
PH011747,CID009425,9371534997,BSNL
PH011748,CID009426,9146692749,Vi
PH011749,CID009427,9092465004,BSNL
PH011750,CID009428,9575547058,BSNL
PH011751,CID009428,9362086270,Airtel
PH011752,CID009429,9196985292,Jio
PH011753,CID009430,9504716467,Airtel
PH011754,CID009430,9683609147,BSNL
PH011755,CID009431,9189312185,Airtel
PH011756,CID009432,9992486703,Vi
PH011757,CID009433,9849254351,Airtel
PH011758,CID009434,9355809850,Jio
PH011759,CID009435,9961692828,Vi
PH011760,CID009436,9749495955,Jio
PH011761,CID009437,9762924123,Airtel
PH011762,CID009438,9925059267,Jio
PH011763,CID009438,9452880484,BSNL
PH011764,CID009439,9879492121,Airtel
PH011765,CID009439,9735331015,Vi
PH011766,CID009440,9283772705,Airtel
PH011767,CID009441,9967691909,Airtel
PH011768,CID009442,9617304238,Vi
PH011769,CID009443,9310548665,Jio
PH011770,CID009444,9533893381,Vi
PH011771,CID009445,9866747608,Airtel
PH011772,CID009446,9793728266,Vi
PH011773,CID009446,9933473622,BSNL
PH011774,CID009447,9641987215,Vi
PH011775,CID009448,9389099455,Jio
PH011776,CID009449,9919145324,Vi
PH011777,CID009450,9698647264,Jio
PH011778,CID009450,9651604870,Jio
PH011779,CID009451,9006621554,Vi
PH011780,CID009452,9219999743,Airtel
PH011781,CID009453,9423960609,BSNL
PH011782,CID009453,9690938676,BSNL
PH011783,CID009454,9303958968,Vi
PH011784,CID009455,9220666836,Jio
PH011785,CID009456,9109998878,Vi
PH011786,CID009457,9788176350,Airtel
PH011787,CID009457,9734529493,BSNL
PH011788,CID009458,9570748480,Airtel
PH011789,CID009459,9217260504,BSNL
PH011790,CID009459,9611970462,BSNL
PH011791,CID009460,9780957953,BSNL
PH011792,CID009460,9613471169,Vi
PH011793,CID009461,9357684616,Airtel
PH011794,CID009462,9527981889,Airtel
PH011795,CID009463,9256585937,BSNL
PH011796,CID009464,9726422280,BSNL
PH011797,CID009465,9720130905,Airtel
PH011798,CID009465,9415841609,BSNL
PH011799,CID009466,9370326690,Airtel
PH011800,CID009467,9582084401,BSNL
PH011801,CID009468,9748875580,BSNL
PH011802,CID009469,9317706044,Jio
PH011803,CID009470,9784365716,Jio
PH011804,CID009471,9639330316,BSNL
PH011805,CID009472,9425784121,Vi
PH011806,CID009472,9909972460,BSNL
PH011807,CID009473,9466991904,Vi
PH011808,CID009474,9205792599,Vi
PH011809,CID009474,9623088196,BSNL
PH011810,CID009475,9506730388,Jio
PH011811,CID009476,9910283316,Vi
PH011812,CID009477,9457322522,Airtel
PH011813,CID009478,9472605069,Airtel
PH011814,CID009479,9594097712,BSNL
PH011815,CID009480,9560435847,Airtel
PH011816,CID009481,9157408021,Airtel
PH011817,CID009482,9023850361,BSNL
PH011818,CID009483,9272547626,BSNL
PH011819,CID009483,9117984095,Jio
PH011820,CID009484,9504502817,BSNL
PH011821,CID009485,9128188539,Vi
PH011822,CID009486,9601243400,Jio
PH011823,CID009487,9859344750,BSNL
PH011824,CID009488,9163530597,BSNL
PH011825,CID009489,9563296431,Jio
PH011826,CID009490,9938104813,Vi
PH011827,CID009490,9233984598,Airtel
PH011828,CID009491,9447735973,Airtel
PH011829,CID009492,9301664837,Jio
PH011830,CID009493,9973200123,BSNL
PH011831,CID009493,9147192458,Vi
PH011832,CID009494,9767195757,Vi
PH011833,CID009495,9786981423,Airtel
PH011834,CID009496,9114988095,Vi
PH011835,CID009496,9190771720,Airtel
PH011836,CID009497,9002401541,Airtel
PH011837,CID009498,9615114595,Airtel
PH011838,CID009498,9269092607,BSNL
PH011839,CID009499,9645517107,Airtel
PH011840,CID009500,9987321943,Airtel
PH011841,CID009501,9435441576,BSNL
PH011842,CID009502,9483029571,Jio
PH011843,CID009502,9470708307,Airtel
PH011844,CID009503,9375556531,Jio
PH011845,CID009504,9513520471,Vi
PH011846,CID009505,9482455033,Jio
PH011847,CID009505,9589634563,BSNL
PH011848,CID009506,9424146714,BSNL
PH011849,CID009507,9077748795,Vi
PH011850,CID009508,9666399011,Jio
PH011851,CID009509,9588902065,Airtel
PH011852,CID009510,9936123939,BSNL
PH011853,CID009511,9009313635,Vi
PH011854,CID009512,9363153030,Vi
PH011855,CID009513,9390980642,BSNL
PH011856,CID009513,9645649822,Airtel
PH011857,CID009514,9379228751,Jio
PH011858,CID009514,9288527779,BSNL
PH011859,CID009515,9759188283,BSNL
PH011860,CID009515,9241205149,BSNL
PH011861,CID009516,9396751044,BSNL
PH011862,CID009517,9425060016,Vi
PH011863,CID009518,9943651571,Vi
PH011864,CID009519,9298594708,Vi
PH011865,CID009520,9671852294,Airtel
PH011866,CID009521,9806071490,Vi
PH011867,CID009522,9240586397,Jio
PH011868,CID009523,9849734102,Jio
PH011869,CID009524,9762149252,Jio
PH011870,CID009525,9693711494,Airtel
PH011871,CID009526,9267760997,Vi
PH011872,CID009527,9810430015,Jio
PH011873,CID009528,9113793125,Jio
PH011874,CID009529,9110203061,Jio
PH011875,CID009530,9206840006,Vi
PH011876,CID009531,9134004340,Airtel
PH011877,CID009531,9765100567,Airtel
PH011878,CID009532,9030207233,Airtel
PH011879,CID009533,9452117231,BSNL
PH011880,CID009534,9291652289,BSNL
PH011881,CID009535,9542456963,Vi
PH011882,CID009536,9702947066,BSNL
PH011883,CID009537,9698070340,Vi
PH011884,CID009538,9602370492,Vi
PH011885,CID009539,9433579697,BSNL
PH011886,CID009540,9199516347,Vi
PH011887,CID009541,9163755108,BSNL
PH011888,CID009541,9201294821,Jio
PH011889,CID009542,9136749543,Jio
PH011890,CID009543,9171384085,Jio
PH011891,CID009544,9417858565,Vi
PH011892,CID009545,9433848129,Vi
PH011893,CID009546,9580902622,Vi
PH011894,CID009547,9856617949,BSNL
PH011895,CID009548,9775451633,Vi
PH011896,CID009549,9384938635,Jio
PH011897,CID009550,9448563959,Jio
PH011898,CID009551,9653515520,Vi
PH011899,CID009552,9093777648,Jio
PH011900,CID009553,9335588445,Jio
PH011901,CID009554,9135457158,Airtel
PH011902,CID009555,9022297653,Jio
PH011903,CID009556,9081125074,Jio
PH011904,CID009556,9335713182,Airtel
PH011905,CID009557,9594366760,Airtel
PH011906,CID009558,9775817023,Jio
PH011907,CID009559,9224505352,Airtel
PH011908,CID009560,9623826043,Vi
PH011909,CID009561,9595256541,Vi
PH011910,CID009561,9444918057,Vi
PH011911,CID009562,9266854567,Vi
PH011912,CID009563,9510695347,Airtel
PH011913,CID009564,9406583935,Airtel
PH011914,CID009565,9240923578,Airtel
PH011915,CID009566,9321225200,Jio
PH011916,CID009566,9287509983,Vi
PH011917,CID009567,9193568624,Jio
PH011918,CID009567,9677564172,Jio
PH011919,CID009568,9964724547,Vi
PH011920,CID009568,9397974399,Airtel
PH011921,CID009569,9882082520,Jio
PH011922,CID009570,9179846485,Airtel
PH011923,CID009571,9446828721,Vi
PH011924,CID009572,9032747259,Vi
PH011925,CID009573,9141916096,Vi
PH011926,CID009574,9658491795,Vi
PH011927,CID009575,9998362890,BSNL
PH011928,CID009575,9268072351,BSNL
PH011929,CID009576,9033077462,Jio
PH011930,CID009577,9859072370,Vi
PH011931,CID009578,9735034309,Airtel
PH011932,CID009579,9427623794,Jio
PH011933,CID009580,9466481087,Vi
PH011934,CID009581,9972952021,Jio
PH011935,CID009582,9630728525,Vi
PH011936,CID009583,9933121088,Jio
PH011937,CID009584,9923825575,BSNL
PH011938,CID009585,9776302096,Airtel
PH011939,CID009586,9859706620,Jio
PH011940,CID009586,9861045511,Jio
PH011941,CID009587,9288254981,Airtel
PH011942,CID009588,9155499530,Vi
PH011943,CID009588,9978316292,Jio
PH011944,CID009589,9987691883,Airtel
PH011945,CID009590,9980425128,Vi
PH011946,CID009590,9270033895,Jio
PH011947,CID009591,9794232076,Vi
PH011948,CID009592,9476123471,BSNL
PH011949,CID009593,9511847544,Airtel
PH011950,CID009594,9943750890,Jio
PH011951,CID009595,9820000431,Jio
PH011952,CID009595,9882762814,Vi
PH011953,CID009596,9388225273,Vi
PH011954,CID009597,9708775048,BSNL
PH011955,CID009598,9238405219,BSNL
PH011956,CID009599,9830385490,BSNL
PH011957,CID009600,9803814140,BSNL
PH011958,CID009600,9254840154,BSNL
PH011959,CID009601,9417168913,BSNL
PH011960,CID009602,9458247322,BSNL
PH011961,CID009602,9091113910,Vi
PH011962,CID009603,9629977355,Airtel
PH011963,CID009604,9619523017,BSNL
PH011964,CID009605,9791985371,BSNL
PH011965,CID009605,9517655586,Vi
PH011966,CID009606,9496542346,BSNL
PH011967,CID009607,9175486499,BSNL
PH011968,CID009608,9985986238,Jio
PH011969,CID009609,9720667800,BSNL
PH011970,CID009610,9633219768,Airtel
PH011971,CID009611,9712104397,BSNL
PH011972,CID009612,9669797221,Airtel
PH011973,CID009613,9538946807,BSNL
PH011974,CID009613,9182299466,Vi
PH011975,CID009614,9762333563,Vi
PH011976,CID009615,9446370193,Airtel
PH011977,CID009616,9033092473,Airtel
PH011978,CID009617,9136557863,Airtel
PH011979,CID009618,9033277687,Vi
PH011980,CID009619,9767140769,Jio
PH011981,CID009619,9239365210,Airtel
PH011982,CID009620,9845082281,Jio
PH011983,CID009621,9703744151,Vi
PH011984,CID009622,9471483507,Jio
PH011985,CID009623,9228706465,BSNL
PH011986,CID009624,9400908427,Airtel
PH011987,CID009625,9222956196,Jio
PH011988,CID009626,9302974822,Airtel
PH011989,CID009626,9582354763,Jio
PH011990,CID009627,9717718452,Airtel
PH011991,CID009627,9033738174,Jio
PH011992,CID009628,9900691457,Airtel
PH011993,CID009629,9587770313,Airtel
PH011994,CID009629,9622984661,Vi
PH011995,CID009630,9561576248,BSNL
PH011996,CID009631,9324808041,Jio
PH011997,CID009631,9749025363,BSNL
PH011998,CID009632,9718090385,Airtel
PH011999,CID009633,9093838132,Vi
PH012000,CID009634,9140313266,Jio
PH012001,CID009635,9955194135,Vi
PH012002,CID009635,9854085827,BSNL
PH012003,CID009636,9533409313,BSNL
PH012004,CID009637,9324986644,Airtel
PH012005,CID009638,9435719267,Jio
PH012006,CID009639,9930255818,BSNL
PH012007,CID009640,9801499806,Airtel
PH012008,CID009641,9934416790,Jio
PH012009,CID009642,9720900358,Vi
PH012010,CID009643,9776698239,Vi
PH012011,CID009644,9168408323,Jio
PH012012,CID009645,9105193528,BSNL
PH012013,CID009646,9633830289,Vi
PH012014,CID009647,9086293412,Airtel
PH012015,CID009648,9125852965,Jio
PH012016,CID009648,9839929417,BSNL
PH012017,CID009649,9668868443,Vi
PH012018,CID009649,9247565704,Vi
PH012019,CID009650,9675415212,Vi
PH012020,CID009650,9717363983,Jio
PH012021,CID009651,9784116239,BSNL
PH012022,CID009652,9056441979,Airtel
PH012023,CID009653,9339314416,Vi
PH012024,CID009654,9126365527,Airtel
PH012025,CID009655,9539595617,Jio
PH012026,CID009656,9637220549,Airtel
PH012027,CID009657,9848359104,BSNL
PH012028,CID009657,9091887645,Vi
PH012029,CID009658,9786377630,BSNL
PH012030,CID009659,9923449217,Airtel
PH012031,CID009659,9437334371,BSNL
PH012032,CID009660,9444173676,BSNL
PH012033,CID009661,9132105789,Vi
PH012034,CID009662,9024855007,Jio
PH012035,CID009662,9994104338,Vi
PH012036,CID009663,9284449376,BSNL
PH012037,CID009664,9776892417,Jio
PH012038,CID009665,9683732802,Vi
PH012039,CID009666,9750543324,BSNL
PH012040,CID009667,9524465651,Airtel
PH012041,CID009667,9437773913,Airtel
PH012042,CID009668,9092858104,BSNL
PH012043,CID009669,9083798234,Airtel
PH012044,CID009670,9498322031,Airtel
PH012045,CID009671,9719801265,Jio
PH012046,CID009672,9820781824,Vi
PH012047,CID009673,9469004543,Vi
PH012048,CID009673,9840076391,Jio
PH012049,CID009674,9307073245,Vi
PH012050,CID009675,9537135681,BSNL
PH012051,CID009676,9510453314,BSNL
PH012052,CID009677,9640732133,Vi
PH012053,CID009677,9083209565,Airtel
PH012054,CID009678,9310021733,Jio
PH012055,CID009679,9201164900,Airtel
PH012056,CID009680,9231939111,BSNL
PH012057,CID009681,9987584390,Jio
PH012058,CID009682,9137340616,Jio
PH012059,CID009683,9953611463,BSNL
PH012060,CID009683,9494921679,BSNL
PH012061,CID009684,9799110319,Airtel
PH012062,CID009684,9933728695,Jio
PH012063,CID009685,9329130918,Airtel
PH012064,CID009686,9355733139,Jio
PH012065,CID009687,9873475385,Airtel
PH012066,CID009688,9506359255,Airtel
PH012067,CID009689,9752758538,Jio
PH012068,CID009689,9621351143,BSNL
PH012069,CID009690,9541845172,BSNL
PH012070,CID009691,9998320339,BSNL
PH012071,CID009692,9449085412,Jio
PH012072,CID009692,9654201308,BSNL
PH012073,CID009693,9010960679,BSNL
PH012074,CID009694,9170966085,BSNL
PH012075,CID009695,9754699097,Vi
PH012076,CID009696,9884060350,BSNL
PH012077,CID009696,9163715197,Vi
PH012078,CID009697,9423370986,Vi
PH012079,CID009697,9519579498,Jio
PH012080,CID009698,9501421995,BSNL
PH012081,CID009699,9151849499,Jio
PH012082,CID009700,9443867225,Jio
PH012083,CID009701,9108739584,BSNL
PH012084,CID009702,9395711920,Vi
PH012085,CID009703,9595729169,Airtel
PH012086,CID009704,9054963287,BSNL
PH012087,CID009705,9184024950,Airtel
PH012088,CID009706,9492387717,Jio
PH012089,CID009707,9586633110,Vi
PH012090,CID009708,9718861409,BSNL
PH012091,CID009709,9928502195,BSNL
PH012092,CID009710,9393249219,Vi
PH012093,CID009710,9770445776,BSNL
PH012094,CID009711,9368051339,Airtel
PH012095,CID009712,9157367561,Airtel
PH012096,CID009713,9988477583,Jio
PH012097,CID009714,9971352782,Vi
PH012098,CID009715,9254708843,Vi
PH012099,CID009715,9902474642,Vi
PH012100,CID009716,9851447325,Jio
PH012101,CID009717,9531490518,BSNL
PH012102,CID009718,9150320395,Airtel
PH012103,CID009719,9363442043,Jio
PH012104,CID009720,9662097695,Airtel
PH012105,CID009720,9829406176,BSNL
PH012106,CID009721,9412181153,Airtel
PH012107,CID009722,9164961611,Vi
PH012108,CID009722,9785192676,Vi
PH012109,CID009723,9347021323,BSNL
PH012110,CID009724,9176483561,Jio
PH012111,CID009725,9544537740,Airtel
PH012112,CID009726,9389419324,BSNL
PH012113,CID009727,9661618847,Vi
PH012114,CID009728,9227814194,Jio
PH012115,CID009729,9333159987,Airtel
PH012116,CID009729,9454369413,Jio
PH012117,CID009730,9819336673,Jio
PH012118,CID009731,9414131207,Vi
PH012119,CID009731,9933479711,BSNL
PH012120,CID009732,9536010349,Vi
PH012121,CID009733,9577266969,Airtel
PH012122,CID009734,9804570675,Airtel
PH012123,CID009735,9946085151,BSNL
PH012124,CID009735,9540773499,Airtel
PH012125,CID009736,9539815843,BSNL
PH012126,CID009736,9360827964,Vi
PH012127,CID009737,9710496447,BSNL
PH012128,CID009737,9752162324,Airtel
PH012129,CID009738,9827199520,Airtel
PH012130,CID009739,9147835081,Jio
PH012131,CID009739,9580367436,Airtel
PH012132,CID009740,9128057930,BSNL
PH012133,CID009741,9131187588,Vi
PH012134,CID009741,9297551918,BSNL
PH012135,CID009742,9903808844,Jio
PH012136,CID009743,9631021055,BSNL
PH012137,CID009744,9852949261,BSNL
PH012138,CID009744,9493719252,BSNL
PH012139,CID009745,9495744692,Airtel
PH012140,CID009746,9115686272,Vi
PH012141,CID009746,9243193645,BSNL
PH012142,CID009747,9892646283,Airtel
PH012143,CID009748,9658945360,Vi
PH012144,CID009749,9549482602,Jio
PH012145,CID009750,9193852516,Jio
PH012146,CID009751,9161626324,Jio
PH012147,CID009752,9616643574,Jio
PH012148,CID009752,9416902811,Airtel
PH012149,CID009753,9076180676,Jio
PH012150,CID009754,9151752070,Airtel
PH012151,CID009755,9003264038,Vi
PH012152,CID009755,9576999527,Airtel
PH012153,CID009756,9428144307,Airtel
PH012154,CID009757,9805845488,Jio
PH012155,CID009758,9515158679,Vi
PH012156,CID009759,9709823059,Jio
PH012157,CID009760,9649537101,Vi
PH012158,CID009760,9456143168,Jio
PH012159,CID009761,9213152570,Airtel
PH012160,CID009762,9872050919,Jio
PH012161,CID009763,9559536160,Vi
PH012162,CID009764,9299794902,BSNL
PH012163,CID009765,9216454843,Vi
PH012164,CID009766,9595785288,Jio
PH012165,CID009767,9646169754,Vi
PH012166,CID009768,9134174996,Airtel
PH012167,CID009769,9835496209,BSNL
PH012168,CID009770,9079383164,Jio
PH012169,CID009771,9528193158,Jio
PH012170,CID009772,9933355518,Jio
PH012171,CID009773,9718031088,Jio
PH012172,CID009773,9470719990,Jio
PH012173,CID009774,9333972273,Airtel
PH012174,CID009775,9028448844,Airtel
PH012175,CID009776,9094182270,BSNL
PH012176,CID009776,9114120245,Vi
PH012177,CID009777,9602307875,Airtel
PH012178,CID009777,9119296242,Jio
PH012179,CID009778,9990731153,Vi
PH012180,CID009778,9753723507,Vi
PH012181,CID009779,9537293171,Airtel
PH012182,CID009780,9669819880,Jio
PH012183,CID009781,9976901747,Vi
PH012184,CID009782,9837861690,Jio
PH012185,CID009782,9531143472,Jio
PH012186,CID009783,9850091362,Jio
PH012187,CID009784,9692127636,Airtel
PH012188,CID009785,9033692580,Jio
PH012189,CID009786,9607576882,Jio
PH012190,CID009786,9034930790,Vi
PH012191,CID009787,9760442343,Vi
PH012192,CID009788,9121313624,Airtel
PH012193,CID009789,9602651132,Jio
PH012194,CID009790,9139327465,Jio
PH012195,CID009791,9435195958,Airtel
PH012196,CID009792,9189429417,Vi
PH012197,CID009792,9650905395,Vi
PH012198,CID009793,9513562329,Jio
PH012199,CID009794,9788162211,Vi
PH012200,CID009795,9054173985,Vi
PH012201,CID009796,9852610788,Jio
PH012202,CID009797,9170836830,BSNL
PH012203,CID009798,9457127179,Airtel
PH012204,CID009799,9205762804,Vi
PH012205,CID009800,9333478351,Vi
PH012206,CID009801,9312788755,BSNL
PH012207,CID009802,9885105828,Airtel
PH012208,CID009803,9968749366,Jio
PH012209,CID009804,9907036057,Vi
PH012210,CID009804,9929120266,Vi
PH012211,CID009805,9223161759,Vi
PH012212,CID009806,9281402991,Airtel
PH012213,CID009807,9655107043,Vi
PH012214,CID009808,9867853762,Vi
PH012215,CID009809,9880342914,Jio
PH012216,CID009810,9087667420,Vi
PH012217,CID009811,9299832003,Jio
PH012218,CID009811,9204614276,Vi
PH012219,CID009812,9249878865,Vi
PH012220,CID009813,9624581664,BSNL
PH012221,CID009814,9142882471,Vi
PH012222,CID009814,9378207960,Airtel
PH012223,CID009815,9781248544,Jio
PH012224,CID009816,9793428274,Jio
PH012225,CID009816,9430672082,Airtel
PH012226,CID009817,9425349268,BSNL
PH012227,CID009818,9700050650,BSNL
PH012228,CID009819,9281551376,BSNL
PH012229,CID009819,9207737942,Airtel
PH012230,CID009820,9663295674,BSNL
PH012231,CID009820,9567377730,BSNL
PH012232,CID009821,9958672348,Airtel
PH012233,CID009821,9264336981,Jio
PH012234,CID009822,9013340519,Jio
PH012235,CID009822,9097567392,Jio
PH012236,CID009823,9780069903,Airtel
PH012237,CID009824,9866850722,BSNL
PH012238,CID009824,9468730446,Airtel
PH012239,CID009825,9975707134,Airtel
PH012240,CID009825,9500518561,Airtel
PH012241,CID009826,9194281164,Airtel
PH012242,CID009827,9451326034,Jio
PH012243,CID009828,9032752491,BSNL
PH012244,CID009829,9507551400,Airtel
PH012245,CID009830,9320776877,Jio
PH012246,CID009830,9129728194,BSNL
PH012247,CID009831,9095566757,Jio
PH012248,CID009832,9874665235,BSNL
PH012249,CID009832,9641409940,Jio
PH012250,CID009833,9329710464,Jio
PH012251,CID009834,9389616761,Airtel
PH012252,CID009835,9960322942,Vi
PH012253,CID009836,9577758043,Airtel
PH012254,CID009837,9727305018,Vi
PH012255,CID009838,9752843697,BSNL
PH012256,CID009839,9208041827,BSNL
PH012257,CID009840,9543257150,Airtel
PH012258,CID009840,9134817351,Jio
PH012259,CID009841,9507301797,BSNL
PH012260,CID009841,9771929382,Jio
PH012261,CID009842,9761910815,BSNL
PH012262,CID009842,9780486973,Jio
PH012263,CID009843,9759653994,Vi
PH012264,CID009844,9010268101,BSNL
PH012265,CID009845,9131876352,Jio
PH012266,CID009846,9369014927,Vi
PH012267,CID009847,9962304890,Vi
PH012268,CID009847,9567052874,Jio
PH012269,CID009848,9098070848,Airtel
PH012270,CID009848,9710152639,Airtel
PH012271,CID009849,9298113595,Jio
PH012272,CID009850,9910655978,Vi
PH012273,CID009851,9061567123,BSNL
PH012274,CID009852,9467102614,Jio
PH012275,CID009853,9507917952,Jio
PH012276,CID009854,9879979301,Airtel
PH012277,CID009855,9784419006,Airtel
PH012278,CID009856,9014891951,Airtel
PH012279,CID009856,9418481825,Airtel
PH012280,CID009857,9465656452,Airtel
PH012281,CID009858,9083928108,Jio
PH012282,CID009859,9306942966,Airtel
PH012283,CID009860,9262923085,Airtel
PH012284,CID009861,9543294268,Jio
PH012285,CID009862,9737529936,Vi
PH012286,CID009862,9401677983,BSNL
PH012287,CID009863,9681406358,Airtel
PH012288,CID009863,9112894701,Vi
PH012289,CID009864,9539533356,Airtel
PH012290,CID009865,9637148347,Airtel
PH012291,CID009866,9982717312,Airtel
PH012292,CID009867,9030728616,BSNL
PH012293,CID009868,9131018193,Jio
PH012294,CID009869,9269869362,Jio
PH012295,CID009869,9879980651,Vi
PH012296,CID009870,9799137135,Airtel
PH012297,CID009871,9255449598,BSNL
PH012298,CID009872,9124850456,Vi
PH012299,CID009872,9724679477,Vi
PH012300,CID009873,9594817401,BSNL
PH012301,CID009874,9126777300,Airtel
PH012302,CID009874,9173052095,BSNL
PH012303,CID009875,9089983295,Airtel
PH012304,CID009875,9198592034,Vi
PH012305,CID009876,9553413407,Vi
PH012306,CID009877,9193288687,Jio
PH012307,CID009878,9356511308,Airtel
PH012308,CID009879,9263873977,Vi
PH012309,CID009880,9184995552,Jio
PH012310,CID009881,9744996253,Jio
PH012311,CID009882,9030744963,BSNL
PH012312,CID009883,9016268308,Airtel
PH012313,CID009884,9334214993,Airtel
PH012314,CID009885,9529831400,Airtel
PH012315,CID009886,9224196703,BSNL
PH012316,CID009887,9738108183,Airtel
PH012317,CID009888,9396168102,Jio
PH012318,CID009889,9632908454,Vi
PH012319,CID009890,9600278231,Vi
PH012320,CID009891,9017226852,Jio
PH012321,CID009892,9577517833,BSNL
PH012322,CID009893,9597586629,Airtel
PH012323,CID009894,9590423622,BSNL
PH012324,CID009895,9509837063,Jio
PH012325,CID009896,9159617544,Vi
PH012326,CID009897,9309734125,BSNL
PH012327,CID009898,9596531050,Airtel
PH012328,CID009899,9091349887,BSNL
PH012329,CID009900,9745215635,BSNL
PH012330,CID009901,9370986342,Jio
PH012331,CID009901,9008846187,Airtel
PH012332,CID009902,9940434201,Jio
PH012333,CID009902,9609299217,Vi
PH012334,CID009903,9968702932,Vi
PH012335,CID009904,9584378890,Vi
PH012336,CID009904,9521459595,Vi
PH012337,CID009905,9636505790,Jio
PH012338,CID009906,9850831700,BSNL
PH012339,CID009907,9533559638,Airtel
PH012340,CID009907,9504417671,BSNL
PH012341,CID009908,9079042432,Airtel
PH012342,CID009909,9120420877,Jio
PH012343,CID009909,9242112511,Vi
PH012344,CID009910,9374440270,Vi
PH012345,CID009910,9785490647,Vi
PH012346,CID009911,9595251245,Jio
PH012347,CID009911,9730955766,Jio
PH012348,CID009912,9877782669,Vi
PH012349,CID009913,9598644123,Vi
PH012350,CID009914,9401181179,Jio
PH012351,CID009915,9783320976,BSNL
PH012352,CID009916,9513235561,Vi
PH012353,CID009917,9720293666,BSNL
PH012354,CID009918,9602182278,BSNL
PH012355,CID009919,9729950812,Airtel
PH012356,CID009919,9781226568,BSNL
PH012357,CID009920,9201813287,Vi
PH012358,CID009921,9686857135,BSNL
PH012359,CID009921,9955427975,Jio
PH012360,CID009922,9769837653,Vi
PH012361,CID009922,9831216711,Airtel
PH012362,CID009923,9710932207,BSNL
PH012363,CID009923,9679677349,Airtel
PH012364,CID009924,9372465653,Vi
PH012365,CID009924,9217418217,Vi
PH012366,CID009925,9938299146,Airtel
PH012367,CID009926,9651185016,Vi
PH012368,CID009927,9417420409,Jio
PH012369,CID009928,9332493273,Jio
PH012370,CID009929,9177188996,Airtel
PH012371,CID009930,9950188850,Jio
PH012372,CID009931,9206874697,Airtel
PH012373,CID009932,9031193646,Jio
PH012374,CID009932,9198306534,BSNL
PH012375,CID009933,9108271407,Airtel
PH012376,CID009934,9207214266,Airtel
PH012377,CID009935,9130340811,BSNL
PH012378,CID009936,9264885055,Airtel
PH012379,CID009937,9844877458,Jio
PH012380,CID009938,9779935894,Jio
PH012381,CID009939,9997956145,BSNL
PH012382,CID009940,9297145443,Airtel
PH012383,CID009941,9380899577,Airtel
PH012384,CID009941,9641425376,BSNL
PH012385,CID009942,9181332737,Vi
PH012386,CID009943,9053794923,Vi
PH012387,CID009944,9582747110,BSNL
PH012388,CID009945,9479372994,BSNL
PH012389,CID009946,9918749064,Jio
PH012390,CID009947,9539307586,Jio
PH012391,CID009948,9063306205,BSNL
PH012392,CID009949,9825441165,Jio
PH012393,CID009950,9051759804,Airtel
PH012394,CID009951,9581319870,Jio
PH012395,CID009952,9490699258,Jio
PH012396,CID009953,9892853011,BSNL
PH012397,CID009954,9992827432,Vi
PH012398,CID009955,9116778740,Vi
PH012399,CID009956,9176958185,Vi
PH012400,CID009957,9000168903,BSNL
PH012401,CID009957,9333569258,Airtel
PH012402,CID009958,9099131468,Jio
PH012403,CID009959,9892094144,Airtel
PH012404,CID009960,9996297459,Vi
PH012405,CID009961,9003861235,BSNL
PH012406,CID009962,9131719783,Vi
PH012407,CID009963,9891853727,Jio
PH012408,CID009964,9040153001,BSNL
PH012409,CID009965,9217742559,Airtel
PH012410,CID009966,9125563714,Vi
PH012411,CID009967,9714821190,BSNL
PH012412,CID009968,9288529410,BSNL
PH012413,CID009968,9441248445,Airtel
PH012414,CID009969,9379654634,Airtel
PH012415,CID009970,9957473309,Jio
PH012416,CID009971,9620136929,BSNL
PH012417,CID009972,9120069877,BSNL
PH012418,CID009973,9277791748,BSNL
PH012419,CID009974,9553429282,Airtel
PH012420,CID009975,9590489407,BSNL
PH012421,CID009976,9047421584,Jio
PH012422,CID009976,9355553820,BSNL
PH012423,CID009977,9923261235,Jio
PH012424,CID009978,9003358404,BSNL
PH012425,CID009978,9888783314,Vi
PH012426,CID009979,9600386715,Jio
PH012427,CID009980,9236270370,Airtel
PH012428,CID009981,9719106142,BSNL
PH012429,CID009982,9292689490,Vi
PH012430,CID009983,9389770764,Airtel
PH012431,CID009983,9384494274,BSNL
PH012432,CID009984,9106956622,BSNL
PH012433,CID009984,9233668760,Jio
PH012434,CID009985,9873375209,BSNL
PH012435,CID009986,9562656768,BSNL
PH012436,CID009987,9234501957,BSNL
PH012437,CID009988,9280907908,Jio
PH012438,CID009989,9435361264,Airtel
PH012439,CID009990,9827187709,Airtel
PH012440,CID009990,9806757248,Jio
PH012441,CID009991,9078345109,Airtel
PH012442,CID009991,9737526476,BSNL
PH012443,CID009992,9071273936,Vi
PH012444,CID009993,9325977430,BSNL
PH012445,CID009994,9033373559,Vi
PH012446,CID009995,9597234602,Jio
PH012447,CID009996,9405903021,Jio
PH012448,CID009997,9760735076,BSNL
PH012449,CID009998,9230903472,BSNL
PH012450,CID009999,9778420299,BSNL
PH012451,CID010000,9730555083,BSNL
