suspect_id,case_id,citizen_id,role,arrest_status
SUS000001,CASE004163,CID000514,Unknown Suspect,Absconding
SUS000002,CASE006460,CID003930,Accomplice,Absconding
SUS000003,CASE005332,CID006270,Gang Member,Under Surveillance
SUS000004,CASE001965,CID007778,Unknown Suspect,Under Surveillance
SUS000005,CASE004492,CID001549,Unknown Suspect,Under Surveillance
SUS000006,CASE009553,CID001481,Accomplice,Absconding
SUS000007,CASE000133,CID000547,Main Suspect,Wanted
SUS000008,CASE003633,CID008737,Gang Member,Arrested
SUS000009,CASE003647,CID005803,Gang Member,Under Surveillance
SUS000010,CASE007765,CID008241,Accomplice,Absconding
SUS000011,CASE004445,CID008583,Unknown Suspect,Under Surveillance
SUS000012,CASE007995,CID001480,Unknown Suspect,Under Surveillance
SUS000013,CASE007344,CID000173,Unknown Suspect,Arrested
SUS000014,CASE000043,CID000102,Unknown Suspect,Wanted
SUS000015,CASE003906,CID000223,Gang Member,Under Surveillance
SUS000016,CASE004271,CID006231,Main Suspect,Wanted
SUS000017,CASE008221,CID005434,Main Suspect,Wanted
SUS000018,CASE004614,CID001084,Gang Member,Absconding
SUS000019,CASE005601,CID006846,Accomplice,Arrested
SUS000020,CASE001136,CID004328,Main Suspect,Arrested
SUS000021,CASE005279,CID000642,Gang Member,Arrested
SUS000022,CASE002643,CID008506,Gang Member,Under Surveillance
SUS000023,CASE008726,CID000891,Unknown Suspect,Arrested
SUS000024,CASE009698,CID000975,Unknown Suspect,Under Surveillance
SUS000025,CASE001556,CID000657,Gang Member,Arrested
SUS000026,CASE006817,CID007516,Accomplice,Absconding
SUS000027,CASE007076,CID000115,Gang Member,Wanted
SUS000028,CASE002125,CID000086,Gang Member,Absconding
SUS000029,CASE008543,CID000521,Main Suspect,Absconding
SUS000030,CASE007707,CID001364,Accomplice,Wanted
SUS000031,CASE002022,CID008922,Accomplice,Wanted
SUS000032,CASE003917,CID008497,Main Suspect,Wanted
SUS000033,CASE009454,CID006482,Unknown Suspect,Wanted
SUS000034,CASE009833,CID003366,Accomplice,Under Surveillance
SUS000035,CASE008882,CID000592,Gang Member,Arrested
SUS000036,CASE001477,CID006774,Gang Member,Wanted
SUS000037,CASE001848,CID008764,Gang Member,Absconding
SUS000038,CASE009611,CID009602,Unknown Suspect,Wanted
SUS000039,CASE008820,CID000272,Main Suspect,Absconding
SUS000040,CASE003870,CID000260,Main Suspect,Under Surveillance
SUS000041,CASE007448,CID008077,Main Suspect,Under Surveillance
SUS000042,CASE008663,CID000243,Unknown Suspect,Under Surveillance
SUS000043,CASE004435,CID006922,Gang Member,Absconding
SUS000044,CASE006059,CID007398,Accomplice,Arrested
SUS000045,CASE000429,CID009496,Gang Member,Wanted
SUS000046,CASE003543,CID009133,Unknown Suspect,Under Surveillance
SUS000047,CASE008531,CID005906,Main Suspect,Under Surveillance
SUS000048,CASE000326,CID000544,Unknown Suspect,Arrested
SUS000049,CASE004753,CID000384,Unknown Suspect,Under Surveillance
SUS000050,CASE007181,CID001708,Gang Member,Arrested
SUS000051,CASE007266,CID004795,Main Suspect,Wanted
SUS000052,CASE000303,CID005143,Gang Member,Under Surveillance
SUS000053,CASE001878,CID000416,Gang Member,Absconding
SUS000054,CASE006818,CID000224,Gang Member,Absconding
SUS000055,CASE001421,CID005884,Gang Member,Under Surveillance
SUS000056,CASE003389,CID008030,Main Suspect,Arrested
SUS000057,CASE007937,CID008673,Gang Member,Arrested
SUS000058,CASE008623,CID007102,Unknown Suspect,Arrested
SUS000059,CASE000834,CID004624,Gang Member,Arrested
SUS000060,CASE003889,CID006957,Accomplice,Wanted
SUS000061,CASE007579,CID001933,Gang Member,Wanted
SUS000062,CASE001735,CID000427,Unknown Suspect,Wanted
SUS000063,CASE006051,CID005790,Main Suspect,Arrested
SUS000064,CASE001759,CID000480,Accomplice,Under Surveillance
SUS000065,CASE002515,CID000960,Main Suspect,Absconding
SUS000066,CASE009039,CID008929,Unknown Suspect,Arrested
SUS000067,CASE004169,CID007695,Gang Member,Under Surveillance
SUS000068,CASE003758,CID006258,Accomplice,Arrested
SUS000069,CASE004130,CID003123,Main Suspect,Arrested
SUS000070,CASE003918,CID001167,Accomplice,Arrested
SUS000071,CASE001318,CID000359,Gang Member,Absconding
SUS000072,CASE004093,CID003949,Unknown Suspect,Wanted
SUS000073,CASE000928,CID000668,Main Suspect,Arrested
SUS000074,CASE003581,CID004773,Gang Member,Arrested
SUS000075,CASE000328,CID007902,Unknown Suspect,Under Surveillance
SUS000076,CASE002409,CID008576,Accomplice,Under Surveillance
SUS000077,CASE009997,CID000356,Gang Member,Wanted
SUS000078,CASE003342,CID006679,Unknown Suspect,Wanted
SUS000079,CASE005703,CID008434,Unknown Suspect,Absconding
SUS000080,CASE006971,CID002619,Unknown Suspect,Arrested
SUS000081,CASE006801,CID000086,Unknown Suspect,Wanted
SUS000082,CASE004180,CID002934,Unknown Suspect,Wanted
SUS000083,CASE004036,CID006944,Gang Member,Under Surveillance
SUS000084,CASE002962,CID001248,Accomplice,Under Surveillance
SUS000085,CASE005213,CID000862,Accomplice,Absconding
SUS000086,CASE003925,CID009463,Accomplice,Wanted
SUS000087,CASE008802,CID006848,Unknown Suspect,Arrested
SUS000088,CASE002942,CID005628,Unknown Suspect,Under Surveillance
SUS000089,CASE000757,CID000358,Gang Member,Wanted
SUS000090,CASE004393,CID000837,Main Suspect,Wanted
SUS000091,CASE007722,CID004783,Accomplice,Wanted
SUS000092,CASE005169,CID001613,Main Suspect,Wanted
SUS000093,CASE009232,CID000232,Main Suspect,Under Surveillance
SUS000094,CASE003891,CID009125,Accomplice,Absconding
SUS000095,CASE007727,CID000269,Unknown Suspect,Arrested
SUS000096,CASE004581,CID006938,Accomplice,Arrested
SUS000097,CASE005060,CID002145,Gang Member,Arrested
SUS000098,CASE009505,CID007258,Unknown Suspect,Wanted
SUS000099,CASE003983,CID004937,Unknown Suspect,Absconding
SUS000100,CASE001201,CID002605,Unknown Suspect,Absconding
SUS000101,CASE002310,CID005483,Unknown Suspect,Arrested
SUS000102,CASE001584,CID008834,Accomplice,Arrested
SUS000103,CASE004139,CID007668,Accomplice,Wanted
SUS000104,CASE003142,CID006268,Gang Member,Wanted
SUS000105,CASE000559,CID000405,Gang Member,Arrested
SUS000106,CASE000673,CID009965,Main Suspect,Wanted
SUS000107,CASE003512,CID002318,Unknown Suspect,Under Surveillance
SUS000108,CASE007737,CID000148,Gang Member,Under Surveillance
SUS000109,CASE003109,CID006404,Accomplice,Arrested
SUS000110,CASE005344,CID000341,Main Suspect,Absconding
SUS000111,CASE001326,CID007915,Accomplice,Under Surveillance
SUS000112,CASE009176,CID004478,Unknown Suspect,Arrested
SUS000113,CASE004279,CID005729,Accomplice,Wanted
SUS000114,CASE001371,CID006850,Accomplice,Arrested
SUS000115,CASE007332,CID004302,Unknown Suspect,Arrested
SUS000116,CASE003169,CID009952,Gang Member,Arrested
SUS000117,CASE009264,CID000028,Main Suspect,Arrested
SUS000118,CASE003469,CID005262,Main Suspect,Under Surveillance
SUS000119,CASE008812,CID007186,Accomplice,Absconding
SUS000120,CASE004331,CID000095,Unknown Suspect,Under Surveillance
SUS000121,CASE006296,CID009898,Gang Member,Absconding
SUS000122,CASE003019,CID003389,Main Suspect,Under Surveillance
SUS000123,CASE002648,CID008673,Unknown Suspect,Absconding
SUS000124,CASE007527,CID003753,Gang Member,Under Surveillance
SUS000125,CASE002030,CID000413,Accomplice,Under Surveillance
SUS000126,CASE004882,CID004671,Accomplice,Wanted
SUS000127,CASE004397,CID007419,Main Suspect,Under Surveillance
SUS000128,CASE009235,CID000615,Main Suspect,Arrested
SUS000129,CASE005589,CID003609,Main Suspect,Absconding
SUS000130,CASE009976,CID003950,Gang Member,Arrested
SUS000131,CASE003175,CID009192,Main Suspect,Absconding
SUS000132,CASE007849,CID002064,Accomplice,Under Surveillance
SUS000133,CASE008713,CID000795,Unknown Suspect,Arrested
SUS000134,CASE008209,CID003812,Unknown Suspect,Absconding
SUS000135,CASE006122,CID005828,Accomplice,Wanted
SUS000136,CASE003805,CID005510,Gang Member,Under Surveillance
SUS000137,CASE005252,CID008562,Accomplice,Absconding
SUS000138,CASE006710,CID003458,Main Suspect,Under Surveillance
SUS000139,CASE004059,CID007402,Main Suspect,Under Surveillance
SUS000140,CASE001807,CID000422,Main Suspect,Absconding
SUS000141,CASE008940,CID004623,Gang Member,Wanted
SUS000142,CASE003368,CID007362,Gang Member,Under Surveillance
SUS000143,CASE000637,CID000236,Main Suspect,Arrested
SUS000144,CASE001883,CID000742,Main Suspect,Wanted
SUS000145,CASE004552,CID009656,Unknown Suspect,Arrested
SUS000146,CASE007795,CID002149,Main Suspect,Wanted
SUS000147,CASE004912,CID000998,Main Suspect,Under Surveillance
SUS000148,CASE001020,CID004705,Gang Member,Under Surveillance
SUS000149,CASE005092,CID005374,Gang Member,Under Surveillance
SUS000150,CASE004128,CID008581,Unknown Suspect,Arrested
SUS000151,CASE007435,CID000510,Accomplice,Absconding
SUS000152,CASE004841,CID000466,Accomplice,Absconding
SUS000153,CASE005482,CID001739,Main Suspect,Under Surveillance
SUS000154,CASE002676,CID003645,Gang Member,Wanted
SUS000155,CASE007461,CID006529,Unknown Suspect,Wanted
SUS000156,CASE007668,CID004342,Unknown Suspect,Wanted
SUS000157,CASE000261,CID003965,Main Suspect,Absconding
SUS000158,CASE001443,CID000813,Gang Member,Wanted
SUS000159,CASE007505,CID009982,Gang Member,Wanted
SUS000160,CASE008819,CID002386,Unknown Suspect,Absconding
SUS000161,CASE006897,CID000555,Accomplice,Absconding
SUS000162,CASE007644,CID003465,Gang Member,Arrested
SUS000163,CASE001963,CID001168,Main Suspect,Wanted
SUS000164,CASE005332,CID005616,Accomplice,Wanted
SUS000165,CASE006888,CID000778,Accomplice,Absconding
SUS000166,CASE007979,CID009814,Gang Member,Wanted
SUS000167,CASE004630,CID008687,Main Suspect,Arrested
SUS000168,CASE002719,CID000304,Main Suspect,Absconding
SUS000169,CASE000822,CID006311,Accomplice,Under Surveillance
SUS000170,CASE005180,CID004063,Unknown Suspect,Absconding
SUS000171,CASE004916,CID000727,Unknown Suspect,Under Surveillance
SUS000172,CASE002846,CID004970,Accomplice,Absconding
SUS000173,CASE005733,CID005441,Main Suspect,Absconding
SUS000174,CASE006609,CID000111,Main Suspect,Wanted
SUS000175,CASE008518,CID003361,Accomplice,Under Surveillance
SUS000176,CASE006378,CID000114,Accomplice,Arrested
SUS000177,CASE005363,CID009273,Main Suspect,Absconding
SUS000178,CASE005271,CID000800,Unknown Suspect,Arrested
SUS000179,CASE009045,CID002656,Main Suspect,Arrested
SUS000180,CASE001968,CID000208,Main Suspect,Absconding
SUS000181,CASE004686,CID000559,Gang Member,Wanted
SUS000182,CASE003393,CID006114,Unknown Suspect,Absconding
SUS000183,CASE005263,CID005501,Unknown Suspect,Wanted
SUS000184,CASE002256,CID004341,Main Suspect,Wanted
SUS000185,CASE003574,CID006111,Accomplice,Wanted
SUS000186,CASE007107,CID008413,Accomplice,Arrested
SUS000187,CASE002134,CID000478,Unknown Suspect,Absconding
SUS000188,CASE000082,CID000594,Unknown Suspect,Absconding
SUS000189,CASE005265,CID000344,Gang Member,Arrested
SUS000190,CASE008390,CID000354,Main Suspect,Wanted
SUS000191,CASE005581,CID006064,Main Suspect,Wanted
SUS000192,CASE004978,CID008849,Unknown Suspect,Under Surveillance
SUS000193,CASE007824,CID006983,Unknown Suspect,Arrested
SUS000194,CASE009541,CID005277,Accomplice,Arrested
SUS000195,CASE006863,CID005584,Gang Member,Under Surveillance
SUS000196,CASE005967,CID006346,Gang Member,Wanted
SUS000197,CASE007332,CID000704,Unknown Suspect,Wanted
SUS000198,CASE008631,CID007796,Gang Member,Absconding
SUS000199,CASE002336,CID001498,Main Suspect,Wanted
SUS000200,CASE000024,CID000763,Gang Member,Under Surveillance
SUS000201,CASE006806,CID002880,Main Suspect,Under Surveillance
SUS000202,CASE002966,CID007207,Accomplice,Absconding
SUS000203,CASE008681,CID006733,Main Suspect,Arrested
SUS000204,CASE007622,CID000909,Accomplice,Wanted
SUS000205,CASE007666,CID008906,Accomplice,Arrested
SUS000206,CASE007884,CID005575,Unknown Suspect,Arrested
SUS000207,CASE000524,CID008837,Unknown Suspect,Arrested
SUS000208,CASE007359,CID003522,Accomplice,Wanted
SUS000209,CASE008136,CID003813,Main Suspect,Arrested
SUS000210,CASE001880,CID007253,Unknown Suspect,Absconding
SUS000211,CASE008370,CID001696,Accomplice,Wanted
SUS000212,CASE002850,CID003249,Gang Member,Wanted
SUS000213,CASE000821,CID001625,Gang Member,Under Surveillance
SUS000214,CASE000049,CID007000,Accomplice,Under Surveillance
SUS000215,CASE001186,CID000188,Accomplice,Arrested
SUS000216,CASE000666,CID004956,Unknown Suspect,Under Surveillance
SUS000217,CASE004257,CID000221,Gang Member,Arrested
SUS000218,CASE001427,CID000873,Accomplice,Wanted
SUS000219,CASE005388,CID000771,Unknown Suspect,Absconding
SUS000220,CASE008879,CID006182,Unknown Suspect,Under Surveillance
SUS000221,CASE003126,CID000862,Main Suspect,Absconding
SUS000222,CASE009490,CID000444,Gang Member,Absconding
SUS000223,CASE005375,CID000932,Gang Member,Absconding
SUS000224,CASE001545,CID008302,Unknown Suspect,Absconding
SUS000225,CASE009655,CID001954,Unknown Suspect,Arrested
SUS000226,CASE002146,CID000307,Gang Member,Wanted
SUS000227,CASE006373,CID001529,Accomplice,Under Surveillance
SUS000228,CASE001103,CID003398,Accomplice,Absconding
SUS000229,CASE006292,CID000486,Gang Member,Arrested
SUS000230,CASE005393,CID000294,Main Suspect,Arrested
SUS000231,CASE001562,CID008572,Main Suspect,Wanted
SUS000232,CASE003892,CID000423,Gang Member,Wanted
SUS000233,CASE001175,CID000445,Main Suspect,Wanted
SUS000234,CASE009132,CID007881,Accomplice,Arrested
SUS000235,CASE004968,CID000506,Accomplice,Absconding
SUS000236,CASE003380,CID002833,Gang Member,Wanted
SUS000237,CASE009808,CID007570,Gang Member,Wanted
SUS000238,CASE001272,CID000521,Unknown Suspect,Arrested
SUS000239,CASE007125,CID009635,Unknown Suspect,Absconding
SUS000240,CASE009107,CID006145,Unknown Suspect,Absconding
SUS000241,CASE002816,CID007179,Accomplice,Arrested
SUS000242,CASE002888,CID001031,Gang Member,Wanted
SUS000243,CASE002077,CID000453,Accomplice,Arrested
SUS000244,CASE007352,CID004921,Accomplice,Wanted
SUS000245,CASE002645,CID000574,Main Suspect,Arrested
SUS000246,CASE000697,CID007732,Unknown Suspect,Absconding
SUS000247,CASE007181,CID007683,Accomplice,Wanted
SUS000248,CASE003205,CID003136,Main Suspect,Wanted
SUS000249,CASE006628,CID000326,Accomplice,Wanted
SUS000250,CASE003706,CID003663,Accomplice,Arrested
SUS000251,CASE007317,CID007146,Unknown Suspect,Arrested
SUS000252,CASE005162,CID000645,Unknown Suspect,Under Surveillance
SUS000253,CASE005060,CID006193,Accomplice,Wanted
SUS000254,CASE000304,CID000723,Main Suspect,Arrested
SUS000255,CASE006877,CID000283,Accomplice,Wanted
SUS000256,CASE007753,CID009471,Unknown Suspect,Arrested
SUS000257,CASE006798,CID000473,Gang Member,Absconding
SUS000258,CASE007555,CID009384,Unknown Suspect,Absconding
SUS000259,CASE007765,CID000535,Gang Member,Arrested
SUS000260,CASE003909,CID001201,Gang Member,Under Surveillance
SUS000261,CASE006759,CID003562,Accomplice,Under Surveillance
SUS000262,CASE009503,CID005280,Main Suspect,Absconding
SUS000263,CASE003912,CID007240,Main Suspect,Arrested
SUS000264,CASE002986,CID005739,Accomplice,Absconding
SUS000265,CASE008360,CID008310,Gang Member,Arrested
SUS000266,CASE007282,CID005475,Gang Member,Wanted
SUS000267,CASE005567,CID000050,Unknown Suspect,Wanted
SUS000268,CASE003713,CID006041,Accomplice,Absconding
SUS000269,CASE002437,CID003199,Main Suspect,Arrested
SUS000270,CASE009353,CID001024,Accomplice,Under Surveillance
SUS000271,CASE005843,CID006815,Accomplice,Under Surveillance
SUS000272,CASE003825,CID002994,Unknown Suspect,Arrested
SUS000273,CASE005715,CID006361,Accomplice,Under Surveillance
SUS000274,CASE001834,CID000644,Unknown Suspect,Wanted
SUS000275,CASE006746,CID007617,Unknown Suspect,Arrested
SUS000276,CASE008724,CID001575,Gang Member,Under Surveillance
SUS000277,CASE003960,CID005699,Main Suspect,Wanted
SUS000278,CASE009398,CID006251,Main Suspect,Arrested
SUS000279,CASE009478,CID003081,Gang Member,Absconding
SUS000280,CASE004340,CID004366,Gang Member,Absconding
SUS000281,CASE001481,CID003463,Gang Member,Wanted
SUS000282,CASE005552,CID000353,Main Suspect,Under Surveillance
SUS000283,CASE006636,CID000597,Main Suspect,Absconding
SUS000284,CASE003256,CID000025,Main Suspect,Absconding
SUS000285,CASE004061,CID000743,Main Suspect,Arrested
SUS000286,CASE006583,CID004579,Gang Member,Absconding
SUS000287,CASE005281,CID004351,Unknown Suspect,Arrested
SUS000288,CASE005957,CID004190,Accomplice,Under Surveillance
SUS000289,CASE009677,CID000388,Unknown Suspect,Wanted
SUS000290,CASE008671,CID003029,Accomplice,Under Surveillance
SUS000291,CASE002662,CID000761,Accomplice,Arrested
SUS000292,CASE001400,CID000462,Main Suspect,Absconding
SUS000293,CASE003938,CID009882,Gang Member,Wanted
SUS000294,CASE003231,CID003295,Unknown Suspect,Arrested
SUS000295,CASE007274,CID004854,Accomplice,Arrested
SUS000296,CASE006181,CID000465,Accomplice,Absconding
SUS000297,CASE009801,CID000492,Unknown Suspect,Under Surveillance
SUS000298,CASE001601,CID009069,Accomplice,Absconding
SUS000299,CASE000277,CID008734,Unknown Suspect,Arrested
SUS000300,CASE009833,CID000644,Main Suspect,Absconding
SUS000301,CASE000950,CID003482,Unknown Suspect,Arrested
SUS000302,CASE001969,CID000645,Accomplice,Wanted
SUS000303,CASE001583,CID002380,Accomplice,Absconding
SUS000304,CASE009042,CID007484,Unknown Suspect,Wanted
SUS000305,CASE006917,CID000185,Gang Member,Under Surveillance
SUS000306,CASE006154,CID000110,Unknown Suspect,Arrested
SUS000307,CASE008058,CID002121,Main Suspect,Arrested
SUS000308,CASE009726,CID004150,Accomplice,Under Surveillance
SUS000309,CASE002283,CID001661,Main Suspect,Arrested
SUS000310,CASE004592,CID001111,Gang Member,Absconding
SUS000311,CASE007504,CID001583,Accomplice,Under Surveillance
SUS000312,CASE008970,CID006214,Accomplice,Arrested
SUS000313,CASE009972,CID009286,Main Suspect,Wanted
SUS000314,CASE003623,CID006987,Accomplice,Absconding
SUS000315,CASE008084,CID004236,Main Suspect,Absconding
SUS000316,CASE002864,CID000449,Main Suspect,Under Surveillance
SUS000317,CASE002711,CID000877,Accomplice,Under Surveillance
SUS000318,CASE007589,CID000474,Main Suspect,Under Surveillance
SUS000319,CASE002782,CID009436,Accomplice,Wanted
SUS000320,CASE002583,CID008575,Main Suspect,Under Surveillance
SUS000321,CASE005007,CID006823,Gang Member,Absconding
SUS000322,CASE004343,CID002500,Main Suspect,Absconding
SUS000323,CASE000504,CID000528,Accomplice,Absconding
SUS000324,CASE009950,CID000469,Gang Member,Arrested
SUS000325,CASE002464,CID000267,Accomplice,Wanted
SUS000326,CASE008911,CID007800,Gang Member,Wanted
SUS000327,CASE008725,CID003710,Unknown Suspect,Absconding
SUS000328,CASE004137,CID009096,Unknown Suspect,Absconding
SUS000329,CASE008993,CID001542,Unknown Suspect,Absconding
SUS000330,CASE001482,CID002344,Unknown Suspect,Arrested
SUS000331,CASE006309,CID000116,Unknown Suspect,Arrested
SUS000332,CASE009657,CID000415,Accomplice,Under Surveillance
SUS000333,CASE006684,CID000747,Gang Member,Wanted
SUS000334,CASE004320,CID009039,Main Suspect,Absconding
SUS000335,CASE002633,CID009742,Accomplice,Under Surveillance
SUS000336,CASE003303,CID000343,Accomplice,Arrested
SUS000337,CASE002689,CID003767,Unknown Suspect,Under Surveillance
SUS000338,CASE000241,CID002708,Gang Member,Under Surveillance
SUS000339,CASE009947,CID007616,Unknown Suspect,Wanted
SUS000340,CASE006556,CID000174,Main Suspect,Arrested
SUS000341,CASE002892,CID005649,Main Suspect,Absconding
SUS000342,CASE000132,CID000315,Main Suspect,Arrested
SUS000343,CASE007013,CID000395,Gang Member,Absconding
SUS000344,CASE000197,CID000230,Main Suspect,Arrested
SUS000345,CASE001692,CID004209,Main Suspect,Wanted
SUS000346,CASE009148,CID002428,Gang Member,Arrested
SUS000347,CASE004398,CID000385,Gang Member,Wanted
SUS000348,CASE003245,CID000345,Unknown Suspect,Wanted
SUS000349,CASE009523,CID001029,Unknown Suspect,Under Surveillance
SUS000350,CASE002913,CID003865,Gang Member,Under Surveillance
SUS000351,CASE000505,CID000548,Main Suspect,Absconding
SUS000352,CASE009359,CID000711,Main Suspect,Under Surveillance
SUS000353,CASE005112,CID003585,Accomplice,Wanted
SUS000354,CASE000976,CID000661,Main Suspect,Under Surveillance
SUS000355,CASE004770,CID000662,Accomplice,Absconding
SUS000356,CASE006756,CID004594,Gang Member,Wanted
SUS000357,CASE001534,CID000207,Main Suspect,Arrested
SUS000358,CASE006918,CID004604,Unknown Suspect,Under Surveillance
SUS000359,CASE005426,CID006296,Accomplice,Wanted
SUS000360,CASE000029,CID005044,Gang Member,Absconding
SUS000361,CASE003662,CID000448,Accomplice,Under Surveillance
SUS000362,CASE009417,CID008163,Gang Member,Under Surveillance
SUS000363,CASE002446,CID004699,Main Suspect,Under Surveillance
SUS000364,CASE003826,CID006405,Accomplice,Arrested
SUS000365,CASE006767,CID006062,Main Suspect,Absconding
SUS000366,CASE005621,CID000607,Unknown Suspect,Arrested
SUS000367,CASE004314,CID006796,Unknown Suspect,Arrested
SUS000368,CASE003298,CID005617,Unknown Suspect,Wanted
SUS000369,CASE000267,CID007016,Unknown Suspect,Absconding
SUS000370,CASE006514,CID004921,Gang Member,Under Surveillance
SUS000371,CASE005530,CID003560,Accomplice,Under Surveillance
SUS000372,CASE004287,CID000464,Main Suspect,Under Surveillance
SUS000373,CASE004080,CID000743,Main Suspect,Arrested
SUS000374,CASE009518,CID000324,Accomplice,Absconding
SUS000375,CASE002434,CID000250,Gang Member,Arrested
SUS000376,CASE009585,CID000538,Gang Member,Absconding
SUS000377,CASE007066,CID003621,Main Suspect,Wanted
SUS000378,CASE005149,CID005275,Main Suspect,Absconding
SUS000379,CASE003401,CID000695,Unknown Suspect,Absconding
SUS000380,CASE001118,CID009448,Accomplice,Absconding
SUS000381,CASE009247,CID000255,Main Suspect,Arrested
SUS000382,CASE003815,CID005097,Unknown Suspect,Absconding
SUS000383,CASE002152,CID003025,Gang Member,Under Surveillance
SUS000384,CASE002812,CID002744,Unknown Suspect,Wanted
SUS000385,CASE008946,CID000263,Accomplice,Arrested
SUS000386,CASE007467,CID005160,Unknown Suspect,Arrested
SUS000387,CASE009225,CID003187,Main Suspect,Wanted
SUS000388,CASE009878,CID000397,Gang Member,Wanted
SUS000389,CASE004918,CID000624,Gang Member,Wanted
SUS000390,CASE001976,CID001962,Unknown Suspect,Absconding
SUS000391,CASE001894,CID006770,Gang Member,Arrested
SUS000392,CASE005064,CID002462,Gang Member,Under Surveillance
SUS000393,CASE008967,CID005792,Main Suspect,Under Surveillance
SUS000394,CASE001928,CID000016,Gang Member,Under Surveillance
SUS000395,CASE001469,CID001256,Unknown Suspect,Under Surveillance
SUS000396,CASE000922,CID000725,Accomplice,Wanted
SUS000397,CASE003088,CID006986,Main Suspect,Arrested
SUS000398,CASE003774,CID001149,Main Suspect,Under Surveillance
SUS000399,CASE006773,CID007998,Gang Member,Arrested
SUS000400,CASE005440,CID005381,Unknown Suspect,Arrested
SUS000401,CASE007308,CID006513,Main Suspect,Under Surveillance
SUS000402,CASE009437,CID000053,Unknown Suspect,Under Surveillance
SUS000403,CASE000201,CID006002,Main Suspect,Absconding
SUS000404,CASE000635,CID000279,Gang Member,Under Surveillance
SUS000405,CASE001021,CID005276,Gang Member,Arrested
SUS000406,CASE008721,CID003592,Accomplice,Under Surveillance
SUS000407,CASE009079,CID006841,Unknown Suspect,Wanted
SUS000408,CASE000131,CID009320,Main Suspect,Absconding
SUS000409,CASE002442,CID006869,Accomplice,Absconding
SUS000410,CASE003657,CID001641,Unknown Suspect,Under Surveillance
SUS000411,CASE008250,CID000284,Main Suspect,Arrested
SUS000412,CASE006600,CID000606,Gang Member,Arrested
SUS000413,CASE007340,CID006790,Main Suspect,Arrested
SUS000414,CASE005750,CID000283,Gang Member,Arrested
SUS000415,CASE002111,CID002562,Main Suspect,Under Surveillance
SUS000416,CASE004722,CID000435,Unknown Suspect,Absconding
SUS000417,CASE007333,CID003486,Main Suspect,Under Surveillance
SUS000418,CASE002375,CID007529,Gang Member,Wanted
SUS000419,CASE005082,CID009448,Unknown Suspect,Wanted
SUS000420,CASE000461,CID002396,Unknown Suspect,Arrested
SUS000421,CASE001605,CID003659,Gang Member,Absconding
SUS000422,CASE001988,CID003931,Gang Member,Wanted
SUS000423,CASE001166,CID003152,Accomplice,Under Surveillance
SUS000424,CASE008503,CID001160,Unknown Suspect,Arrested
SUS000425,CASE008083,CID008363,Unknown Suspect,Wanted
SUS000426,CASE007479,CID005670,Accomplice,Under Surveillance
SUS000427,CASE008283,CID002502,Main Suspect,Wanted
SUS000428,CASE001565,CID003325,Accomplice,Wanted
SUS000429,CASE001528,CID000175,Main Suspect,Absconding
SUS000430,CASE002120,CID001364,Main Suspect,Arrested
SUS000431,CASE001887,CID000126,Main Suspect,Under Surveillance
SUS000432,CASE001367,CID008972,Accomplice,Wanted
SUS000433,CASE009391,CID007377,Gang Member,Wanted
SUS000434,CASE007982,CID006515,Gang Member,Arrested
SUS000435,CASE000445,CID000004,Main Suspect,Arrested
SUS000436,CASE006635,CID000323,Accomplice,Wanted
SUS000437,CASE000048,CID007233,Gang Member,Arrested
SUS000438,CASE006009,CID009729,Unknown Suspect,Absconding
SUS000439,CASE000281,CID008276,Unknown Suspect,Arrested
SUS000440,CASE007147,CID006187,Main Suspect,Arrested
SUS000441,CASE006207,CID008605,Accomplice,Absconding
SUS000442,CASE008368,CID008535,Accomplice,Absconding
SUS000443,CASE005312,CID000545,Accomplice,Wanted
SUS000444,CASE006781,CID000021,Unknown Suspect,Absconding
SUS000445,CASE006682,CID000646,Unknown Suspect,Absconding
SUS000446,CASE009372,CID000373,Gang Member,Arrested
SUS000447,CASE005309,CID005778,Main Suspect,Under Surveillance
SUS000448,CASE000233,CID001725,Main Suspect,Arrested
SUS000449,CASE000954,CID000732,Unknown Suspect,Absconding
SUS000450,CASE006257,CID002731,Main Suspect,Arrested
SUS000451,CASE002851,CID005023,Accomplice,Under Surveillance
SUS000452,CASE004337,CID009569,Gang Member,Wanted
SUS000453,CASE001426,CID000409,Unknown Suspect,Wanted
SUS000454,CASE002456,CID008541,Accomplice,Under Surveillance
SUS000455,CASE009541,CID003129,Main Suspect,Wanted
SUS000456,CASE003382,CID000181,Accomplice,Wanted
SUS000457,CASE007892,CID008430,Accomplice,Wanted
SUS000458,CASE003279,CID006650,Unknown Suspect,Absconding
SUS000459,CASE001539,CID003790,Main Suspect,Arrested
SUS000460,CASE009811,CID001695,Main Suspect,Under Surveillance
SUS000461,CASE000575,CID009453,Main Suspect,Under Surveillance
SUS000462,CASE009279,CID008652,Unknown Suspect,Absconding
SUS000463,CASE003374,CID006695,Gang Member,Under Surveillance
SUS000464,CASE006788,CID000439,Gang Member,Arrested
SUS000465,CASE004969,CID005425,Accomplice,Under Surveillance
SUS000466,CASE000469,CID000524,Unknown Suspect,Wanted
SUS000467,CASE006818,CID005863,Unknown Suspect,Arrested
SUS000468,CASE003024,CID005367,Accomplice,Arrested
SUS000469,CASE004268,CID005479,Unknown Suspect,Arrested
SUS000470,CASE007913,CID006686,Gang Member,Wanted
SUS000471,CASE009751,CID001820,Unknown Suspect,Absconding
SUS000472,CASE003820,CID000339,Main Suspect,Wanted
SUS000473,CASE000976,CID000461,Main Suspect,Wanted
SUS000474,CASE004295,CID008427,Main Suspect,Wanted
SUS000475,CASE005387,CID000782,Accomplice,Arrested
SUS000476,CASE002208,CID008804,Accomplice,Absconding
SUS000477,CASE002439,CID008038,Accomplice,Under Surveillance
SUS000478,CASE002111,CID000408,Unknown Suspect,Arrested
SUS000479,CASE004712,CID006286,Gang Member,Wanted
SUS000480,CASE008801,CID003424,Main Suspect,Arrested
SUS000481,CASE006926,CID002650,Main Suspect,Wanted
SUS000482,CASE006690,CID005802,Unknown Suspect,Wanted
SUS000483,CASE006007,CID003571,Accomplice,Absconding
SUS000484,CASE006866,CID006480,Unknown Suspect,Arrested
SUS000485,CASE003689,CID006362,Unknown Suspect,Arrested
SUS000486,CASE009622,CID009734,Accomplice,Wanted
SUS000487,CASE008771,CID009127,Accomplice,Arrested
SUS000488,CASE006762,CID000539,Unknown Suspect,Under Surveillance
SUS000489,CASE000469,CID009083,Gang Member,Wanted
SUS000490,CASE006323,CID007910,Main Suspect,Under Surveillance
SUS000491,CASE008961,CID000730,Main Suspect,Absconding
SUS000492,CASE004496,CID009878,Unknown Suspect,Wanted
SUS000493,CASE007613,CID004559,Gang Member,Arrested
SUS000494,CASE004155,CID000417,Main Suspect,Absconding
SUS000495,CASE003448,CID000744,Unknown Suspect,Wanted
SUS000496,CASE006295,CID001373,Accomplice,Wanted
SUS000497,CASE006332,CID000793,Accomplice,Wanted
SUS000498,CASE001914,CID006363,Gang Member,Absconding
SUS000499,CASE002693,CID000577,Main Suspect,Under Surveillance
SUS000500,CASE005272,CID006224,Gang Member,Absconding
SUS000501,CASE005914,CID000178,Main Suspect,Absconding
SUS000502,CASE007706,CID005386,Unknown Suspect,Absconding
SUS000503,CASE001050,CID003711,Main Suspect,Absconding
SUS000504,CASE007594,CID000240,Gang Member,Absconding
SUS000505,CASE008362,CID002744,Gang Member,Under Surveillance
SUS000506,CASE000895,CID000523,Accomplice,Arrested
SUS000507,CASE002026,CID003177,Main Suspect,Arrested
SUS000508,CASE007321,CID001140,Main Suspect,Wanted
SUS000509,CASE009146,CID000157,Main Suspect,Arrested
SUS000510,CASE006988,CID001422,Unknown Suspect,Under Surveillance
SUS000511,CASE008298,CID005160,Main Suspect,Absconding
SUS000512,CASE001900,CID004507,Unknown Suspect,Arrested
SUS000513,CASE007729,CID007148,Unknown Suspect,Wanted
SUS000514,CASE005512,CID001025,Gang Member,Arrested
SUS000515,CASE003727,CID002743,Gang Member,Under Surveillance
SUS000516,CASE002655,CID002957,Accomplice,Arrested
SUS000517,CASE008425,CID001170,Unknown Suspect,Arrested
SUS000518,CASE003360,CID007197,Gang Member,Under Surveillance
SUS000519,CASE009271,CID000113,Accomplice,Wanted
SUS000520,CASE002549,CID000257,Unknown Suspect,Wanted
SUS000521,CASE000560,CID003939,Main Suspect,Wanted
SUS000522,CASE005219,CID008301,Unknown Suspect,Wanted
SUS000523,CASE000479,CID000295,Gang Member,Wanted
SUS000524,CASE008612,CID000786,Unknown Suspect,Arrested
SUS000525,CASE001375,CID001803,Gang Member,Wanted
SUS000526,CASE000079,CID008368,Accomplice,Wanted
SUS000527,CASE001654,CID008944,Main Suspect,Under Surveillance
SUS000528,CASE007731,CID003553,Gang Member,Wanted
SUS000529,CASE006827,CID008045,Unknown Suspect,Arrested
SUS000530,CASE003910,CID000358,Accomplice,Wanted
SUS000531,CASE002623,CID003789,Main Suspect,Under Surveillance
SUS000532,CASE006937,CID002426,Main Suspect,Wanted
SUS000533,CASE000214,CID004036,Unknown Suspect,Absconding
SUS000534,CASE006657,CID002354,Accomplice,Under Surveillance
SUS000535,CASE007967,CID003357,Gang Member,Arrested
SUS000536,CASE006513,CID006747,Accomplice,Absconding
SUS000537,CASE000436,CID008827,Gang Member,Absconding
SUS000538,CASE000642,CID003116,Accomplice,Absconding
SUS000539,CASE006101,CID000904,Main Suspect,Wanted
SUS000540,CASE005594,CID001245,Gang Member,Under Surveillance
SUS000541,CASE005120,CID005254,Unknown Suspect,Wanted
SUS000542,CASE007904,CID001151,Gang Member,Absconding
SUS000543,CASE006117,CID002918,Main Suspect,Wanted
SUS000544,CASE000867,CID005064,Gang Member,Arrested
SUS000545,CASE001692,CID000732,Unknown Suspect,Absconding
SUS000546,CASE001929,CID007003,Gang Member,Absconding
SUS000547,CASE000777,CID000785,Accomplice,Arrested
SUS000548,CASE002147,CID003932,Accomplice,Wanted
SUS000549,CASE006562,CID006115,Main Suspect,Under Surveillance
SUS000550,CASE005427,CID001899,Unknown Suspect,Absconding
SUS000551,CASE001717,CID000039,Main Suspect,Absconding
SUS000552,CASE001046,CID000055,Gang Member,Wanted
SUS000553,CASE009875,CID005233,Accomplice,Under Surveillance
SUS000554,CASE000315,CID008076,Main Suspect,Arrested
SUS000555,CASE005008,CID001741,Unknown Suspect,Absconding
SUS000556,CASE000374,CID002109,Gang Member,Arrested
SUS000557,CASE000687,CID000496,Main Suspect,Wanted
SUS000558,CASE005369,CID008334,Gang Member,Arrested
SUS000559,CASE003837,CID003300,Unknown Suspect,Wanted
SUS000560,CASE000038,CID009935,Main Suspect,Arrested
SUS000561,CASE009731,CID009899,Gang Member,Under Surveillance
SUS000562,CASE004770,CID008764,Unknown Suspect,Arrested
SUS000563,CASE006491,CID000167,Unknown Suspect,Under Surveillance
SUS000564,CASE009965,CID009523,Unknown Suspect,Absconding
SUS000565,CASE009368,CID003635,Main Suspect,Absconding
SUS000566,CASE006859,CID004764,Main Suspect,Arrested
SUS000567,CASE001833,CID000801,Unknown Suspect,Absconding
SUS000568,CASE009915,CID000585,Main Suspect,Wanted
SUS000569,CASE005606,CID000366,Unknown Suspect,Absconding
SUS000570,CASE004822,CID006296,Main Suspect,Wanted
SUS000571,CASE008036,CID000133,Gang Member,Arrested
SUS000572,CASE006727,CID000323,Accomplice,Under Surveillance
SUS000573,CASE009095,CID004375,Main Suspect,Under Surveillance
SUS000574,CASE003782,CID003090,Unknown Suspect,Wanted
SUS000575,CASE003605,CID002705,Main Suspect,Under Surveillance
SUS000576,CASE007131,CID001949,Unknown Suspect,Arrested
SUS000577,CASE006779,CID004297,Unknown Suspect,Arrested
SUS000578,CASE001584,CID003441,Unknown Suspect,Absconding
SUS000579,CASE005626,CID000610,Gang Member,Absconding
SUS000580,CASE006387,CID004149,Unknown Suspect,Arrested
SUS000581,CASE006030,CID000136,Gang Member,Wanted
SUS000582,CASE000369,CID000227,Unknown Suspect,Absconding
SUS000583,CASE004399,CID009000,Main Suspect,Absconding
SUS000584,CASE006673,CID006230,Gang Member,Absconding
SUS000585,CASE000417,CID006310,Gang Member,Absconding
SUS000586,CASE005004,CID008198,Gang Member,Absconding
SUS000587,CASE005665,CID004284,Gang Member,Under Surveillance
SUS000588,CASE008001,CID004417,Accomplice,Absconding
SUS000589,CASE004916,CID005124,Unknown Suspect,Under Surveillance
SUS000590,CASE008749,CID000430,Gang Member,Absconding
SUS000591,CASE009543,CID006667,Gang Member,Absconding
SUS000592,CASE005836,CID008283,Unknown Suspect,Absconding
SUS000593,CASE004336,CID003391,Gang Member,Arrested
SUS000594,CASE004270,CID004133,Gang Member,Wanted
SUS000595,CASE005348,CID001040,Accomplice,Arrested
SUS000596,CASE007704,CID008027,Accomplice,Arrested
SUS000597,CASE007987,CID000111,Unknown Suspect,Under Surveillance
SUS000598,CASE000647,CID004028,Gang Member,Arrested
SUS000599,CASE008856,CID006233,Main Suspect,Absconding
SUS000600,CASE009390,CID001022,Main Suspect,Absconding
SUS000601,CASE005600,CID006722,Main Suspect,Wanted
SUS000602,CASE007415,CID008405,Unknown Suspect,Arrested
SUS000603,CASE006384,CID008977,Gang Member,Wanted
SUS000604,CASE005021,CID009003,Accomplice,Wanted
SUS000605,CASE002338,CID009719,Gang Member,Absconding
SUS000606,CASE000173,CID007628,Unknown Suspect,Absconding
SUS000607,CASE008537,CID006859,Accomplice,Absconding
SUS000608,CASE002980,CID005329,Unknown Suspect,Arrested
SUS000609,CASE005284,CID002504,Gang Member,Absconding
SUS000610,CASE009184,CID002930,Main Suspect,Absconding
SUS000611,CASE006938,CID000389,Gang Member,Absconding
SUS000612,CASE002382,CID000380,Main Suspect,Arrested
SUS000613,CASE002290,CID005339,Gang Member,Wanted
SUS000614,CASE006979,CID003007,Unknown Suspect,Wanted
SUS000615,CASE003813,CID007292,Main Suspect,Wanted
SUS000616,CASE002021,CID000195,Unknown Suspect,Wanted
SUS000617,CASE001841,CID000031,Accomplice,Under Surveillance
SUS000618,CASE005712,CID007709,Accomplice,Under Surveillance
SUS000619,CASE003255,CID007710,Gang Member,Under Surveillance
SUS000620,CASE008540,CID003047,Gang Member,Absconding
SUS000621,CASE002843,CID005415,Gang Member,Arrested
SUS000622,CASE007879,CID006043,Accomplice,Arrested
SUS000623,CASE004602,CID000412,Unknown Suspect,Arrested
SUS000624,CASE007365,CID000385,Accomplice,Wanted
SUS000625,CASE006836,CID005916,Accomplice,Arrested
SUS000626,CASE009598,CID001272,Main Suspect,Wanted
SUS000627,CASE002871,CID004512,Accomplice,Absconding
SUS000628,CASE008057,CID000795,Unknown Suspect,Under Surveillance
SUS000629,CASE009769,CID005169,Main Suspect,Arrested
SUS000630,CASE007802,CID005479,Gang Member,Arrested
SUS000631,CASE004318,CID000450,Unknown Suspect,Arrested
SUS000632,CASE003167,CID004675,Unknown Suspect,Arrested
SUS000633,CASE000953,CID007497,Gang Member,Wanted
SUS000634,CASE008485,CID004386,Main Suspect,Under Surveillance
SUS000635,CASE002599,CID003311,Main Suspect,Under Surveillance
SUS000636,CASE004090,CID003736,Gang Member,Under Surveillance
SUS000637,CASE005301,CID000068,Accomplice,Wanted
SUS000638,CASE003884,CID001959,Unknown Suspect,Absconding
SUS000639,CASE004411,CID003867,Main Suspect,Under Surveillance
SUS000640,CASE001717,CID008744,Accomplice,Wanted
SUS000641,CASE008712,CID001872,Main Suspect,Arrested
SUS000642,CASE008409,CID004087,Gang Member,Absconding
SUS000643,CASE009238,CID000487,Main Suspect,Arrested
SUS000644,CASE000214,CID000624,Gang Member,Absconding
SUS000645,CASE006914,CID000411,Unknown Suspect,Absconding
SUS000646,CASE006155,CID000615,Accomplice,Under Surveillance
SUS000647,CASE000158,CID003739,Main Suspect,Under Surveillance
SUS000648,CASE000229,CID002022,Accomplice,Under Surveillance
SUS000649,CASE008118,CID004323,Gang Member,Wanted
SUS000650,CASE006024,CID008800,Accomplice,Arrested
SUS000651,CASE007985,CID000048,Accomplice,Absconding
SUS000652,CASE006998,CID006920,Main Suspect,Under Surveillance
SUS000653,CASE005624,CID002305,Accomplice,Wanted
SUS000654,CASE009806,CID000310,Accomplice,Arrested
SUS000655,CASE004834,CID000397,Accomplice,Under Surveillance
SUS000656,CASE008854,CID008189,Main Suspect,Wanted
SUS000657,CASE005908,CID008744,Accomplice,Absconding
SUS000658,CASE003257,CID002023,Unknown Suspect,Absconding
SUS000659,CASE000914,CID000034,Unknown Suspect,Wanted
SUS000660,CASE002964,CID006792,Unknown Suspect,Under Surveillance
SUS000661,CASE002340,CID007910,Gang Member,Arrested
SUS000662,CASE008611,CID000393,Gang Member,Wanted
SUS000663,CASE002563,CID000868,Accomplice,Arrested
SUS000664,CASE003418,CID007124,Main Suspect,Wanted
SUS000665,CASE005544,CID005075,Unknown Suspect,Absconding
SUS000666,CASE000909,CID005071,Main Suspect,Wanted
SUS000667,CASE000722,CID000657,Unknown Suspect,Wanted
SUS000668,CASE003064,CID007382,Main Suspect,Arrested
SUS000669,CASE005318,CID006452,Accomplice,Under Surveillance
SUS000670,CASE000360,CID005975,Unknown Suspect,Absconding
SUS000671,CASE005997,CID000163,Gang Member,Wanted
SUS000672,CASE003647,CID009339,Unknown Suspect,Under Surveillance
SUS000673,CASE006740,CID002803,Main Suspect,Absconding
SUS000674,CASE002419,CID005592,Gang Member,Wanted
SUS000675,CASE005142,CID003975,Accomplice,Wanted
SUS000676,CASE003185,CID000625,Gang Member,Under Surveillance
SUS000677,CASE003468,CID007915,Unknown Suspect,Absconding
SUS000678,CASE009218,CID002678,Gang Member,Under Surveillance
SUS000679,CASE003393,CID002882,Gang Member,Wanted
SUS000680,CASE003334,CID007542,Gang Member,Wanted
SUS000681,CASE000855,CID001519,Unknown Suspect,Under Surveillance
SUS000682,CASE006223,CID001933,Unknown Suspect,Arrested
SUS000683,CASE004264,CID000480,Gang Member,Wanted
SUS000684,CASE007883,CID005314,Unknown Suspect,Absconding
SUS000685,CASE004893,CID001200,Main Suspect,Absconding
SUS000686,CASE003588,CID000362,Accomplice,Wanted
SUS000687,CASE004507,CID000114,Unknown Suspect,Arrested
SUS000688,CASE006436,CID007157,Accomplice,Arrested
SUS000689,CASE006041,CID004683,Main Suspect,Absconding
SUS000690,CASE002949,CID006341,Accomplice,Wanted
SUS000691,CASE006049,CID003103,Accomplice,Wanted
SUS000692,CASE004237,CID000737,Accomplice,Absconding
SUS000693,CASE006831,CID000316,Unknown Suspect,Wanted
SUS000694,CASE002535,CID005437,Accomplice,Arrested
SUS000695,CASE004552,CID004612,Main Suspect,Absconding
SUS000696,CASE000250,CID007037,Gang Member,Arrested
SUS000697,CASE002884,CID007225,Unknown Suspect,Under Surveillance
SUS000698,CASE009792,CID007718,Gang Member,Arrested
SUS000699,CASE004812,CID005982,Unknown Suspect,Arrested
SUS000700,CASE005982,CID000727,Main Suspect,Arrested
SUS000701,CASE007671,CID009168,Main Suspect,Wanted
SUS000702,CASE007077,CID006352,Accomplice,Arrested
SUS000703,CASE009949,CID006233,Main Suspect,Wanted
SUS000704,CASE000683,CID000470,Main Suspect,Under Surveillance
SUS000705,CASE005374,CID000280,Gang Member,Under Surveillance
SUS000706,CASE008171,CID003812,Gang Member,Arrested
SUS000707,CASE009098,CID000086,Unknown Suspect,Under Surveillance
SUS000708,CASE009980,CID000583,Unknown Suspect,Wanted
SUS000709,CASE007389,CID000114,Unknown Suspect,Arrested
SUS000710,CASE009988,CID001347,Main Suspect,Absconding
SUS000711,CASE009161,CID009808,Accomplice,Under Surveillance
SUS000712,CASE005415,CID009371,Main Suspect,Wanted
SUS000713,CASE006475,CID000579,Unknown Suspect,Under Surveillance
SUS000714,CASE005190,CID000202,Accomplice,Arrested
SUS000715,CASE005174,CID001913,Unknown Suspect,Arrested
SUS000716,CASE006140,CID006138,Unknown Suspect,Wanted
SUS000717,CASE008659,CID008878,Gang Member,Arrested
SUS000718,CASE005151,CID000170,Accomplice,Wanted
SUS000719,CASE002319,CID006933,Gang Member,Under Surveillance
SUS000720,CASE003853,CID007558,Main Suspect,Arrested
SUS000721,CASE006282,CID001228,Accomplice,Wanted
SUS000722,CASE007337,CID005789,Main Suspect,Wanted
SUS000723,CASE002578,CID003969,Accomplice,Under Surveillance
SUS000724,CASE001755,CID004201,Unknown Suspect,Wanted
SUS000725,CASE008667,CID005716,Gang Member,Wanted
SUS000726,CASE001984,CID009437,Unknown Suspect,Wanted
SUS000727,CASE002799,CID007469,Accomplice,Wanted
SUS000728,CASE000883,CID009877,Main Suspect,Absconding
SUS000729,CASE008737,CID009512,Unknown Suspect,Wanted
SUS000730,CASE002668,CID007361,Accomplice,Wanted
SUS000731,CASE001803,CID000944,Gang Member,Arrested
SUS000732,CASE005132,CID000274,Main Suspect,Under Surveillance
SUS000733,CASE006113,CID000447,Main Suspect,Arrested
SUS000734,CASE009206,CID003342,Unknown Suspect,Wanted
SUS000735,CASE002134,CID001567,Unknown Suspect,Arrested
SUS000736,CASE004554,CID009574,Unknown Suspect,Wanted
SUS000737,CASE001077,CID006436,Accomplice,Wanted
SUS000738,CASE003902,CID000835,Gang Member,Arrested
SUS000739,CASE006821,CID005269,Gang Member,Under Surveillance
SUS000740,CASE007826,CID003327,Gang Member,Arrested
SUS000741,CASE004569,CID000558,Gang Member,Absconding
SUS000742,CASE005296,CID007502,Gang Member,Arrested
SUS000743,CASE006765,CID001172,Main Suspect,Under Surveillance
SUS000744,CASE005885,CID004924,Main Suspect,Arrested
SUS000745,CASE007866,CID003266,Gang Member,Arrested
SUS000746,CASE009427,CID005730,Main Suspect,Arrested
SUS000747,CASE000797,CID007945,Gang Member,Wanted
SUS000748,CASE005242,CID008886,Unknown Suspect,Arrested
SUS000749,CASE007613,CID009377,Accomplice,Under Surveillance
SUS000750,CASE002865,CID001751,Main Suspect,Under Surveillance
SUS000751,CASE008119,CID000086,Main Suspect,Wanted
SUS000752,CASE002434,CID007518,Accomplice,Absconding
SUS000753,CASE007708,CID006035,Gang Member,Under Surveillance
SUS000754,CASE006359,CID007763,Gang Member,Absconding
SUS000755,CASE006750,CID003525,Gang Member,Absconding
SUS000756,CASE003668,CID001631,Accomplice,Arrested
SUS000757,CASE005530,CID000123,Unknown Suspect,Wanted
SUS000758,CASE009632,CID007772,Unknown Suspect,Absconding
SUS000759,CASE004673,CID003315,Unknown Suspect,Under Surveillance
SUS000760,CASE003445,CID007720,Unknown Suspect,Under Surveillance
SUS000761,CASE002904,CID003080,Gang Member,Under Surveillance
SUS000762,CASE009866,CID003141,Gang Member,Under Surveillance
SUS000763,CASE002827,CID001899,Main Suspect,Arrested
SUS000764,CASE003620,CID000062,Main Suspect,Wanted
SUS000765,CASE005064,CID000656,Main Suspect,Wanted
SUS000766,CASE002275,CID000153,Unknown Suspect,Wanted
SUS000767,CASE002486,CID008154,Main Suspect,Absconding
SUS000768,CASE001075,CID000292,Accomplice,Absconding
SUS000769,CASE001658,CID007976,Gang Member,Arrested
SUS000770,CASE009437,CID007621,Unknown Suspect,Wanted
SUS000771,CASE005181,CID000410,Accomplice,Under Surveillance
SUS000772,CASE008700,CID006642,Unknown Suspect,Absconding
SUS000773,CASE008945,CID007977,Main Suspect,Under Surveillance
SUS000774,CASE001949,CID001137,Main Suspect,Arrested
SUS000775,CASE005721,CID000101,Main Suspect,Absconding
SUS000776,CASE008059,CID003704,Unknown Suspect,Arrested
SUS000777,CASE006406,CID000743,Main Suspect,Wanted
SUS000778,CASE001607,CID003773,Accomplice,Arrested
SUS000779,CASE007257,CID008356,Accomplice,Under Surveillance
SUS000780,CASE000876,CID001801,Unknown Suspect,Absconding
SUS000781,CASE007662,CID005830,Unknown Suspect,Arrested
SUS000782,CASE009196,CID001721,Gang Member,Under Surveillance
SUS000783,CASE001537,CID000311,Accomplice,Arrested
SUS000784,CASE000366,CID009404,Accomplice,Absconding
SUS000785,CASE008360,CID008283,Main Suspect,Absconding
SUS000786,CASE003950,CID001605,Gang Member,Absconding
SUS000787,CASE001369,CID000075,Main Suspect,Under Surveillance
SUS000788,CASE006796,CID000466,Gang Member,Wanted
SUS000789,CASE002818,CID002044,Main Suspect,Wanted
SUS000790,CASE008783,CID000150,Gang Member,Under Surveillance
SUS000791,CASE007765,CID000120,Unknown Suspect,Arrested
SUS000792,CASE007235,CID006190,Gang Member,Absconding
SUS000793,CASE005133,CID000825,Main Suspect,Wanted
SUS000794,CASE008106,CID006514,Main Suspect,Under Surveillance
SUS000795,CASE006988,CID003844,Main Suspect,Under Surveillance
SUS000796,CASE002972,CID006210,Unknown Suspect,Under Surveillance
SUS000797,CASE007799,CID000546,Main Suspect,Absconding
SUS000798,CASE000740,CID006732,Unknown Suspect,Wanted
SUS000799,CASE006072,CID000135,Unknown Suspect,Arrested
SUS000800,CASE005231,CID000058,Unknown Suspect,Under Surveillance
SUS000801,CASE009214,CID006910,Main Suspect,Under Surveillance
SUS000802,CASE004636,CID002110,Main Suspect,Under Surveillance
SUS000803,CASE009572,CID008707,Accomplice,Under Surveillance
SUS000804,CASE005547,CID007940,Unknown Suspect,Absconding
SUS000805,CASE006582,CID000232,Gang Member,Under Surveillance
SUS000806,CASE001215,CID000207,Main Suspect,Wanted
SUS000807,CASE003007,CID004586,Accomplice,Under Surveillance
SUS000808,CASE005955,CID000709,Unknown Suspect,Absconding
SUS000809,CASE005076,CID002941,Unknown Suspect,Arrested
SUS000810,CASE005187,CID006032,Accomplice,Wanted
SUS000811,CASE008525,CID000359,Accomplice,Wanted
SUS000812,CASE001800,CID009618,Accomplice,Under Surveillance
SUS000813,CASE001314,CID001699,Main Suspect,Arrested
SUS000814,CASE000675,CID005438,Main Suspect,Absconding
SUS000815,CASE004789,CID000185,Main Suspect,Wanted
SUS000816,CASE004676,CID001368,Main Suspect,Wanted
SUS000817,CASE007935,CID002996,Unknown Suspect,Wanted
SUS000818,CASE005975,CID000476,Gang Member,Under Surveillance
SUS000819,CASE005705,CID002641,Accomplice,Absconding
SUS000820,CASE009122,CID004209,Accomplice,Arrested
SUS000821,CASE005255,CID000088,Gang Member,Arrested
SUS000822,CASE007882,CID000596,Gang Member,Under Surveillance
SUS000823,CASE007500,CID007140,Main Suspect,Wanted
SUS000824,CASE008096,CID008798,Main Suspect,Absconding
SUS000825,CASE008544,CID002347,Accomplice,Under Surveillance
SUS000826,CASE007530,CID002387,Accomplice,Under Surveillance
SUS000827,CASE003942,CID002894,Gang Member,Under Surveillance
SUS000828,CASE003390,CID006377,Accomplice,Arrested
SUS000829,CASE002711,CID006726,Main Suspect,Absconding
SUS000830,CASE005342,CID007039,Accomplice,Absconding
SUS000831,CASE002053,CID000134,Unknown Suspect,Under Surveillance
SUS000832,CASE003570,CID000075,Unknown Suspect,Absconding
SUS000833,CASE005519,CID000361,Accomplice,Arrested
SUS000834,CASE005527,CID005542,Unknown Suspect,Under Surveillance
SUS000835,CASE005225,CID005402,Main Suspect,Under Surveillance
SUS000836,CASE008468,CID006192,Gang Member,Absconding
SUS000837,CASE004377,CID003438,Unknown Suspect,Wanted
SUS000838,CASE005002,CID007076,Gang Member,Absconding
SUS000839,CASE006208,CID007925,Main Suspect,Wanted
SUS000840,CASE002534,CID008149,Gang Member,Under Surveillance
SUS000841,CASE006227,CID003298,Unknown Suspect,Wanted
SUS000842,CASE005563,CID006447,Gang Member,Under Surveillance
SUS000843,CASE001803,CID000304,Accomplice,Arrested
SUS000844,CASE001524,CID006523,Main Suspect,Wanted
SUS000845,CASE009955,CID000473,Gang Member,Wanted
SUS000846,CASE004527,CID002629,Main Suspect,Arrested
SUS000847,CASE003047,CID002241,Gang Member,Arrested
SUS000848,CASE005080,CID009084,Unknown Suspect,Arrested
SUS000849,CASE001643,CID002155,Unknown Suspect,Arrested
SUS000850,CASE008413,CID001119,Unknown Suspect,Absconding
SUS000851,CASE008822,CID009329,Main Suspect,Absconding
SUS000852,CASE009799,CID000347,Gang Member,Absconding
SUS000853,CASE008239,CID002092,Main Suspect,Wanted
SUS000854,CASE000506,CID008269,Main Suspect,Arrested
SUS000855,CASE001606,CID001567,Gang Member,Arrested
SUS000856,CASE004728,CID009293,Accomplice,Under Surveillance
SUS000857,CASE006174,CID002712,Main Suspect,Under Surveillance
SUS000858,CASE000151,CID005467,Unknown Suspect,Under Surveillance
SUS000859,CASE003197,CID000837,Gang Member,Absconding
SUS000860,CASE001738,CID000527,Unknown Suspect,Arrested
SUS000861,CASE007009,CID008544,Unknown Suspect,Arrested
SUS000862,CASE002757,CID005384,Gang Member,Arrested
SUS000863,CASE007155,CID001125,Gang Member,Arrested
SUS000864,CASE007160,CID008347,Gang Member,Wanted
SUS000865,CASE001640,CID003840,Main Suspect,Absconding
SUS000866,CASE002284,CID006499,Gang Member,Absconding
SUS000867,CASE008993,CID000658,Main Suspect,Wanted
SUS000868,CASE007981,CID006103,Unknown Suspect,Absconding
SUS000869,CASE002098,CID008153,Gang Member,Absconding
SUS000870,CASE007178,CID005861,Main Suspect,Arrested
SUS000871,CASE007258,CID008165,Unknown Suspect,Absconding
SUS000872,CASE002800,CID003606,Unknown Suspect,Wanted
SUS000873,CASE003547,CID000092,Unknown Suspect,Wanted
SUS000874,CASE006369,CID004085,Gang Member,Wanted
SUS000875,CASE007471,CID005699,Main Suspect,Under Surveillance
SUS000876,CASE001402,CID007614,Unknown Suspect,Arrested
SUS000877,CASE006826,CID008522,Unknown Suspect,Absconding
SUS000878,CASE004967,CID002730,Main Suspect,Arrested
SUS000879,CASE006963,CID009824,Unknown Suspect,Arrested
SUS000880,CASE009097,CID004724,Gang Member,Wanted
SUS000881,CASE002284,CID009132,Main Suspect,Under Surveillance
SUS000882,CASE008048,CID007422,Main Suspect,Arrested
SUS000883,CASE005948,CID002081,Gang Member,Arrested
SUS000884,CASE002198,CID000623,Unknown Suspect,Absconding
SUS000885,CASE002131,CID008086,Main Suspect,Under Surveillance
SUS000886,CASE007929,CID000076,Accomplice,Wanted
SUS000887,CASE006209,CID001362,Gang Member,Wanted
SUS000888,CASE003654,CID006198,Unknown Suspect,Absconding
SUS000889,CASE003787,CID000015,Gang Member,Wanted
SUS000890,CASE001974,CID000554,Main Suspect,Arrested
SUS000891,CASE002610,CID000133,Unknown Suspect,Under Surveillance
SUS000892,CASE002610,CID002205,Gang Member,Under Surveillance
SUS000893,CASE002793,CID008675,Main Suspect,Under Surveillance
SUS000894,CASE001306,CID000603,Gang Member,Absconding
SUS000895,CASE000756,CID005367,Gang Member,Arrested
SUS000896,CASE006740,CID000040,Main Suspect,Under Surveillance
SUS000897,CASE005032,CID004415,Gang Member,Absconding
SUS000898,CASE003331,CID009572,Accomplice,Under Surveillance
SUS000899,CASE002401,CID001760,Unknown Suspect,Arrested
SUS000900,CASE002586,CID000447,Main Suspect,Under Surveillance
SUS000901,CASE003921,CID002100,Accomplice,Absconding
SUS000902,CASE003592,CID001064,Main Suspect,Arrested
SUS000903,CASE009000,CID003197,Gang Member,Under Surveillance
SUS000904,CASE008757,CID002893,Main Suspect,Wanted
SUS000905,CASE005033,CID007124,Unknown Suspect,Under Surveillance
SUS000906,CASE003901,CID003389,Gang Member,Under Surveillance
SUS000907,CASE002924,CID001849,Accomplice,Wanted
SUS000908,CASE002486,CID009820,Accomplice,Under Surveillance
SUS000909,CASE003716,CID006275,Accomplice,Arrested
SUS000910,CASE006434,CID001497,Main Suspect,Under Surveillance
SUS000911,CASE006354,CID003657,Accomplice,Wanted
SUS000912,CASE004209,CID000499,Gang Member,Wanted
SUS000913,CASE000300,CID000589,Accomplice,Absconding
SUS000914,CASE006126,CID007270,Main Suspect,Arrested
SUS000915,CASE008310,CID005356,Accomplice,Wanted
SUS000916,CASE009888,CID000399,Unknown Suspect,Absconding
SUS000917,CASE005433,CID001982,Gang Member,Wanted
SUS000918,CASE007788,CID001889,Unknown Suspect,Under Surveillance
SUS000919,CASE000833,CID000678,Gang Member,Under Surveillance
SUS000920,CASE002828,CID000976,Accomplice,Arrested
SUS000921,CASE008524,CID004904,Accomplice,Wanted
SUS000922,CASE003965,CID000504,Main Suspect,Under Surveillance
SUS000923,CASE009003,CID000165,Unknown Suspect,Arrested
SUS000924,CASE004292,CID005993,Unknown Suspect,Under Surveillance
SUS000925,CASE003115,CID000687,Main Suspect,Under Surveillance
SUS000926,CASE004620,CID000112,Main Suspect,Absconding
SUS000927,CASE001727,CID000516,Unknown Suspect,Wanted
SUS000928,CASE009730,CID000207,Main Suspect,Under Surveillance
SUS000929,CASE009443,CID008876,Unknown Suspect,Wanted
SUS000930,CASE007567,CID000840,Accomplice,Absconding
SUS000931,CASE001136,CID000312,Main Suspect,Absconding
SUS000932,CASE004115,CID000165,Accomplice,Wanted
SUS000933,CASE006092,CID000294,Main Suspect,Arrested
SUS000934,CASE005032,CID005206,Main Suspect,Absconding
SUS000935,CASE007414,CID000324,Unknown Suspect,Wanted
SUS000936,CASE005605,CID000517,Main Suspect,Under Surveillance
SUS000937,CASE004602,CID000884,Main Suspect,Arrested
SUS000938,CASE002217,CID006086,Main Suspect,Absconding
SUS000939,CASE001543,CID003253,Accomplice,Under Surveillance
SUS000940,CASE003226,CID000305,Unknown Suspect,Absconding
SUS000941,CASE001963,CID000687,Main Suspect,Arrested
SUS000942,CASE005164,CID000442,Gang Member,Under Surveillance
SUS000943,CASE005688,CID007050,Accomplice,Arrested
SUS000944,CASE003693,CID000133,Gang Member,Arrested
SUS000945,CASE001361,CID006355,Gang Member,Wanted
SUS000946,CASE002167,CID000067,Accomplice,Wanted
SUS000947,CASE008879,CID000104,Gang Member,Arrested
SUS000948,CASE004163,CID004216,Gang Member,Under Surveillance
SUS000949,CASE007882,CID008371,Unknown Suspect,Absconding
SUS000950,CASE004076,CID003103,Main Suspect,Under Surveillance
SUS000951,CASE001874,CID005775,Unknown Suspect,Arrested
SUS000952,CASE009113,CID004265,Main Suspect,Arrested
SUS000953,CASE002549,CID000283,Main Suspect,Under Surveillance
SUS000954,CASE007395,CID006293,Main Suspect,Under Surveillance
SUS000955,CASE004301,CID003518,Unknown Suspect,Wanted
SUS000956,CASE002306,CID001031,Gang Member,Arrested
SUS000957,CASE000812,CID009931,Gang Member,Under Surveillance
SUS000958,CASE008390,CID006882,Main Suspect,Arrested
SUS000959,CASE002485,CID004701,Gang Member,Wanted
SUS000960,CASE002726,CID005428,Unknown Suspect,Under Surveillance
SUS000961,CASE007555,CID000303,Accomplice,Wanted
SUS000962,CASE001831,CID000508,Main Suspect,Wanted
SUS000963,CASE008442,CID006477,Unknown Suspect,Arrested
SUS000964,CASE008722,CID002836,Unknown Suspect,Under Surveillance
SUS000965,CASE009792,CID000326,Accomplice,Absconding
SUS000966,CASE004795,CID000654,Gang Member,Arrested
SUS000967,CASE006590,CID005541,Accomplice,Under Surveillance
SUS000968,CASE004212,CID001116,Main Suspect,Wanted
SUS000969,CASE003920,CID002545,Unknown Suspect,Arrested
SUS000970,CASE005920,CID000386,Accomplice,Under Surveillance
SUS000971,CASE000319,CID001089,Unknown Suspect,Wanted
SUS000972,CASE000651,CID009079,Gang Member,Absconding
SUS000973,CASE004713,CID008648,Gang Member,Wanted
SUS000974,CASE009890,CID004336,Main Suspect,Arrested
SUS000975,CASE002733,CID006850,Accomplice,Absconding
SUS000976,CASE007767,CID000005,Unknown Suspect,Absconding
SUS000977,CASE004750,CID000246,Accomplice,Absconding
SUS000978,CASE001280,CID003150,Gang Member,Wanted
SUS000979,CASE000830,CID008680,Accomplice,Under Surveillance
SUS000980,CASE004382,CID007544,Main Suspect,Arrested
SUS000981,CASE003041,CID007936,Accomplice,Arrested
SUS000982,CASE007112,CID004078,Unknown Suspect,Absconding
SUS000983,CASE009874,CID007977,Gang Member,Arrested
SUS000984,CASE004422,CID000503,Gang Member,Wanted
SUS000985,CASE006960,CID000288,Main Suspect,Wanted
SUS000986,CASE007097,CID000415,Unknown Suspect,Wanted
SUS000987,CASE007165,CID000280,Main Suspect,Arrested
SUS000988,CASE005377,CID000236,Unknown Suspect,Arrested
SUS000989,CASE006005,CID001324,Unknown Suspect,Absconding
SUS000990,CASE001082,CID001865,Main Suspect,Arrested
SUS000991,CASE003220,CID006883,Unknown Suspect,Absconding
SUS000992,CASE009944,CID002730,Gang Member,Wanted
SUS000993,CASE003478,CID001707,Accomplice,Under Surveillance
SUS000994,CASE007546,CID005296,Accomplice,Absconding
SUS000995,CASE001859,CID000246,Unknown Suspect,Absconding
SUS000996,CASE009240,CID000948,Unknown Suspect,Wanted
SUS000997,CASE009401,CID009151,Accomplice,Wanted
SUS000998,CASE005249,CID000335,Unknown Suspect,Wanted
SUS000999,CASE007674,CID007160,Unknown Suspect,Under Surveillance
SUS001000,CASE006642,CID000783,Main Suspect,Absconding
SUS001001,CASE000661,CID006088,Accomplice,Arrested
SUS001002,CASE006856,CID008761,Accomplice,Wanted
SUS001003,CASE005097,CID006279,Main Suspect,Under Surveillance
SUS001004,CASE003156,CID009821,Unknown Suspect,Under Surveillance
SUS001005,CASE009093,CID004749,Accomplice,Wanted
SUS001006,CASE009565,CID009418,Main Suspect,Absconding
SUS001007,CASE005416,CID001329,Unknown Suspect,Arrested
SUS001008,CASE001065,CID001997,Gang Member,Absconding
SUS001009,CASE003025,CID000756,Main Suspect,Under Surveillance
SUS001010,CASE004684,CID007401,Accomplice,Wanted
SUS001011,CASE003620,CID000105,Unknown Suspect,Under Surveillance
SUS001012,CASE003033,CID009608,Main Suspect,Absconding
SUS001013,CASE005671,CID008568,Unknown Suspect,Wanted
SUS001014,CASE004743,CID003732,Accomplice,Absconding
SUS001015,CASE004136,CID008767,Main Suspect,Wanted
SUS001016,CASE005649,CID000009,Gang Member,Wanted
SUS001017,CASE005313,CID002190,Gang Member,Wanted
SUS001018,CASE001683,CID006115,Unknown Suspect,Under Surveillance
SUS001019,CASE001140,CID004945,Gang Member,Under Surveillance
SUS001020,CASE009805,CID003607,Unknown Suspect,Wanted
SUS001021,CASE008626,CID004489,Gang Member,Arrested
SUS001022,CASE002448,CID003004,Main Suspect,Under Surveillance
SUS001023,CASE001996,CID007003,Main Suspect,Wanted
SUS001024,CASE001711,CID003606,Unknown Suspect,Absconding
SUS001025,CASE006011,CID002570,Main Suspect,Arrested
SUS001026,CASE009217,CID004234,Main Suspect,Absconding
SUS001027,CASE007654,CID000138,Accomplice,Under Surveillance
SUS001028,CASE009228,CID000688,Gang Member,Arrested
SUS001029,CASE000443,CID000731,Gang Member,Wanted
SUS001030,CASE005075,CID000329,Main Suspect,Absconding
SUS001031,CASE005250,CID009923,Accomplice,Arrested
SUS001032,CASE006545,CID004231,Unknown Suspect,Wanted
SUS001033,CASE006140,CID008248,Gang Member,Under Surveillance
SUS001034,CASE003021,CID003488,Main Suspect,Wanted
SUS001035,CASE008749,CID002277,Accomplice,Arrested
SUS001036,CASE006298,CID000444,Gang Member,Wanted
SUS001037,CASE006252,CID006692,Gang Member,Absconding
SUS001038,CASE003527,CID000467,Main Suspect,Arrested
SUS001039,CASE008382,CID000627,Accomplice,Arrested
SUS001040,CASE006831,CID000010,Unknown Suspect,Arrested
SUS001041,CASE000784,CID002007,Main Suspect,Arrested
SUS001042,CASE008333,CID007100,Accomplice,Under Surveillance
SUS001043,CASE000712,CID003921,Unknown Suspect,Absconding
SUS001044,CASE009101,CID009826,Gang Member,Arrested
SUS001045,CASE000717,CID000338,Unknown Suspect,Absconding
SUS001046,CASE001340,CID003587,Gang Member,Arrested
SUS001047,CASE002764,CID005699,Main Suspect,Arrested
SUS001048,CASE002673,CID000933,Unknown Suspect,Wanted
SUS001049,CASE002491,CID005544,Main Suspect,Wanted
SUS001050,CASE007919,CID008002,Accomplice,Wanted
SUS001051,CASE003690,CID000717,Gang Member,Under Surveillance
SUS001052,CASE003717,CID000194,Main Suspect,Absconding
SUS001053,CASE002754,CID004376,Gang Member,Under Surveillance
SUS001054,CASE005038,CID007988,Main Suspect,Under Surveillance
SUS001055,CASE003119,CID000627,Main Suspect,Absconding
SUS001056,CASE007740,CID003533,Accomplice,Arrested
SUS001057,CASE008677,CID000192,Accomplice,Arrested
SUS001058,CASE005864,CID000257,Main Suspect,Arrested
SUS001059,CASE008668,CID004758,Main Suspect,Arrested
SUS001060,CASE001369,CID007046,Main Suspect,Under Surveillance
SUS001061,CASE004033,CID003618,Accomplice,Under Surveillance
SUS001062,CASE008671,CID007698,Gang Member,Arrested
SUS001063,CASE005542,CID005450,Main Suspect,Wanted
SUS001064,CASE000820,CID002241,Unknown Suspect,Under Surveillance
SUS001065,CASE004697,CID001360,Gang Member,Absconding
SUS001066,CASE006668,CID000476,Gang Member,Wanted
SUS001067,CASE000671,CID009575,Accomplice,Arrested
SUS001068,CASE000196,CID007805,Main Suspect,Absconding
SUS001069,CASE000753,CID007902,Main Suspect,Under Surveillance
SUS001070,CASE006909,CID006418,Main Suspect,Arrested
SUS001071,CASE002903,CID009186,Main Suspect,Arrested
SUS001072,CASE009154,CID008698,Main Suspect,Arrested
SUS001073,CASE008489,CID008365,Gang Member,Under Surveillance
SUS001074,CASE001551,CID003992,Accomplice,Absconding
SUS001075,CASE009579,CID000331,Main Suspect,Under Surveillance
SUS001076,CASE003059,CID005932,Accomplice,Arrested
SUS001077,CASE006899,CID007606,Gang Member,Under Surveillance
SUS001078,CASE002792,CID000019,Unknown Suspect,Under Surveillance
SUS001079,CASE005390,CID003342,Accomplice,Wanted
SUS001080,CASE002716,CID000793,Gang Member,Absconding
SUS001081,CASE007918,CID007925,Accomplice,Wanted
SUS001082,CASE009467,CID000485,Main Suspect,Under Surveillance
SUS001083,CASE009996,CID003216,Unknown Suspect,Under Surveillance
SUS001084,CASE000096,CID005134,Main Suspect,Arrested
SUS001085,CASE000049,CID000571,Gang Member,Absconding
SUS001086,CASE001443,CID006153,Gang Member,Arrested
SUS001087,CASE000902,CID000398,Main Suspect,Arrested
SUS001088,CASE002975,CID004873,Main Suspect,Absconding
SUS001089,CASE008640,CID009496,Unknown Suspect,Under Surveillance
SUS001090,CASE006344,CID000373,Unknown Suspect,Absconding
SUS001091,CASE006089,CID000628,Unknown Suspect,Wanted
SUS001092,CASE006835,CID000748,Accomplice,Absconding
SUS001093,CASE008042,CID000488,Gang Member,Wanted
SUS001094,CASE007966,CID009971,Main Suspect,Wanted
SUS001095,CASE002841,CID000102,Main Suspect,Wanted
SUS001096,CASE006789,CID000743,Gang Member,Absconding
SUS001097,CASE001917,CID006737,Main Suspect,Absconding
SUS001098,CASE006141,CID000187,Accomplice,Wanted
SUS001099,CASE004127,CID001696,Accomplice,Wanted
SUS001100,CASE004710,CID003466,Gang Member,Under Surveillance
SUS001101,CASE003794,CID000613,Accomplice,Under Surveillance
SUS001102,CASE007761,CID001063,Gang Member,Absconding
SUS001103,CASE009278,CID000168,Accomplice,Arrested
SUS001104,CASE009399,CID006494,Main Suspect,Absconding
SUS001105,CASE007817,CID005542,Unknown Suspect,Wanted
SUS001106,CASE009394,CID000345,Accomplice,Under Surveillance
SUS001107,CASE005312,CID008286,Unknown Suspect,Absconding
SUS001108,CASE002261,CID000655,Main Suspect,Under Surveillance
SUS001109,CASE007690,CID002353,Main Suspect,Under Surveillance
SUS001110,CASE007338,CID006130,Accomplice,Wanted
SUS001111,CASE007437,CID002992,Main Suspect,Wanted
SUS001112,CASE000145,CID003403,Accomplice,Wanted
SUS001113,CASE007438,CID008224,Gang Member,Absconding
SUS001114,CASE007285,CID007662,Gang Member,Under Surveillance
SUS001115,CASE004664,CID000663,Accomplice,Under Surveillance
SUS001116,CASE002394,CID000428,Main Suspect,Arrested
SUS001117,CASE002837,CID000519,Accomplice,Absconding
SUS001118,CASE007709,CID009912,Accomplice,Wanted
SUS001119,CASE006227,CID003476,Main Suspect,Absconding
SUS001120,CASE003154,CID006226,Accomplice,Absconding
SUS001121,CASE002544,CID008960,Unknown Suspect,Wanted
SUS001122,CASE007760,CID006483,Main Suspect,Arrested
SUS001123,CASE008049,CID000748,Accomplice,Wanted
SUS001124,CASE008177,CID000706,Gang Member,Wanted
SUS001125,CASE009602,CID007054,Accomplice,Arrested
SUS001126,CASE005378,CID008712,Main Suspect,Absconding
SUS001127,CASE009668,CID000086,Accomplice,Wanted
SUS001128,CASE003671,CID001656,Accomplice,Wanted
SUS001129,CASE008262,CID008135,Gang Member,Wanted
SUS001130,CASE008330,CID004064,Unknown Suspect,Arrested
SUS001131,CASE009341,CID001065,Gang Member,Absconding
SUS001132,CASE000486,CID000757,Gang Member,Under Surveillance
SUS001133,CASE008477,CID000770,Main Suspect,Wanted
SUS001134,CASE001914,CID006862,Gang Member,Under Surveillance
SUS001135,CASE003388,CID005591,Accomplice,Absconding
SUS001136,CASE005248,CID003150,Accomplice,Arrested
SUS001137,CASE007196,CID002915,Main Suspect,Wanted
SUS001138,CASE004591,CID005594,Main Suspect,Under Surveillance
SUS001139,CASE006977,CID007239,Gang Member,Under Surveillance
SUS001140,CASE001135,CID002133,Accomplice,Under Surveillance
SUS001141,CASE002198,CID004734,Accomplice,Under Surveillance
SUS001142,CASE001779,CID000409,Unknown Suspect,Under Surveillance
SUS001143,CASE009450,CID000765,Accomplice,Wanted
SUS001144,CASE009955,CID008743,Accomplice,Arrested
SUS001145,CASE009340,CID007669,Unknown Suspect,Under Surveillance
SUS001146,CASE005447,CID004991,Unknown Suspect,Wanted
SUS001147,CASE006002,CID000718,Main Suspect,Under Surveillance
SUS001148,CASE002271,CID008701,Main Suspect,Absconding
SUS001149,CASE006682,CID000492,Gang Member,Under Surveillance
SUS001150,CASE001923,CID005294,Gang Member,Absconding
SUS001151,CASE006369,CID003339,Accomplice,Under Surveillance
SUS001152,CASE000682,CID003820,Main Suspect,Wanted
SUS001153,CASE007173,CID006827,Unknown Suspect,Absconding
SUS001154,CASE008321,CID003198,Main Suspect,Under Surveillance
SUS001155,CASE004157,CID009407,Main Suspect,Wanted
SUS001156,CASE009752,CID000017,Gang Member,Arrested
SUS001157,CASE008764,CID000254,Main Suspect,Absconding
SUS001158,CASE003556,CID000517,Gang Member,Wanted
SUS001159,CASE003589,CID006555,Unknown Suspect,Under Surveillance
SUS001160,CASE008092,CID003193,Accomplice,Wanted
SUS001161,CASE003227,CID003791,Accomplice,Absconding
SUS001162,CASE004858,CID004423,Main Suspect,Arrested
SUS001163,CASE001290,CID006274,Gang Member,Wanted
SUS001164,CASE000519,CID000666,Gang Member,Arrested
SUS001165,CASE003369,CID002471,Main Suspect,Wanted
SUS001166,CASE006911,CID005030,Gang Member,Under Surveillance
SUS001167,CASE001738,CID001553,Gang Member,Under Surveillance
SUS001168,CASE002492,CID000313,Main Suspect,Arrested
SUS001169,CASE002784,CID000931,Unknown Suspect,Wanted
SUS001170,CASE005312,CID005570,Unknown Suspect,Wanted
SUS001171,CASE008303,CID000939,Main Suspect,Arrested
SUS001172,CASE001402,CID000785,Main Suspect,Absconding
SUS001173,CASE001586,CID007169,Unknown Suspect,Absconding
SUS001174,CASE007697,CID003099,Main Suspect,Under Surveillance
SUS001175,CASE003333,CID005740,Main Suspect,Arrested
SUS001176,CASE009833,CID006670,Main Suspect,Under Surveillance
SUS001177,CASE002989,CID000478,Unknown Suspect,Arrested
SUS001178,CASE000341,CID007257,Main Suspect,Under Surveillance
SUS001179,CASE008107,CID000619,Accomplice,Wanted
SUS001180,CASE007654,CID008833,Gang Member,Absconding
SUS001181,CASE000805,CID008008,Unknown Suspect,Absconding
SUS001182,CASE000864,CID005842,Gang Member,Absconding
SUS001183,CASE000281,CID007304,Accomplice,Under Surveillance
SUS001184,CASE002679,CID006825,Main Suspect,Under Surveillance
SUS001185,CASE004145,CID007679,Main Suspect,Absconding
SUS001186,CASE006005,CID000352,Accomplice,Arrested
SUS001187,CASE005672,CID000289,Unknown Suspect,Wanted
SUS001188,CASE009021,CID007893,Unknown Suspect,Arrested
SUS001189,CASE004166,CID008384,Gang Member,Absconding
SUS001190,CASE001557,CID002387,Main Suspect,Wanted
SUS001191,CASE001602,CID003196,Unknown Suspect,Arrested
SUS001192,CASE001031,CID000452,Gang Member,Arrested
SUS001193,CASE007293,CID005415,Main Suspect,Wanted
SUS001194,CASE001170,CID000225,Main Suspect,Wanted
SUS001195,CASE005387,CID002532,Unknown Suspect,Absconding
SUS001196,CASE004546,CID006837,Unknown Suspect,Arrested
SUS001197,CASE009468,CID003445,Main Suspect,Absconding
SUS001198,CASE000284,CID000428,Accomplice,Wanted
SUS001199,CASE000481,CID003140,Accomplice,Arrested
SUS001200,CASE006094,CID003547,Main Suspect,Under Surveillance
SUS001201,CASE004814,CID005480,Unknown Suspect,Absconding
SUS001202,CASE008484,CID004164,Gang Member,Under Surveillance
SUS001203,CASE007591,CID003093,Main Suspect,Under Surveillance
SUS001204,CASE001084,CID008513,Gang Member,Absconding
SUS001205,CASE006787,CID002761,Gang Member,Arrested
SUS001206,CASE001208,CID004743,Unknown Suspect,Absconding
SUS001207,CASE003611,CID005683,Accomplice,Under Surveillance
SUS001208,CASE006076,CID009090,Gang Member,Arrested
SUS001209,CASE000681,CID003151,Main Suspect,Arrested
SUS001210,CASE005822,CID000262,Accomplice,Arrested
SUS001211,CASE001889,CID009167,Main Suspect,Absconding
SUS001212,CASE003430,CID000260,Unknown Suspect,Arrested
SUS001213,CASE004625,CID000192,Gang Member,Wanted
SUS001214,CASE008671,CID000484,Gang Member,Under Surveillance
SUS001215,CASE006256,CID000972,Unknown Suspect,Arrested
SUS001216,CASE002923,CID000633,Unknown Suspect,Wanted
SUS001217,CASE000543,CID000394,Gang Member,Absconding
SUS001218,CASE009970,CID003778,Main Suspect,Arrested
SUS001219,CASE004461,CID000183,Unknown Suspect,Arrested
SUS001220,CASE008517,CID006655,Accomplice,Arrested
SUS001221,CASE003520,CID008027,Main Suspect,Under Surveillance
SUS001222,CASE007123,CID008747,Gang Member,Wanted
SUS001223,CASE002642,CID000471,Accomplice,Arrested
SUS001224,CASE009565,CID000251,Main Suspect,Wanted
SUS001225,CASE007946,CID006594,Unknown Suspect,Under Surveillance
SUS001226,CASE001518,CID000177,Unknown Suspect,Under Surveillance
SUS001227,CASE002891,CID009603,Main Suspect,Under Surveillance
SUS001228,CASE009886,CID003081,Unknown Suspect,Wanted
SUS001229,CASE007265,CID008644,Accomplice,Wanted
SUS001230,CASE004161,CID009044,Unknown Suspect,Arrested
SUS001231,CASE007725,CID000270,Accomplice,Wanted
SUS001232,CASE001761,CID003433,Accomplice,Arrested
SUS001233,CASE007899,CID000776,Main Suspect,Under Surveillance
SUS001234,CASE005327,CID000334,Gang Member,Arrested
SUS001235,CASE003732,CID002483,Accomplice,Under Surveillance
SUS001236,CASE001966,CID006453,Main Suspect,Under Surveillance
SUS001237,CASE009372,CID006094,Main Suspect,Arrested
SUS001238,CASE000073,CID006532,Unknown Suspect,Absconding
SUS001239,CASE002001,CID000464,Main Suspect,Arrested
SUS001240,CASE001974,CID002226,Accomplice,Arrested
SUS001241,CASE002150,CID000011,Main Suspect,Arrested
SUS001242,CASE007902,CID004556,Gang Member,Arrested
SUS001243,CASE000460,CID000046,Gang Member,Wanted
SUS001244,CASE008469,CID009366,Main Suspect,Under Surveillance
SUS001245,CASE002647,CID005805,Accomplice,Absconding
SUS001246,CASE002707,CID003089,Main Suspect,Arrested
SUS001247,CASE007105,CID002480,Gang Member,Absconding
SUS001248,CASE000046,CID000061,Unknown Suspect,Wanted
SUS001249,CASE009651,CID000820,Gang Member,Absconding
SUS001250,CASE008333,CID007209,Main Suspect,Wanted
SUS001251,CASE004446,CID007979,Main Suspect,Under Surveillance
SUS001252,CASE004694,CID003593,Unknown Suspect,Wanted
SUS001253,CASE003053,CID000406,Gang Member,Absconding
SUS001254,CASE002010,CID004934,Main Suspect,Wanted
SUS001255,CASE004349,CID009604,Accomplice,Arrested
SUS001256,CASE005448,CID007911,Unknown Suspect,Arrested
SUS001257,CASE000621,CID003184,Unknown Suspect,Under Surveillance
SUS001258,CASE004780,CID000525,Unknown Suspect,Arrested
SUS001259,CASE007305,CID006170,Gang Member,Absconding
SUS001260,CASE001542,CID001583,Unknown Suspect,Under Surveillance
SUS001261,CASE007912,CID000620,Main Suspect,Arrested
SUS001262,CASE003817,CID005291,Unknown Suspect,Wanted
SUS001263,CASE006317,CID004043,Main Suspect,Arrested
SUS001264,CASE003187,CID004980,Unknown Suspect,Under Surveillance
SUS001265,CASE008649,CID007454,Unknown Suspect,Under Surveillance
SUS001266,CASE005971,CID009225,Unknown Suspect,Arrested
SUS001267,CASE002069,CID000704,Accomplice,Wanted
SUS001268,CASE005488,CID003643,Main Suspect,Arrested
SUS001269,CASE008526,CID000247,Accomplice,Absconding
SUS001270,CASE005041,CID008283,Accomplice,Under Surveillance
SUS001271,CASE003722,CID009375,Main Suspect,Wanted
SUS001272,CASE001562,CID000045,Unknown Suspect,Wanted
SUS001273,CASE006388,CID000066,Main Suspect,Absconding
SUS001274,CASE003052,CID009386,Accomplice,Wanted
SUS001275,CASE007781,CID001659,Gang Member,Absconding
SUS001276,CASE006110,CID000690,Unknown Suspect,Arrested
SUS001277,CASE005310,CID002471,Gang Member,Arrested
SUS001278,CASE007312,CID001604,Accomplice,Wanted
SUS001279,CASE003321,CID004002,Gang Member,Wanted
SUS001280,CASE009048,CID000291,Main Suspect,Wanted
SUS001281,CASE006560,CID008498,Unknown Suspect,Absconding
SUS001282,CASE004217,CID005560,Gang Member,Arrested
SUS001283,CASE006697,CID000335,Gang Member,Arrested
SUS001284,CASE002436,CID007978,Unknown Suspect,Wanted
SUS001285,CASE003740,CID009935,Main Suspect,Absconding
SUS001286,CASE007328,CID007884,Main Suspect,Absconding
SUS001287,CASE009563,CID000373,Accomplice,Absconding
SUS001288,CASE001065,CID003076,Unknown Suspect,Absconding
SUS001289,CASE000870,CID000483,Gang Member,Arrested
SUS001290,CASE006346,CID001175,Accomplice,Under Surveillance
SUS001291,CASE006625,CID005750,Unknown Suspect,Wanted
SUS001292,CASE009534,CID008687,Unknown Suspect,Wanted
SUS001293,CASE000754,CID004420,Gang Member,Wanted
SUS001294,CASE002235,CID007350,Unknown Suspect,Absconding
SUS001295,CASE003748,CID002350,Unknown Suspect,Under Surveillance
SUS001296,CASE009360,CID005502,Gang Member,Under Surveillance
SUS001297,CASE005943,CID005566,Gang Member,Wanted
SUS001298,CASE004496,CID007858,Main Suspect,Under Surveillance
SUS001299,CASE009383,CID008593,Accomplice,Wanted
SUS001300,CASE000504,CID000593,Main Suspect,Wanted
SUS001301,CASE000725,CID000362,Gang Member,Absconding
SUS001302,CASE000607,CID001009,Main Suspect,Under Surveillance
SUS001303,CASE002443,CID000772,Accomplice,Arrested
SUS001304,CASE007919,CID004281,Main Suspect,Arrested
SUS001305,CASE009602,CID001830,Main Suspect,Absconding
SUS001306,CASE001206,CID000103,Accomplice,Absconding
SUS001307,CASE003390,CID005403,Accomplice,Arrested
SUS001308,CASE000943,CID007708,Accomplice,Wanted
SUS001309,CASE005332,CID002305,Unknown Suspect,Wanted
SUS001310,CASE003637,CID005574,Gang Member,Under Surveillance
SUS001311,CASE000035,CID000184,Main Suspect,Under Surveillance
SUS001312,CASE000993,CID006316,Accomplice,Arrested
SUS001313,CASE000802,CID007958,Main Suspect,Wanted
SUS001314,CASE007112,CID002438,Accomplice,Arrested
SUS001315,CASE006540,CID009514,Accomplice,Arrested
SUS001316,CASE005820,CID003083,Main Suspect,Wanted
SUS001317,CASE003487,CID007135,Accomplice,Arrested
SUS001318,CASE009153,CID008365,Accomplice,Arrested
SUS001319,CASE001879,CID006989,Main Suspect,Under Surveillance
SUS001320,CASE007232,CID000788,Unknown Suspect,Wanted
SUS001321,CASE005308,CID003390,Accomplice,Absconding
SUS001322,CASE009398,CID004931,Gang Member,Arrested
SUS001323,CASE000771,CID008376,Unknown Suspect,Wanted
SUS001324,CASE007010,CID004599,Gang Member,Wanted
SUS001325,CASE008951,CID003589,Accomplice,Absconding
SUS001326,CASE003868,CID002683,Gang Member,Wanted
SUS001327,CASE001461,CID002092,Unknown Suspect,Under Surveillance
SUS001328,CASE003905,CID000659,Unknown Suspect,Wanted
SUS001329,CASE004647,CID004799,Gang Member,Under Surveillance
SUS001330,CASE004329,CID004913,Unknown Suspect,Under Surveillance
SUS001331,CASE000086,CID001125,Main Suspect,Under Surveillance
SUS001332,CASE002493,CID000381,Unknown Suspect,Arrested
SUS001333,CASE003404,CID007043,Main Suspect,Arrested
SUS001334,CASE005113,CID000990,Gang Member,Wanted
SUS001335,CASE006119,CID004831,Accomplice,Wanted
SUS001336,CASE001691,CID003557,Accomplice,Wanted
SUS001337,CASE005991,CID001278,Gang Member,Wanted
SUS001338,CASE005983,CID003569,Accomplice,Under Surveillance
SUS001339,CASE005260,CID006283,Gang Member,Absconding
SUS001340,CASE002178,CID003553,Gang Member,Under Surveillance
SUS001341,CASE001652,CID000746,Unknown Suspect,Wanted
SUS001342,CASE002494,CID001714,Gang Member,Absconding
SUS001343,CASE000448,CID007918,Gang Member,Under Surveillance
SUS001344,CASE009169,CID004530,Main Suspect,Arrested
SUS001345,CASE002271,CID000087,Accomplice,Under Surveillance
SUS001346,CASE001677,CID003765,Gang Member,Arrested
SUS001347,CASE003971,CID000721,Gang Member,Absconding
SUS001348,CASE007088,CID003980,Accomplice,Wanted
SUS001349,CASE005267,CID004980,Unknown Suspect,Wanted
SUS001350,CASE001604,CID009226,Accomplice,Arrested
SUS001351,CASE002121,CID005547,Unknown Suspect,Wanted
SUS001352,CASE005399,CID001065,Main Suspect,Absconding
SUS001353,CASE003588,CID000589,Gang Member,Under Surveillance
SUS001354,CASE002293,CID000442,Gang Member,Absconding
SUS001355,CASE009437,CID002553,Accomplice,Wanted
SUS001356,CASE005256,CID002024,Unknown Suspect,Wanted
SUS001357,CASE007168,CID000364,Accomplice,Arrested
SUS001358,CASE006933,CID000445,Accomplice,Under Surveillance
SUS001359,CASE000778,CID008884,Gang Member,Absconding
SUS001360,CASE009890,CID004143,Main Suspect,Under Surveillance
SUS001361,CASE008631,CID000987,Main Suspect,Under Surveillance
SUS001362,CASE007549,CID000105,Accomplice,Absconding
SUS001363,CASE007644,CID000362,Accomplice,Wanted
SUS001364,CASE002429,CID000260,Gang Member,Wanted
SUS001365,CASE007508,CID006646,Accomplice,Under Surveillance
SUS001366,CASE006823,CID008477,Gang Member,Wanted
SUS001367,CASE007254,CID000693,Accomplice,Absconding
SUS001368,CASE003773,CID004064,Accomplice,Absconding
SUS001369,CASE008128,CID000430,Gang Member,Absconding
SUS001370,CASE000323,CID008727,Gang Member,Wanted
SUS001371,CASE008955,CID000031,Unknown Suspect,Under Surveillance
SUS001372,CASE009834,CID001684,Unknown Suspect,Under Surveillance
SUS001373,CASE004615,CID007142,Main Suspect,Wanted
SUS001374,CASE009755,CID000761,Main Suspect,Wanted
SUS001375,CASE003634,CID000563,Main Suspect,Absconding
SUS001376,CASE007311,CID005312,Accomplice,Wanted
SUS001377,CASE008317,CID007004,Accomplice,Wanted
SUS001378,CASE006496,CID009052,Main Suspect,Absconding
SUS001379,CASE004547,CID009784,Accomplice,Absconding
SUS001380,CASE006079,CID000688,Unknown Suspect,Absconding
SUS001381,CASE003019,CID000005,Gang Member,Wanted
SUS001382,CASE000296,CID000787,Unknown Suspect,Arrested
SUS001383,CASE005407,CID000085,Accomplice,Absconding
SUS001384,CASE003569,CID005386,Unknown Suspect,Arrested
SUS001385,CASE002584,CID008655,Main Suspect,Absconding
SUS001386,CASE007668,CID000608,Unknown Suspect,Wanted
SUS001387,CASE000949,CID005947,Accomplice,Arrested
SUS001388,CASE004764,CID005885,Accomplice,Absconding
SUS001389,CASE008423,CID008605,Gang Member,Under Surveillance
SUS001390,CASE002096,CID008739,Main Suspect,Absconding
SUS001391,CASE006738,CID000409,Accomplice,Wanted
SUS001392,CASE009626,CID004112,Unknown Suspect,Absconding
SUS001393,CASE003137,CID003454,Unknown Suspect,Absconding
SUS001394,CASE000263,CID009801,Gang Member,Under Surveillance
SUS001395,CASE003148,CID000579,Main Suspect,Arrested
SUS001396,CASE007084,CID000111,Main Suspect,Wanted
SUS001397,CASE007583,CID000039,Unknown Suspect,Arrested
SUS001398,CASE006864,CID008689,Main Suspect,Wanted
SUS001399,CASE001369,CID000240,Gang Member,Arrested
SUS001400,CASE008700,CID002195,Unknown Suspect,Under Surveillance
SUS001401,CASE008441,CID005208,Gang Member,Under Surveillance
SUS001402,CASE005068,CID001875,Main Suspect,Wanted
SUS001403,CASE003854,CID007005,Unknown Suspect,Absconding
SUS001404,CASE007146,CID000174,Gang Member,Absconding
SUS001405,CASE006478,CID003922,Main Suspect,Wanted
SUS001406,CASE004919,CID008608,Main Suspect,Arrested
SUS001407,CASE005239,CID007901,Accomplice,Wanted
SUS001408,CASE006936,CID000036,Main Suspect,Arrested
SUS001409,CASE004810,CID009341,Accomplice,Absconding
SUS001410,CASE000820,CID001447,Accomplice,Arrested
SUS001411,CASE003572,CID004266,Accomplice,Wanted
SUS001412,CASE000857,CID004137,Gang Member,Arrested
SUS001413,CASE005730,CID001909,Main Suspect,Absconding
SUS001414,CASE009595,CID003041,Accomplice,Absconding
SUS001415,CASE009388,CID000749,Unknown Suspect,Absconding
SUS001416,CASE009812,CID008488,Main Suspect,Arrested
SUS001417,CASE001719,CID000568,Main Suspect,Wanted
SUS001418,CASE001054,CID007368,Unknown Suspect,Under Surveillance
SUS001419,CASE006418,CID001780,Gang Member,Under Surveillance
SUS001420,CASE009523,CID009579,Gang Member,Absconding
SUS001421,CASE007117,CID000018,Gang Member,Wanted
SUS001422,CASE002638,CID009289,Main Suspect,Under Surveillance
SUS001423,CASE007502,CID007522,Accomplice,Arrested
SUS001424,CASE006988,CID002013,Unknown Suspect,Under Surveillance
SUS001425,CASE001131,CID000324,Accomplice,Under Surveillance
SUS001426,CASE003109,CID006159,Gang Member,Wanted
SUS001427,CASE002550,CID000361,Main Suspect,Under Surveillance
SUS001428,CASE001986,CID004322,Unknown Suspect,Absconding
SUS001429,CASE000326,CID000788,Unknown Suspect,Arrested
SUS001430,CASE008287,CID002667,Accomplice,Under Surveillance
SUS001431,CASE001616,CID003861,Main Suspect,Arrested
SUS001432,CASE002407,CID005275,Unknown Suspect,Wanted
SUS001433,CASE005430,CID007764,Accomplice,Arrested
SUS001434,CASE008905,CID008475,Main Suspect,Under Surveillance
SUS001435,CASE004563,CID000315,Main Suspect,Absconding
SUS001436,CASE003591,CID008450,Main Suspect,Wanted
SUS001437,CASE005085,CID007060,Unknown Suspect,Under Surveillance
SUS001438,CASE004689,CID006773,Unknown Suspect,Arrested
SUS001439,CASE007453,CID000427,Unknown Suspect,Absconding
SUS001440,CASE000470,CID006223,Unknown Suspect,Under Surveillance
SUS001441,CASE002844,CID002651,Gang Member,Wanted
SUS001442,CASE003818,CID007028,Accomplice,Arrested
SUS001443,CASE000182,CID004536,Gang Member,Wanted
SUS001444,CASE000626,CID000171,Gang Member,Wanted
SUS001445,CASE005285,CID001818,Accomplice,Absconding
SUS001446,CASE002249,CID009697,Unknown Suspect,Wanted
SUS001447,CASE009069,CID002793,Main Suspect,Under Surveillance
SUS001448,CASE009827,CID006011,Unknown Suspect,Arrested
SUS001449,CASE008025,CID000258,Unknown Suspect,Absconding
SUS001450,CASE003215,CID006226,Main Suspect,Arrested
SUS001451,CASE002394,CID003002,Accomplice,Arrested
SUS001452,CASE007247,CID001322,Main Suspect,Wanted
SUS001453,CASE000512,CID003180,Main Suspect,Arrested
SUS001454,CASE005902,CID002456,Unknown Suspect,Arrested
SUS001455,CASE000473,CID001881,Unknown Suspect,Under Surveillance
SUS001456,CASE008381,CID000787,Gang Member,Under Surveillance
SUS001457,CASE001241,CID004707,Gang Member,Arrested
SUS001458,CASE007828,CID008093,Main Suspect,Under Surveillance
SUS001459,CASE001952,CID000374,Main Suspect,Wanted
SUS001460,CASE006812,CID008165,Accomplice,Arrested
SUS001461,CASE007175,CID000109,Unknown Suspect,Arrested
SUS001462,CASE003447,CID000031,Main Suspect,Arrested
SUS001463,CASE008357,CID003570,Unknown Suspect,Arrested
SUS001464,CASE003432,CID006232,Accomplice,Absconding
SUS001465,CASE009420,CID002504,Gang Member,Under Surveillance
SUS001466,CASE003334,CID007780,Accomplice,Under Surveillance
SUS001467,CASE004349,CID009629,Accomplice,Under Surveillance
SUS001468,CASE007696,CID000556,Unknown Suspect,Absconding
SUS001469,CASE001319,CID003255,Unknown Suspect,Wanted
SUS001470,CASE001453,CID009298,Accomplice,Under Surveillance
SUS001471,CASE002400,CID000791,Accomplice,Arrested
SUS001472,CASE008060,CID009458,Unknown Suspect,Arrested
SUS001473,CASE001584,CID002939,Main Suspect,Wanted
SUS001474,CASE005564,CID000244,Accomplice,Under Surveillance
SUS001475,CASE000734,CID000672,Unknown Suspect,Wanted
SUS001476,CASE003332,CID006618,Gang Member,Arrested
SUS001477,CASE003883,CID008503,Main Suspect,Wanted
SUS001478,CASE004984,CID002074,Gang Member,Wanted
SUS001479,CASE003784,CID001844,Main Suspect,Wanted
SUS001480,CASE005145,CID006531,Unknown Suspect,Arrested
SUS001481,CASE004840,CID005000,Unknown Suspect,Wanted
SUS001482,CASE008247,CID008678,Gang Member,Arrested
SUS001483,CASE001806,CID000806,Main Suspect,Absconding
SUS001484,CASE002769,CID004513,Main Suspect,Absconding
SUS001485,CASE009150,CID000428,Main Suspect,Arrested
SUS001486,CASE001344,CID000688,Gang Member,Under Surveillance
SUS001487,CASE006619,CID001417,Unknown Suspect,Arrested
SUS001488,CASE005298,CID002617,Gang Member,Wanted
SUS001489,CASE002401,CID004534,Unknown Suspect,Wanted
SUS001490,CASE006568,CID000028,Unknown Suspect,Wanted
SUS001491,CASE005255,CID004592,Accomplice,Under Surveillance
SUS001492,CASE006448,CID000470,Gang Member,Arrested
SUS001493,CASE006476,CID003632,Unknown Suspect,Arrested
SUS001494,CASE009918,CID000214,Main Suspect,Under Surveillance
SUS001495,CASE006985,CID005511,Accomplice,Absconding
SUS001496,CASE009028,CID000029,Accomplice,Absconding
SUS001497,CASE005860,CID002220,Gang Member,Under Surveillance
SUS001498,CASE006776,CID000572,Unknown Suspect,Wanted
SUS001499,CASE008771,CID000160,Accomplice,Absconding
SUS001500,CASE002252,CID004882,Accomplice,Under Surveillance
SUS001501,CASE008004,CID003480,Unknown Suspect,Wanted
SUS001502,CASE007029,CID004706,Main Suspect,Wanted
SUS001503,CASE002522,CID000241,Gang Member,Absconding
SUS001504,CASE007047,CID008034,Unknown Suspect,Under Surveillance
SUS001505,CASE003783,CID003664,Unknown Suspect,Absconding
SUS001506,CASE005691,CID006102,Gang Member,Arrested
SUS001507,CASE006373,CID000575,Unknown Suspect,Under Surveillance
SUS001508,CASE003531,CID005316,Accomplice,Wanted
SUS001509,CASE006808,CID009706,Unknown Suspect,Wanted
SUS001510,CASE008138,CID005322,Unknown Suspect,Arrested
SUS001511,CASE005789,CID007727,Main Suspect,Arrested
SUS001512,CASE003897,CID003059,Main Suspect,Under Surveillance
SUS001513,CASE000278,CID004421,Unknown Suspect,Absconding
SUS001514,CASE003211,CID002223,Accomplice,Absconding
SUS001515,CASE004674,CID006010,Accomplice,Arrested
SUS001516,CASE008836,CID004330,Unknown Suspect,Arrested
SUS001517,CASE005934,CID001801,Main Suspect,Absconding
SUS001518,CASE003583,CID000642,Accomplice,Under Surveillance
SUS001519,CASE006454,CID009402,Gang Member,Under Surveillance
SUS001520,CASE007551,CID008068,Accomplice,Wanted
SUS001521,CASE007667,CID003705,Accomplice,Absconding
SUS001522,CASE008428,CID006755,Main Suspect,Wanted
SUS001523,CASE003437,CID000713,Unknown Suspect,Absconding
SUS001524,CASE004652,CID003442,Gang Member,Under Surveillance
SUS001525,CASE006258,CID001576,Main Suspect,Wanted
SUS001526,CASE004083,CID001409,Main Suspect,Absconding
SUS001527,CASE007291,CID000737,Gang Member,Arrested
SUS001528,CASE007224,CID002732,Unknown Suspect,Absconding
SUS001529,CASE004071,CID001107,Accomplice,Wanted
SUS001530,CASE002608,CID008936,Unknown Suspect,Absconding
SUS001531,CASE007776,CID002720,Accomplice,Arrested
SUS001532,CASE002351,CID003853,Accomplice,Absconding
SUS001533,CASE006602,CID001082,Gang Member,Under Surveillance
SUS001534,CASE004774,CID004194,Accomplice,Arrested
SUS001535,CASE008801,CID000254,Unknown Suspect,Absconding
SUS001536,CASE009477,CID003231,Gang Member,Under Surveillance
SUS001537,CASE003581,CID009785,Gang Member,Arrested
SUS001538,CASE009244,CID001278,Gang Member,Wanted
SUS001539,CASE000496,CID000744,Unknown Suspect,Absconding
SUS001540,CASE007093,CID000106,Unknown Suspect,Absconding
SUS001541,CASE008248,CID004687,Gang Member,Wanted
SUS001542,CASE000114,CID004132,Main Suspect,Wanted
SUS001543,CASE004017,CID000603,Accomplice,Wanted
SUS001544,CASE002010,CID000591,Main Suspect,Under Surveillance
SUS001545,CASE002922,CID006487,Accomplice,Under Surveillance
SUS001546,CASE000876,CID000534,Main Suspect,Absconding
SUS001547,CASE004331,CID003109,Unknown Suspect,Under Surveillance
SUS001548,CASE009117,CID000674,Gang Member,Wanted
SUS001549,CASE002187,CID008451,Accomplice,Under Surveillance
SUS001550,CASE009538,CID005634,Gang Member,Absconding
SUS001551,CASE008844,CID004610,Unknown Suspect,Arrested
SUS001552,CASE009311,CID002980,Gang Member,Under Surveillance
SUS001553,CASE001739,CID000665,Gang Member,Absconding
SUS001554,CASE000096,CID000176,Gang Member,Arrested
SUS001555,CASE001695,CID002542,Accomplice,Wanted
SUS001556,CASE009184,CID003471,Unknown Suspect,Absconding
SUS001557,CASE005874,CID000727,Gang Member,Arrested
SUS001558,CASE008401,CID007153,Gang Member,Absconding
SUS001559,CASE003531,CID004143,Gang Member,Wanted
SUS001560,CASE005576,CID009225,Gang Member,Arrested
SUS001561,CASE004016,CID000235,Gang Member,Wanted
SUS001562,CASE001094,CID003308,Gang Member,Arrested
SUS001563,CASE000150,CID008120,Main Suspect,Arrested
SUS001564,CASE000553,CID001550,Gang Member,Arrested
SUS001565,CASE004626,CID005372,Unknown Suspect,Under Surveillance
SUS001566,CASE006234,CID003606,Accomplice,Arrested
SUS001567,CASE009803,CID004055,Main Suspect,Wanted
SUS001568,CASE009625,CID005394,Main Suspect,Under Surveillance
SUS001569,CASE001139,CID000547,Accomplice,Absconding
SUS001570,CASE004574,CID000793,Unknown Suspect,Wanted
SUS001571,CASE006767,CID000531,Accomplice,Under Surveillance
SUS001572,CASE002038,CID008405,Accomplice,Under Surveillance
SUS001573,CASE009154,CID006208,Unknown Suspect,Absconding
SUS001574,CASE003818,CID007386,Unknown Suspect,Under Surveillance
SUS001575,CASE004059,CID002638,Main Suspect,Arrested
SUS001576,CASE002716,CID005423,Main Suspect,Arrested
SUS001577,CASE008975,CID008767,Main Suspect,Arrested
SUS001578,CASE006517,CID009460,Unknown Suspect,Wanted
SUS001579,CASE004643,CID000148,Accomplice,Absconding
SUS001580,CASE004800,CID008559,Gang Member,Wanted
SUS001581,CASE004914,CID002309,Accomplice,Under Surveillance
SUS001582,CASE007986,CID000202,Main Suspect,Wanted
SUS001583,CASE003891,CID001889,Gang Member,Under Surveillance
SUS001584,CASE000461,CID000770,Main Suspect,Arrested
SUS001585,CASE008475,CID003242,Gang Member,Under Surveillance
SUS001586,CASE004530,CID000420,Gang Member,Wanted
SUS001587,CASE008852,CID007310,Main Suspect,Under Surveillance
SUS001588,CASE008066,CID006581,Gang Member,Wanted
SUS001589,CASE005818,CID000372,Accomplice,Arrested
SUS001590,CASE006309,CID000418,Accomplice,Arrested
SUS001591,CASE002356,CID008592,Gang Member,Arrested
SUS001592,CASE005049,CID004512,Accomplice,Wanted
SUS001593,CASE001607,CID001721,Unknown Suspect,Under Surveillance
SUS001594,CASE005502,CID002464,Main Suspect,Arrested
SUS001595,CASE005340,CID005958,Main Suspect,Wanted
SUS001596,CASE002621,CID005755,Main Suspect,Absconding
SUS001597,CASE006447,CID005172,Gang Member,Absconding
SUS001598,CASE005654,CID005621,Unknown Suspect,Wanted
SUS001599,CASE009728,CID001437,Accomplice,Under Surveillance
SUS001600,CASE008653,CID000069,Gang Member,Under Surveillance
SUS001601,CASE001265,CID000118,Main Suspect,Absconding
SUS001602,CASE007276,CID000455,Main Suspect,Arrested
SUS001603,CASE006127,CID003746,Unknown Suspect,Wanted
SUS001604,CASE008429,CID005465,Accomplice,Absconding
SUS001605,CASE007168,CID000068,Gang Member,Absconding
SUS001606,CASE009074,CID000174,Unknown Suspect,Absconding
SUS001607,CASE003183,CID005730,Unknown Suspect,Arrested
SUS001608,CASE002504,CID000315,Main Suspect,Absconding
SUS001609,CASE001786,CID005589,Main Suspect,Wanted
SUS001610,CASE004845,CID000297,Gang Member,Absconding
SUS001611,CASE002048,CID000533,Accomplice,Wanted
SUS001612,CASE003282,CID008740,Unknown Suspect,Arrested
SUS001613,CASE000294,CID001103,Accomplice,Wanted
SUS001614,CASE003980,CID000474,Gang Member,Wanted
SUS001615,CASE006705,CID008094,Gang Member,Wanted
SUS001616,CASE005509,CID000393,Main Suspect,Wanted
SUS001617,CASE000252,CID005837,Gang Member,Absconding
SUS001618,CASE006491,CID007429,Accomplice,Wanted
SUS001619,CASE002790,CID000373,Unknown Suspect,Wanted
SUS001620,CASE009072,CID002441,Accomplice,Wanted
SUS001621,CASE008919,CID006233,Gang Member,Arrested
SUS001622,CASE003303,CID003468,Accomplice,Arrested
SUS001623,CASE000080,CID000295,Unknown Suspect,Arrested
SUS001624,CASE003619,CID001656,Unknown Suspect,Arrested
SUS001625,CASE009060,CID008944,Accomplice,Under Surveillance
SUS001626,CASE004970,CID006234,Main Suspect,Wanted
SUS001627,CASE007794,CID000814,Unknown Suspect,Absconding
SUS001628,CASE009169,CID000360,Unknown Suspect,Absconding
SUS001629,CASE000504,CID008335,Accomplice,Wanted
SUS001630,CASE009961,CID008532,Main Suspect,Arrested
SUS001631,CASE003352,CID000304,Main Suspect,Arrested
SUS001632,CASE004988,CID006160,Gang Member,Under Surveillance
SUS001633,CASE007129,CID000078,Unknown Suspect,Absconding
SUS001634,CASE007320,CID009100,Gang Member,Under Surveillance
SUS001635,CASE002493,CID004841,Unknown Suspect,Under Surveillance
SUS001636,CASE009857,CID009537,Unknown Suspect,Absconding
SUS001637,CASE003724,CID003394,Unknown Suspect,Arrested
SUS001638,CASE002226,CID000109,Unknown Suspect,Arrested
SUS001639,CASE009178,CID004623,Gang Member,Under Surveillance
SUS001640,CASE008873,CID007698,Accomplice,Under Surveillance
SUS001641,CASE006482,CID009794,Gang Member,Wanted
SUS001642,CASE007643,CID005066,Gang Member,Absconding
SUS001643,CASE001361,CID002153,Gang Member,Under Surveillance
SUS001644,CASE006620,CID006071,Gang Member,Absconding
SUS001645,CASE001092,CID004265,Unknown Suspect,Wanted
SUS001646,CASE008399,CID002065,Gang Member,Arrested
SUS001647,CASE005297,CID007651,Gang Member,Arrested
SUS001648,CASE005565,CID000173,Unknown Suspect,Absconding
SUS001649,CASE001164,CID004586,Unknown Suspect,Absconding
SUS001650,CASE003950,CID000622,Unknown Suspect,Arrested
SUS001651,CASE009400,CID000559,Unknown Suspect,Absconding
SUS001652,CASE008501,CID009834,Accomplice,Under Surveillance
SUS001653,CASE000894,CID000334,Gang Member,Wanted
SUS001654,CASE007082,CID000147,Gang Member,Under Surveillance
SUS001655,CASE003203,CID007050,Main Suspect,Arrested
SUS001656,CASE003127,CID000683,Gang Member,Wanted
SUS001657,CASE004186,CID007020,Gang Member,Wanted
SUS001658,CASE001135,CID000422,Gang Member,Wanted
SUS001659,CASE008390,CID008981,Accomplice,Under Surveillance
SUS001660,CASE008002,CID003381,Main Suspect,Arrested
SUS001661,CASE008708,CID000776,Accomplice,Wanted
SUS001662,CASE001849,CID007840,Main Suspect,Absconding
SUS001663,CASE007709,CID009848,Main Suspect,Absconding
SUS001664,CASE009725,CID000242,Unknown Suspect,Wanted
SUS001665,CASE005114,CID000374,Accomplice,Under Surveillance
SUS001666,CASE007527,CID001188,Main Suspect,Wanted
SUS001667,CASE005953,CID007986,Unknown Suspect,Wanted
SUS001668,CASE008977,CID004537,Gang Member,Wanted
SUS001669,CASE004483,CID007417,Main Suspect,Arrested
SUS001670,CASE001883,CID000741,Accomplice,Under Surveillance
SUS001671,CASE002107,CID006175,Main Suspect,Wanted
SUS001672,CASE004084,CID002013,Gang Member,Arrested
SUS001673,CASE001032,CID001155,Main Suspect,Under Surveillance
SUS001674,CASE006945,CID000056,Accomplice,Absconding
SUS001675,CASE007800,CID000421,Main Suspect,Under Surveillance
SUS001676,CASE005951,CID007180,Unknown Suspect,Arrested
SUS001677,CASE004191,CID000991,Accomplice,Arrested
SUS001678,CASE001876,CID000775,Main Suspect,Absconding
SUS001679,CASE005153,CID008819,Unknown Suspect,Absconding
SUS001680,CASE001984,CID008498,Unknown Suspect,Under Surveillance
SUS001681,CASE006910,CID000755,Unknown Suspect,Arrested
SUS001682,CASE004205,CID000007,Main Suspect,Under Surveillance
SUS001683,CASE001320,CID000276,Main Suspect,Arrested
SUS001684,CASE003344,CID000027,Unknown Suspect,Arrested
SUS001685,CASE006985,CID003582,Gang Member,Under Surveillance
SUS001686,CASE004136,CID006048,Accomplice,Absconding
SUS001687,CASE000302,CID007081,Unknown Suspect,Arrested
SUS001688,CASE003720,CID009524,Gang Member,Wanted
SUS001689,CASE009639,CID000645,Unknown Suspect,Wanted
SUS001690,CASE000484,CID002398,Unknown Suspect,Under Surveillance
SUS001691,CASE003278,CID000634,Gang Member,Wanted
SUS001692,CASE005281,CID008729,Gang Member,Under Surveillance
SUS001693,CASE002368,CID006880,Unknown Suspect,Arrested
SUS001694,CASE005120,CID007769,Unknown Suspect,Wanted
SUS001695,CASE001231,CID008325,Gang Member,Under Surveillance
SUS001696,CASE003147,CID000254,Accomplice,Arrested
SUS001697,CASE006392,CID001211,Main Suspect,Under Surveillance
SUS001698,CASE009658,CID002803,Unknown Suspect,Under Surveillance
SUS001699,CASE000805,CID006896,Accomplice,Under Surveillance
SUS001700,CASE003173,CID001802,Gang Member,Arrested
SUS001701,CASE006818,CID003388,Gang Member,Under Surveillance
SUS001702,CASE001001,CID002024,Gang Member,Wanted
SUS001703,CASE009848,CID005212,Main Suspect,Absconding
SUS001704,CASE000959,CID000657,Gang Member,Under Surveillance
SUS001705,CASE000331,CID000695,Accomplice,Arrested
SUS001706,CASE001413,CID002085,Accomplice,Under Surveillance
SUS001707,CASE007902,CID000638,Unknown Suspect,Absconding
SUS001708,CASE003085,CID000641,Accomplice,Under Surveillance
SUS001709,CASE000448,CID001240,Main Suspect,Under Surveillance
SUS001710,CASE005175,CID005386,Gang Member,Absconding
SUS001711,CASE004998,CID000356,Accomplice,Wanted
SUS001712,CASE002180,CID000454,Unknown Suspect,Absconding
SUS001713,CASE007256,CID002171,Unknown Suspect,Under Surveillance
SUS001714,CASE008165,CID000726,Main Suspect,Arrested
SUS001715,CASE000907,CID008111,Main Suspect,Arrested
SUS001716,CASE009001,CID008401,Unknown Suspect,Absconding
SUS001717,CASE008151,CID009833,Accomplice,Arrested
SUS001718,CASE008891,CID009734,Unknown Suspect,Absconding
SUS001719,CASE007862,CID000487,Accomplice,Under Surveillance
SUS001720,CASE001804,CID005746,Accomplice,Absconding
SUS001721,CASE001390,CID000718,Gang Member,Wanted
SUS001722,CASE009811,CID009834,Main Suspect,Wanted
SUS001723,CASE004204,CID000727,Gang Member,Absconding
SUS001724,CASE007684,CID000023,Main Suspect,Absconding
SUS001725,CASE008957,CID002505,Main Suspect,Absconding
SUS001726,CASE004245,CID000055,Unknown Suspect,Under Surveillance
SUS001727,CASE008946,CID000703,Main Suspect,Absconding
SUS001728,CASE001727,CID009010,Main Suspect,Wanted
SUS001729,CASE002508,CID000126,Accomplice,Wanted
SUS001730,CASE005672,CID008418,Unknown Suspect,Under Surveillance
SUS001731,CASE002059,CID002679,Main Suspect,Wanted
SUS001732,CASE001136,CID000465,Accomplice,Under Surveillance
SUS001733,CASE007408,CID005016,Main Suspect,Absconding
SUS001734,CASE006116,CID002994,Main Suspect,Arrested
SUS001735,CASE001109,CID004397,Gang Member,Under Surveillance
SUS001736,CASE000954,CID000380,Accomplice,Wanted
SUS001737,CASE002564,CID006349,Unknown Suspect,Arrested
SUS001738,CASE008348,CID000569,Main Suspect,Arrested
SUS001739,CASE002821,CID003145,Gang Member,Arrested
SUS001740,CASE005386,CID009270,Accomplice,Under Surveillance
SUS001741,CASE007276,CID009271,Accomplice,Wanted
SUS001742,CASE003272,CID000368,Main Suspect,Absconding
SUS001743,CASE009612,CID000673,Accomplice,Arrested
SUS001744,CASE006021,CID003775,Accomplice,Arrested
SUS001745,CASE003373,CID006615,Main Suspect,Under Surveillance
SUS001746,CASE006989,CID000176,Main Suspect,Wanted
SUS001747,CASE003378,CID003400,Unknown Suspect,Absconding
SUS001748,CASE009650,CID002943,Accomplice,Wanted
SUS001749,CASE008505,CID002549,Gang Member,Wanted
SUS001750,CASE008559,CID006578,Main Suspect,Under Surveillance
SUS001751,CASE003407,CID009006,Accomplice,Absconding
SUS001752,CASE000823,CID004768,Gang Member,Under Surveillance
SUS001753,CASE000440,CID005878,Main Suspect,Absconding
SUS001754,CASE007261,CID000707,Gang Member,Absconding
SUS001755,CASE002361,CID009243,Gang Member,Arrested
SUS001756,CASE000392,CID000458,Accomplice,Absconding
SUS001757,CASE009844,CID000542,Unknown Suspect,Under Surveillance
SUS001758,CASE003187,CID007550,Unknown Suspect,Absconding
SUS001759,CASE001144,CID004593,Main Suspect,Wanted
SUS001760,CASE003082,CID008522,Gang Member,Arrested
SUS001761,CASE000547,CID000548,Main Suspect,Arrested
SUS001762,CASE005374,CID000177,Gang Member,Wanted
SUS001763,CASE008995,CID000377,Gang Member,Wanted
SUS001764,CASE009986,CID008904,Gang Member,Wanted
SUS001765,CASE007307,CID006378,Accomplice,Wanted
SUS001766,CASE006532,CID007226,Accomplice,Under Surveillance
SUS001767,CASE002163,CID001696,Unknown Suspect,Under Surveillance
SUS001768,CASE007195,CID008929,Main Suspect,Under Surveillance
SUS001769,CASE008050,CID003881,Unknown Suspect,Under Surveillance
SUS001770,CASE001095,CID000672,Main Suspect,Arrested
SUS001771,CASE000348,CID001127,Main Suspect,Wanted
SUS001772,CASE009862,CID000040,Main Suspect,Wanted
SUS001773,CASE004456,CID005812,Main Suspect,Arrested
SUS001774,CASE003705,CID000058,Gang Member,Wanted
SUS001775,CASE007580,CID003930,Main Suspect,Absconding
SUS001776,CASE008330,CID004764,Accomplice,Under Surveillance
SUS001777,CASE008196,CID006461,Main Suspect,Under Surveillance
SUS001778,CASE007363,CID000477,Unknown Suspect,Arrested
SUS001779,CASE006574,CID007000,Main Suspect,Absconding
SUS001780,CASE005665,CID000395,Gang Member,Absconding
SUS001781,CASE004605,CID000511,Accomplice,Under Surveillance
SUS001782,CASE000687,CID000241,Main Suspect,Absconding
SUS001783,CASE008882,CID007537,Accomplice,Under Surveillance
SUS001784,CASE000370,CID005078,Unknown Suspect,Wanted
SUS001785,CASE007701,CID007746,Unknown Suspect,Wanted
SUS001786,CASE006791,CID007829,Main Suspect,Arrested
SUS001787,CASE004308,CID005135,Main Suspect,Arrested
SUS001788,CASE004816,CID003127,Gang Member,Under Surveillance
SUS001789,CASE009473,CID001303,Gang Member,Absconding
SUS001790,CASE004453,CID002094,Unknown Suspect,Under Surveillance
SUS001791,CASE001945,CID006877,Gang Member,Under Surveillance
SUS001792,CASE004422,CID000123,Main Suspect,Wanted
SUS001793,CASE002508,CID000645,Main Suspect,Arrested
SUS001794,CASE001865,CID001648,Main Suspect,Arrested
SUS001795,CASE006114,CID005868,Main Suspect,Arrested
SUS001796,CASE003471,CID005615,Gang Member,Arrested
SUS001797,CASE003737,CID006928,Accomplice,Wanted
SUS001798,CASE004007,CID009844,Unknown Suspect,Wanted
SUS001799,CASE005995,CID006681,Main Suspect,Arrested
SUS001800,CASE007885,CID000415,Main Suspect,Absconding
SUS001801,CASE000646,CID001419,Accomplice,Under Surveillance
SUS001802,CASE001137,CID000475,Unknown Suspect,Arrested
SUS001803,CASE008319,CID000049,Gang Member,Arrested
SUS001804,CASE006407,CID000292,Accomplice,Under Surveillance
SUS001805,CASE009762,CID009337,Gang Member,Under Surveillance
SUS001806,CASE009938,CID000341,Unknown Suspect,Arrested
SUS001807,CASE005824,CID000446,Unknown Suspect,Arrested
SUS001808,CASE006503,CID000560,Unknown Suspect,Under Surveillance
SUS001809,CASE006031,CID003731,Main Suspect,Wanted
SUS001810,CASE009890,CID005816,Main Suspect,Arrested
SUS001811,CASE007358,CID000657,Main Suspect,Arrested
SUS001812,CASE006768,CID002025,Gang Member,Absconding
SUS001813,CASE006661,CID001980,Accomplice,Absconding
SUS001814,CASE007158,CID005258,Unknown Suspect,Under Surveillance
SUS001815,CASE008948,CID000479,Unknown Suspect,Wanted
SUS001816,CASE001774,CID002621,Gang Member,Arrested
SUS001817,CASE008742,CID006448,Unknown Suspect,Absconding
SUS001818,CASE005955,CID008000,Main Suspect,Arrested
SUS001819,CASE007281,CID001320,Gang Member,Under Surveillance
SUS001820,CASE000286,CID001990,Accomplice,Absconding
SUS001821,CASE006852,CID002935,Accomplice,Arrested
SUS001822,CASE009361,CID000605,Unknown Suspect,Wanted
SUS001823,CASE008271,CID008796,Accomplice,Absconding
SUS001824,CASE000988,CID001799,Main Suspect,Absconding
SUS001825,CASE009834,CID000145,Gang Member,Absconding
SUS001826,CASE002824,CID000527,Gang Member,Under Surveillance
SUS001827,CASE001335,CID000713,Unknown Suspect,Arrested
SUS001828,CASE005650,CID008920,Accomplice,Arrested
SUS001829,CASE003321,CID000185,Main Suspect,Under Surveillance
SUS001830,CASE009904,CID000436,Gang Member,Absconding
SUS001831,CASE006796,CID005716,Gang Member,Under Surveillance
SUS001832,CASE000821,CID008927,Main Suspect,Arrested
SUS001833,CASE009444,CID000364,Unknown Suspect,Arrested
SUS001834,CASE006963,CID003964,Unknown Suspect,Wanted
SUS001835,CASE003271,CID000307,Gang Member,Wanted
SUS001836,CASE009971,CID000691,Main Suspect,Arrested
SUS001837,CASE001296,CID002524,Accomplice,Absconding
SUS001838,CASE000054,CID000484,Main Suspect,Under Surveillance
SUS001839,CASE002823,CID006084,Gang Member,Absconding
SUS001840,CASE007086,CID002516,Gang Member,Absconding
SUS001841,CASE006131,CID005026,Unknown Suspect,Under Surveillance
SUS001842,CASE005183,CID009622,Main Suspect,Arrested
SUS001843,CASE001183,CID005812,Main Suspect,Wanted
SUS001844,CASE006205,CID009363,Unknown Suspect,Arrested
SUS001845,CASE001233,CID007936,Unknown Suspect,Wanted
SUS001846,CASE000327,CID000374,Gang Member,Wanted
SUS001847,CASE004856,CID000323,Main Suspect,Under Surveillance
SUS001848,CASE006587,CID000145,Accomplice,Wanted
SUS001849,CASE009977,CID005162,Gang Member,Arrested
SUS001850,CASE008887,CID000051,Accomplice,Absconding
SUS001851,CASE000902,CID000077,Unknown Suspect,Under Surveillance
SUS001852,CASE009132,CID008629,Unknown Suspect,Arrested
SUS001853,CASE009104,CID000736,Unknown Suspect,Wanted
SUS001854,CASE008387,CID006657,Main Suspect,Absconding
SUS001855,CASE008555,CID001367,Accomplice,Wanted
SUS001856,CASE003582,CID000890,Main Suspect,Wanted
SUS001857,CASE006314,CID001786,Unknown Suspect,Absconding
SUS001858,CASE006727,CID000420,Unknown Suspect,Arrested
SUS001859,CASE002192,CID009928,Main Suspect,Under Surveillance
SUS001860,CASE000052,CID007870,Accomplice,Absconding
SUS001861,CASE003363,CID005129,Unknown Suspect,Under Surveillance
SUS001862,CASE007066,CID000695,Unknown Suspect,Arrested
SUS001863,CASE002616,CID006373,Gang Member,Absconding
SUS001864,CASE003998,CID007655,Unknown Suspect,Under Surveillance
SUS001865,CASE008359,CID009165,Unknown Suspect,Absconding
SUS001866,CASE001305,CID001471,Gang Member,Under Surveillance
SUS001867,CASE004808,CID000093,Unknown Suspect,Absconding
SUS001868,CASE006053,CID000351,Accomplice,Arrested
SUS001869,CASE009998,CID005000,Accomplice,Wanted
SUS001870,CASE005164,CID007242,Gang Member,Under Surveillance
SUS001871,CASE009112,CID003929,Unknown Suspect,Wanted
SUS001872,CASE000209,CID009280,Unknown Suspect,Absconding
SUS001873,CASE000256,CID000647,Gang Member,Absconding
SUS001874,CASE006314,CID004494,Unknown Suspect,Under Surveillance
SUS001875,CASE003907,CID002751,Gang Member,Under Surveillance
SUS001876,CASE000125,CID004100,Gang Member,Absconding
SUS001877,CASE000746,CID005673,Gang Member,Arrested
SUS001878,CASE000315,CID000557,Gang Member,Under Surveillance
SUS001879,CASE003877,CID005357,Main Suspect,Wanted
SUS001880,CASE005718,CID000135,Gang Member,Wanted
SUS001881,CASE004482,CID008963,Main Suspect,Absconding
SUS001882,CASE007930,CID004747,Gang Member,Arrested
SUS001883,CASE009815,CID005312,Gang Member,Arrested
SUS001884,CASE000948,CID005545,Accomplice,Under Surveillance
SUS001885,CASE004883,CID009289,Gang Member,Absconding
SUS001886,CASE001840,CID003719,Main Suspect,Arrested
SUS001887,CASE006281,CID008447,Unknown Suspect,Under Surveillance
SUS001888,CASE003825,CID000310,Main Suspect,Arrested
SUS001889,CASE002931,CID007568,Gang Member,Wanted
SUS001890,CASE002211,CID003422,Unknown Suspect,Absconding
SUS001891,CASE009225,CID006081,Accomplice,Arrested
SUS001892,CASE006259,CID008508,Unknown Suspect,Wanted
SUS001893,CASE006875,CID007539,Accomplice,Arrested
SUS001894,CASE001362,CID008757,Main Suspect,Arrested
SUS001895,CASE007770,CID000570,Unknown Suspect,Wanted
SUS001896,CASE002465,CID000676,Unknown Suspect,Arrested
SUS001897,CASE007194,CID004730,Unknown Suspect,Arrested
SUS001898,CASE001342,CID002359,Unknown Suspect,Absconding
SUS001899,CASE001518,CID000787,Main Suspect,Wanted
SUS001900,CASE007267,CID000150,Accomplice,Under Surveillance
SUS001901,CASE004465,CID002662,Accomplice,Wanted
SUS001902,CASE008388,CID007936,Gang Member,Arrested
SUS001903,CASE008495,CID000533,Main Suspect,Under Surveillance
SUS001904,CASE003641,CID009001,Unknown Suspect,Under Surveillance
SUS001905,CASE005025,CID006479,Unknown Suspect,Arrested
SUS001906,CASE000913,CID009426,Unknown Suspect,Under Surveillance
SUS001907,CASE004828,CID003662,Accomplice,Under Surveillance
SUS001908,CASE006497,CID007251,Gang Member,Wanted
SUS001909,CASE006503,CID002047,Main Suspect,Wanted
SUS001910,CASE002275,CID006947,Main Suspect,Under Surveillance
SUS001911,CASE001484,CID005075,Accomplice,Under Surveillance
SUS001912,CASE004536,CID002028,Main Suspect,Wanted
SUS001913,CASE003293,CID004673,Unknown Suspect,Under Surveillance
SUS001914,CASE004995,CID000414,Gang Member,Under Surveillance
SUS001915,CASE004383,CID000707,Unknown Suspect,Wanted
SUS001916,CASE002452,CID005733,Accomplice,Absconding
SUS001917,CASE006937,CID001576,Main Suspect,Under Surveillance
SUS001918,CASE001959,CID002303,Unknown Suspect,Absconding
SUS001919,CASE000825,CID000473,Accomplice,Absconding
SUS001920,CASE008718,CID000562,Unknown Suspect,Wanted
SUS001921,CASE008379,CID001404,Unknown Suspect,Absconding
SUS001922,CASE004240,CID002197,Accomplice,Absconding
SUS001923,CASE008904,CID002600,Unknown Suspect,Wanted
SUS001924,CASE005790,CID004766,Gang Member,Under Surveillance
SUS001925,CASE004343,CID006678,Accomplice,Arrested
SUS001926,CASE006235,CID000322,Gang Member,Arrested
SUS001927,CASE009714,CID002621,Accomplice,Absconding
SUS001928,CASE002407,CID009348,Main Suspect,Wanted
SUS001929,CASE006104,CID005538,Accomplice,Wanted
SUS001930,CASE000412,CID000221,Accomplice,Wanted
SUS001931,CASE001826,CID008045,Gang Member,Arrested
SUS001932,CASE007837,CID000753,Unknown Suspect,Under Surveillance
SUS001933,CASE007372,CID006671,Unknown Suspect,Under Surveillance
SUS001934,CASE000198,CID005293,Unknown Suspect,Arrested
SUS001935,CASE005566,CID006590,Accomplice,Arrested
SUS001936,CASE008386,CID000720,Main Suspect,Wanted
SUS001937,CASE003700,CID008888,Gang Member,Absconding
SUS001938,CASE007866,CID001304,Main Suspect,Under Surveillance
SUS001939,CASE000198,CID006247,Gang Member,Absconding
SUS001940,CASE005469,CID005134,Unknown Suspect,Arrested
SUS001941,CASE007339,CID009881,Unknown Suspect,Wanted
SUS001942,CASE006514,CID000635,Accomplice,Absconding
SUS001943,CASE002658,CID004612,Unknown Suspect,Under Surveillance
SUS001944,CASE006279,CID002291,Gang Member,Absconding
SUS001945,CASE005400,CID006465,Main Suspect,Under Surveillance
SUS001946,CASE004801,CID002001,Unknown Suspect,Absconding
SUS001947,CASE001864,CID001295,Unknown Suspect,Under Surveillance
SUS001948,CASE000999,CID004269,Accomplice,Absconding
SUS001949,CASE002780,CID000087,Main Suspect,Absconding
SUS001950,CASE004154,CID006291,Main Suspect,Under Surveillance
SUS001951,CASE003382,CID000033,Unknown Suspect,Wanted
SUS001952,CASE000936,CID000102,Unknown Suspect,Under Surveillance
SUS001953,CASE007220,CID000046,Unknown Suspect,Under Surveillance
SUS001954,CASE003366,CID008578,Main Suspect,Wanted
SUS001955,CASE007238,CID000075,Accomplice,Under Surveillance
SUS001956,CASE007926,CID008857,Unknown Suspect,Absconding
SUS001957,CASE001280,CID007093,Gang Member,Wanted
SUS001958,CASE002792,CID006263,Unknown Suspect,Wanted
SUS001959,CASE003731,CID001103,Unknown Suspect,Under Surveillance
SUS001960,CASE003666,CID002227,Gang Member,Wanted
SUS001961,CASE002440,CID008779,Accomplice,Wanted
SUS001962,CASE009481,CID009990,Gang Member,Wanted
SUS001963,CASE004079,CID009483,Unknown Suspect,Under Surveillance
SUS001964,CASE003960,CID000461,Accomplice,Under Surveillance
SUS001965,CASE002498,CID005657,Unknown Suspect,Absconding
SUS001966,CASE003031,CID000348,Main Suspect,Under Surveillance
SUS001967,CASE005280,CID006592,Accomplice,Under Surveillance
SUS001968,CASE004917,CID008158,Main Suspect,Wanted
SUS001969,CASE001867,CID001185,Unknown Suspect,Wanted
SUS001970,CASE005993,CID000235,Gang Member,Arrested
SUS001971,CASE003169,CID008644,Main Suspect,Arrested
SUS001972,CASE002979,CID003847,Accomplice,Absconding
SUS001973,CASE002058,CID009565,Gang Member,Wanted
SUS001974,CASE005964,CID000380,Gang Member,Absconding
SUS001975,CASE004812,CID000113,Main Suspect,Arrested
SUS001976,CASE001250,CID000169,Accomplice,Arrested
SUS001977,CASE000313,CID000145,Unknown Suspect,Under Surveillance
SUS001978,CASE002963,CID000205,Unknown Suspect,Wanted
SUS001979,CASE005375,CID000606,Accomplice,Arrested
SUS001980,CASE005520,CID000750,Main Suspect,Absconding
SUS001981,CASE003534,CID005113,Main Suspect,Under Surveillance
SUS001982,CASE005157,CID002507,Gang Member,Arrested
SUS001983,CASE009611,CID006764,Main Suspect,Wanted
SUS001984,CASE006260,CID006894,Unknown Suspect,Absconding
SUS001985,CASE007370,CID000795,Gang Member,Wanted
SUS001986,CASE003679,CID000629,Main Suspect,Arrested
SUS001987,CASE000613,CID005382,Unknown Suspect,Wanted
SUS001988,CASE003204,CID000018,Unknown Suspect,Under Surveillance
SUS001989,CASE005267,CID005115,Gang Member,Absconding
SUS001990,CASE001079,CID001841,Main Suspect,Wanted
SUS001991,CASE007654,CID006629,Main Suspect,Arrested
SUS001992,CASE003674,CID008670,Accomplice,Arrested
SUS001993,CASE002289,CID007299,Gang Member,Arrested
SUS001994,CASE003149,CID009303,Main Suspect,Under Surveillance
SUS001995,CASE005020,CID008904,Accomplice,Wanted
SUS001996,CASE004522,CID005364,Gang Member,Under Surveillance
SUS001997,CASE005943,CID000690,Accomplice,Wanted
SUS001998,CASE008960,CID002243,Unknown Suspect,Under Surveillance
SUS001999,CASE009573,CID005858,Gang Member,Arrested
SUS002000,CASE003114,CID009270,Main Suspect,Absconding
SUS002001,CASE002195,CID000654,Accomplice,Under Surveillance
SUS002002,CASE000248,CID007230,Accomplice,Wanted
SUS002003,CASE008571,CID002251,Unknown Suspect,Under Surveillance
SUS002004,CASE008376,CID008368,Main Suspect,Under Surveillance
SUS002005,CASE007758,CID000491,Unknown Suspect,Wanted
SUS002006,CASE001570,CID000692,Main Suspect,Under Surveillance
SUS002007,CASE006385,CID003548,Unknown Suspect,Under Surveillance
SUS002008,CASE000385,CID001296,Main Suspect,Under Surveillance
SUS002009,CASE005141,CID003385,Accomplice,Under Surveillance
SUS002010,CASE004164,CID000640,Unknown Suspect,Under Surveillance
SUS002011,CASE000649,CID005884,Accomplice,Arrested
SUS002012,CASE006478,CID008721,Unknown Suspect,Wanted
SUS002013,CASE008231,CID009536,Gang Member,Wanted
SUS002014,CASE000532,CID000271,Gang Member,Under Surveillance
SUS002015,CASE008729,CID003627,Gang Member,Arrested
SUS002016,CASE003325,CID001892,Unknown Suspect,Under Surveillance
SUS002017,CASE000550,CID002783,Accomplice,Wanted
SUS002018,CASE003586,CID000471,Accomplice,Wanted
SUS002019,CASE003534,CID008710,Gang Member,Wanted
SUS002020,CASE005605,CID006162,Gang Member,Arrested
SUS002021,CASE009166,CID000410,Gang Member,Arrested
SUS002022,CASE002004,CID006657,Main Suspect,Wanted
SUS002023,CASE009458,CID006735,Unknown Suspect,Under Surveillance
SUS002024,CASE005026,CID007785,Main Suspect,Arrested
SUS002025,CASE007239,CID001766,Accomplice,Wanted
SUS002026,CASE009662,CID000307,Unknown Suspect,Wanted
SUS002027,CASE008983,CID000027,Main Suspect,Wanted
SUS002028,CASE002553,CID007537,Unknown Suspect,Wanted
SUS002029,CASE003769,CID008642,Gang Member,Under Surveillance
SUS002030,CASE009269,CID000068,Unknown Suspect,Arrested
SUS002031,CASE005579,CID009727,Main Suspect,Arrested
SUS002032,CASE009726,CID009045,Accomplice,Arrested
SUS002033,CASE004981,CID006888,Gang Member,Arrested
SUS002034,CASE007862,CID007325,Main Suspect,Wanted
SUS002035,CASE002494,CID000358,Unknown Suspect,Arrested
SUS002036,CASE002758,CID001957,Accomplice,Wanted
SUS002037,CASE003986,CID000226,Main Suspect,Wanted
SUS002038,CASE004167,CID000961,Main Suspect,Arrested
SUS002039,CASE001613,CID006428,Accomplice,Wanted
SUS002040,CASE005693,CID000419,Unknown Suspect,Arrested
SUS002041,CASE000951,CID004972,Main Suspect,Absconding
SUS002042,CASE004628,CID003284,Main Suspect,Wanted
SUS002043,CASE006364,CID007405,Unknown Suspect,Absconding
SUS002044,CASE003834,CID000445,Gang Member,Arrested
SUS002045,CASE000772,CID002088,Unknown Suspect,Arrested
SUS002046,CASE007657,CID000233,Gang Member,Arrested
SUS002047,CASE008390,CID005988,Unknown Suspect,Wanted
SUS002048,CASE009510,CID000440,Gang Member,Arrested
SUS002049,CASE002919,CID001715,Gang Member,Under Surveillance
SUS002050,CASE008078,CID000238,Gang Member,Arrested
SUS002051,CASE000361,CID004599,Main Suspect,Under Surveillance
SUS002052,CASE005280,CID001715,Unknown Suspect,Wanted
SUS002053,CASE005458,CID005822,Main Suspect,Under Surveillance
SUS002054,CASE007915,CID005768,Main Suspect,Wanted
SUS002055,CASE006452,CID000025,Unknown Suspect,Absconding
SUS002056,CASE000180,CID007697,Accomplice,Arrested
SUS002057,CASE004096,CID008703,Unknown Suspect,Wanted
SUS002058,CASE007790,CID001628,Unknown Suspect,Absconding
SUS002059,CASE008110,CID000186,Accomplice,Under Surveillance
SUS002060,CASE005432,CID009943,Accomplice,Absconding
SUS002061,CASE007872,CID003522,Gang Member,Absconding
SUS002062,CASE002643,CID000651,Main Suspect,Wanted
SUS002063,CASE002319,CID000622,Gang Member,Arrested
SUS002064,CASE000439,CID008434,Gang Member,Wanted
SUS002065,CASE004357,CID000787,Main Suspect,Wanted
SUS002066,CASE005896,CID002699,Accomplice,Absconding
SUS002067,CASE004483,CID008096,Unknown Suspect,Wanted
SUS002068,CASE007756,CID004041,Main Suspect,Wanted
SUS002069,CASE005886,CID005154,Main Suspect,Wanted
SUS002070,CASE004884,CID002653,Main Suspect,Absconding
SUS002071,CASE010000,CID005532,Accomplice,Arrested
SUS002072,CASE005238,CID004581,Main Suspect,Wanted
SUS002073,CASE001395,CID003519,Accomplice,Wanted
SUS002074,CASE006952,CID001469,Main Suspect,Under Surveillance
SUS002075,CASE006949,CID000032,Unknown Suspect,Wanted
SUS002076,CASE009792,CID000511,Unknown Suspect,Under Surveillance
SUS002077,CASE000619,CID003376,Unknown Suspect,Arrested
SUS002078,CASE000062,CID004492,Gang Member,Wanted
SUS002079,CASE002575,CID000490,Unknown Suspect,Wanted
SUS002080,CASE005048,CID005061,Main Suspect,Wanted
SUS002081,CASE003383,CID003722,Unknown Suspect,Arrested
SUS002082,CASE004436,CID008272,Unknown Suspect,Arrested
SUS002083,CASE001823,CID000319,Gang Member,Arrested
SUS002084,CASE004339,CID008010,Main Suspect,Under Surveillance
SUS002085,CASE009425,CID000705,Unknown Suspect,Under Surveillance
SUS002086,CASE007150,CID000768,Main Suspect,Under Surveillance
SUS002087,CASE006336,CID009303,Gang Member,Wanted
SUS002088,CASE006412,CID001127,Accomplice,Absconding
SUS002089,CASE002264,CID004914,Main Suspect,Arrested
SUS002090,CASE007848,CID002974,Main Suspect,Wanted
SUS002091,CASE005606,CID003395,Unknown Suspect,Absconding
SUS002092,CASE000390,CID005322,Accomplice,Absconding
SUS002093,CASE002777,CID000319,Main Suspect,Absconding
SUS002094,CASE001348,CID002547,Gang Member,Wanted
SUS002095,CASE000368,CID000124,Accomplice,Arrested
SUS002096,CASE004262,CID009057,Accomplice,Wanted
SUS002097,CASE004316,CID008578,Unknown Suspect,Absconding
SUS002098,CASE003850,CID003334,Main Suspect,Absconding
SUS002099,CASE002128,CID007048,Unknown Suspect,Absconding
SUS002100,CASE003277,CID000487,Unknown Suspect,Absconding
SUS002101,CASE001935,CID007853,Gang Member,Wanted
SUS002102,CASE005851,CID006819,Accomplice,Absconding
SUS002103,CASE005905,CID006743,Main Suspect,Under Surveillance
SUS002104,CASE004188,CID000098,Accomplice,Absconding
SUS002105,CASE001451,CID002443,Main Suspect,Arrested
SUS002106,CASE005759,CID007585,Gang Member,Arrested
SUS002107,CASE008313,CID000121,Unknown Suspect,Wanted
SUS002108,CASE000703,CID008674,Unknown Suspect,Under Surveillance
SUS002109,CASE003371,CID002977,Main Suspect,Wanted
SUS002110,CASE009322,CID003416,Unknown Suspect,Wanted
SUS002111,CASE008007,CID008772,Accomplice,Arrested
SUS002112,CASE002560,CID002323,Accomplice,Absconding
SUS002113,CASE001663,CID000165,Accomplice,Under Surveillance
SUS002114,CASE004274,CID006739,Main Suspect,Under Surveillance
SUS002115,CASE006438,CID007263,Unknown Suspect,Wanted
SUS002116,CASE007430,CID003441,Accomplice,Absconding
SUS002117,CASE002509,CID003695,Gang Member,Under Surveillance
SUS002118,CASE009847,CID008452,Main Suspect,Arrested
SUS002119,CASE002084,CID009013,Accomplice,Under Surveillance
SUS002120,CASE006107,CID000063,Gang Member,Wanted
SUS002121,CASE008324,CID002868,Accomplice,Absconding
SUS002122,CASE000601,CID009026,Unknown Suspect,Under Surveillance
SUS002123,CASE007960,CID009915,Gang Member,Arrested
SUS002124,CASE002884,CID005494,Gang Member,Absconding
SUS002125,CASE007307,CID009287,Unknown Suspect,Under Surveillance
SUS002126,CASE008851,CID003516,Accomplice,Arrested
SUS002127,CASE007396,CID009723,Gang Member,Arrested
SUS002128,CASE005232,CID001620,Accomplice,Wanted
SUS002129,CASE002862,CID000780,Accomplice,Arrested
SUS002130,CASE005624,CID000829,Accomplice,Absconding
SUS002131,CASE006855,CID006876,Gang Member,Arrested
SUS002132,CASE000050,CID000546,Gang Member,Absconding
SUS002133,CASE008806,CID008683,Main Suspect,Absconding
SUS002134,CASE005799,CID009942,Accomplice,Arrested
SUS002135,CASE008858,CID000367,Main Suspect,Wanted
SUS002136,CASE005767,CID000551,Unknown Suspect,Wanted
SUS002137,CASE000651,CID006906,Gang Member,Wanted
SUS002138,CASE003268,CID005663,Gang Member,Absconding
SUS002139,CASE001254,CID008743,Unknown Suspect,Arrested
SUS002140,CASE002038,CID000895,Unknown Suspect,Absconding
SUS002141,CASE008188,CID006325,Gang Member,Under Surveillance
SUS002142,CASE009718,CID000171,Accomplice,Absconding
SUS002143,CASE005220,CID006228,Main Suspect,Arrested
SUS002144,CASE000495,CID000364,Gang Member,Under Surveillance
SUS002145,CASE008364,CID004831,Accomplice,Absconding
SUS002146,CASE001839,CID000537,Unknown Suspect,Under Surveillance
SUS002147,CASE004721,CID007497,Gang Member,Arrested
SUS002148,CASE003784,CID005319,Accomplice,Absconding
SUS002149,CASE005904,CID007742,Main Suspect,Wanted
SUS002150,CASE000035,CID004938,Main Suspect,Wanted
SUS002151,CASE002614,CID003893,Accomplice,Wanted
SUS002152,CASE000649,CID008653,Main Suspect,Arrested
SUS002153,CASE005718,CID000070,Main Suspect,Under Surveillance
SUS002154,CASE000458,CID000725,Main Suspect,Arrested
SUS002155,CASE007698,CID002648,Accomplice,Wanted
SUS002156,CASE002431,CID000670,Gang Member,Wanted
SUS002157,CASE003822,CID001921,Main Suspect,Arrested
SUS002158,CASE006758,CID000499,Main Suspect,Under Surveillance
SUS002159,CASE006453,CID003149,Gang Member,Arrested
SUS002160,CASE002024,CID005949,Accomplice,Under Surveillance
SUS002161,CASE009888,CID000072,Unknown Suspect,Absconding
SUS002162,CASE000792,CID000573,Main Suspect,Arrested
SUS002163,CASE006213,CID004206,Gang Member,Wanted
SUS002164,CASE004934,CID007670,Gang Member,Absconding
SUS002165,CASE003944,CID007448,Accomplice,Arrested
SUS002166,CASE000806,CID008606,Main Suspect,Absconding
SUS002167,CASE003328,CID000410,Main Suspect,Absconding
SUS002168,CASE005021,CID000782,Accomplice,Under Surveillance
SUS002169,CASE001876,CID009501,Main Suspect,Arrested
SUS002170,CASE001072,CID000190,Gang Member,Absconding
SUS002171,CASE006280,CID005653,Accomplice,Absconding
SUS002172,CASE004332,CID003069,Accomplice,Under Surveillance
SUS002173,CASE005947,CID008202,Main Suspect,Wanted
SUS002174,CASE003522,CID006316,Main Suspect,Arrested
SUS002175,CASE002467,CID002901,Unknown Suspect,Arrested
SUS002176,CASE007872,CID008692,Accomplice,Under Surveillance
SUS002177,CASE008211,CID000067,Unknown Suspect,Absconding
SUS002178,CASE005435,CID004467,Unknown Suspect,Under Surveillance
SUS002179,CASE002703,CID003667,Gang Member,Under Surveillance
SUS002180,CASE005647,CID000063,Accomplice,Absconding
SUS002181,CASE006225,CID003016,Accomplice,Absconding
SUS002182,CASE003252,CID001523,Gang Member,Absconding
SUS002183,CASE001801,CID001078,Unknown Suspect,Arrested
SUS002184,CASE006151,CID006660,Gang Member,Wanted
SUS002185,CASE009057,CID002344,Gang Member,Absconding
SUS002186,CASE007334,CID001513,Accomplice,Under Surveillance
SUS002187,CASE002449,CID007324,Gang Member,Wanted
SUS002188,CASE002924,CID005486,Gang Member,Under Surveillance
SUS002189,CASE004182,CID004231,Main Suspect,Under Surveillance
SUS002190,CASE008611,CID000605,Main Suspect,Arrested
SUS002191,CASE000764,CID000565,Main Suspect,Absconding
SUS002192,CASE005132,CID006297,Accomplice,Under Surveillance
SUS002193,CASE000187,CID006173,Unknown Suspect,Under Surveillance
SUS002194,CASE003241,CID003376,Unknown Suspect,Absconding
SUS002195,CASE004596,CID005445,Main Suspect,Wanted
SUS002196,CASE003248,CID002862,Main Suspect,Arrested
SUS002197,CASE005514,CID004889,Unknown Suspect,Absconding
SUS002198,CASE003475,CID000238,Main Suspect,Wanted
SUS002199,CASE001465,CID002309,Unknown Suspect,Absconding
SUS002200,CASE007931,CID000849,Unknown Suspect,Arrested
SUS002201,CASE007307,CID005608,Gang Member,Under Surveillance
SUS002202,CASE008765,CID004438,Accomplice,Under Surveillance
SUS002203,CASE000447,CID008984,Accomplice,Wanted
SUS002204,CASE002931,CID000732,Accomplice,Wanted
SUS002205,CASE001253,CID001769,Unknown Suspect,Wanted
SUS002206,CASE009783,CID000193,Accomplice,Arrested
SUS002207,CASE001989,CID000491,Main Suspect,Wanted
SUS002208,CASE004012,CID000270,Unknown Suspect,Absconding
SUS002209,CASE009861,CID004429,Main Suspect,Absconding
SUS002210,CASE006939,CID001245,Gang Member,Under Surveillance
SUS002211,CASE001693,CID000139,Gang Member,Wanted
SUS002212,CASE002240,CID000288,Accomplice,Absconding
SUS002213,CASE002017,CID008508,Unknown Suspect,Arrested
SUS002214,CASE001521,CID005503,Main Suspect,Arrested
SUS002215,CASE001442,CID009552,Gang Member,Absconding
SUS002216,CASE005590,CID003286,Accomplice,Under Surveillance
SUS002217,CASE005618,CID008987,Gang Member,Absconding
SUS002218,CASE000581,CID003025,Unknown Suspect,Absconding
SUS002219,CASE001238,CID008565,Main Suspect,Arrested
SUS002220,CASE008314,CID001569,Accomplice,Under Surveillance
SUS002221,CASE006112,CID006686,Accomplice,Absconding
SUS002222,CASE006142,CID006504,Accomplice,Absconding
SUS002223,CASE000325,CID000339,Unknown Suspect,Arrested
SUS002224,CASE003393,CID006257,Main Suspect,Absconding
SUS002225,CASE005238,CID000270,Gang Member,Under Surveillance
SUS002226,CASE001459,CID008114,Main Suspect,Wanted
SUS002227,CASE001377,CID009196,Unknown Suspect,Arrested
SUS002228,CASE005745,CID000222,Gang Member,Absconding
SUS002229,CASE008890,CID008331,Unknown Suspect,Under Surveillance
SUS002230,CASE007871,CID004060,Gang Member,Absconding
SUS002231,CASE000539,CID001168,Accomplice,Under Surveillance
SUS002232,CASE006009,CID006346,Gang Member,Arrested
SUS002233,CASE005710,CID000240,Gang Member,Arrested
SUS002234,CASE001259,CID000660,Main Suspect,Wanted
SUS002235,CASE006157,CID000552,Main Suspect,Under Surveillance
SUS002236,CASE006872,CID004685,Unknown Suspect,Under Surveillance
SUS002237,CASE000372,CID007527,Gang Member,Wanted
SUS002238,CASE007848,CID009066,Unknown Suspect,Absconding
SUS002239,CASE007093,CID000013,Gang Member,Absconding
SUS002240,CASE000291,CID000363,Gang Member,Under Surveillance
SUS002241,CASE006747,CID000618,Main Suspect,Wanted
SUS002242,CASE002958,CID009868,Gang Member,Absconding
SUS002243,CASE000682,CID003498,Gang Member,Under Surveillance
SUS002244,CASE001892,CID001791,Main Suspect,Arrested
SUS002245,CASE004429,CID008434,Main Suspect,Arrested
SUS002246,CASE007469,CID006579,Main Suspect,Absconding
SUS002247,CASE003767,CID004266,Main Suspect,Under Surveillance
SUS002248,CASE007766,CID005869,Unknown Suspect,Wanted
SUS002249,CASE007240,CID006865,Accomplice,Arrested
SUS002250,CASE001482,CID007792,Gang Member,Under Surveillance
SUS002251,CASE006771,CID004554,Accomplice,Under Surveillance
SUS002252,CASE003762,CID000362,Main Suspect,Wanted
SUS002253,CASE007332,CID004707,Main Suspect,Wanted
SUS002254,CASE001580,CID009214,Accomplice,Under Surveillance
SUS002255,CASE004806,CID005585,Accomplice,Wanted
SUS002256,CASE001369,CID002225,Main Suspect,Arrested
SUS002257,CASE006670,CID006523,Gang Member,Absconding
SUS002258,CASE001904,CID000293,Unknown Suspect,Absconding
SUS002259,CASE005754,CID009036,Accomplice,Under Surveillance
SUS002260,CASE007865,CID000680,Unknown Suspect,Under Surveillance
SUS002261,CASE004241,CID000743,Accomplice,Arrested
SUS002262,CASE004952,CID007396,Main Suspect,Arrested
SUS002263,CASE004400,CID007291,Accomplice,Absconding
SUS002264,CASE006130,CID007847,Accomplice,Wanted
SUS002265,CASE003802,CID000486,Main Suspect,Absconding
SUS002266,CASE007321,CID000443,Unknown Suspect,Wanted
SUS002267,CASE003852,CID009737,Unknown Suspect,Wanted
SUS002268,CASE004599,CID005382,Main Suspect,Absconding
SUS002269,CASE004455,CID000573,Main Suspect,Under Surveillance
SUS002270,CASE006990,CID000098,Gang Member,Arrested
SUS002271,CASE006026,CID000408,Gang Member,Under Surveillance
SUS002272,CASE007223,CID000898,Unknown Suspect,Under Surveillance
SUS002273,CASE006724,CID000556,Gang Member,Wanted
SUS002274,CASE002196,CID004313,Gang Member,Under Surveillance
SUS002275,CASE002500,CID004805,Gang Member,Absconding
SUS002276,CASE008721,CID004275,Gang Member,Arrested
SUS002277,CASE000824,CID000493,Unknown Suspect,Absconding
SUS002278,CASE007235,CID009717,Accomplice,Wanted
SUS002279,CASE008188,CID001847,Unknown Suspect,Wanted
SUS002280,CASE008246,CID008041,Accomplice,Arrested
SUS002281,CASE009565,CID004527,Gang Member,Absconding
SUS002282,CASE008248,CID005644,Main Suspect,Under Surveillance
SUS002283,CASE006317,CID006966,Main Suspect,Absconding
SUS002284,CASE005679,CID007693,Accomplice,Under Surveillance
SUS002285,CASE003792,CID008922,Gang Member,Under Surveillance
SUS002286,CASE001200,CID000704,Unknown Suspect,Under Surveillance
SUS002287,CASE004060,CID004832,Unknown Suspect,Under Surveillance
SUS002288,CASE005155,CID002439,Main Suspect,Wanted
SUS002289,CASE005001,CID007185,Main Suspect,Under Surveillance
SUS002290,CASE008354,CID009816,Main Suspect,Arrested
SUS002291,CASE006710,CID000305,Accomplice,Absconding
SUS002292,CASE007308,CID006648,Gang Member,Arrested
SUS002293,CASE001963,CID000024,Main Suspect,Arrested
SUS002294,CASE006846,CID003615,Unknown Suspect,Wanted
SUS002295,CASE002457,CID009939,Gang Member,Wanted
SUS002296,CASE000423,CID000277,Accomplice,Wanted
SUS002297,CASE004750,CID009777,Gang Member,Under Surveillance
SUS002298,CASE009296,CID000226,Unknown Suspect,Arrested
SUS002299,CASE000040,CID000506,Accomplice,Wanted
SUS002300,CASE009439,CID000690,Unknown Suspect,Wanted
SUS002301,CASE007309,CID002481,Unknown Suspect,Under Surveillance
SUS002302,CASE007326,CID000275,Gang Member,Arrested
SUS002303,CASE003292,CID009503,Gang Member,Absconding
SUS002304,CASE008818,CID003893,Gang Member,Arrested
SUS002305,CASE003324,CID000468,Gang Member,Wanted
SUS002306,CASE003545,CID007439,Unknown Suspect,Absconding
SUS002307,CASE001163,CID006895,Accomplice,Absconding
SUS002308,CASE004885,CID000292,Main Suspect,Absconding
SUS002309,CASE005278,CID006115,Unknown Suspect,Arrested
SUS002310,CASE000813,CID005471,Unknown Suspect,Absconding
SUS002311,CASE008453,CID009435,Gang Member,Wanted
SUS002312,CASE006161,CID000442,Main Suspect,Wanted
SUS002313,CASE004383,CID003556,Unknown Suspect,Wanted
SUS002314,CASE003836,CID000937,Accomplice,Wanted
SUS002315,CASE003635,CID000050,Unknown Suspect,Arrested
SUS002316,CASE000164,CID004801,Gang Member,Wanted
SUS002317,CASE004130,CID008452,Gang Member,Absconding
SUS002318,CASE004144,CID002791,Unknown Suspect,Absconding
SUS002319,CASE000726,CID001523,Main Suspect,Under Surveillance
SUS002320,CASE001438,CID000300,Unknown Suspect,Under Surveillance
SUS002321,CASE009125,CID005754,Gang Member,Wanted
SUS002322,CASE009124,CID005463,Accomplice,Absconding
SUS002323,CASE005773,CID000031,Main Suspect,Absconding
SUS002324,CASE009870,CID000090,Accomplice,Under Surveillance
SUS002325,CASE008221,CID000786,Gang Member,Absconding
SUS002326,CASE003493,CID000623,Gang Member,Under Surveillance
SUS002327,CASE007303,CID009676,Accomplice,Absconding
SUS002328,CASE006781,CID003693,Accomplice,Arrested
SUS002329,CASE007428,CID009769,Main Suspect,Arrested
SUS002330,CASE007045,CID009367,Gang Member,Under Surveillance
SUS002331,CASE006186,CID001761,Unknown Suspect,Absconding
SUS002332,CASE005012,CID000671,Main Suspect,Wanted
SUS002333,CASE003940,CID000194,Unknown Suspect,Arrested
SUS002334,CASE000478,CID002198,Accomplice,Absconding
SUS002335,CASE003338,CID004065,Unknown Suspect,Arrested
SUS002336,CASE002065,CID000244,Unknown Suspect,Under Surveillance
SUS002337,CASE005751,CID002980,Unknown Suspect,Arrested
SUS002338,CASE005956,CID001466,Gang Member,Arrested
SUS002339,CASE000583,CID005431,Unknown Suspect,Arrested
SUS002340,CASE006186,CID000625,Accomplice,Arrested
SUS002341,CASE002752,CID006299,Accomplice,Under Surveillance
SUS002342,CASE000150,CID000013,Unknown Suspect,Wanted
SUS002343,CASE004040,CID003202,Unknown Suspect,Arrested
SUS002344,CASE007592,CID000342,Main Suspect,Absconding
SUS002345,CASE004280,CID002563,Accomplice,Under Surveillance
SUS002346,CASE000114,CID007821,Unknown Suspect,Wanted
SUS002347,CASE007719,CID007078,Accomplice,Arrested
SUS002348,CASE008112,CID000203,Main Suspect,Absconding
SUS002349,CASE001243,CID004724,Main Suspect,Wanted
SUS002350,CASE004473,CID000918,Main Suspect,Arrested
SUS002351,CASE008601,CID004474,Gang Member,Under Surveillance
SUS002352,CASE007484,CID000320,Gang Member,Absconding
SUS002353,CASE003758,CID002480,Main Suspect,Under Surveillance
SUS002354,CASE008638,CID001104,Accomplice,Arrested
SUS002355,CASE009543,CID008337,Accomplice,Absconding
SUS002356,CASE009627,CID007807,Accomplice,Wanted
SUS002357,CASE004611,CID002699,Accomplice,Arrested
SUS002358,CASE009240,CID000478,Main Suspect,Under Surveillance
SUS002359,CASE008210,CID000674,Main Suspect,Wanted
SUS002360,CASE002848,CID009730,Gang Member,Wanted
SUS002361,CASE004009,CID000234,Accomplice,Absconding
SUS002362,CASE006069,CID004162,Gang Member,Wanted
SUS002363,CASE006927,CID000224,Accomplice,Absconding
SUS002364,CASE006795,CID002827,Main Suspect,Absconding
SUS002365,CASE006941,CID002792,Unknown Suspect,Under Surveillance
SUS002366,CASE001110,CID001847,Accomplice,Wanted
SUS002367,CASE009672,CID000782,Unknown Suspect,Wanted
SUS002368,CASE009616,CID003905,Accomplice,Arrested
SUS002369,CASE006563,CID002204,Unknown Suspect,Wanted
SUS002370,CASE006391,CID000295,Gang Member,Absconding
SUS002371,CASE001562,CID002028,Main Suspect,Absconding
SUS002372,CASE005847,CID000400,Accomplice,Wanted
SUS002373,CASE007941,CID000675,Unknown Suspect,Wanted
SUS002374,CASE005801,CID000569,Main Suspect,Wanted
SUS002375,CASE008769,CID009881,Unknown Suspect,Absconding
SUS002376,CASE005826,CID001197,Accomplice,Absconding
SUS002377,CASE007489,CID000057,Gang Member,Under Surveillance
SUS002378,CASE008183,CID000225,Accomplice,Arrested
SUS002379,CASE000140,CID009207,Gang Member,Arrested
SUS002380,CASE006677,CID005552,Gang Member,Wanted
SUS002381,CASE008458,CID002127,Accomplice,Under Surveillance
SUS002382,CASE002465,CID009656,Accomplice,Under Surveillance
SUS002383,CASE004688,CID002524,Accomplice,Absconding
SUS002384,CASE002345,CID004453,Accomplice,Under Surveillance
SUS002385,CASE007006,CID004623,Unknown Suspect,Under Surveillance
SUS002386,CASE001132,CID003057,Unknown Suspect,Absconding
SUS002387,CASE000341,CID000513,Unknown Suspect,Wanted
SUS002388,CASE001677,CID000293,Accomplice,Under Surveillance
SUS002389,CASE006889,CID000634,Unknown Suspect,Under Surveillance
SUS002390,CASE008937,CID009515,Main Suspect,Absconding
SUS002391,CASE000835,CID000683,Accomplice,Arrested
SUS002392,CASE000650,CID004560,Unknown Suspect,Under Surveillance
SUS002393,CASE004268,CID003262,Gang Member,Wanted
SUS002394,CASE008008,CID000154,Main Suspect,Arrested
SUS002395,CASE004773,CID004902,Gang Member,Arrested
SUS002396,CASE002152,CID002872,Accomplice,Absconding
SUS002397,CASE000953,CID007299,Unknown Suspect,Under Surveillance
SUS002398,CASE005019,CID009657,Main Suspect,Absconding
SUS002399,CASE006748,CID009529,Unknown Suspect,Wanted
SUS002400,CASE002270,CID006521,Main Suspect,Arrested
SUS002401,CASE002785,CID004128,Main Suspect,Absconding
SUS002402,CASE002336,CID005865,Accomplice,Absconding
SUS002403,CASE000774,CID007246,Gang Member,Arrested
SUS002404,CASE006198,CID006854,Accomplice,Under Surveillance
SUS002405,CASE001122,CID000303,Main Suspect,Under Surveillance
SUS002406,CASE007022,CID000360,Main Suspect,Absconding
SUS002407,CASE006370,CID003075,Unknown Suspect,Absconding
SUS002408,CASE000542,CID004756,Accomplice,Absconding
SUS002409,CASE008693,CID000099,Accomplice,Absconding
SUS002410,CASE000802,CID006124,Accomplice,Absconding
SUS002411,CASE001528,CID007214,Accomplice,Under Surveillance
SUS002412,CASE006959,CID009687,Unknown Suspect,Absconding
SUS002413,CASE001929,CID002989,Accomplice,Arrested
SUS002414,CASE003979,CID001996,Unknown Suspect,Under Surveillance
SUS002415,CASE009868,CID006523,Accomplice,Arrested
SUS002416,CASE001169,CID009921,Accomplice,Absconding
SUS002417,CASE007283,CID000531,Gang Member,Under Surveillance
SUS002418,CASE006948,CID000080,Gang Member,Arrested
SUS002419,CASE001926,CID003689,Accomplice,Under Surveillance
SUS002420,CASE003129,CID002370,Unknown Suspect,Arrested
SUS002421,CASE008539,CID000401,Accomplice,Under Surveillance
SUS002422,CASE007137,CID007462,Accomplice,Under Surveillance
SUS002423,CASE003448,CID000319,Gang Member,Under Surveillance
SUS002424,CASE007452,CID001014,Main Suspect,Absconding
SUS002425,CASE000919,CID006169,Unknown Suspect,Arrested
SUS002426,CASE003663,CID006861,Main Suspect,Wanted
SUS002427,CASE008342,CID000535,Accomplice,Under Surveillance
SUS002428,CASE005449,CID004863,Gang Member,Wanted
SUS002429,CASE005823,CID001021,Accomplice,Arrested
SUS002430,CASE002458,CID004558,Accomplice,Under Surveillance
SUS002431,CASE001446,CID003318,Unknown Suspect,Arrested
SUS002432,CASE005187,CID000782,Accomplice,Wanted
SUS002433,CASE000422,CID003326,Accomplice,Absconding
SUS002434,CASE002126,CID000195,Main Suspect,Wanted
SUS002435,CASE001928,CID008159,Unknown Suspect,Under Surveillance
SUS002436,CASE007555,CID000736,Accomplice,Wanted
SUS002437,CASE003988,CID009470,Accomplice,Wanted
SUS002438,CASE002515,CID009958,Accomplice,Arrested
SUS002439,CASE004670,CID000241,Main Suspect,Arrested
SUS002440,CASE004079,CID000666,Unknown Suspect,Wanted
SUS002441,CASE009140,CID006785,Accomplice,Wanted
SUS002442,CASE002574,CID005525,Accomplice,Under Surveillance
SUS002443,CASE005851,CID000552,Unknown Suspect,Under Surveillance
SUS002444,CASE006384,CID006083,Main Suspect,Under Surveillance
SUS002445,CASE005724,CID000376,Gang Member,Wanted
SUS002446,CASE009124,CID000335,Main Suspect,Under Surveillance
SUS002447,CASE005035,CID005111,Unknown Suspect,Absconding
SUS002448,CASE005999,CID004447,Unknown Suspect,Under Surveillance
SUS002449,CASE000301,CID000555,Main Suspect,Absconding
SUS002450,CASE001881,CID000345,Main Suspect,Under Surveillance
SUS002451,CASE001000,CID007356,Unknown Suspect,Under Surveillance
SUS002452,CASE002202,CID000358,Accomplice,Under Surveillance
SUS002453,CASE002846,CID000922,Unknown Suspect,Wanted
SUS002454,CASE007986,CID000301,Main Suspect,Absconding
SUS002455,CASE004014,CID004444,Gang Member,Under Surveillance
SUS002456,CASE002330,CID006747,Gang Member,Absconding
SUS002457,CASE009447,CID000050,Unknown Suspect,Under Surveillance
SUS002458,CASE003400,CID000603,Main Suspect,Under Surveillance
SUS002459,CASE006161,CID000725,Accomplice,Arrested
SUS002460,CASE007561,CID006733,Gang Member,Arrested
SUS002461,CASE003564,CID000366,Main Suspect,Under Surveillance
SUS002462,CASE005679,CID005036,Accomplice,Absconding
SUS002463,CASE008629,CID000341,Main Suspect,Wanted
SUS002464,CASE005566,CID000561,Unknown Suspect,Arrested
SUS002465,CASE009180,CID005871,Main Suspect,Arrested
SUS002466,CASE002767,CID004854,Gang Member,Wanted
SUS002467,CASE007719,CID008777,Gang Member,Absconding
SUS002468,CASE004825,CID008114,Main Suspect,Under Surveillance
SUS002469,CASE001258,CID000366,Unknown Suspect,Arrested
SUS002470,CASE008272,CID007609,Unknown Suspect,Absconding
SUS002471,CASE004355,CID006918,Main Suspect,Under Surveillance
SUS002472,CASE002703,CID003971,Gang Member,Wanted
SUS002473,CASE009446,CID000006,Main Suspect,Absconding
SUS002474,CASE000921,CID006493,Main Suspect,Absconding
SUS002475,CASE000657,CID000908,Gang Member,Arrested
SUS002476,CASE003136,CID005022,Main Suspect,Wanted
SUS002477,CASE003284,CID007574,Unknown Suspect,Absconding
SUS002478,CASE000133,CID002214,Main Suspect,Wanted
SUS002479,CASE007251,CID005303,Unknown Suspect,Wanted
SUS002480,CASE001886,CID006655,Unknown Suspect,Arrested
SUS002481,CASE002865,CID009412,Main Suspect,Absconding
SUS002482,CASE001330,CID006667,Gang Member,Arrested
SUS002483,CASE000643,CID009402,Unknown Suspect,Arrested
SUS002484,CASE002642,CID009098,Gang Member,Under Surveillance
SUS002485,CASE009463,CID008649,Gang Member,Arrested
SUS002486,CASE002498,CID005380,Main Suspect,Arrested
SUS002487,CASE008676,CID005086,Accomplice,Under Surveillance
SUS002488,CASE001593,CID007369,Accomplice,Absconding
SUS002489,CASE001215,CID002671,Unknown Suspect,Arrested
SUS002490,CASE002376,CID006636,Main Suspect,Absconding
SUS002491,CASE001586,CID008534,Gang Member,Wanted
SUS002492,CASE002891,CID004591,Main Suspect,Arrested
SUS002493,CASE008331,CID000774,Main Suspect,Arrested
SUS002494,CASE000156,CID004836,Accomplice,Wanted
SUS002495,CASE000166,CID007355,Main Suspect,Absconding
SUS002496,CASE003778,CID007446,Unknown Suspect,Wanted
SUS002497,CASE006082,CID000058,Accomplice,Arrested
SUS002498,CASE003248,CID000390,Gang Member,Wanted
SUS002499,CASE000488,CID004438,Accomplice,Under Surveillance
SUS002500,CASE005440,CID008692,Gang Member,Arrested
SUS002501,CASE002866,CID000498,Main Suspect,Wanted
SUS002502,CASE009626,CID000747,Gang Member,Under Surveillance
SUS002503,CASE000872,CID005053,Accomplice,Arrested
SUS002504,CASE005603,CID001829,Unknown Suspect,Under Surveillance
SUS002505,CASE002719,CID003313,Unknown Suspect,Under Surveillance
SUS002506,CASE001085,CID003630,Accomplice,Absconding
SUS002507,CASE003105,CID009126,Unknown Suspect,Arrested
SUS002508,CASE005898,CID000785,Accomplice,Wanted
SUS002509,CASE006727,CID007741,Main Suspect,Wanted
SUS002510,CASE002731,CID005109,Main Suspect,Absconding
SUS002511,CASE003694,CID000870,Gang Member,Absconding
SUS002512,CASE004515,CID008924,Gang Member,Arrested
SUS002513,CASE008475,CID009117,Unknown Suspect,Under Surveillance
SUS002514,CASE003066,CID000676,Main Suspect,Absconding
SUS002515,CASE000561,CID003680,Main Suspect,Wanted
SUS002516,CASE005816,CID008647,Gang Member,Arrested
SUS002517,CASE001498,CID009094,Unknown Suspect,Wanted
SUS002518,CASE002703,CID007489,Accomplice,Wanted
SUS002519,CASE003468,CID000153,Unknown Suspect,Absconding
SUS002520,CASE004298,CID001208,Accomplice,Wanted
SUS002521,CASE001239,CID005898,Gang Member,Absconding
SUS002522,CASE000379,CID006780,Main Suspect,Wanted
SUS002523,CASE008477,CID008866,Main Suspect,Absconding
SUS002524,CASE009302,CID000440,Unknown Suspect,Absconding
SUS002525,CASE005539,CID000220,Accomplice,Wanted
SUS002526,CASE004331,CID006747,Unknown Suspect,Under Surveillance
SUS002527,CASE007784,CID007920,Accomplice,Absconding
SUS002528,CASE008338,CID006217,Gang Member,Under Surveillance
SUS002529,CASE000594,CID007024,Unknown Suspect,Absconding
SUS002530,CASE006974,CID000023,Unknown Suspect,Under Surveillance
SUS002531,CASE006133,CID005899,Main Suspect,Absconding
SUS002532,CASE001428,CID002801,Accomplice,Absconding
SUS002533,CASE001819,CID006471,Main Suspect,Absconding
SUS002534,CASE005993,CID000372,Unknown Suspect,Arrested
SUS002535,CASE003857,CID003015,Gang Member,Wanted
SUS002536,CASE006450,CID006285,Unknown Suspect,Wanted
SUS002537,CASE000405,CID000242,Main Suspect,Wanted
SUS002538,CASE007444,CID000228,Accomplice,Wanted
SUS002539,CASE005751,CID001755,Unknown Suspect,Wanted
SUS002540,CASE002035,CID000672,Main Suspect,Arrested
SUS002541,CASE006907,CID003163,Unknown Suspect,Arrested
SUS002542,CASE007331,CID005194,Accomplice,Arrested
SUS002543,CASE000084,CID002436,Gang Member,Wanted
SUS002544,CASE008004,CID000028,Unknown Suspect,Arrested
SUS002545,CASE001453,CID008441,Main Suspect,Arrested
SUS002546,CASE005892,CID009156,Main Suspect,Absconding
SUS002547,CASE002806,CID000577,Main Suspect,Wanted
SUS002548,CASE004895,CID009580,Main Suspect,Wanted
SUS002549,CASE008276,CID008325,Unknown Suspect,Wanted
SUS002550,CASE006856,CID003928,Main Suspect,Absconding
SUS002551,CASE001106,CID008891,Gang Member,Arrested
SUS002552,CASE001469,CID008453,Accomplice,Arrested
SUS002553,CASE008832,CID001952,Gang Member,Under Surveillance
SUS002554,CASE009175,CID003603,Main Suspect,Under Surveillance
SUS002555,CASE009569,CID000361,Unknown Suspect,Wanted
SUS002556,CASE004337,CID001578,Main Suspect,Arrested
SUS002557,CASE007770,CID000533,Main Suspect,Under Surveillance
SUS002558,CASE003936,CID000173,Unknown Suspect,Under Surveillance
SUS002559,CASE003385,CID000361,Gang Member,Under Surveillance
SUS002560,CASE004891,CID000342,Unknown Suspect,Wanted
SUS002561,CASE000204,CID004986,Accomplice,Wanted
SUS002562,CASE006956,CID000450,Accomplice,Wanted
SUS002563,CASE001631,CID002976,Main Suspect,Absconding
SUS002564,CASE007716,CID000074,Accomplice,Absconding
SUS002565,CASE000767,CID004160,Unknown Suspect,Arrested
SUS002566,CASE009551,CID004250,Main Suspect,Absconding
SUS002567,CASE001727,CID009916,Main Suspect,Wanted
SUS002568,CASE006320,CID005174,Accomplice,Absconding
SUS002569,CASE002699,CID000692,Unknown Suspect,Under Surveillance
SUS002570,CASE003398,CID006329,Main Suspect,Arrested
SUS002571,CASE006033,CID000120,Main Suspect,Absconding
SUS002572,CASE001278,CID002195,Gang Member,Arrested
SUS002573,CASE004824,CID008564,Unknown Suspect,Absconding
SUS002574,CASE004929,CID006193,Unknown Suspect,Absconding
SUS002575,CASE001937,CID002427,Gang Member,Under Surveillance
SUS002576,CASE006884,CID000458,Accomplice,Arrested
SUS002577,CASE002757,CID007410,Unknown Suspect,Arrested
SUS002578,CASE002736,CID000695,Main Suspect,Under Surveillance
SUS002579,CASE000596,CID005868,Unknown Suspect,Under Surveillance
SUS002580,CASE005020,CID001388,Accomplice,Arrested
SUS002581,CASE008693,CID000411,Main Suspect,Under Surveillance
SUS002582,CASE003969,CID005820,Gang Member,Under Surveillance
SUS002583,CASE002039,CID000468,Gang Member,Wanted
SUS002584,CASE003885,CID009555,Accomplice,Under Surveillance
SUS002585,CASE007222,CID000531,Gang Member,Arrested
SUS002586,CASE002605,CID004830,Gang Member,Arrested
SUS002587,CASE009314,CID008736,Accomplice,Wanted
SUS002588,CASE007498,CID001850,Unknown Suspect,Arrested
SUS002589,CASE003678,CID008345,Unknown Suspect,Arrested
SUS002590,CASE001947,CID007538,Unknown Suspect,Wanted
SUS002591,CASE005185,CID008615,Accomplice,Absconding
SUS002592,CASE006673,CID005723,Main Suspect,Wanted
SUS002593,CASE001739,CID006143,Main Suspect,Wanted
SUS002594,CASE001944,CID009842,Gang Member,Arrested
SUS002595,CASE009417,CID000535,Gang Member,Absconding
SUS002596,CASE003132,CID000434,Unknown Suspect,Wanted
SUS002597,CASE007965,CID006316,Accomplice,Arrested
SUS002598,CASE009061,CID006980,Accomplice,Absconding
SUS002599,CASE006269,CID001002,Unknown Suspect,Wanted
SUS002600,CASE001390,CID007285,Main Suspect,Wanted
SUS002601,CASE003779,CID006483,Unknown Suspect,Absconding
SUS002602,CASE002962,CID000688,Accomplice,Wanted
SUS002603,CASE007587,CID009603,Accomplice,Absconding
SUS002604,CASE000021,CID009347,Unknown Suspect,Under Surveillance
SUS002605,CASE007063,CID008849,Unknown Suspect,Arrested
SUS002606,CASE004775,CID007903,Accomplice,Absconding
SUS002607,CASE008274,CID000096,Unknown Suspect,Arrested
SUS002608,CASE008720,CID000199,Unknown Suspect,Wanted
SUS002609,CASE002809,CID008938,Accomplice,Wanted
SUS002610,CASE009683,CID000741,Unknown Suspect,Arrested
SUS002611,CASE001434,CID007061,Accomplice,Absconding
SUS002612,CASE001926,CID006186,Main Suspect,Under Surveillance
SUS002613,CASE004869,CID009864,Main Suspect,Arrested
SUS002614,CASE005638,CID000267,Main Suspect,Arrested
SUS002615,CASE004254,CID000550,Accomplice,Under Surveillance
SUS002616,CASE004358,CID000302,Unknown Suspect,Wanted
SUS002617,CASE006097,CID006487,Main Suspect,Under Surveillance
SUS002618,CASE005074,CID002350,Accomplice,Wanted
SUS002619,CASE009525,CID001492,Unknown Suspect,Under Surveillance
SUS002620,CASE002784,CID000957,Accomplice,Arrested
SUS002621,CASE002817,CID003990,Gang Member,Absconding
SUS002622,CASE005316,CID004158,Unknown Suspect,Wanted
SUS002623,CASE005480,CID001926,Accomplice,Wanted
SUS002624,CASE003452,CID006376,Main Suspect,Under Surveillance
SUS002625,CASE000365,CID002888,Accomplice,Arrested
SUS002626,CASE006094,CID009790,Unknown Suspect,Under Surveillance
SUS002627,CASE004166,CID003937,Accomplice,Wanted
SUS002628,CASE001827,CID005751,Gang Member,Arrested
SUS002629,CASE008806,CID001772,Main Suspect,Absconding
SUS002630,CASE000728,CID003650,Unknown Suspect,Wanted
SUS002631,CASE008640,CID008159,Accomplice,Absconding
SUS002632,CASE007676,CID008809,Main Suspect,Arrested
SUS002633,CASE001745,CID004396,Accomplice,Wanted
SUS002634,CASE008280,CID001426,Main Suspect,Arrested
SUS002635,CASE007093,CID001542,Gang Member,Arrested
SUS002636,CASE004005,CID006384,Unknown Suspect,Under Surveillance
SUS002637,CASE008781,CID000784,Unknown Suspect,Absconding
SUS002638,CASE005770,CID000718,Gang Member,Under Surveillance
SUS002639,CASE002708,CID004970,Accomplice,Arrested
SUS002640,CASE002791,CID006851,Gang Member,Absconding
SUS002641,CASE007244,CID001551,Accomplice,Absconding
SUS002642,CASE000728,CID007279,Gang Member,Under Surveillance
SUS002643,CASE005079,CID000513,Unknown Suspect,Wanted
SUS002644,CASE003877,CID001356,Gang Member,Under Surveillance
SUS002645,CASE008457,CID006871,Main Suspect,Arrested
SUS002646,CASE008585,CID002412,Accomplice,Absconding
SUS002647,CASE005289,CID001600,Main Suspect,Wanted
SUS002648,CASE008027,CID000486,Gang Member,Under Surveillance
SUS002649,CASE003327,CID005202,Unknown Suspect,Wanted
SUS002650,CASE000224,CID003796,Unknown Suspect,Arrested
SUS002651,CASE009010,CID003118,Accomplice,Under Surveillance
SUS002652,CASE001833,CID000108,Main Suspect,Under Surveillance
SUS002653,CASE009373,CID006835,Unknown Suspect,Under Surveillance
SUS002654,CASE007787,CID003604,Unknown Suspect,Absconding
SUS002655,CASE007384,CID001496,Accomplice,Wanted
SUS002656,CASE006239,CID002733,Gang Member,Under Surveillance
SUS002657,CASE007941,CID005614,Accomplice,Absconding
SUS002658,CASE002826,CID001716,Gang Member,Absconding
SUS002659,CASE001441,CID005619,Gang Member,Under Surveillance
SUS002660,CASE007866,CID000076,Unknown Suspect,Wanted
SUS002661,CASE000495,CID001782,Unknown Suspect,Arrested
SUS002662,CASE009815,CID009232,Accomplice,Wanted
SUS002663,CASE005098,CID006047,Accomplice,Arrested
SUS002664,CASE005106,CID006222,Gang Member,Under Surveillance
SUS002665,CASE005421,CID007169,Accomplice,Absconding
SUS002666,CASE000026,CID002685,Gang Member,Arrested
SUS002667,CASE006385,CID005847,Gang Member,Under Surveillance
SUS002668,CASE008733,CID000442,Accomplice,Under Surveillance
SUS002669,CASE005084,CID001621,Accomplice,Under Surveillance
SUS002670,CASE004101,CID002886,Accomplice,Absconding
SUS002671,CASE008288,CID005709,Accomplice,Absconding
SUS002672,CASE000173,CID000357,Accomplice,Absconding
SUS002673,CASE002656,CID008570,Gang Member,Wanted
SUS002674,CASE004702,CID001621,Main Suspect,Wanted
SUS002675,CASE003282,CID002281,Main Suspect,Under Surveillance
SUS002676,CASE003860,CID008277,Accomplice,Arrested
SUS002677,CASE009984,CID008378,Accomplice,Absconding
SUS002678,CASE007891,CID004832,Gang Member,Arrested
SUS002679,CASE002478,CID000212,Gang Member,Under Surveillance
SUS002680,CASE000590,CID004622,Gang Member,Under Surveillance
SUS002681,CASE005534,CID000568,Gang Member,Arrested
SUS002682,CASE005564,CID004902,Unknown Suspect,Wanted
SUS002683,CASE009213,CID000436,Gang Member,Wanted
SUS002684,CASE009092,CID007043,Accomplice,Absconding
SUS002685,CASE005977,CID000196,Unknown Suspect,Absconding
SUS002686,CASE002227,CID000512,Accomplice,Under Surveillance
SUS002687,CASE000118,CID004022,Unknown Suspect,Under Surveillance
SUS002688,CASE005496,CID008069,Unknown Suspect,Arrested
SUS002689,CASE006909,CID001347,Main Suspect,Arrested
SUS002690,CASE000144,CID000859,Main Suspect,Under Surveillance
SUS002691,CASE007045,CID009289,Gang Member,Wanted
SUS002692,CASE009168,CID007176,Main Suspect,Wanted
SUS002693,CASE001772,CID004498,Accomplice,Under Surveillance
SUS002694,CASE005142,CID005997,Accomplice,Arrested
SUS002695,CASE007853,CID000727,Accomplice,Under Surveillance
SUS002696,CASE001070,CID004931,Accomplice,Under Surveillance
SUS002697,CASE000006,CID008154,Main Suspect,Wanted
SUS002698,CASE002865,CID001819,Unknown Suspect,Wanted
SUS002699,CASE005586,CID000542,Accomplice,Wanted
SUS002700,CASE003401,CID001992,Main Suspect,Wanted
SUS002701,CASE003118,CID000205,Unknown Suspect,Wanted
SUS002702,CASE008659,CID000355,Unknown Suspect,Under Surveillance
SUS002703,CASE004934,CID004655,Unknown Suspect,Under Surveillance
SUS002704,CASE002437,CID000233,Main Suspect,Under Surveillance
SUS002705,CASE001607,CID004187,Main Suspect,Wanted
SUS002706,CASE005243,CID008355,Unknown Suspect,Under Surveillance
SUS002707,CASE000100,CID008039,Main Suspect,Arrested
SUS002708,CASE007689,CID006781,Unknown Suspect,Under Surveillance
SUS002709,CASE006571,CID002181,Unknown Suspect,Arrested
SUS002710,CASE005275,CID009831,Gang Member,Under Surveillance
SUS002711,CASE003841,CID004721,Gang Member,Under Surveillance
SUS002712,CASE000109,CID000710,Unknown Suspect,Arrested
SUS002713,CASE003188,CID006357,Unknown Suspect,Under Surveillance
SUS002714,CASE006150,CID006434,Unknown Suspect,Under Surveillance
SUS002715,CASE007273,CID007558,Accomplice,Absconding
SUS002716,CASE003414,CID000414,Main Suspect,Arrested
SUS002717,CASE008329,CID003307,Main Suspect,Wanted
SUS002718,CASE006414,CID005502,Main Suspect,Wanted
SUS002719,CASE002292,CID000038,Main Suspect,Under Surveillance
SUS002720,CASE004034,CID001862,Main Suspect,Wanted
SUS002721,CASE007006,CID000131,Accomplice,Absconding
SUS002722,CASE008200,CID007006,Accomplice,Under Surveillance
SUS002723,CASE007897,CID006815,Accomplice,Arrested
SUS002724,CASE001040,CID005766,Unknown Suspect,Arrested
SUS002725,CASE003284,CID006972,Main Suspect,Wanted
SUS002726,CASE008450,CID000402,Main Suspect,Wanted
SUS002727,CASE000471,CID009681,Main Suspect,Wanted
SUS002728,CASE005535,CID002806,Gang Member,Absconding
SUS002729,CASE004423,CID000142,Accomplice,Absconding
SUS002730,CASE004335,CID000646,Main Suspect,Arrested
SUS002731,CASE005325,CID002699,Accomplice,Under Surveillance
SUS002732,CASE001608,CID000117,Accomplice,Absconding
SUS002733,CASE007363,CID000754,Main Suspect,Absconding
SUS002734,CASE006456,CID003782,Accomplice,Arrested
SUS002735,CASE005909,CID006386,Gang Member,Under Surveillance
SUS002736,CASE006232,CID000373,Main Suspect,Arrested
SUS002737,CASE008858,CID005284,Main Suspect,Absconding
SUS002738,CASE004543,CID001610,Accomplice,Absconding
SUS002739,CASE000631,CID002144,Unknown Suspect,Absconding
SUS002740,CASE009953,CID000033,Main Suspect,Under Surveillance
SUS002741,CASE007166,CID000215,Gang Member,Absconding
SUS002742,CASE004350,CID000797,Unknown Suspect,Under Surveillance
SUS002743,CASE002733,CID009524,Unknown Suspect,Absconding
SUS002744,CASE006552,CID008981,Unknown Suspect,Arrested
SUS002745,CASE003825,CID007427,Main Suspect,Absconding
SUS002746,CASE009261,CID000207,Main Suspect,Arrested
SUS002747,CASE004507,CID005586,Gang Member,Under Surveillance
SUS002748,CASE001520,CID000169,Main Suspect,Arrested
SUS002749,CASE008163,CID007460,Main Suspect,Arrested
SUS002750,CASE003649,CID007379,Accomplice,Under Surveillance
SUS002751,CASE002007,CID005811,Main Suspect,Wanted
SUS002752,CASE005660,CID000597,Main Suspect,Absconding
SUS002753,CASE005565,CID000248,Gang Member,Under Surveillance
SUS002754,CASE004649,CID004178,Unknown Suspect,Wanted
SUS002755,CASE009027,CID006424,Gang Member,Absconding
SUS002756,CASE002232,CID000407,Unknown Suspect,Under Surveillance
SUS002757,CASE002623,CID000235,Unknown Suspect,Under Surveillance
SUS002758,CASE004919,CID000425,Unknown Suspect,Absconding
SUS002759,CASE002666,CID000397,Unknown Suspect,Absconding
SUS002760,CASE009357,CID005401,Unknown Suspect,Wanted
SUS002761,CASE001394,CID003803,Unknown Suspect,Wanted
SUS002762,CASE003617,CID009562,Unknown Suspect,Wanted
SUS002763,CASE001330,CID002636,Accomplice,Absconding
SUS002764,CASE001483,CID000058,Main Suspect,Absconding
SUS002765,CASE009733,CID009015,Accomplice,Under Surveillance
SUS002766,CASE004689,CID000042,Gang Member,Arrested
SUS002767,CASE005665,CID009418,Gang Member,Under Surveillance
SUS002768,CASE001867,CID006184,Main Suspect,Absconding
SUS002769,CASE008881,CID005774,Main Suspect,Under Surveillance
SUS002770,CASE002008,CID000106,Accomplice,Wanted
SUS002771,CASE008379,CID004103,Main Suspect,Under Surveillance
SUS002772,CASE003874,CID005851,Gang Member,Absconding
SUS002773,CASE006900,CID000756,Main Suspect,Wanted
SUS002774,CASE001963,CID002407,Accomplice,Wanted
SUS002775,CASE004087,CID001069,Main Suspect,Absconding
SUS002776,CASE004032,CID005826,Accomplice,Under Surveillance
SUS002777,CASE004081,CID000113,Gang Member,Wanted
SUS002778,CASE003807,CID007062,Unknown Suspect,Under Surveillance
SUS002779,CASE002278,CID003579,Accomplice,Arrested
SUS002780,CASE000435,CID009336,Gang Member,Under Surveillance
SUS002781,CASE008369,CID007743,Gang Member,Wanted
SUS002782,CASE008045,CID008495,Main Suspect,Wanted
SUS002783,CASE000620,CID000714,Unknown Suspect,Wanted
SUS002784,CASE009358,CID006327,Accomplice,Wanted
SUS002785,CASE005739,CID000110,Accomplice,Under Surveillance
SUS002786,CASE001331,CID000677,Unknown Suspect,Wanted
SUS002787,CASE009641,CID008995,Main Suspect,Arrested
SUS002788,CASE006950,CID005387,Accomplice,Under Surveillance
SUS002789,CASE008656,CID000778,Gang Member,Arrested
SUS002790,CASE000635,CID007044,Main Suspect,Absconding
SUS002791,CASE004449,CID003158,Gang Member,Under Surveillance
SUS002792,CASE006612,CID004136,Main Suspect,Arrested
SUS002793,CASE008410,CID004745,Accomplice,Under Surveillance
SUS002794,CASE009459,CID006524,Main Suspect,Wanted
SUS002795,CASE005718,CID009097,Accomplice,Arrested
SUS002796,CASE004111,CID006759,Main Suspect,Arrested
SUS002797,CASE005120,CID002663,Main Suspect,Under Surveillance
SUS002798,CASE001057,CID000086,Unknown Suspect,Under Surveillance
SUS002799,CASE002666,CID003096,Gang Member,Absconding
SUS002800,CASE007732,CID003459,Accomplice,Under Surveillance
SUS002801,CASE009466,CID007730,Unknown Suspect,Under Surveillance
SUS002802,CASE000864,CID003514,Unknown Suspect,Absconding
SUS002803,CASE007523,CID002016,Unknown Suspect,Wanted
SUS002804,CASE002067,CID000426,Unknown Suspect,Wanted
SUS002805,CASE005968,CID005801,Unknown Suspect,Under Surveillance
SUS002806,CASE009193,CID000079,Unknown Suspect,Wanted
SUS002807,CASE009578,CID002527,Unknown Suspect,Wanted
SUS002808,CASE002856,CID004706,Main Suspect,Under Surveillance
SUS002809,CASE002239,CID009829,Accomplice,Absconding
SUS002810,CASE000449,CID003932,Unknown Suspect,Arrested
SUS002811,CASE000266,CID000792,Gang Member,Wanted
SUS002812,CASE008157,CID007581,Accomplice,Wanted
SUS002813,CASE004061,CID005408,Unknown Suspect,Absconding
SUS002814,CASE008547,CID000248,Gang Member,Wanted
SUS002815,CASE008787,CID004816,Accomplice,Arrested
SUS002816,CASE007685,CID002930,Accomplice,Under Surveillance
SUS002817,CASE009608,CID002425,Accomplice,Under Surveillance
SUS002818,CASE001923,CID000841,Gang Member,Absconding
SUS002819,CASE009886,CID002429,Unknown Suspect,Arrested
SUS002820,CASE001031,CID008063,Accomplice,Wanted
SUS002821,CASE006674,CID002577,Main Suspect,Under Surveillance
SUS002822,CASE000808,CID006527,Gang Member,Absconding
SUS002823,CASE003992,CID008741,Unknown Suspect,Absconding
SUS002824,CASE007189,CID003261,Gang Member,Wanted
SUS002825,CASE001688,CID007264,Gang Member,Absconding
SUS002826,CASE009219,CID004299,Unknown Suspect,Absconding
SUS002827,CASE001286,CID005304,Accomplice,Absconding
SUS002828,CASE004818,CID000130,Unknown Suspect,Wanted
SUS002829,CASE007038,CID004038,Accomplice,Under Surveillance
SUS002830,CASE006559,CID002957,Gang Member,Absconding
SUS002831,CASE008106,CID009581,Unknown Suspect,Absconding
SUS002832,CASE009041,CID000716,Gang Member,Under Surveillance
SUS002833,CASE005885,CID005515,Main Suspect,Arrested
SUS002834,CASE005452,CID009407,Gang Member,Arrested
SUS002835,CASE006793,CID000340,Accomplice,Under Surveillance
SUS002836,CASE000243,CID000645,Accomplice,Arrested
SUS002837,CASE001890,CID004922,Gang Member,Under Surveillance
SUS002838,CASE003686,CID000378,Accomplice,Wanted
SUS002839,CASE002328,CID000643,Gang Member,Wanted
SUS002840,CASE007748,CID004534,Gang Member,Absconding
SUS002841,CASE006055,CID004586,Main Suspect,Wanted
SUS002842,CASE004198,CID008309,Accomplice,Wanted
SUS002843,CASE005858,CID001304,Main Suspect,Under Surveillance
SUS002844,CASE006397,CID009316,Accomplice,Wanted
SUS002845,CASE009063,CID006295,Unknown Suspect,Under Surveillance
SUS002846,CASE001952,CID008643,Gang Member,Under Surveillance
SUS002847,CASE002108,CID000286,Main Suspect,Wanted
SUS002848,CASE009039,CID004061,Unknown Suspect,Arrested
SUS002849,CASE001134,CID000673,Accomplice,Under Surveillance
SUS002850,CASE003176,CID009808,Accomplice,Arrested
SUS002851,CASE003763,CID003783,Gang Member,Wanted
SUS002852,CASE000053,CID000983,Gang Member,Arrested
SUS002853,CASE008967,CID000445,Gang Member,Arrested
SUS002854,CASE003963,CID007679,Unknown Suspect,Absconding
SUS002855,CASE008985,CID004699,Accomplice,Under Surveillance
SUS002856,CASE004314,CID009377,Accomplice,Wanted
SUS002857,CASE000808,CID005240,Accomplice,Under Surveillance
SUS002858,CASE003931,CID009631,Gang Member,Wanted
SUS002859,CASE008159,CID001989,Unknown Suspect,Wanted
SUS002860,CASE000764,CID000357,Unknown Suspect,Wanted
SUS002861,CASE002434,CID000686,Accomplice,Under Surveillance
SUS002862,CASE002567,CID008870,Accomplice,Wanted
SUS002863,CASE008223,CID001927,Main Suspect,Absconding
SUS002864,CASE008734,CID002790,Main Suspect,Arrested
SUS002865,CASE001062,CID005555,Accomplice,Absconding
SUS002866,CASE008922,CID005278,Main Suspect,Under Surveillance
SUS002867,CASE000734,CID004882,Gang Member,Arrested
SUS002868,CASE001912,CID009798,Gang Member,Arrested
SUS002869,CASE006269,CID000292,Main Suspect,Wanted
SUS002870,CASE005859,CID000022,Gang Member,Absconding
SUS002871,CASE005257,CID004898,Accomplice,Absconding
SUS002872,CASE000797,CID000550,Unknown Suspect,Wanted
SUS002873,CASE005059,CID008766,Gang Member,Wanted
SUS002874,CASE008289,CID003180,Main Suspect,Absconding
SUS002875,CASE001619,CID007705,Gang Member,Wanted
SUS002876,CASE003797,CID007949,Main Suspect,Under Surveillance
SUS002877,CASE007743,CID002717,Accomplice,Arrested
SUS002878,CASE007568,CID002148,Gang Member,Arrested
SUS002879,CASE005917,CID008881,Unknown Suspect,Wanted
SUS002880,CASE005836,CID007248,Gang Member,Arrested
SUS002881,CASE004568,CID008916,Accomplice,Arrested
SUS002882,CASE009805,CID007191,Gang Member,Absconding
SUS002883,CASE000048,CID008697,Gang Member,Wanted
SUS002884,CASE000213,CID006681,Accomplice,Wanted
SUS002885,CASE008585,CID000309,Gang Member,Under Surveillance
SUS002886,CASE003964,CID004751,Accomplice,Wanted
SUS002887,CASE006289,CID008074,Gang Member,Under Surveillance
SUS002888,CASE003189,CID001341,Accomplice,Under Surveillance
SUS002889,CASE004752,CID000399,Accomplice,Absconding
SUS002890,CASE000443,CID005208,Accomplice,Wanted
SUS002891,CASE008214,CID002996,Accomplice,Wanted
SUS002892,CASE007946,CID006237,Accomplice,Wanted
SUS002893,CASE004973,CID000118,Unknown Suspect,Absconding
SUS002894,CASE005561,CID005288,Unknown Suspect,Arrested
SUS002895,CASE005031,CID008322,Main Suspect,Under Surveillance
SUS002896,CASE001762,CID000240,Main Suspect,Wanted
SUS002897,CASE000444,CID000577,Unknown Suspect,Arrested
SUS002898,CASE002475,CID000160,Unknown Suspect,Under Surveillance
SUS002899,CASE009023,CID005109,Main Suspect,Absconding
SUS002900,CASE006116,CID000001,Unknown Suspect,Arrested
SUS002901,CASE003761,CID000685,Gang Member,Absconding
SUS002902,CASE005333,CID003982,Unknown Suspect,Absconding
SUS002903,CASE009753,CID005992,Unknown Suspect,Under Surveillance
SUS002904,CASE008019,CID004139,Unknown Suspect,Absconding
SUS002905,CASE006824,CID001943,Unknown Suspect,Absconding
SUS002906,CASE000539,CID000927,Accomplice,Under Surveillance
SUS002907,CASE004398,CID008735,Gang Member,Wanted
SUS002908,CASE002108,CID007514,Main Suspect,Absconding
SUS002909,CASE004763,CID007847,Main Suspect,Absconding
SUS002910,CASE005248,CID000174,Unknown Suspect,Under Surveillance
SUS002911,CASE004639,CID005801,Gang Member,Under Surveillance
SUS002912,CASE009221,CID000602,Unknown Suspect,Arrested
SUS002913,CASE004902,CID003510,Main Suspect,Under Surveillance
SUS002914,CASE001952,CID003244,Main Suspect,Wanted
SUS002915,CASE009448,CID002882,Main Suspect,Wanted
SUS002916,CASE006412,CID008362,Unknown Suspect,Wanted
SUS002917,CASE008710,CID007257,Accomplice,Wanted
SUS002918,CASE006390,CID006548,Accomplice,Arrested
SUS002919,CASE006346,CID004799,Gang Member,Arrested
SUS002920,CASE007270,CID001035,Gang Member,Wanted
SUS002921,CASE004905,CID000428,Main Suspect,Arrested
SUS002922,CASE001504,CID001616,Accomplice,Under Surveillance
SUS002923,CASE003899,CID000635,Unknown Suspect,Under Surveillance
SUS002924,CASE008379,CID000729,Gang Member,Absconding
SUS002925,CASE006356,CID000571,Unknown Suspect,Under Surveillance
SUS002926,CASE009878,CID004952,Accomplice,Under Surveillance
SUS002927,CASE009081,CID005322,Main Suspect,Under Surveillance
SUS002928,CASE005677,CID009195,Gang Member,Under Surveillance
SUS002929,CASE006006,CID002489,Accomplice,Arrested
SUS002930,CASE006822,CID000402,Main Suspect,Under Surveillance
SUS002931,CASE001306,CID008950,Gang Member,Wanted
SUS002932,CASE001051,CID000552,Unknown Suspect,Under Surveillance
SUS002933,CASE008214,CID004937,Main Suspect,Under Surveillance
SUS002934,CASE009412,CID000532,Main Suspect,Arrested
SUS002935,CASE005248,CID004390,Accomplice,Absconding
SUS002936,CASE008780,CID000542,Gang Member,Under Surveillance
SUS002937,CASE002618,CID000177,Accomplice,Arrested
SUS002938,CASE009899,CID000832,Main Suspect,Absconding
SUS002939,CASE002082,CID003719,Gang Member,Under Surveillance
SUS002940,CASE005273,CID000001,Unknown Suspect,Arrested
SUS002941,CASE006264,CID003292,Gang Member,Arrested
SUS002942,CASE009339,CID004659,Main Suspect,Arrested
SUS002943,CASE008168,CID003094,Main Suspect,Absconding
SUS002944,CASE000656,CID000084,Accomplice,Absconding
SUS002945,CASE008648,CID003562,Gang Member,Wanted
SUS002946,CASE003575,CID007525,Gang Member,Under Surveillance
SUS002947,CASE005161,CID000667,Gang Member,Under Surveillance
SUS002948,CASE007949,CID008770,Unknown Suspect,Under Surveillance
SUS002949,CASE005844,CID002791,Accomplice,Wanted
SUS002950,CASE007544,CID003244,Accomplice,Under Surveillance
SUS002951,CASE005717,CID005361,Accomplice,Under Surveillance
SUS002952,CASE000772,CID003650,Main Suspect,Under Surveillance
SUS002953,CASE002520,CID000358,Main Suspect,Under Surveillance
SUS002954,CASE009210,CID000073,Unknown Suspect,Under Surveillance
SUS002955,CASE005831,CID009520,Main Suspect,Arrested
SUS002956,CASE009123,CID005128,Unknown Suspect,Under Surveillance
SUS002957,CASE000378,CID004444,Unknown Suspect,Wanted
SUS002958,CASE007647,CID000875,Accomplice,Wanted
SUS002959,CASE002062,CID003838,Main Suspect,Under Surveillance
SUS002960,CASE002779,CID005418,Gang Member,Absconding
SUS002961,CASE009872,CID007575,Gang Member,Arrested
SUS002962,CASE006397,CID000268,Accomplice,Under Surveillance
SUS002963,CASE009244,CID001204,Main Suspect,Absconding
SUS002964,CASE007275,CID001406,Accomplice,Under Surveillance
SUS002965,CASE006357,CID005928,Unknown Suspect,Absconding
SUS002966,CASE004728,CID008814,Unknown Suspect,Wanted
SUS002967,CASE005849,CID005799,Main Suspect,Arrested
SUS002968,CASE003030,CID001601,Main Suspect,Under Surveillance
SUS002969,CASE006190,CID000641,Gang Member,Wanted
SUS002970,CASE009474,CID000160,Unknown Suspect,Under Surveillance
SUS002971,CASE008346,CID001107,Main Suspect,Arrested
SUS002972,CASE003421,CID000660,Unknown Suspect,Under Surveillance
SUS002973,CASE001964,CID000151,Main Suspect,Wanted
SUS002974,CASE000861,CID003429,Gang Member,Absconding
SUS002975,CASE005530,CID000719,Gang Member,Wanted
SUS002976,CASE008010,CID006605,Gang Member,Arrested
SUS002977,CASE005097,CID009493,Accomplice,Wanted
SUS002978,CASE001599,CID006155,Accomplice,Wanted
SUS002979,CASE008321,CID005025,Accomplice,Arrested
SUS002980,CASE001652,CID004465,Gang Member,Absconding
SUS002981,CASE008354,CID005436,Unknown Suspect,Under Surveillance
SUS002982,CASE000698,CID008616,Main Suspect,Under Surveillance
SUS002983,CASE002136,CID009598,Gang Member,Absconding
SUS002984,CASE008321,CID005558,Main Suspect,Wanted
SUS002985,CASE006359,CID005900,Gang Member,Absconding
SUS002986,CASE000734,CID002793,Gang Member,Arrested
SUS002987,CASE005674,CID004992,Unknown Suspect,Arrested
SUS002988,CASE005691,CID001505,Main Suspect,Under Surveillance
SUS002989,CASE000551,CID007439,Accomplice,Wanted
SUS002990,CASE006441,CID009536,Unknown Suspect,Wanted
SUS002991,CASE007760,CID000211,Accomplice,Arrested
SUS002992,CASE004742,CID000589,Main Suspect,Arrested
SUS002993,CASE005878,CID000620,Unknown Suspect,Under Surveillance
SUS002994,CASE003867,CID000359,Unknown Suspect,Under Surveillance
SUS002995,CASE000663,CID000306,Accomplice,Under Surveillance
SUS002996,CASE004361,CID005777,Accomplice,Arrested
SUS002997,CASE009676,CID006256,Unknown Suspect,Under Surveillance
SUS002998,CASE001813,CID006070,Accomplice,Under Surveillance
SUS002999,CASE001970,CID007911,Unknown Suspect,Under Surveillance
SUS003000,CASE004448,CID006635,Unknown Suspect,Under Surveillance
SUS003001,CASE002196,CID006178,Accomplice,Arrested
SUS003002,CASE000933,CID007560,Unknown Suspect,Arrested
SUS003003,CASE008823,CID005255,Gang Member,Absconding
SUS003004,CASE000024,CID000062,Gang Member,Arrested
SUS003005,CASE009941,CID000624,Accomplice,Under Surveillance
SUS003006,CASE001209,CID000747,Accomplice,Arrested
SUS003007,CASE007831,CID000428,Unknown Suspect,Absconding
SUS003008,CASE007225,CID007688,Main Suspect,Arrested
SUS003009,CASE001420,CID005144,Gang Member,Absconding
SUS003010,CASE000020,CID000024,Main Suspect,Absconding
SUS003011,CASE008215,CID008975,Accomplice,Absconding
SUS003012,CASE005719,CID008540,Gang Member,Under Surveillance
SUS003013,CASE000858,CID003025,Gang Member,Arrested
SUS003014,CASE006140,CID000770,Unknown Suspect,Under Surveillance
SUS003015,CASE005149,CID000338,Unknown Suspect,Under Surveillance
SUS003016,CASE006265,CID000034,Accomplice,Absconding
SUS003017,CASE004707,CID000713,Gang Member,Arrested
SUS003018,CASE009520,CID003671,Accomplice,Arrested
SUS003019,CASE000707,CID005524,Accomplice,Under Surveillance
SUS003020,CASE007173,CID000203,Unknown Suspect,Absconding
SUS003021,CASE009876,CID009163,Accomplice,Arrested
SUS003022,CASE002528,CID007999,Accomplice,Under Surveillance
SUS003023,CASE007663,CID001219,Main Suspect,Wanted
SUS003024,CASE007153,CID008319,Accomplice,Arrested
SUS003025,CASE009756,CID000360,Unknown Suspect,Wanted
SUS003026,CASE000461,CID000584,Unknown Suspect,Arrested
SUS003027,CASE005303,CID001117,Gang Member,Arrested
SUS003028,CASE004976,CID006886,Accomplice,Wanted
SUS003029,CASE008671,CID001745,Accomplice,Wanted
SUS003030,CASE001906,CID000439,Accomplice,Wanted
SUS003031,CASE002038,CID006460,Accomplice,Absconding
SUS003032,CASE006826,CID001220,Unknown Suspect,Arrested
SUS003033,CASE001385,CID005586,Gang Member,Arrested
SUS003034,CASE003983,CID009086,Unknown Suspect,Absconding
SUS003035,CASE004973,CID003603,Unknown Suspect,Arrested
SUS003036,CASE007891,CID000915,Main Suspect,Wanted
SUS003037,CASE003650,CID008045,Gang Member,Arrested
SUS003038,CASE007421,CID007088,Main Suspect,Arrested
SUS003039,CASE001146,CID009678,Main Suspect,Wanted
SUS003040,CASE006167,CID000359,Unknown Suspect,Arrested
SUS003041,CASE004913,CID006737,Gang Member,Absconding
SUS003042,CASE005822,CID000085,Gang Member,Arrested
SUS003043,CASE007343,CID006147,Unknown Suspect,Under Surveillance
SUS003044,CASE000075,CID005608,Unknown Suspect,Arrested
SUS003045,CASE001936,CID004369,Main Suspect,Arrested
SUS003046,CASE001226,CID004015,Accomplice,Wanted
SUS003047,CASE005222,CID002276,Accomplice,Under Surveillance
SUS003048,CASE009045,CID006507,Gang Member,Absconding
SUS003049,CASE004385,CID006550,Gang Member,Arrested
SUS003050,CASE000629,CID000092,Gang Member,Wanted
SUS003051,CASE005837,CID006587,Unknown Suspect,Absconding
SUS003052,CASE000932,CID000385,Accomplice,Absconding
SUS003053,CASE009555,CID004712,Main Suspect,Arrested
SUS003054,CASE001735,CID003564,Gang Member,Arrested
SUS003055,CASE006566,CID003794,Main Suspect,Arrested
SUS003056,CASE006717,CID008062,Accomplice,Absconding
SUS003057,CASE008969,CID000534,Main Suspect,Under Surveillance
SUS003058,CASE009363,CID007641,Unknown Suspect,Wanted
SUS003059,CASE000827,CID000041,Unknown Suspect,Under Surveillance
SUS003060,CASE006319,CID009381,Main Suspect,Arrested
SUS003061,CASE000072,CID004947,Accomplice,Absconding
SUS003062,CASE000841,CID007790,Main Suspect,Under Surveillance
SUS003063,CASE004126,CID007896,Accomplice,Wanted
SUS003064,CASE006983,CID009806,Main Suspect,Absconding
SUS003065,CASE004221,CID005214,Accomplice,Wanted
SUS003066,CASE002479,CID000647,Accomplice,Absconding
SUS003067,CASE004414,CID007782,Main Suspect,Absconding
SUS003068,CASE003517,CID000607,Main Suspect,Absconding
SUS003069,CASE007769,CID008125,Accomplice,Arrested
SUS003070,CASE006262,CID005154,Gang Member,Under Surveillance
SUS003071,CASE004169,CID008382,Main Suspect,Wanted
SUS003072,CASE005801,CID000750,Unknown Suspect,Absconding
SUS003073,CASE004947,CID002269,Accomplice,Arrested
SUS003074,CASE000419,CID008740,Gang Member,Under Surveillance
SUS003075,CASE005550,CID004455,Main Suspect,Wanted
SUS003076,CASE007616,CID002616,Main Suspect,Under Surveillance
SUS003077,CASE002650,CID002960,Main Suspect,Wanted
SUS003078,CASE000551,CID000320,Main Suspect,Wanted
SUS003079,CASE004629,CID004612,Accomplice,Under Surveillance
SUS003080,CASE000913,CID001958,Accomplice,Wanted
SUS003081,CASE005965,CID000086,Gang Member,Under Surveillance
SUS003082,CASE000912,CID000152,Gang Member,Arrested
SUS003083,CASE005290,CID008122,Unknown Suspect,Wanted
SUS003084,CASE008808,CID003365,Main Suspect,Arrested
SUS003085,CASE000403,CID000241,Unknown Suspect,Wanted
SUS003086,CASE003339,CID000711,Gang Member,Absconding
SUS003087,CASE008493,CID000462,Unknown Suspect,Wanted
SUS003088,CASE004140,CID009218,Main Suspect,Wanted
SUS003089,CASE002788,CID005977,Unknown Suspect,Arrested
SUS003090,CASE000251,CID001996,Unknown Suspect,Arrested
SUS003091,CASE005777,CID000611,Unknown Suspect,Wanted
SUS003092,CASE008942,CID000268,Gang Member,Under Surveillance
SUS003093,CASE006621,CID008562,Accomplice,Under Surveillance
SUS003094,CASE008091,CID004766,Accomplice,Wanted
SUS003095,CASE002673,CID009711,Main Suspect,Wanted
SUS003096,CASE009304,CID004332,Accomplice,Wanted
SUS003097,CASE008155,CID002580,Unknown Suspect,Wanted
SUS003098,CASE004504,CID000439,Accomplice,Absconding
SUS003099,CASE008756,CID009682,Accomplice,Wanted
SUS003100,CASE003303,CID008931,Accomplice,Arrested
SUS003101,CASE007854,CID004146,Unknown Suspect,Wanted
SUS003102,CASE000817,CID001547,Gang Member,Arrested
SUS003103,CASE000911,CID005365,Unknown Suspect,Arrested
SUS003104,CASE007077,CID000648,Unknown Suspect,Wanted
SUS003105,CASE009336,CID000650,Gang Member,Wanted
SUS003106,CASE009430,CID002443,Unknown Suspect,Wanted
SUS003107,CASE005145,CID006439,Main Suspect,Arrested
SUS003108,CASE006536,CID002997,Unknown Suspect,Arrested
SUS003109,CASE008707,CID000537,Accomplice,Under Surveillance
SUS003110,CASE009056,CID002948,Gang Member,Wanted
SUS003111,CASE005672,CID000465,Gang Member,Wanted
SUS003112,CASE000129,CID002455,Gang Member,Wanted
SUS003113,CASE009296,CID000419,Accomplice,Absconding
SUS003114,CASE007136,CID000317,Gang Member,Arrested
SUS003115,CASE001409,CID000211,Unknown Suspect,Wanted
SUS003116,CASE004312,CID009449,Unknown Suspect,Absconding
SUS003117,CASE001288,CID000550,Unknown Suspect,Under Surveillance
SUS003118,CASE005894,CID004058,Unknown Suspect,Wanted
SUS003119,CASE004411,CID007990,Gang Member,Under Surveillance
SUS003120,CASE001129,CID000281,Accomplice,Absconding
SUS003121,CASE003933,CID007553,Accomplice,Under Surveillance
SUS003122,CASE000743,CID002000,Gang Member,Wanted
SUS003123,CASE006737,CID000528,Gang Member,Wanted
SUS003124,CASE002523,CID002821,Unknown Suspect,Under Surveillance
SUS003125,CASE006385,CID000314,Accomplice,Arrested
SUS003126,CASE003179,CID005336,Unknown Suspect,Absconding
SUS003127,CASE007176,CID001775,Unknown Suspect,Absconding
SUS003128,CASE007795,CID003726,Accomplice,Wanted
SUS003129,CASE006126,CID008924,Unknown Suspect,Wanted
SUS003130,CASE009812,CID006254,Main Suspect,Absconding
SUS003131,CASE002815,CID000531,Gang Member,Wanted
SUS003132,CASE001883,CID001652,Main Suspect,Under Surveillance
SUS003133,CASE003685,CID002409,Accomplice,Absconding
SUS003134,CASE006090,CID002965,Main Suspect,Under Surveillance
SUS003135,CASE008282,CID003266,Unknown Suspect,Under Surveillance
SUS003136,CASE008646,CID001750,Accomplice,Under Surveillance
SUS003137,CASE006952,CID004559,Accomplice,Under Surveillance
SUS003138,CASE008086,CID004655,Main Suspect,Under Surveillance
SUS003139,CASE008297,CID009309,Main Suspect,Wanted
SUS003140,CASE007778,CID000380,Accomplice,Absconding
SUS003141,CASE004789,CID000221,Accomplice,Under Surveillance
SUS003142,CASE007972,CID007362,Gang Member,Under Surveillance
SUS003143,CASE005071,CID009613,Accomplice,Arrested
SUS003144,CASE005185,CID000719,Main Suspect,Absconding
SUS003145,CASE004426,CID006041,Accomplice,Wanted
SUS003146,CASE002923,CID005568,Accomplice,Absconding
SUS003147,CASE008702,CID002396,Main Suspect,Under Surveillance
SUS003148,CASE002648,CID000322,Accomplice,Under Surveillance
SUS003149,CASE005066,CID009502,Accomplice,Arrested
SUS003150,CASE001804,CID007331,Accomplice,Absconding
SUS003151,CASE000685,CID002897,Main Suspect,Arrested
SUS003152,CASE003877,CID005630,Gang Member,Under Surveillance
SUS003153,CASE007929,CID001359,Accomplice,Absconding
SUS003154,CASE006053,CID000297,Accomplice,Arrested
SUS003155,CASE008677,CID001621,Main Suspect,Absconding
SUS003156,CASE009282,CID009279,Main Suspect,Wanted
SUS003157,CASE009864,CID000320,Unknown Suspect,Absconding
SUS003158,CASE003228,CID000145,Gang Member,Wanted
SUS003159,CASE002679,CID000744,Gang Member,Under Surveillance
SUS003160,CASE004514,CID000589,Gang Member,Absconding
SUS003161,CASE003611,CID006338,Main Suspect,Wanted
SUS003162,CASE006853,CID006297,Main Suspect,Absconding
SUS003163,CASE006018,CID006453,Main Suspect,Arrested
SUS003164,CASE007341,CID000783,Main Suspect,Arrested
SUS003165,CASE008521,CID000016,Main Suspect,Wanted
SUS003166,CASE007741,CID000560,Accomplice,Arrested
SUS003167,CASE003395,CID000192,Unknown Suspect,Wanted
SUS003168,CASE003567,CID004784,Accomplice,Wanted
SUS003169,CASE003255,CID008245,Gang Member,Absconding
SUS003170,CASE004457,CID006330,Gang Member,Wanted
SUS003171,CASE003682,CID001450,Gang Member,Arrested
SUS003172,CASE000849,CID006986,Accomplice,Wanted
SUS003173,CASE001078,CID000489,Gang Member,Wanted
SUS003174,CASE001568,CID003871,Accomplice,Arrested
SUS003175,CASE001996,CID008723,Unknown Suspect,Absconding
SUS003176,CASE003481,CID000504,Gang Member,Absconding
SUS003177,CASE000534,CID000961,Unknown Suspect,Absconding
SUS003178,CASE002958,CID001435,Accomplice,Absconding
SUS003179,CASE001174,CID000213,Accomplice,Under Surveillance
SUS003180,CASE002190,CID004924,Unknown Suspect,Wanted
SUS003181,CASE009814,CID007810,Unknown Suspect,Absconding
SUS003182,CASE007465,CID001149,Main Suspect,Arrested
SUS003183,CASE000049,CID002920,Unknown Suspect,Under Surveillance
SUS003184,CASE006729,CID009507,Main Suspect,Under Surveillance
SUS003185,CASE004633,CID003897,Gang Member,Arrested
SUS003186,CASE001487,CID003560,Unknown Suspect,Absconding
SUS003187,CASE002636,CID000569,Accomplice,Under Surveillance
SUS003188,CASE006934,CID000248,Accomplice,Under Surveillance
SUS003189,CASE003686,CID002686,Accomplice,Under Surveillance
SUS003190,CASE009749,CID000265,Main Suspect,Under Surveillance
SUS003191,CASE008739,CID002312,Main Suspect,Under Surveillance
SUS003192,CASE005150,CID002928,Unknown Suspect,Under Surveillance
SUS003193,CASE005715,CID002996,Main Suspect,Arrested
SUS003194,CASE003125,CID007700,Main Suspect,Absconding
SUS003195,CASE002158,CID009240,Main Suspect,Under Surveillance
SUS003196,CASE008740,CID000011,Gang Member,Arrested
SUS003197,CASE009378,CID003856,Main Suspect,Absconding
SUS003198,CASE009019,CID004669,Accomplice,Under Surveillance
SUS003199,CASE000977,CID009573,Unknown Suspect,Under Surveillance
SUS003200,CASE008190,CID000186,Accomplice,Arrested
SUS003201,CASE002156,CID006013,Unknown Suspect,Absconding
SUS003202,CASE000435,CID003102,Main Suspect,Under Surveillance
SUS003203,CASE001199,CID008743,Main Suspect,Under Surveillance
SUS003204,CASE008711,CID007578,Main Suspect,Under Surveillance
SUS003205,CASE000217,CID000134,Accomplice,Absconding
SUS003206,CASE006543,CID000077,Unknown Suspect,Absconding
SUS003207,CASE003493,CID001289,Gang Member,Wanted
SUS003208,CASE006655,CID002717,Unknown Suspect,Under Surveillance
SUS003209,CASE004741,CID001210,Gang Member,Absconding
SUS003210,CASE008828,CID000024,Gang Member,Arrested
SUS003211,CASE000333,CID000760,Accomplice,Absconding
SUS003212,CASE003848,CID006368,Main Suspect,Arrested
SUS003213,CASE009220,CID001888,Gang Member,Wanted
SUS003214,CASE003704,CID009231,Main Suspect,Absconding
SUS003215,CASE009154,CID001371,Main Suspect,Arrested
SUS003216,CASE004753,CID003221,Accomplice,Under Surveillance
SUS003217,CASE003894,CID009089,Accomplice,Under Surveillance
SUS003218,CASE003024,CID000091,Accomplice,Arrested
SUS003219,CASE003662,CID003937,Main Suspect,Wanted
SUS003220,CASE001077,CID006915,Gang Member,Under Surveillance
SUS003221,CASE004388,CID000083,Accomplice,Arrested
SUS003222,CASE007371,CID000456,Unknown Suspect,Arrested
SUS003223,CASE004809,CID000621,Gang Member,Under Surveillance
SUS003224,CASE009858,CID008836,Unknown Suspect,Wanted
SUS003225,CASE002195,CID006214,Accomplice,Arrested
SUS003226,CASE009775,CID006447,Accomplice,Absconding
SUS003227,CASE000798,CID001903,Unknown Suspect,Absconding
SUS003228,CASE009809,CID007932,Unknown Suspect,Arrested
SUS003229,CASE002271,CID000970,Gang Member,Absconding
SUS003230,CASE002167,CID007446,Unknown Suspect,Wanted
SUS003231,CASE003560,CID009038,Main Suspect,Under Surveillance
SUS003232,CASE000451,CID004696,Accomplice,Wanted
SUS003233,CASE002956,CID006662,Gang Member,Absconding
SUS003234,CASE003522,CID006233,Main Suspect,Under Surveillance
SUS003235,CASE007230,CID006459,Unknown Suspect,Absconding
SUS003236,CASE003060,CID000232,Unknown Suspect,Wanted
SUS003237,CASE005307,CID000443,Gang Member,Arrested
SUS003238,CASE001852,CID002324,Gang Member,Arrested
SUS003239,CASE009953,CID005929,Gang Member,Wanted
SUS003240,CASE008332,CID003590,Accomplice,Under Surveillance
SUS003241,CASE001692,CID003776,Main Suspect,Arrested
SUS003242,CASE006420,CID008754,Unknown Suspect,Under Surveillance
SUS003243,CASE004296,CID005793,Gang Member,Absconding
SUS003244,CASE000479,CID005814,Accomplice,Under Surveillance
SUS003245,CASE004659,CID006244,Gang Member,Absconding
SUS003246,CASE000771,CID009147,Gang Member,Under Surveillance
SUS003247,CASE005639,CID007715,Accomplice,Absconding
SUS003248,CASE005859,CID005319,Unknown Suspect,Arrested
SUS003249,CASE008131,CID002574,Unknown Suspect,Wanted
SUS003250,CASE005836,CID003914,Main Suspect,Under Surveillance
SUS003251,CASE004206,CID002462,Main Suspect,Arrested
SUS003252,CASE001885,CID000651,Gang Member,Wanted
SUS003253,CASE000303,CID009610,Unknown Suspect,Absconding
SUS003254,CASE001219,CID000227,Gang Member,Wanted
SUS003255,CASE007124,CID000078,Unknown Suspect,Under Surveillance
SUS003256,CASE002412,CID000192,Unknown Suspect,Under Surveillance
SUS003257,CASE009969,CID006342,Unknown Suspect,Under Surveillance
SUS003258,CASE000752,CID001384,Accomplice,Wanted
SUS003259,CASE004438,CID009514,Main Suspect,Wanted
SUS003260,CASE007161,CID005298,Gang Member,Under Surveillance
SUS003261,CASE004056,CID002269,Accomplice,Arrested
SUS003262,CASE007494,CID008002,Gang Member,Absconding
SUS003263,CASE007701,CID006772,Unknown Suspect,Arrested
SUS003264,CASE001547,CID000110,Main Suspect,Under Surveillance
SUS003265,CASE000178,CID000089,Main Suspect,Wanted
SUS003266,CASE001529,CID005824,Unknown Suspect,Wanted
SUS003267,CASE002263,CID004900,Unknown Suspect,Under Surveillance
SUS003268,CASE006961,CID007419,Main Suspect,Absconding
SUS003269,CASE005855,CID001938,Unknown Suspect,Under Surveillance
SUS003270,CASE009531,CID000786,Accomplice,Under Surveillance
SUS003271,CASE004324,CID008649,Unknown Suspect,Arrested
SUS003272,CASE000525,CID006122,Gang Member,Absconding
SUS003273,CASE005369,CID008085,Main Suspect,Arrested
SUS003274,CASE006017,CID000640,Gang Member,Arrested
SUS003275,CASE006436,CID007064,Main Suspect,Absconding
SUS003276,CASE008210,CID004596,Main Suspect,Arrested
SUS003277,CASE002548,CID004214,Main Suspect,Wanted
SUS003278,CASE005006,CID000317,Unknown Suspect,Under Surveillance
SUS003279,CASE002965,CID008832,Accomplice,Arrested
SUS003280,CASE006588,CID007336,Accomplice,Absconding
SUS003281,CASE007977,CID000029,Accomplice,Absconding
SUS003282,CASE005919,CID000797,Unknown Suspect,Absconding
SUS003283,CASE007198,CID007420,Accomplice,Absconding
SUS003284,CASE001745,CID008431,Unknown Suspect,Arrested
SUS003285,CASE004268,CID008744,Main Suspect,Arrested
SUS003286,CASE009147,CID006962,Unknown Suspect,Arrested
SUS003287,CASE001033,CID000481,Gang Member,Absconding
SUS003288,CASE003871,CID004073,Main Suspect,Under Surveillance
SUS003289,CASE002106,CID000571,Accomplice,Arrested
SUS003290,CASE003089,CID004624,Unknown Suspect,Under Surveillance
SUS003291,CASE002300,CID000335,Gang Member,Wanted
SUS003292,CASE001227,CID009390,Accomplice,Wanted
SUS003293,CASE008203,CID009954,Accomplice,Absconding
SUS003294,CASE009513,CID008953,Main Suspect,Absconding
SUS003295,CASE005109,CID002360,Accomplice,Wanted
SUS003296,CASE008353,CID003989,Unknown Suspect,Wanted
SUS003297,CASE007398,CID000094,Unknown Suspect,Wanted
SUS003298,CASE009550,CID006119,Accomplice,Arrested
SUS003299,CASE000981,CID000960,Accomplice,Arrested
SUS003300,CASE004772,CID004496,Main Suspect,Absconding
SUS003301,CASE003217,CID003474,Gang Member,Wanted
SUS003302,CASE007046,CID000519,Unknown Suspect,Under Surveillance
SUS003303,CASE001258,CID000645,Gang Member,Arrested
SUS003304,CASE001959,CID006530,Unknown Suspect,Absconding
SUS003305,CASE000896,CID000747,Unknown Suspect,Arrested
SUS003306,CASE003318,CID009461,Unknown Suspect,Absconding
SUS003307,CASE003947,CID004317,Main Suspect,Wanted
SUS003308,CASE004278,CID003623,Accomplice,Under Surveillance
SUS003309,CASE001429,CID001823,Accomplice,Wanted
SUS003310,CASE001966,CID000649,Main Suspect,Under Surveillance
SUS003311,CASE003737,CID005795,Gang Member,Under Surveillance
SUS003312,CASE000026,CID003783,Unknown Suspect,Arrested
SUS003313,CASE006853,CID002639,Accomplice,Arrested
SUS003314,CASE008673,CID004815,Unknown Suspect,Under Surveillance
SUS003315,CASE008341,CID006589,Accomplice,Under Surveillance
SUS003316,CASE006737,CID000119,Unknown Suspect,Wanted
SUS003317,CASE005555,CID000473,Gang Member,Absconding
SUS003318,CASE003296,CID005998,Main Suspect,Wanted
SUS003319,CASE003432,CID000765,Accomplice,Absconding
SUS003320,CASE006983,CID009810,Gang Member,Arrested
SUS003321,CASE008276,CID003848,Unknown Suspect,Arrested
SUS003322,CASE001699,CID000995,Main Suspect,Under Surveillance
SUS003323,CASE001094,CID007268,Accomplice,Under Surveillance
SUS003324,CASE008039,CID006598,Gang Member,Arrested
SUS003325,CASE003770,CID005803,Main Suspect,Absconding
SUS003326,CASE003463,CID002458,Main Suspect,Under Surveillance
SUS003327,CASE009332,CID008307,Accomplice,Absconding
SUS003328,CASE001061,CID006352,Accomplice,Wanted
SUS003329,CASE001244,CID000406,Accomplice,Arrested
SUS003330,CASE001849,CID000558,Unknown Suspect,Arrested
SUS003331,CASE001879,CID009151,Accomplice,Absconding
SUS003332,CASE003310,CID000463,Main Suspect,Wanted
SUS003333,CASE009211,CID009306,Unknown Suspect,Wanted
SUS003334,CASE004255,CID000794,Accomplice,Wanted
SUS003335,CASE000413,CID008713,Gang Member,Arrested
SUS003336,CASE004902,CID001919,Accomplice,Wanted
SUS003337,CASE006702,CID007326,Unknown Suspect,Under Surveillance
SUS003338,CASE002852,CID000084,Gang Member,Arrested
SUS003339,CASE007585,CID006416,Unknown Suspect,Wanted
SUS003340,CASE000666,CID008282,Gang Member,Under Surveillance
SUS003341,CASE003416,CID007376,Unknown Suspect,Wanted
SUS003342,CASE000094,CID007027,Unknown Suspect,Arrested
SUS003343,CASE000563,CID000551,Accomplice,Wanted
SUS003344,CASE001518,CID000606,Main Suspect,Arrested
SUS003345,CASE004375,CID000317,Accomplice,Under Surveillance
SUS003346,CASE003240,CID005443,Accomplice,Absconding
SUS003347,CASE009424,CID002390,Accomplice,Arrested
SUS003348,CASE001209,CID005914,Gang Member,Wanted
SUS003349,CASE007572,CID008573,Main Suspect,Under Surveillance
SUS003350,CASE003113,CID000014,Unknown Suspect,Under Surveillance
SUS003351,CASE004292,CID000013,Accomplice,Under Surveillance
SUS003352,CASE001912,CID005050,Main Suspect,Under Surveillance
SUS003353,CASE004810,CID008750,Gang Member,Wanted
SUS003354,CASE001430,CID000702,Main Suspect,Wanted
SUS003355,CASE004773,CID002410,Unknown Suspect,Wanted
SUS003356,CASE009142,CID002814,Unknown Suspect,Under Surveillance
SUS003357,CASE006417,CID005737,Accomplice,Absconding
SUS003358,CASE001874,CID003451,Accomplice,Arrested
SUS003359,CASE008295,CID000117,Main Suspect,Absconding
SUS003360,CASE000690,CID007122,Main Suspect,Arrested
SUS003361,CASE008102,CID004365,Accomplice,Absconding
SUS003362,CASE004523,CID007557,Main Suspect,Absconding
SUS003363,CASE002332,CID008631,Unknown Suspect,Wanted
SUS003364,CASE000913,CID006962,Accomplice,Wanted
SUS003365,CASE002772,CID001356,Gang Member,Arrested
SUS003366,CASE000391,CID000104,Gang Member,Arrested
SUS003367,CASE008404,CID002472,Gang Member,Under Surveillance
SUS003368,CASE007839,CID002674,Main Suspect,Under Surveillance
SUS003369,CASE001355,CID004245,Accomplice,Under Surveillance
SUS003370,CASE007184,CID009283,Accomplice,Under Surveillance
SUS003371,CASE007820,CID008866,Main Suspect,Arrested
SUS003372,CASE009962,CID002220,Main Suspect,Arrested
SUS003373,CASE006893,CID000152,Unknown Suspect,Arrested
SUS003374,CASE003761,CID006917,Gang Member,Arrested
SUS003375,CASE001741,CID006321,Accomplice,Wanted
SUS003376,CASE009131,CID009104,Accomplice,Under Surveillance
SUS003377,CASE004074,CID004090,Main Suspect,Under Surveillance
SUS003378,CASE005944,CID000105,Accomplice,Absconding
SUS003379,CASE005157,CID005236,Gang Member,Absconding
SUS003380,CASE004009,CID007848,Accomplice,Absconding
SUS003381,CASE008983,CID000799,Accomplice,Absconding
SUS003382,CASE007817,CID006890,Main Suspect,Wanted
SUS003383,CASE006340,CID008418,Gang Member,Arrested
SUS003384,CASE007375,CID000559,Main Suspect,Under Surveillance
SUS003385,CASE009964,CID000292,Accomplice,Under Surveillance
SUS003386,CASE007401,CID001923,Main Suspect,Wanted
SUS003387,CASE009973,CID000799,Unknown Suspect,Wanted
SUS003388,CASE005429,CID005074,Main Suspect,Under Surveillance
SUS003389,CASE004686,CID002147,Accomplice,Under Surveillance
SUS003390,CASE002926,CID008247,Accomplice,Arrested
SUS003391,CASE007566,CID002978,Main Suspect,Absconding
SUS003392,CASE006662,CID000010,Gang Member,Under Surveillance
SUS003393,CASE006001,CID000148,Gang Member,Wanted
SUS003394,CASE006254,CID006181,Accomplice,Wanted
SUS003395,CASE006297,CID006373,Unknown Suspect,Arrested
SUS003396,CASE008471,CID005652,Gang Member,Arrested
SUS003397,CASE008215,CID000676,Main Suspect,Arrested
SUS003398,CASE006290,CID006345,Gang Member,Wanted
SUS003399,CASE002510,CID001256,Accomplice,Wanted
SUS003400,CASE009696,CID007916,Main Suspect,Under Surveillance
SUS003401,CASE005486,CID002683,Accomplice,Absconding
SUS003402,CASE004979,CID000653,Gang Member,Wanted
SUS003403,CASE009292,CID000439,Main Suspect,Absconding
SUS003404,CASE003779,CID000336,Unknown Suspect,Wanted
SUS003405,CASE005936,CID009368,Main Suspect,Wanted
SUS003406,CASE007227,CID007392,Unknown Suspect,Absconding
SUS003407,CASE004492,CID004638,Main Suspect,Wanted
SUS003408,CASE005183,CID000848,Accomplice,Absconding
SUS003409,CASE000117,CID000799,Accomplice,Wanted
SUS003410,CASE009965,CID004260,Accomplice,Absconding
SUS003411,CASE000051,CID000591,Accomplice,Absconding
SUS003412,CASE003353,CID001284,Accomplice,Under Surveillance
SUS003413,CASE005725,CID003138,Unknown Suspect,Absconding
SUS003414,CASE000023,CID007548,Main Suspect,Wanted
SUS003415,CASE003556,CID006795,Unknown Suspect,Wanted
SUS003416,CASE000962,CID000038,Accomplice,Absconding
SUS003417,CASE008857,CID006273,Accomplice,Arrested
SUS003418,CASE008801,CID004544,Unknown Suspect,Absconding
SUS003419,CASE004990,CID001640,Main Suspect,Arrested
SUS003420,CASE008278,CID000825,Main Suspect,Absconding
SUS003421,CASE007907,CID000563,Unknown Suspect,Absconding
SUS003422,CASE003371,CID003952,Unknown Suspect,Absconding
SUS003423,CASE003269,CID005599,Gang Member,Absconding
SUS003424,CASE004522,CID007262,Gang Member,Wanted
SUS003425,CASE001488,CID000789,Main Suspect,Absconding
SUS003426,CASE004599,CID000274,Gang Member,Arrested
SUS003427,CASE000797,CID004077,Accomplice,Arrested
SUS003428,CASE001178,CID009844,Accomplice,Absconding
SUS003429,CASE006346,CID009039,Gang Member,Absconding
SUS003430,CASE000805,CID002092,Main Suspect,Arrested
SUS003431,CASE006371,CID003037,Accomplice,Arrested
SUS003432,CASE006055,CID004532,Unknown Suspect,Under Surveillance
SUS003433,CASE009558,CID003254,Unknown Suspect,Arrested
SUS003434,CASE002917,CID000617,Main Suspect,Under Surveillance
SUS003435,CASE005522,CID001830,Main Suspect,Absconding
SUS003436,CASE008498,CID009404,Accomplice,Wanted
SUS003437,CASE005905,CID005919,Gang Member,Under Surveillance
SUS003438,CASE007841,CID001717,Unknown Suspect,Wanted
SUS003439,CASE009617,CID000432,Gang Member,Absconding
SUS003440,CASE005470,CID008964,Accomplice,Arrested
SUS003441,CASE008516,CID000290,Accomplice,Under Surveillance
SUS003442,CASE007637,CID004795,Accomplice,Arrested
SUS003443,CASE007481,CID000178,Accomplice,Arrested
SUS003444,CASE008340,CID001752,Main Suspect,Wanted
SUS003445,CASE001647,CID005355,Main Suspect,Absconding
SUS003446,CASE001223,CID007292,Gang Member,Arrested
SUS003447,CASE003774,CID004085,Accomplice,Wanted
SUS003448,CASE007096,CID000892,Main Suspect,Absconding
SUS003449,CASE008734,CID000611,Unknown Suspect,Absconding
SUS003450,CASE004310,CID008682,Main Suspect,Arrested
SUS003451,CASE003495,CID008128,Main Suspect,Wanted
SUS003452,CASE009872,CID007812,Unknown Suspect,Arrested
SUS003453,CASE005113,CID004993,Unknown Suspect,Arrested
SUS003454,CASE009919,CID002788,Gang Member,Under Surveillance
SUS003455,CASE005497,CID002957,Accomplice,Wanted
SUS003456,CASE004845,CID000149,Main Suspect,Absconding
SUS003457,CASE005630,CID006957,Accomplice,Wanted
SUS003458,CASE002959,CID004941,Main Suspect,Wanted
SUS003459,CASE000078,CID007142,Accomplice,Absconding
SUS003460,CASE000276,CID000464,Gang Member,Under Surveillance
SUS003461,CASE006870,CID000083,Gang Member,Under Surveillance
SUS003462,CASE001334,CID005231,Main Suspect,Absconding
SUS003463,CASE007584,CID000694,Unknown Suspect,Absconding
SUS003464,CASE001429,CID005296,Unknown Suspect,Arrested
SUS003465,CASE004892,CID009250,Accomplice,Absconding
SUS003466,CASE007087,CID008568,Accomplice,Arrested
SUS003467,CASE005049,CID000068,Main Suspect,Under Surveillance
SUS003468,CASE001898,CID001034,Unknown Suspect,Under Surveillance
SUS003469,CASE000453,CID001111,Unknown Suspect,Under Surveillance
SUS003470,CASE001947,CID009844,Gang Member,Under Surveillance
SUS003471,CASE001383,CID001400,Unknown Suspect,Under Surveillance
SUS003472,CASE000047,CID002840,Gang Member,Absconding
SUS003473,CASE003997,CID000498,Main Suspect,Absconding
SUS003474,CASE006921,CID002516,Accomplice,Under Surveillance
SUS003475,CASE003372,CID000098,Accomplice,Arrested
SUS003476,CASE005206,CID000104,Accomplice,Under Surveillance
SUS003477,CASE005748,CID008735,Accomplice,Absconding
SUS003478,CASE005095,CID000220,Main Suspect,Absconding
SUS003479,CASE000097,CID006679,Unknown Suspect,Absconding
SUS003480,CASE007883,CID001810,Main Suspect,Absconding
SUS003481,CASE005981,CID007616,Unknown Suspect,Arrested
SUS003482,CASE006393,CID008930,Unknown Suspect,Wanted
SUS003483,CASE009425,CID005582,Unknown Suspect,Under Surveillance
SUS003484,CASE008913,CID005222,Accomplice,Absconding
SUS003485,CASE005725,CID008080,Gang Member,Wanted
SUS003486,CASE002452,CID000241,Gang Member,Absconding
SUS003487,CASE000927,CID000479,Accomplice,Arrested
SUS003488,CASE001674,CID000754,Main Suspect,Wanted
SUS003489,CASE005325,CID008835,Gang Member,Under Surveillance
SUS003490,CASE001331,CID007781,Accomplice,Under Surveillance
SUS003491,CASE005074,CID004807,Unknown Suspect,Absconding
SUS003492,CASE004209,CID009979,Unknown Suspect,Arrested
SUS003493,CASE002313,CID000172,Accomplice,Arrested
SUS003494,CASE006282,CID004736,Main Suspect,Under Surveillance
SUS003495,CASE003842,CID005805,Accomplice,Absconding
SUS003496,CASE004748,CID006488,Unknown Suspect,Under Surveillance
SUS003497,CASE006365,CID009716,Unknown Suspect,Absconding
SUS003498,CASE004963,CID000133,Unknown Suspect,Absconding
SUS003499,CASE001557,CID009721,Accomplice,Arrested
SUS003500,CASE002494,CID004018,Unknown Suspect,Wanted
SUS003501,CASE002381,CID006408,Accomplice,Arrested
SUS003502,CASE003265,CID006097,Main Suspect,Absconding
SUS003503,CASE006114,CID001719,Main Suspect,Absconding
SUS003504,CASE009067,CID009798,Unknown Suspect,Absconding
SUS003505,CASE000075,CID006863,Gang Member,Wanted
SUS003506,CASE003597,CID005347,Main Suspect,Wanted
SUS003507,CASE007062,CID003624,Gang Member,Under Surveillance
SUS003508,CASE006077,CID005417,Unknown Suspect,Wanted
SUS003509,CASE008091,CID001735,Accomplice,Arrested
SUS003510,CASE002835,CID002126,Unknown Suspect,Absconding
SUS003511,CASE003532,CID002991,Gang Member,Wanted
SUS003512,CASE003362,CID000036,Unknown Suspect,Arrested
SUS003513,CASE005961,CID001024,Gang Member,Arrested
SUS003514,CASE000559,CID000156,Main Suspect,Arrested
SUS003515,CASE006480,CID002004,Accomplice,Absconding
SUS003516,CASE007881,CID004175,Unknown Suspect,Under Surveillance
SUS003517,CASE001424,CID007170,Accomplice,Under Surveillance
SUS003518,CASE004407,CID007546,Main Suspect,Absconding
SUS003519,CASE003065,CID004126,Gang Member,Under Surveillance
SUS003520,CASE006842,CID003892,Gang Member,Arrested
SUS003521,CASE005764,CID001616,Gang Member,Arrested
SUS003522,CASE006116,CID001938,Gang Member,Under Surveillance
SUS003523,CASE001473,CID000380,Accomplice,Wanted
SUS003524,CASE005441,CID002195,Unknown Suspect,Arrested
SUS003525,CASE006865,CID000033,Unknown Suspect,Wanted
SUS003526,CASE002597,CID003185,Main Suspect,Under Surveillance
SUS003527,CASE001709,CID003267,Gang Member,Arrested
SUS003528,CASE009451,CID005586,Gang Member,Absconding
SUS003529,CASE009445,CID005147,Gang Member,Under Surveillance
SUS003530,CASE005424,CID000654,Gang Member,Absconding
SUS003531,CASE005452,CID009601,Gang Member,Under Surveillance
SUS003532,CASE009723,CID006187,Accomplice,Arrested
SUS003533,CASE003607,CID001303,Gang Member,Arrested
SUS003534,CASE007650,CID007803,Gang Member,Wanted
SUS003535,CASE009004,CID008033,Unknown Suspect,Absconding
SUS003536,CASE005859,CID004125,Main Suspect,Under Surveillance
SUS003537,CASE002452,CID002952,Gang Member,Wanted
SUS003538,CASE006088,CID004889,Main Suspect,Under Surveillance
SUS003539,CASE001706,CID007223,Gang Member,Arrested
SUS003540,CASE001692,CID000078,Accomplice,Under Surveillance
SUS003541,CASE003231,CID000123,Unknown Suspect,Arrested
SUS003542,CASE003768,CID008130,Main Suspect,Wanted
SUS003543,CASE005221,CID000742,Gang Member,Wanted
SUS003544,CASE006414,CID008031,Gang Member,Absconding
SUS003545,CASE002766,CID000359,Main Suspect,Arrested
SUS003546,CASE006442,CID000929,Accomplice,Absconding
SUS003547,CASE008011,CID007618,Main Suspect,Wanted
SUS003548,CASE001756,CID007797,Accomplice,Absconding
SUS003549,CASE001718,CID004366,Accomplice,Absconding
SUS003550,CASE005739,CID006379,Gang Member,Wanted
SUS003551,CASE007905,CID009035,Unknown Suspect,Arrested
SUS003552,CASE002935,CID000265,Gang Member,Arrested
SUS003553,CASE008777,CID005873,Unknown Suspect,Wanted
SUS003554,CASE005591,CID004436,Accomplice,Under Surveillance
SUS003555,CASE001733,CID000119,Gang Member,Under Surveillance
SUS003556,CASE003200,CID002185,Main Suspect,Absconding
SUS003557,CASE008040,CID001643,Main Suspect,Under Surveillance
SUS003558,CASE005186,CID007855,Unknown Suspect,Arrested
SUS003559,CASE006799,CID004388,Unknown Suspect,Arrested
SUS003560,CASE005710,CID005740,Unknown Suspect,Under Surveillance
SUS003561,CASE003949,CID000506,Main Suspect,Absconding
SUS003562,CASE000384,CID000532,Gang Member,Wanted
SUS003563,CASE009959,CID007985,Main Suspect,Under Surveillance
SUS003564,CASE000472,CID004872,Main Suspect,Arrested
SUS003565,CASE009283,CID009865,Accomplice,Absconding
SUS003566,CASE006216,CID000205,Accomplice,Arrested
SUS003567,CASE001746,CID000122,Unknown Suspect,Wanted
SUS003568,CASE009885,CID000758,Main Suspect,Arrested
SUS003569,CASE003246,CID008747,Gang Member,Arrested
SUS003570,CASE006235,CID000182,Main Suspect,Absconding
SUS003571,CASE002482,CID002599,Accomplice,Under Surveillance
SUS003572,CASE008602,CID008123,Gang Member,Wanted
SUS003573,CASE004757,CID002013,Unknown Suspect,Absconding
SUS003574,CASE002967,CID000654,Unknown Suspect,Absconding
SUS003575,CASE009766,CID000666,Main Suspect,Under Surveillance
SUS003576,CASE009647,CID003990,Main Suspect,Arrested
SUS003577,CASE000735,CID009231,Main Suspect,Arrested
SUS003578,CASE005753,CID005790,Gang Member,Absconding
SUS003579,CASE009581,CID001363,Unknown Suspect,Arrested
SUS003580,CASE008888,CID000603,Main Suspect,Absconding
SUS003581,CASE009958,CID000531,Gang Member,Absconding
SUS003582,CASE009563,CID000112,Gang Member,Absconding
SUS003583,CASE002008,CID001139,Unknown Suspect,Absconding
SUS003584,CASE002563,CID009920,Accomplice,Absconding
SUS003585,CASE007444,CID000207,Main Suspect,Wanted
SUS003586,CASE003523,CID008205,Unknown Suspect,Wanted
SUS003587,CASE002128,CID006299,Unknown Suspect,Wanted
SUS003588,CASE005538,CID006584,Gang Member,Absconding
SUS003589,CASE000193,CID008190,Accomplice,Arrested
SUS003590,CASE006111,CID000527,Accomplice,Under Surveillance
SUS003591,CASE009594,CID005143,Gang Member,Arrested
SUS003592,CASE002228,CID005557,Gang Member,Absconding
SUS003593,CASE005270,CID006200,Main Suspect,Arrested
SUS003594,CASE007040,CID006487,Gang Member,Wanted
SUS003595,CASE001992,CID000543,Gang Member,Under Surveillance
SUS003596,CASE003271,CID006732,Main Suspect,Absconding
SUS003597,CASE007543,CID006066,Gang Member,Absconding
SUS003598,CASE006572,CID001789,Accomplice,Under Surveillance
SUS003599,CASE007897,CID000553,Accomplice,Absconding
SUS003600,CASE005437,CID006368,Gang Member,Wanted
SUS003601,CASE000700,CID001620,Gang Member,Absconding
SUS003602,CASE006717,CID009924,Gang Member,Wanted
SUS003603,CASE000695,CID004909,Main Suspect,Wanted
SUS003604,CASE002202,CID006519,Accomplice,Absconding
SUS003605,CASE009138,CID000134,Gang Member,Under Surveillance
SUS003606,CASE004377,CID009503,Gang Member,Under Surveillance
SUS003607,CASE005489,CID004694,Gang Member,Arrested
SUS003608,CASE008756,CID004645,Main Suspect,Arrested
SUS003609,CASE007900,CID000218,Unknown Suspect,Arrested
SUS003610,CASE009104,CID008343,Accomplice,Wanted
SUS003611,CASE004928,CID005755,Gang Member,Absconding
SUS003612,CASE009445,CID009751,Accomplice,Absconding
SUS003613,CASE001782,CID000946,Main Suspect,Under Surveillance
SUS003614,CASE005531,CID002682,Gang Member,Arrested
SUS003615,CASE006824,CID009725,Accomplice,Absconding
SUS003616,CASE004518,CID000645,Gang Member,Wanted
SUS003617,CASE007772,CID003406,Accomplice,Arrested
SUS003618,CASE002052,CID000592,Main Suspect,Under Surveillance
SUS003619,CASE003158,CID001660,Unknown Suspect,Wanted
SUS003620,CASE002818,CID000094,Accomplice,Arrested
SUS003621,CASE006469,CID003362,Gang Member,Arrested
SUS003622,CASE000464,CID000228,Gang Member,Arrested
SUS003623,CASE008823,CID008249,Unknown Suspect,Absconding
SUS003624,CASE008639,CID000581,Accomplice,Arrested
SUS003625,CASE007487,CID005382,Gang Member,Arrested
SUS003626,CASE000780,CID005997,Accomplice,Under Surveillance
SUS003627,CASE000660,CID000382,Gang Member,Arrested
SUS003628,CASE008957,CID002210,Unknown Suspect,Wanted
SUS003629,CASE004953,CID001689,Unknown Suspect,Wanted
SUS003630,CASE003312,CID005842,Accomplice,Absconding
SUS003631,CASE003954,CID000588,Unknown Suspect,Absconding
SUS003632,CASE008506,CID008923,Gang Member,Absconding
SUS003633,CASE005467,CID007964,Unknown Suspect,Absconding
SUS003634,CASE007506,CID000395,Unknown Suspect,Absconding
SUS003635,CASE003459,CID000182,Accomplice,Under Surveillance
SUS003636,CASE008925,CID004463,Unknown Suspect,Absconding
SUS003637,CASE001164,CID001826,Gang Member,Under Surveillance
SUS003638,CASE007777,CID001494,Unknown Suspect,Arrested
SUS003639,CASE009074,CID004724,Unknown Suspect,Arrested
SUS003640,CASE006615,CID000615,Main Suspect,Absconding
SUS003641,CASE002695,CID004591,Gang Member,Wanted
SUS003642,CASE003240,CID000290,Main Suspect,Absconding
SUS003643,CASE009976,CID000468,Main Suspect,Absconding
SUS003644,CASE006570,CID007982,Main Suspect,Under Surveillance
SUS003645,CASE006811,CID001955,Accomplice,Wanted
SUS003646,CASE008874,CID002130,Unknown Suspect,Under Surveillance
SUS003647,CASE005935,CID000709,Gang Member,Absconding
SUS003648,CASE000689,CID005209,Accomplice,Absconding
SUS003649,CASE001656,CID000104,Main Suspect,Arrested
SUS003650,CASE007627,CID004730,Unknown Suspect,Arrested
SUS003651,CASE005404,CID003292,Accomplice,Wanted
SUS003652,CASE001710,CID004012,Gang Member,Under Surveillance
SUS003653,CASE002840,CID009715,Accomplice,Wanted
SUS003654,CASE001417,CID007319,Gang Member,Absconding
SUS003655,CASE003854,CID000781,Unknown Suspect,Absconding
SUS003656,CASE008178,CID001452,Accomplice,Wanted
SUS003657,CASE007771,CID004541,Accomplice,Absconding
SUS003658,CASE005256,CID001420,Main Suspect,Arrested
SUS003659,CASE004205,CID001226,Accomplice,Wanted
SUS003660,CASE007667,CID004921,Main Suspect,Absconding
SUS003661,CASE005021,CID001142,Unknown Suspect,Under Surveillance
SUS003662,CASE009760,CID008285,Unknown Suspect,Absconding
SUS003663,CASE002909,CID000426,Main Suspect,Under Surveillance
SUS003664,CASE008225,CID003594,Unknown Suspect,Under Surveillance
SUS003665,CASE004257,CID000038,Gang Member,Arrested
SUS003666,CASE004041,CID009512,Gang Member,Wanted
SUS003667,CASE007487,CID000587,Main Suspect,Arrested
SUS003668,CASE006421,CID006117,Gang Member,Arrested
SUS003669,CASE003467,CID007848,Gang Member,Under Surveillance
SUS003670,CASE001422,CID005083,Main Suspect,Wanted
SUS003671,CASE008316,CID002447,Accomplice,Under Surveillance
SUS003672,CASE003599,CID000793,Main Suspect,Arrested
SUS003673,CASE003217,CID008879,Gang Member,Arrested
SUS003674,CASE006996,CID009504,Unknown Suspect,Under Surveillance
SUS003675,CASE004722,CID005820,Accomplice,Arrested
SUS003676,CASE005157,CID000582,Unknown Suspect,Arrested
SUS003677,CASE008090,CID008389,Gang Member,Wanted
SUS003678,CASE004620,CID008690,Unknown Suspect,Under Surveillance
SUS003679,CASE003488,CID000708,Accomplice,Wanted
SUS003680,CASE000185,CID007682,Main Suspect,Absconding
SUS003681,CASE009849,CID007202,Accomplice,Under Surveillance
SUS003682,CASE008648,CID003712,Unknown Suspect,Absconding
SUS003683,CASE005035,CID006329,Main Suspect,Arrested
SUS003684,CASE003274,CID000649,Gang Member,Under Surveillance
SUS003685,CASE006875,CID000767,Accomplice,Wanted
SUS003686,CASE001577,CID003555,Accomplice,Arrested
SUS003687,CASE005694,CID000453,Gang Member,Wanted
SUS003688,CASE004066,CID002703,Unknown Suspect,Arrested
SUS003689,CASE004412,CID006549,Accomplice,Under Surveillance
SUS003690,CASE006003,CID007850,Gang Member,Under Surveillance
SUS003691,CASE009284,CID000586,Unknown Suspect,Absconding
SUS003692,CASE001913,CID001568,Main Suspect,Arrested
SUS003693,CASE009825,CID006119,Accomplice,Arrested
SUS003694,CASE007746,CID000131,Main Suspect,Wanted
SUS003695,CASE004723,CID003421,Gang Member,Wanted
SUS003696,CASE006632,CID000424,Main Suspect,Wanted
SUS003697,CASE004781,CID004550,Accomplice,Absconding
SUS003698,CASE009903,CID000406,Gang Member,Wanted
SUS003699,CASE001853,CID009135,Accomplice,Wanted
SUS003700,CASE007279,CID004734,Gang Member,Absconding
SUS003701,CASE007703,CID002787,Gang Member,Under Surveillance
SUS003702,CASE007567,CID005313,Unknown Suspect,Wanted
SUS003703,CASE008714,CID005775,Unknown Suspect,Absconding
SUS003704,CASE001740,CID000249,Gang Member,Arrested
SUS003705,CASE004326,CID006387,Main Suspect,Under Surveillance
SUS003706,CASE002411,CID004365,Unknown Suspect,Under Surveillance
SUS003707,CASE005691,CID001894,Accomplice,Wanted
SUS003708,CASE004158,CID008080,Main Suspect,Arrested
SUS003709,CASE009779,CID000041,Accomplice,Arrested
SUS003710,CASE000191,CID000469,Main Suspect,Under Surveillance
SUS003711,CASE000285,CID004506,Gang Member,Wanted
SUS003712,CASE000533,CID000302,Accomplice,Absconding
SUS003713,CASE001748,CID005227,Gang Member,Wanted
SUS003714,CASE007968,CID004066,Unknown Suspect,Wanted
SUS003715,CASE009553,CID000455,Accomplice,Arrested
SUS003716,CASE000834,CID001246,Gang Member,Under Surveillance
SUS003717,CASE004682,CID002327,Unknown Suspect,Under Surveillance
SUS003718,CASE005733,CID000070,Accomplice,Wanted
SUS003719,CASE000737,CID000633,Main Suspect,Arrested
SUS003720,CASE008231,CID003287,Main Suspect,Absconding
SUS003721,CASE004207,CID000516,Unknown Suspect,Wanted
SUS003722,CASE005553,CID004827,Main Suspect,Wanted
SUS003723,CASE004635,CID002842,Accomplice,Wanted
SUS003724,CASE000834,CID000900,Gang Member,Arrested
SUS003725,CASE009167,CID007695,Main Suspect,Absconding
SUS003726,CASE001109,CID000302,Main Suspect,Under Surveillance
SUS003727,CASE005972,CID000578,Main Suspect,Under Surveillance
SUS003728,CASE008835,CID000787,Gang Member,Absconding
SUS003729,CASE002172,CID001689,Unknown Suspect,Absconding
SUS003730,CASE009607,CID006163,Main Suspect,Under Surveillance
SUS003731,CASE000399,CID005745,Unknown Suspect,Arrested
SUS003732,CASE002237,CID000484,Accomplice,Under Surveillance
SUS003733,CASE004959,CID008576,Accomplice,Arrested
SUS003734,CASE004439,CID000206,Main Suspect,Absconding
SUS003735,CASE009777,CID007420,Gang Member,Wanted
SUS003736,CASE008624,CID007166,Main Suspect,Under Surveillance
SUS003737,CASE005008,CID006222,Accomplice,Absconding
SUS003738,CASE006608,CID000490,Gang Member,Absconding
SUS003739,CASE000184,CID000661,Accomplice,Absconding
SUS003740,CASE003130,CID006748,Gang Member,Absconding
SUS003741,CASE003072,CID001428,Main Suspect,Under Surveillance
SUS003742,CASE004272,CID000259,Unknown Suspect,Absconding
SUS003743,CASE008753,CID000336,Main Suspect,Wanted
SUS003744,CASE001034,CID000055,Gang Member,Wanted
SUS003745,CASE009383,CID004747,Accomplice,Wanted
SUS003746,CASE003228,CID004394,Gang Member,Wanted
SUS003747,CASE008987,CID009417,Accomplice,Absconding
SUS003748,CASE005016,CID000285,Unknown Suspect,Under Surveillance
SUS003749,CASE004834,CID000225,Unknown Suspect,Under Surveillance
SUS003750,CASE009027,CID006125,Gang Member,Under Surveillance
SUS003751,CASE006950,CID000075,Gang Member,Arrested
SUS003752,CASE002180,CID008583,Accomplice,Arrested
SUS003753,CASE005991,CID009867,Main Suspect,Absconding
SUS003754,CASE001970,CID007293,Gang Member,Wanted
SUS003755,CASE005365,CID008331,Unknown Suspect,Under Surveillance
SUS003756,CASE005759,CID000614,Accomplice,Arrested
SUS003757,CASE007756,CID000726,Accomplice,Arrested
SUS003758,CASE009499,CID001901,Gang Member,Wanted
SUS003759,CASE009088,CID001934,Unknown Suspect,Wanted
SUS003760,CASE001220,CID000082,Accomplice,Under Surveillance
SUS003761,CASE001403,CID009137,Accomplice,Wanted
SUS003762,CASE005900,CID000307,Gang Member,Absconding
SUS003763,CASE001212,CID003083,Gang Member,Wanted
SUS003764,CASE005083,CID000684,Unknown Suspect,Under Surveillance
SUS003765,CASE007359,CID000120,Main Suspect,Wanted
SUS003766,CASE006422,CID005491,Accomplice,Wanted
SUS003767,CASE000284,CID001324,Gang Member,Absconding
SUS003768,CASE000547,CID000736,Accomplice,Wanted
SUS003769,CASE006014,CID009175,Main Suspect,Absconding
SUS003770,CASE005717,CID004628,Accomplice,Wanted
SUS003771,CASE008530,CID000058,Accomplice,Arrested
SUS003772,CASE001599,CID002513,Accomplice,Under Surveillance
SUS003773,CASE004812,CID000639,Unknown Suspect,Arrested
SUS003774,CASE003954,CID000298,Accomplice,Absconding
SUS003775,CASE003672,CID003569,Unknown Suspect,Under Surveillance
SUS003776,CASE005183,CID009199,Gang Member,Under Surveillance
SUS003777,CASE009704,CID002545,Main Suspect,Arrested
SUS003778,CASE007893,CID002396,Gang Member,Arrested
SUS003779,CASE004771,CID000384,Accomplice,Arrested
SUS003780,CASE004599,CID009389,Main Suspect,Absconding
SUS003781,CASE005704,CID008066,Accomplice,Under Surveillance
SUS003782,CASE001440,CID002566,Accomplice,Absconding
SUS003783,CASE007652,CID000587,Gang Member,Arrested
SUS003784,CASE004458,CID000272,Unknown Suspect,Arrested
SUS003785,CASE007927,CID009778,Accomplice,Wanted
SUS003786,CASE004714,CID004784,Accomplice,Under Surveillance
SUS003787,CASE003856,CID000123,Unknown Suspect,Under Surveillance
SUS003788,CASE002888,CID003657,Accomplice,Arrested
SUS003789,CASE003118,CID001375,Main Suspect,Absconding
SUS003790,CASE005297,CID001845,Unknown Suspect,Absconding
SUS003791,CASE004187,CID002831,Main Suspect,Absconding
SUS003792,CASE002981,CID000357,Main Suspect,Absconding
SUS003793,CASE001541,CID008650,Main Suspect,Under Surveillance
SUS003794,CASE001745,CID000427,Unknown Suspect,Absconding
SUS003795,CASE005281,CID004495,Gang Member,Arrested
SUS003796,CASE002869,CID001145,Accomplice,Under Surveillance
SUS003797,CASE000021,CID000377,Unknown Suspect,Wanted
SUS003798,CASE003259,CID000946,Main Suspect,Under Surveillance
SUS003799,CASE007303,CID004130,Main Suspect,Wanted
SUS003800,CASE009829,CID004936,Main Suspect,Wanted
SUS003801,CASE008814,CID003526,Accomplice,Wanted
SUS003802,CASE000555,CID000329,Main Suspect,Wanted
SUS003803,CASE001768,CID006232,Gang Member,Absconding
SUS003804,CASE000290,CID000402,Gang Member,Wanted
SUS003805,CASE008306,CID000892,Gang Member,Arrested
SUS003806,CASE007164,CID000041,Accomplice,Arrested
SUS003807,CASE009447,CID000038,Accomplice,Under Surveillance
SUS003808,CASE000200,CID000078,Unknown Suspect,Wanted
SUS003809,CASE005728,CID004999,Accomplice,Wanted
SUS003810,CASE005737,CID000262,Accomplice,Under Surveillance
SUS003811,CASE005187,CID001877,Accomplice,Under Surveillance
SUS003812,CASE009880,CID000093,Unknown Suspect,Wanted
SUS003813,CASE006184,CID004211,Accomplice,Absconding
SUS003814,CASE007633,CID007195,Unknown Suspect,Absconding
SUS003815,CASE008792,CID000783,Accomplice,Absconding
SUS003816,CASE005408,CID005861,Accomplice,Under Surveillance
SUS003817,CASE008907,CID007981,Main Suspect,Absconding
SUS003818,CASE000279,CID007870,Gang Member,Arrested
SUS003819,CASE009602,CID000777,Gang Member,Absconding
SUS003820,CASE001988,CID006127,Accomplice,Under Surveillance
SUS003821,CASE007984,CID002415,Accomplice,Under Surveillance
SUS003822,CASE006115,CID005981,Unknown Suspect,Absconding
SUS003823,CASE009991,CID000083,Accomplice,Wanted
SUS003824,CASE005335,CID004016,Gang Member,Under Surveillance
SUS003825,CASE004684,CID009807,Main Suspect,Arrested
SUS003826,CASE000978,CID000360,Accomplice,Absconding
SUS003827,CASE001215,CID001508,Main Suspect,Under Surveillance
SUS003828,CASE004419,CID001058,Gang Member,Under Surveillance
SUS003829,CASE004870,CID001785,Unknown Suspect,Under Surveillance
SUS003830,CASE003816,CID000108,Main Suspect,Absconding
SUS003831,CASE005103,CID009294,Main Suspect,Arrested
SUS003832,CASE003131,CID007186,Gang Member,Wanted
SUS003833,CASE002498,CID000367,Gang Member,Wanted
SUS003834,CASE005642,CID007632,Main Suspect,Arrested
SUS003835,CASE004766,CID000681,Accomplice,Wanted
SUS003836,CASE007359,CID003652,Main Suspect,Wanted
SUS003837,CASE009558,CID000474,Unknown Suspect,Arrested
SUS003838,CASE003991,CID001920,Unknown Suspect,Arrested
SUS003839,CASE008936,CID002712,Unknown Suspect,Under Surveillance
SUS003840,CASE009756,CID000111,Accomplice,Wanted
SUS003841,CASE001109,CID003936,Gang Member,Absconding
SUS003842,CASE008510,CID009240,Accomplice,Under Surveillance
SUS003843,CASE004373,CID003739,Unknown Suspect,Arrested
SUS003844,CASE009705,CID007919,Gang Member,Absconding
SUS003845,CASE003705,CID000793,Gang Member,Wanted
SUS003846,CASE007305,CID002512,Main Suspect,Absconding
SUS003847,CASE004061,CID000390,Gang Member,Absconding
SUS003848,CASE000260,CID000357,Unknown Suspect,Absconding
SUS003849,CASE008977,CID001055,Gang Member,Under Surveillance
SUS003850,CASE006602,CID005182,Accomplice,Wanted
SUS003851,CASE006467,CID008048,Main Suspect,Absconding
SUS003852,CASE005246,CID006857,Gang Member,Arrested
SUS003853,CASE000577,CID000150,Main Suspect,Under Surveillance
SUS003854,CASE001773,CID000470,Main Suspect,Wanted
SUS003855,CASE007260,CID000142,Gang Member,Wanted
SUS003856,CASE005352,CID000259,Main Suspect,Wanted
SUS003857,CASE008825,CID000946,Accomplice,Wanted
SUS003858,CASE005621,CID005018,Gang Member,Under Surveillance
SUS003859,CASE001561,CID003581,Main Suspect,Absconding
SUS003860,CASE008552,CID007553,Gang Member,Under Surveillance
SUS003861,CASE004336,CID000917,Unknown Suspect,Absconding
SUS003862,CASE002928,CID002216,Main Suspect,Absconding
SUS003863,CASE002680,CID000445,Main Suspect,Arrested
SUS003864,CASE005358,CID003633,Gang Member,Arrested
SUS003865,CASE008090,CID009325,Unknown Suspect,Wanted
SUS003866,CASE005139,CID000036,Unknown Suspect,Under Surveillance
SUS003867,CASE000338,CID001077,Unknown Suspect,Under Surveillance
SUS003868,CASE008169,CID000021,Accomplice,Under Surveillance
SUS003869,CASE000007,CID009514,Gang Member,Under Surveillance
SUS003870,CASE001499,CID000417,Main Suspect,Under Surveillance
SUS003871,CASE002607,CID000780,Main Suspect,Arrested
SUS003872,CASE002113,CID000792,Accomplice,Absconding
SUS003873,CASE005510,CID004657,Unknown Suspect,Arrested
SUS003874,CASE001430,CID005383,Unknown Suspect,Wanted
SUS003875,CASE002407,CID004343,Gang Member,Under Surveillance
SUS003876,CASE000179,CID004165,Main Suspect,Absconding
SUS003877,CASE008845,CID005781,Main Suspect,Wanted
SUS003878,CASE001717,CID001820,Gang Member,Under Surveillance
SUS003879,CASE002828,CID008300,Unknown Suspect,Arrested
SUS003880,CASE003338,CID000158,Accomplice,Under Surveillance
SUS003881,CASE000863,CID006828,Main Suspect,Arrested
SUS003882,CASE003894,CID000380,Gang Member,Absconding
SUS003883,CASE002466,CID000597,Accomplice,Wanted
SUS003884,CASE008773,CID000511,Accomplice,Under Surveillance
SUS003885,CASE001570,CID009285,Main Suspect,Under Surveillance
SUS003886,CASE001983,CID002739,Main Suspect,Absconding
SUS003887,CASE009705,CID004523,Accomplice,Absconding
SUS003888,CASE002957,CID000215,Gang Member,Arrested
SUS003889,CASE008895,CID007123,Unknown Suspect,Under Surveillance
SUS003890,CASE008296,CID000226,Unknown Suspect,Absconding
SUS003891,CASE008938,CID005115,Main Suspect,Wanted
SUS003892,CASE000986,CID001209,Accomplice,Under Surveillance
SUS003893,CASE008794,CID000116,Main Suspect,Arrested
SUS003894,CASE003891,CID002753,Unknown Suspect,Arrested
SUS003895,CASE001537,CID009248,Gang Member,Absconding
SUS003896,CASE005039,CID006217,Main Suspect,Under Surveillance
SUS003897,CASE001560,CID009056,Main Suspect,Wanted
SUS003898,CASE007695,CID000404,Accomplice,Absconding
SUS003899,CASE008656,CID002766,Main Suspect,Absconding
SUS003900,CASE003240,CID008325,Unknown Suspect,Arrested
SUS003901,CASE000939,CID001535,Main Suspect,Wanted
SUS003902,CASE008109,CID002173,Unknown Suspect,Wanted
SUS003903,CASE009361,CID009165,Unknown Suspect,Under Surveillance
SUS003904,CASE008609,CID000425,Unknown Suspect,Arrested
SUS003905,CASE003978,CID006946,Gang Member,Absconding
SUS003906,CASE000446,CID001067,Unknown Suspect,Absconding
SUS003907,CASE007500,CID000357,Accomplice,Under Surveillance
SUS003908,CASE006691,CID008130,Gang Member,Arrested
SUS003909,CASE006697,CID007477,Unknown Suspect,Arrested
SUS003910,CASE001878,CID001292,Main Suspect,Under Surveillance
SUS003911,CASE004702,CID003886,Gang Member,Under Surveillance
SUS003912,CASE006225,CID000523,Accomplice,Wanted
SUS003913,CASE001691,CID000624,Accomplice,Absconding
SUS003914,CASE004490,CID006239,Unknown Suspect,Absconding
SUS003915,CASE005083,CID000322,Gang Member,Arrested
SUS003916,CASE005280,CID006151,Accomplice,Wanted
SUS003917,CASE001043,CID006853,Gang Member,Under Surveillance
SUS003918,CASE002048,CID003949,Main Suspect,Arrested
SUS003919,CASE008482,CID003994,Main Suspect,Absconding
SUS003920,CASE004392,CID000797,Accomplice,Absconding
SUS003921,CASE004507,CID008112,Gang Member,Wanted
SUS003922,CASE006112,CID002730,Main Suspect,Wanted
SUS003923,CASE009344,CID003546,Gang Member,Under Surveillance
SUS003924,CASE002927,CID001165,Gang Member,Arrested
SUS003925,CASE004149,CID000174,Accomplice,Absconding
SUS003926,CASE002787,CID000913,Main Suspect,Wanted
SUS003927,CASE005701,CID007456,Gang Member,Absconding
SUS003928,CASE001681,CID000359,Gang Member,Wanted
SUS003929,CASE006379,CID004988,Accomplice,Wanted
SUS003930,CASE003490,CID003018,Gang Member,Wanted
SUS003931,CASE004793,CID000847,Accomplice,Wanted
SUS003932,CASE002937,CID006617,Gang Member,Under Surveillance
SUS003933,CASE000056,CID004816,Gang Member,Arrested
SUS003934,CASE005353,CID005209,Gang Member,Absconding
SUS003935,CASE003373,CID003581,Accomplice,Under Surveillance
SUS003936,CASE006312,CID000320,Accomplice,Arrested
SUS003937,CASE005223,CID004616,Gang Member,Absconding
SUS003938,CASE003122,CID000495,Gang Member,Absconding
SUS003939,CASE004329,CID007388,Unknown Suspect,Wanted
SUS003940,CASE000411,CID009722,Gang Member,Under Surveillance
SUS003941,CASE004977,CID005161,Accomplice,Arrested
SUS003942,CASE007686,CID007695,Unknown Suspect,Absconding
SUS003943,CASE005139,CID005367,Main Suspect,Under Surveillance
SUS003944,CASE008761,CID000775,Accomplice,Wanted
SUS003945,CASE002465,CID000225,Gang Member,Wanted
SUS003946,CASE009685,CID000551,Main Suspect,Wanted
SUS003947,CASE002466,CID002686,Main Suspect,Under Surveillance
SUS003948,CASE008160,CID002583,Unknown Suspect,Wanted
SUS003949,CASE004275,CID003744,Unknown Suspect,Arrested
SUS003950,CASE005170,CID000145,Accomplice,Wanted
SUS003951,CASE008182,CID000444,Accomplice,Under Surveillance
SUS003952,CASE007571,CID001759,Main Suspect,Arrested
SUS003953,CASE003940,CID000403,Accomplice,Absconding
SUS003954,CASE003945,CID000125,Accomplice,Arrested
SUS003955,CASE009962,CID000742,Unknown Suspect,Arrested
SUS003956,CASE000104,CID005312,Accomplice,Wanted
SUS003957,CASE001582,CID005715,Gang Member,Absconding
SUS003958,CASE004687,CID007666,Main Suspect,Arrested
SUS003959,CASE004061,CID002505,Gang Member,Under Surveillance
SUS003960,CASE000345,CID005574,Gang Member,Under Surveillance
SUS003961,CASE003602,CID001331,Unknown Suspect,Wanted
SUS003962,CASE006232,CID006496,Gang Member,Wanted
SUS003963,CASE009286,CID000764,Main Suspect,Wanted
SUS003964,CASE002398,CID000262,Main Suspect,Wanted
SUS003965,CASE004491,CID005840,Gang Member,Arrested
SUS003966,CASE005775,CID009847,Main Suspect,Absconding
SUS003967,CASE005232,CID000066,Main Suspect,Absconding
SUS003968,CASE002794,CID003437,Main Suspect,Wanted
SUS003969,CASE006389,CID001772,Gang Member,Under Surveillance
SUS003970,CASE005791,CID000107,Unknown Suspect,Arrested
SUS003971,CASE006931,CID000178,Main Suspect,Arrested
SUS003972,CASE006602,CID000276,Unknown Suspect,Wanted
SUS003973,CASE009079,CID000568,Main Suspect,Wanted
SUS003974,CASE001195,CID000326,Accomplice,Arrested
SUS003975,CASE002588,CID002346,Main Suspect,Wanted
SUS003976,CASE006112,CID009674,Unknown Suspect,Under Surveillance
SUS003977,CASE007365,CID000143,Unknown Suspect,Arrested
SUS003978,CASE005661,CID000552,Gang Member,Arrested
SUS003979,CASE000215,CID002961,Accomplice,Arrested
SUS003980,CASE007177,CID003953,Main Suspect,Under Surveillance
SUS003981,CASE002177,CID007822,Main Suspect,Under Surveillance
SUS003982,CASE009005,CID005683,Unknown Suspect,Absconding
SUS003983,CASE003515,CID003996,Main Suspect,Wanted
SUS003984,CASE008571,CID002752,Unknown Suspect,Absconding
SUS003985,CASE008535,CID000686,Unknown Suspect,Under Surveillance
SUS003986,CASE006494,CID009465,Gang Member,Arrested
SUS003987,CASE001223,CID007353,Gang Member,Arrested
SUS003988,CASE002800,CID006565,Accomplice,Arrested
SUS003989,CASE004989,CID009080,Main Suspect,Arrested
SUS003990,CASE005783,CID005674,Unknown Suspect,Under Surveillance
SUS003991,CASE000493,CID006898,Gang Member,Under Surveillance
SUS003992,CASE008749,CID000254,Gang Member,Wanted
SUS003993,CASE001169,CID009391,Accomplice,Absconding
SUS003994,CASE003049,CID007873,Gang Member,Under Surveillance
SUS003995,CASE007444,CID005162,Unknown Suspect,Arrested
SUS003996,CASE001365,CID006099,Accomplice,Arrested
SUS003997,CASE007303,CID008227,Accomplice,Under Surveillance
SUS003998,CASE006587,CID005877,Main Suspect,Wanted
SUS003999,CASE005329,CID009465,Main Suspect,Wanted
SUS004000,CASE004690,CID003548,Gang Member,Arrested
SUS004001,CASE000999,CID001084,Main Suspect,Under Surveillance
SUS004002,CASE005600,CID001952,Gang Member,Under Surveillance
SUS004003,CASE002242,CID007701,Accomplice,Wanted
SUS004004,CASE003207,CID000625,Main Suspect,Wanted
SUS004005,CASE001183,CID008124,Accomplice,Absconding
SUS004006,CASE003440,CID002256,Accomplice,Wanted
SUS004007,CASE009333,CID004372,Main Suspect,Wanted
SUS004008,CASE006128,CID008733,Unknown Suspect,Arrested
SUS004009,CASE002053,CID000138,Unknown Suspect,Arrested
SUS004010,CASE004592,CID003435,Accomplice,Under Surveillance
SUS004011,CASE006550,CID002103,Gang Member,Under Surveillance
SUS004012,CASE007102,CID001456,Unknown Suspect,Under Surveillance
SUS004013,CASE008960,CID000219,Main Suspect,Arrested
SUS004014,CASE000797,CID007883,Unknown Suspect,Wanted
SUS004015,CASE006419,CID009661,Accomplice,Arrested
SUS004016,CASE004618,CID008226,Accomplice,Arrested
SUS004017,CASE000935,CID003616,Accomplice,Wanted
SUS004018,CASE003365,CID006542,Accomplice,Absconding
SUS004019,CASE001957,CID000766,Accomplice,Absconding
SUS004020,CASE002556,CID001066,Gang Member,Absconding
SUS004021,CASE004941,CID005933,Gang Member,Absconding
SUS004022,CASE009980,CID000290,Gang Member,Arrested
SUS004023,CASE005582,CID002734,Main Suspect,Under Surveillance
SUS004024,CASE005732,CID001771,Main Suspect,Wanted
SUS004025,CASE000804,CID009446,Unknown Suspect,Absconding
SUS004026,CASE002381,CID000692,Gang Member,Arrested
SUS004027,CASE001429,CID007510,Accomplice,Under Surveillance
SUS004028,CASE004602,CID008867,Main Suspect,Absconding
SUS004029,CASE008870,CID000144,Unknown Suspect,Arrested
SUS004030,CASE001580,CID000425,Unknown Suspect,Under Surveillance
SUS004031,CASE005510,CID003234,Main Suspect,Under Surveillance
SUS004032,CASE002531,CID009472,Main Suspect,Wanted
SUS004033,CASE002577,CID005433,Unknown Suspect,Under Surveillance
SUS004034,CASE003423,CID000675,Accomplice,Absconding
SUS004035,CASE001331,CID004271,Main Suspect,Arrested
SUS004036,CASE006287,CID000026,Unknown Suspect,Under Surveillance
SUS004037,CASE002848,CID001441,Unknown Suspect,Absconding
SUS004038,CASE009049,CID002081,Main Suspect,Arrested
SUS004039,CASE009736,CID009891,Accomplice,Wanted
SUS004040,CASE007561,CID000455,Unknown Suspect,Wanted
SUS004041,CASE003482,CID003960,Gang Member,Under Surveillance
SUS004042,CASE008893,CID000479,Gang Member,Absconding
SUS004043,CASE000773,CID000461,Accomplice,Arrested
SUS004044,CASE005471,CID004849,Unknown Suspect,Wanted
SUS004045,CASE004708,CID002458,Unknown Suspect,Absconding
SUS004046,CASE000767,CID000003,Accomplice,Under Surveillance
SUS004047,CASE000373,CID009223,Accomplice,Arrested
SUS004048,CASE009537,CID007887,Unknown Suspect,Wanted
SUS004049,CASE008092,CID000434,Accomplice,Wanted
SUS004050,CASE002609,CID007674,Accomplice,Absconding
SUS004051,CASE005154,CID000785,Gang Member,Wanted
SUS004052,CASE009037,CID000147,Gang Member,Under Surveillance
SUS004053,CASE008252,CID004957,Accomplice,Wanted
SUS004054,CASE001884,CID005080,Accomplice,Under Surveillance
SUS004055,CASE007664,CID000703,Main Suspect,Absconding
SUS004056,CASE005345,CID007715,Accomplice,Absconding
SUS004057,CASE006235,CID003394,Accomplice,Wanted
SUS004058,CASE005831,CID008323,Unknown Suspect,Absconding
SUS004059,CASE007020,CID000146,Unknown Suspect,Arrested
SUS004060,CASE001865,CID007468,Gang Member,Absconding
SUS004061,CASE009053,CID004076,Accomplice,Absconding
SUS004062,CASE007902,CID008120,Unknown Suspect,Arrested
SUS004063,CASE009439,CID000742,Main Suspect,Under Surveillance
SUS004064,CASE004794,CID000121,Unknown Suspect,Absconding
SUS004065,CASE000292,CID007399,Gang Member,Absconding
SUS004066,CASE005836,CID008999,Gang Member,Under Surveillance
SUS004067,CASE009055,CID004350,Gang Member,Arrested
SUS004068,CASE001706,CID007402,Accomplice,Absconding
SUS004069,CASE006565,CID000290,Accomplice,Wanted
SUS004070,CASE002630,CID008775,Gang Member,Under Surveillance
SUS004071,CASE005017,CID001174,Accomplice,Arrested
SUS004072,CASE000435,CID000061,Accomplice,Arrested
SUS004073,CASE001602,CID003925,Accomplice,Under Surveillance
SUS004074,CASE008960,CID001523,Main Suspect,Absconding
SUS004075,CASE001823,CID001888,Unknown Suspect,Absconding
SUS004076,CASE009239,CID000274,Accomplice,Wanted
SUS004077,CASE009311,CID000072,Unknown Suspect,Arrested
SUS004078,CASE006345,CID000563,Accomplice,Arrested
SUS004079,CASE004774,CID006045,Main Suspect,Absconding
SUS004080,CASE004124,CID004393,Gang Member,Arrested
SUS004081,CASE006173,CID002911,Main Suspect,Wanted
SUS004082,CASE002927,CID000648,Gang Member,Under Surveillance
SUS004083,CASE006191,CID002010,Main Suspect,Under Surveillance
SUS004084,CASE001433,CID008606,Gang Member,Arrested
SUS004085,CASE005536,CID000175,Accomplice,Under Surveillance
SUS004086,CASE001908,CID007524,Accomplice,Under Surveillance
SUS004087,CASE002438,CID007807,Gang Member,Under Surveillance
SUS004088,CASE000208,CID004997,Accomplice,Absconding
SUS004089,CASE006065,CID003985,Main Suspect,Absconding
SUS004090,CASE009422,CID004207,Main Suspect,Wanted
SUS004091,CASE001261,CID000144,Unknown Suspect,Arrested
SUS004092,CASE005115,CID005550,Accomplice,Arrested
SUS004093,CASE003623,CID006903,Main Suspect,Wanted
SUS004094,CASE000933,CID003062,Gang Member,Under Surveillance
SUS004095,CASE005967,CID003407,Unknown Suspect,Arrested
SUS004096,CASE000950,CID001245,Gang Member,Under Surveillance
SUS004097,CASE003476,CID007319,Accomplice,Wanted
SUS004098,CASE000200,CID000394,Accomplice,Arrested
SUS004099,CASE003343,CID000729,Unknown Suspect,Wanted
SUS004100,CASE000429,CID000087,Unknown Suspect,Absconding
SUS004101,CASE005916,CID005857,Main Suspect,Wanted
SUS004102,CASE002743,CID002696,Unknown Suspect,Arrested
SUS004103,CASE008325,CID000526,Accomplice,Wanted
SUS004104,CASE006497,CID000489,Accomplice,Wanted
SUS004105,CASE009221,CID007377,Main Suspect,Arrested
SUS004106,CASE002372,CID000627,Gang Member,Arrested
SUS004107,CASE004901,CID000058,Main Suspect,Absconding
SUS004108,CASE001766,CID000289,Accomplice,Under Surveillance
SUS004109,CASE005907,CID007693,Accomplice,Under Surveillance
SUS004110,CASE004976,CID007604,Gang Member,Wanted
SUS004111,CASE005770,CID001820,Main Suspect,Wanted
SUS004112,CASE000263,CID004549,Main Suspect,Under Surveillance
SUS004113,CASE003338,CID000163,Accomplice,Wanted
SUS004114,CASE005364,CID001484,Main Suspect,Under Surveillance
SUS004115,CASE004905,CID000419,Unknown Suspect,Arrested
SUS004116,CASE003625,CID000598,Gang Member,Absconding
SUS004117,CASE008152,CID005554,Gang Member,Under Surveillance
SUS004118,CASE000431,CID000331,Unknown Suspect,Under Surveillance
SUS004119,CASE000580,CID001867,Accomplice,Under Surveillance
SUS004120,CASE001115,CID002170,Gang Member,Absconding
SUS004121,CASE008853,CID000333,Unknown Suspect,Wanted
SUS004122,CASE007544,CID000778,Accomplice,Arrested
SUS004123,CASE006960,CID000428,Accomplice,Under Surveillance
SUS004124,CASE008914,CID000051,Accomplice,Under Surveillance
SUS004125,CASE007257,CID001635,Gang Member,Under Surveillance
SUS004126,CASE004014,CID008421,Main Suspect,Absconding
SUS004127,CASE008694,CID004060,Accomplice,Absconding
SUS004128,CASE004854,CID006099,Unknown Suspect,Wanted
SUS004129,CASE007439,CID004065,Gang Member,Absconding
SUS004130,CASE000262,CID001774,Accomplice,Arrested
SUS004131,CASE008961,CID002171,Main Suspect,Absconding
SUS004132,CASE006686,CID003232,Unknown Suspect,Absconding
SUS004133,CASE006060,CID007896,Gang Member,Wanted
SUS004134,CASE006193,CID000647,Gang Member,Under Surveillance
SUS004135,CASE001072,CID007150,Gang Member,Wanted
SUS004136,CASE005493,CID006032,Unknown Suspect,Wanted
SUS004137,CASE003257,CID009003,Accomplice,Wanted
SUS004138,CASE006199,CID000004,Unknown Suspect,Arrested
SUS004139,CASE002965,CID005088,Accomplice,Absconding
SUS004140,CASE004197,CID002819,Unknown Suspect,Wanted
SUS004141,CASE007532,CID000127,Unknown Suspect,Wanted
SUS004142,CASE009481,CID007041,Accomplice,Absconding
SUS004143,CASE004836,CID001927,Gang Member,Under Surveillance
SUS004144,CASE002305,CID009945,Unknown Suspect,Absconding
SUS004145,CASE006748,CID000201,Gang Member,Absconding
SUS004146,CASE000686,CID004469,Main Suspect,Absconding
SUS004147,CASE009959,CID003766,Accomplice,Arrested
SUS004148,CASE001742,CID000283,Unknown Suspect,Wanted
SUS004149,CASE004323,CID007471,Main Suspect,Under Surveillance
SUS004150,CASE009144,CID000095,Gang Member,Absconding
SUS004151,CASE008236,CID004815,Accomplice,Under Surveillance
SUS004152,CASE008330,CID006149,Accomplice,Under Surveillance
SUS004153,CASE001327,CID000048,Main Suspect,Wanted
SUS004154,CASE006917,CID000601,Accomplice,Arrested
SUS004155,CASE007209,CID005973,Unknown Suspect,Absconding
SUS004156,CASE002118,CID003445,Gang Member,Absconding
SUS004157,CASE009661,CID008112,Unknown Suspect,Absconding
SUS004158,CASE001230,CID000085,Unknown Suspect,Absconding
SUS004159,CASE006001,CID001693,Gang Member,Under Surveillance
SUS004160,CASE001057,CID000082,Main Suspect,Wanted
SUS004161,CASE005612,CID009895,Unknown Suspect,Absconding
SUS004162,CASE009970,CID001926,Accomplice,Absconding
SUS004163,CASE005139,CID003126,Unknown Suspect,Absconding
SUS004164,CASE009512,CID000896,Main Suspect,Arrested
SUS004165,CASE007293,CID000518,Main Suspect,Wanted
SUS004166,CASE003811,CID000676,Accomplice,Wanted
SUS004167,CASE005979,CID003663,Main Suspect,Absconding
SUS004168,CASE007445,CID001505,Gang Member,Wanted
SUS004169,CASE002517,CID007055,Unknown Suspect,Under Surveillance
SUS004170,CASE001036,CID007211,Gang Member,Absconding
SUS004171,CASE008533,CID000373,Accomplice,Arrested
SUS004172,CASE006546,CID005192,Unknown Suspect,Absconding
SUS004173,CASE003629,CID002849,Main Suspect,Arrested
SUS004174,CASE004542,CID000397,Accomplice,Absconding
SUS004175,CASE009209,CID001879,Gang Member,Wanted
SUS004176,CASE005829,CID009625,Gang Member,Under Surveillance
SUS004177,CASE009101,CID000795,Gang Member,Arrested
SUS004178,CASE009960,CID009544,Unknown Suspect,Under Surveillance
SUS004179,CASE007143,CID008448,Unknown Suspect,Arrested
SUS004180,CASE000835,CID005015,Unknown Suspect,Under Surveillance
SUS004181,CASE006860,CID005823,Unknown Suspect,Absconding
SUS004182,CASE000821,CID007834,Gang Member,Under Surveillance
SUS004183,CASE006052,CID002503,Gang Member,Absconding
SUS004184,CASE005506,CID006962,Accomplice,Absconding
SUS004185,CASE009793,CID005809,Main Suspect,Wanted
SUS004186,CASE004733,CID000319,Accomplice,Arrested
SUS004187,CASE004278,CID000005,Accomplice,Arrested
SUS004188,CASE005515,CID002912,Gang Member,Under Surveillance
SUS004189,CASE009374,CID000372,Gang Member,Wanted
SUS004190,CASE009395,CID007670,Gang Member,Wanted
SUS004191,CASE002562,CID005745,Accomplice,Absconding
SUS004192,CASE001315,CID002896,Main Suspect,Wanted
SUS004193,CASE007375,CID009177,Gang Member,Wanted
SUS004194,CASE008568,CID005362,Accomplice,Arrested
SUS004195,CASE001227,CID005820,Unknown Suspect,Wanted
SUS004196,CASE007140,CID004412,Unknown Suspect,Under Surveillance
SUS004197,CASE000977,CID000750,Main Suspect,Arrested
SUS004198,CASE007967,CID004433,Unknown Suspect,Under Surveillance
SUS004199,CASE000593,CID007419,Unknown Suspect,Under Surveillance
SUS004200,CASE007933,CID003570,Unknown Suspect,Arrested
SUS004201,CASE000131,CID000284,Gang Member,Arrested
SUS004202,CASE000110,CID003692,Main Suspect,Under Surveillance
SUS004203,CASE007641,CID000506,Unknown Suspect,Arrested
SUS004204,CASE009092,CID000574,Gang Member,Under Surveillance
SUS004205,CASE005375,CID000369,Main Suspect,Wanted
SUS004206,CASE008778,CID008446,Unknown Suspect,Under Surveillance
SUS004207,CASE008236,CID000479,Main Suspect,Wanted
SUS004208,CASE007645,CID000157,Gang Member,Absconding
SUS004209,CASE001794,CID004643,Gang Member,Absconding
SUS004210,CASE005093,CID008568,Accomplice,Absconding
SUS004211,CASE005800,CID000551,Main Suspect,Wanted
SUS004212,CASE001095,CID000363,Main Suspect,Arrested
SUS004213,CASE004568,CID000287,Gang Member,Under Surveillance
SUS004214,CASE006159,CID008856,Main Suspect,Wanted
SUS004215,CASE000833,CID000366,Unknown Suspect,Wanted
SUS004216,CASE003872,CID000177,Unknown Suspect,Arrested
SUS004217,CASE003965,CID008386,Gang Member,Absconding
SUS004218,CASE008817,CID000449,Gang Member,Arrested
SUS004219,CASE007274,CID006518,Gang Member,Absconding
SUS004220,CASE003458,CID006387,Main Suspect,Arrested
SUS004221,CASE005214,CID009174,Gang Member,Wanted
SUS004222,CASE009074,CID003647,Unknown Suspect,Under Surveillance
SUS004223,CASE006373,CID004592,Accomplice,Under Surveillance
SUS004224,CASE007213,CID003340,Unknown Suspect,Absconding
SUS004225,CASE009054,CID000730,Gang Member,Absconding
SUS004226,CASE002193,CID000287,Main Suspect,Arrested
SUS004227,CASE009134,CID000471,Unknown Suspect,Wanted
SUS004228,CASE004954,CID000754,Gang Member,Absconding
SUS004229,CASE005273,CID005680,Main Suspect,Under Surveillance
SUS004230,CASE006945,CID005240,Accomplice,Arrested
SUS004231,CASE002935,CID004893,Accomplice,Wanted
SUS004232,CASE006693,CID000177,Unknown Suspect,Arrested
SUS004233,CASE000099,CID007080,Main Suspect,Under Surveillance
SUS004234,CASE001572,CID005086,Main Suspect,Wanted
SUS004235,CASE007392,CID003055,Main Suspect,Under Surveillance
SUS004236,CASE006043,CID008654,Gang Member,Absconding
SUS004237,CASE007007,CID003831,Unknown Suspect,Wanted
SUS004238,CASE005461,CID000574,Main Suspect,Under Surveillance
SUS004239,CASE004727,CID005265,Unknown Suspect,Under Surveillance
SUS004240,CASE009081,CID001843,Gang Member,Under Surveillance
SUS004241,CASE000391,CID007175,Accomplice,Absconding
SUS004242,CASE003748,CID003319,Unknown Suspect,Arrested
SUS004243,CASE000857,CID006484,Gang Member,Arrested
SUS004244,CASE001049,CID002125,Accomplice,Arrested
SUS004245,CASE008568,CID000800,Unknown Suspect,Under Surveillance
SUS004246,CASE000445,CID007397,Unknown Suspect,Absconding
SUS004247,CASE002999,CID000688,Unknown Suspect,Wanted
SUS004248,CASE009806,CID001947,Accomplice,Absconding
SUS004249,CASE000046,CID002016,Accomplice,Under Surveillance
SUS004250,CASE005274,CID002821,Main Suspect,Wanted
SUS004251,CASE003601,CID003469,Main Suspect,Under Surveillance
SUS004252,CASE004009,CID002846,Gang Member,Wanted
SUS004253,CASE001103,CID007905,Accomplice,Wanted
SUS004254,CASE000365,CID003930,Gang Member,Under Surveillance
SUS004255,CASE009590,CID007798,Unknown Suspect,Wanted
SUS004256,CASE007488,CID000667,Unknown Suspect,Arrested
SUS004257,CASE000775,CID003300,Main Suspect,Arrested
SUS004258,CASE004853,CID000168,Accomplice,Arrested
SUS004259,CASE006612,CID009340,Main Suspect,Absconding
SUS004260,CASE007542,CID000546,Main Suspect,Wanted
SUS004261,CASE007335,CID000126,Gang Member,Absconding
SUS004262,CASE009344,CID000263,Unknown Suspect,Arrested
SUS004263,CASE002449,CID003897,Main Suspect,Wanted
SUS004264,CASE006063,CID004967,Unknown Suspect,Under Surveillance
SUS004265,CASE008156,CID008640,Unknown Suspect,Under Surveillance
SUS004266,CASE006407,CID002692,Accomplice,Arrested
SUS004267,CASE003596,CID002403,Unknown Suspect,Arrested
SUS004268,CASE001714,CID000330,Gang Member,Wanted
SUS004269,CASE008371,CID000712,Main Suspect,Arrested
SUS004270,CASE002950,CID002561,Main Suspect,Wanted
SUS004271,CASE006013,CID001738,Accomplice,Under Surveillance
SUS004272,CASE006188,CID006108,Accomplice,Wanted
SUS004273,CASE002912,CID000792,Accomplice,Absconding
SUS004274,CASE006151,CID004445,Gang Member,Arrested
SUS004275,CASE008481,CID000646,Main Suspect,Under Surveillance
SUS004276,CASE001204,CID007256,Unknown Suspect,Wanted
SUS004277,CASE001613,CID005038,Accomplice,Absconding
SUS004278,CASE001060,CID000369,Gang Member,Absconding
SUS004279,CASE003029,CID006428,Main Suspect,Wanted
SUS004280,CASE000467,CID005012,Unknown Suspect,Wanted
SUS004281,CASE001869,CID000570,Gang Member,Wanted
SUS004282,CASE006259,CID003221,Accomplice,Arrested
SUS004283,CASE000463,CID008125,Accomplice,Absconding
SUS004284,CASE003384,CID003174,Gang Member,Arrested
SUS004285,CASE005076,CID006007,Main Suspect,Under Surveillance
SUS004286,CASE006014,CID000615,Gang Member,Under Surveillance
SUS004287,CASE009992,CID007752,Main Suspect,Under Surveillance
SUS004288,CASE000495,CID000439,Main Suspect,Absconding
SUS004289,CASE005415,CID006734,Main Suspect,Absconding
SUS004290,CASE004781,CID001625,Accomplice,Absconding
SUS004291,CASE009131,CID000161,Accomplice,Wanted
SUS004292,CASE003299,CID007953,Accomplice,Arrested
SUS004293,CASE001585,CID006434,Main Suspect,Under Surveillance
SUS004294,CASE003893,CID008988,Accomplice,Absconding
SUS004295,CASE004472,CID000700,Accomplice,Under Surveillance
SUS004296,CASE001071,CID008474,Accomplice,Absconding
SUS004297,CASE000236,CID009350,Main Suspect,Under Surveillance
SUS004298,CASE005489,CID006873,Main Suspect,Absconding
SUS004299,CASE005288,CID001407,Main Suspect,Under Surveillance
SUS004300,CASE004296,CID005742,Main Suspect,Under Surveillance
SUS004301,CASE003384,CID008068,Accomplice,Absconding
SUS004302,CASE003825,CID002107,Gang Member,Arrested
SUS004303,CASE001729,CID003091,Gang Member,Wanted
SUS004304,CASE008452,CID007111,Main Suspect,Under Surveillance
SUS004305,CASE008365,CID004720,Main Suspect,Under Surveillance
SUS004306,CASE004253,CID002276,Unknown Suspect,Wanted
SUS004307,CASE005616,CID000395,Unknown Suspect,Absconding
SUS004308,CASE003818,CID009449,Gang Member,Under Surveillance
SUS004309,CASE009529,CID009279,Accomplice,Arrested
SUS004310,CASE009854,CID000376,Accomplice,Arrested
SUS004311,CASE003819,CID000426,Accomplice,Arrested
SUS004312,CASE002795,CID000272,Unknown Suspect,Wanted
SUS004313,CASE005984,CID000104,Accomplice,Wanted
SUS004314,CASE003670,CID000201,Unknown Suspect,Wanted
SUS004315,CASE000854,CID003988,Main Suspect,Arrested
SUS004316,CASE004704,CID009286,Unknown Suspect,Arrested
SUS004317,CASE007577,CID006378,Accomplice,Absconding
SUS004318,CASE007845,CID009031,Gang Member,Under Surveillance
SUS004319,CASE007893,CID002315,Unknown Suspect,Absconding
SUS004320,CASE005991,CID001915,Unknown Suspect,Under Surveillance
SUS004321,CASE004100,CID000491,Main Suspect,Under Surveillance
SUS004322,CASE009668,CID001443,Accomplice,Absconding
SUS004323,CASE000382,CID002837,Accomplice,Arrested
SUS004324,CASE009846,CID008330,Accomplice,Arrested
SUS004325,CASE004320,CID000518,Main Suspect,Absconding
SUS004326,CASE001260,CID009528,Main Suspect,Arrested
SUS004327,CASE004271,CID005060,Main Suspect,Absconding
SUS004328,CASE008747,CID007312,Gang Member,Absconding
SUS004329,CASE005233,CID001060,Unknown Suspect,Under Surveillance
SUS004330,CASE007066,CID006733,Unknown Suspect,Arrested
SUS004331,CASE009522,CID009113,Gang Member,Wanted
SUS004332,CASE001337,CID003129,Main Suspect,Under Surveillance
SUS004333,CASE002793,CID008353,Gang Member,Arrested
SUS004334,CASE000554,CID000591,Main Suspect,Arrested
SUS004335,CASE000405,CID000624,Accomplice,Wanted
SUS004336,CASE000563,CID002302,Main Suspect,Wanted
SUS004337,CASE004738,CID007133,Main Suspect,Under Surveillance
SUS004338,CASE005004,CID007988,Unknown Suspect,Arrested
SUS004339,CASE009544,CID000379,Main Suspect,Arrested
SUS004340,CASE007679,CID001915,Unknown Suspect,Wanted
SUS004341,CASE008045,CID009320,Gang Member,Absconding
SUS004342,CASE006727,CID000648,Unknown Suspect,Arrested
SUS004343,CASE009568,CID005099,Gang Member,Under Surveillance
SUS004344,CASE001749,CID007160,Accomplice,Absconding
SUS004345,CASE001434,CID000936,Gang Member,Absconding
SUS004346,CASE008600,CID006749,Accomplice,Under Surveillance
SUS004347,CASE004906,CID000768,Accomplice,Arrested
SUS004348,CASE004462,CID002456,Gang Member,Absconding
SUS004349,CASE007775,CID001399,Accomplice,Arrested
SUS004350,CASE004180,CID003780,Main Suspect,Absconding
SUS004351,CASE009327,CID003414,Main Suspect,Wanted
SUS004352,CASE008399,CID001459,Gang Member,Under Surveillance
SUS004353,CASE009577,CID004290,Gang Member,Under Surveillance
SUS004354,CASE000788,CID003905,Accomplice,Under Surveillance
SUS004355,CASE007600,CID004957,Gang Member,Under Surveillance
SUS004356,CASE000026,CID008345,Accomplice,Under Surveillance
SUS004357,CASE006116,CID003171,Gang Member,Under Surveillance
SUS004358,CASE005669,CID000433,Unknown Suspect,Wanted
SUS004359,CASE006887,CID007528,Gang Member,Under Surveillance
SUS004360,CASE003802,CID003592,Gang Member,Arrested
SUS004361,CASE006884,CID008678,Accomplice,Under Surveillance
SUS004362,CASE006169,CID005314,Gang Member,Under Surveillance
SUS004363,CASE003887,CID004637,Main Suspect,Under Surveillance
SUS004364,CASE007536,CID002700,Gang Member,Wanted
SUS004365,CASE003872,CID004411,Accomplice,Arrested
SUS004366,CASE002222,CID000179,Gang Member,Wanted
SUS004367,CASE001325,CID000221,Gang Member,Wanted
SUS004368,CASE005820,CID002367,Accomplice,Arrested
SUS004369,CASE008418,CID007529,Gang Member,Arrested
SUS004370,CASE000042,CID001543,Main Suspect,Under Surveillance
SUS004371,CASE002122,CID001044,Main Suspect,Under Surveillance
SUS004372,CASE008459,CID007332,Accomplice,Under Surveillance
SUS004373,CASE008845,CID000977,Gang Member,Wanted
SUS004374,CASE008595,CID008778,Gang Member,Wanted
SUS004375,CASE005074,CID004330,Accomplice,Absconding
SUS004376,CASE000228,CID006644,Unknown Suspect,Under Surveillance
SUS004377,CASE004443,CID000483,Accomplice,Wanted
SUS004378,CASE004623,CID000284,Accomplice,Under Surveillance
SUS004379,CASE007383,CID001636,Accomplice,Absconding
SUS004380,CASE000724,CID006535,Main Suspect,Arrested
SUS004381,CASE002767,CID000789,Main Suspect,Arrested
SUS004382,CASE001461,CID004805,Main Suspect,Under Surveillance
SUS004383,CASE003870,CID009877,Main Suspect,Arrested
SUS004384,CASE008954,CID000792,Unknown Suspect,Arrested
SUS004385,CASE002011,CID005827,Main Suspect,Under Surveillance
SUS004386,CASE004309,CID000251,Main Suspect,Absconding
SUS004387,CASE004095,CID000535,Main Suspect,Under Surveillance
SUS004388,CASE006910,CID004305,Gang Member,Arrested
SUS004389,CASE001770,CID004325,Unknown Suspect,Wanted
SUS004390,CASE000087,CID007411,Gang Member,Under Surveillance
SUS004391,CASE005420,CID000089,Unknown Suspect,Arrested
SUS004392,CASE004894,CID000725,Gang Member,Arrested
SUS004393,CASE005669,CID006179,Accomplice,Wanted
SUS004394,CASE007059,CID000620,Accomplice,Arrested
SUS004395,CASE007016,CID000259,Unknown Suspect,Under Surveillance
SUS004396,CASE003108,CID008013,Unknown Suspect,Under Surveillance
SUS004397,CASE003220,CID009208,Main Suspect,Absconding
SUS004398,CASE004784,CID000678,Unknown Suspect,Wanted
SUS004399,CASE008471,CID000031,Accomplice,Absconding
SUS004400,CASE004493,CID008085,Main Suspect,Absconding
SUS004401,CASE002105,CID007304,Gang Member,Wanted
SUS004402,CASE009008,CID001448,Gang Member,Under Surveillance
SUS004403,CASE001565,CID007745,Accomplice,Wanted
SUS004404,CASE003331,CID009806,Accomplice,Absconding
SUS004405,CASE001738,CID004493,Main Suspect,Arrested
SUS004406,CASE007056,CID000278,Gang Member,Absconding
SUS004407,CASE004542,CID002675,Main Suspect,Arrested
SUS004408,CASE009131,CID002866,Accomplice,Absconding
SUS004409,CASE008213,CID001822,Main Suspect,Under Surveillance
SUS004410,CASE002113,CID002820,Unknown Suspect,Under Surveillance
SUS004411,CASE003042,CID001632,Main Suspect,Wanted
SUS004412,CASE002041,CID000143,Gang Member,Under Surveillance
SUS004413,CASE005594,CID000281,Unknown Suspect,Wanted
SUS004414,CASE009412,CID007755,Gang Member,Absconding
SUS004415,CASE003598,CID000036,Accomplice,Arrested
SUS004416,CASE000845,CID007473,Unknown Suspect,Under Surveillance
SUS004417,CASE005674,CID008386,Main Suspect,Absconding
SUS004418,CASE003120,CID008938,Unknown Suspect,Wanted
SUS004419,CASE005160,CID000071,Main Suspect,Under Surveillance
SUS004420,CASE004239,CID000468,Unknown Suspect,Wanted
SUS004421,CASE004232,CID001967,Main Suspect,Arrested
SUS004422,CASE002005,CID000490,Unknown Suspect,Absconding
SUS004423,CASE003205,CID000746,Main Suspect,Wanted
SUS004424,CASE008740,CID000437,Gang Member,Absconding
SUS004425,CASE000346,CID000581,Main Suspect,Under Surveillance
SUS004426,CASE002521,CID004536,Unknown Suspect,Wanted
SUS004427,CASE007537,CID003379,Gang Member,Arrested
SUS004428,CASE005122,CID008568,Gang Member,Arrested
SUS004429,CASE004679,CID005737,Unknown Suspect,Arrested
SUS004430,CASE010000,CID003753,Accomplice,Wanted
SUS004431,CASE004026,CID000834,Gang Member,Wanted
SUS004432,CASE008340,CID006214,Accomplice,Under Surveillance
SUS004433,CASE007140,CID003576,Accomplice,Arrested
SUS004434,CASE001929,CID005489,Gang Member,Absconding
SUS004435,CASE006238,CID002329,Accomplice,Arrested
SUS004436,CASE007988,CID007112,Main Suspect,Under Surveillance
SUS004437,CASE000028,CID000918,Accomplice,Wanted
SUS004438,CASE000996,CID001409,Unknown Suspect,Arrested
SUS004439,CASE003722,CID001540,Main Suspect,Wanted
SUS004440,CASE004304,CID003080,Main Suspect,Under Surveillance
SUS004441,CASE004796,CID009791,Unknown Suspect,Absconding
SUS004442,CASE004819,CID005415,Unknown Suspect,Wanted
SUS004443,CASE004682,CID008100,Main Suspect,Wanted
SUS004444,CASE005350,CID002782,Accomplice,Wanted
SUS004445,CASE000963,CID002873,Unknown Suspect,Under Surveillance
SUS004446,CASE004119,CID005853,Unknown Suspect,Under Surveillance
SUS004447,CASE006834,CID006639,Gang Member,Under Surveillance
SUS004448,CASE001614,CID008333,Gang Member,Arrested
SUS004449,CASE008080,CID003159,Main Suspect,Under Surveillance
SUS004450,CASE008042,CID000244,Unknown Suspect,Absconding
SUS004451,CASE007612,CID000158,Accomplice,Absconding
SUS004452,CASE000908,CID000575,Accomplice,Arrested
SUS004453,CASE001749,CID007643,Main Suspect,Under Surveillance
SUS004454,CASE006755,CID004222,Accomplice,Under Surveillance
SUS004455,CASE007094,CID002170,Main Suspect,Absconding
SUS004456,CASE007374,CID001733,Accomplice,Under Surveillance
SUS004457,CASE008708,CID001701,Gang Member,Wanted
SUS004458,CASE006038,CID009182,Main Suspect,Wanted
SUS004459,CASE005424,CID005703,Accomplice,Wanted
SUS004460,CASE003216,CID007007,Main Suspect,Arrested
SUS004461,CASE000593,CID008189,Accomplice,Wanted
SUS004462,CASE001270,CID000505,Gang Member,Arrested
SUS004463,CASE002322,CID000389,Gang Member,Arrested
SUS004464,CASE004757,CID002112,Accomplice,Under Surveillance
SUS004465,CASE007318,CID006820,Accomplice,Arrested
SUS004466,CASE001916,CID009228,Gang Member,Absconding
SUS004467,CASE000211,CID001426,Accomplice,Arrested
SUS004468,CASE009367,CID000256,Accomplice,Under Surveillance
SUS004469,CASE001300,CID004659,Accomplice,Wanted
SUS004470,CASE001154,CID002434,Unknown Suspect,Wanted
SUS004471,CASE006658,CID000181,Accomplice,Under Surveillance
SUS004472,CASE004248,CID004812,Accomplice,Wanted
SUS004473,CASE002334,CID000204,Accomplice,Wanted
SUS004474,CASE004718,CID008547,Unknown Suspect,Wanted
SUS004475,CASE002035,CID006709,Unknown Suspect,Under Surveillance
SUS004476,CASE003282,CID009832,Accomplice,Arrested
SUS004477,CASE009995,CID000659,Accomplice,Arrested
SUS004478,CASE005873,CID005141,Unknown Suspect,Arrested
SUS004479,CASE005833,CID004607,Gang Member,Wanted
SUS004480,CASE008070,CID002137,Unknown Suspect,Absconding
SUS004481,CASE009550,CID004509,Accomplice,Under Surveillance
SUS004482,CASE003112,CID000376,Unknown Suspect,Arrested
SUS004483,CASE009198,CID006395,Main Suspect,Absconding
SUS004484,CASE007051,CID008701,Accomplice,Arrested
SUS004485,CASE003983,CID007635,Main Suspect,Absconding
SUS004486,CASE009391,CID005175,Main Suspect,Wanted
SUS004487,CASE008509,CID000222,Accomplice,Wanted
SUS004488,CASE003990,CID005383,Main Suspect,Under Surveillance
SUS004489,CASE001988,CID007041,Main Suspect,Under Surveillance
SUS004490,CASE004397,CID001693,Gang Member,Absconding
SUS004491,CASE003159,CID002447,Gang Member,Under Surveillance
SUS004492,CASE005932,CID007905,Gang Member,Wanted
SUS004493,CASE000386,CID000885,Main Suspect,Wanted
SUS004494,CASE007851,CID001735,Gang Member,Arrested
SUS004495,CASE000493,CID000073,Unknown Suspect,Absconding
SUS004496,CASE007536,CID000228,Unknown Suspect,Arrested
SUS004497,CASE003307,CID009157,Main Suspect,Wanted
SUS004498,CASE005174,CID000506,Gang Member,Under Surveillance
SUS004499,CASE007834,CID000067,Unknown Suspect,Absconding
SUS004500,CASE004151,CID009623,Unknown Suspect,Under Surveillance
SUS004501,CASE001816,CID006366,Main Suspect,Absconding
SUS004502,CASE001301,CID000071,Unknown Suspect,Wanted
SUS004503,CASE001413,CID009754,Main Suspect,Wanted
SUS004504,CASE005140,CID005041,Main Suspect,Under Surveillance
SUS004505,CASE000591,CID007370,Unknown Suspect,Absconding
SUS004506,CASE000887,CID004403,Gang Member,Arrested
SUS004507,CASE005000,CID007706,Main Suspect,Absconding
SUS004508,CASE001706,CID008704,Main Suspect,Wanted
SUS004509,CASE001227,CID000554,Accomplice,Arrested
SUS004510,CASE004198,CID001817,Main Suspect,Absconding
SUS004511,CASE008934,CID001481,Accomplice,Arrested
SUS004512,CASE003928,CID005255,Accomplice,Wanted
SUS004513,CASE006142,CID000798,Main Suspect,Under Surveillance
SUS004514,CASE004351,CID006018,Unknown Suspect,Arrested
SUS004515,CASE005007,CID003161,Unknown Suspect,Wanted
SUS004516,CASE002209,CID008737,Unknown Suspect,Under Surveillance
SUS004517,CASE007417,CID003111,Accomplice,Arrested
SUS004518,CASE009120,CID006392,Unknown Suspect,Wanted
SUS004519,CASE005599,CID006488,Unknown Suspect,Absconding
SUS004520,CASE009011,CID000069,Unknown Suspect,Absconding
SUS004521,CASE002998,CID000207,Accomplice,Absconding
SUS004522,CASE006200,CID000647,Gang Member,Wanted
SUS004523,CASE007220,CID001527,Unknown Suspect,Under Surveillance
SUS004524,CASE008314,CID009907,Main Suspect,Absconding
SUS004525,CASE008058,CID000643,Unknown Suspect,Under Surveillance
SUS004526,CASE001104,CID001993,Main Suspect,Wanted
SUS004527,CASE008850,CID002830,Unknown Suspect,Absconding
SUS004528,CASE008024,CID006495,Main Suspect,Wanted
SUS004529,CASE003553,CID005719,Main Suspect,Absconding
SUS004530,CASE000411,CID005419,Unknown Suspect,Arrested
SUS004531,CASE005880,CID000431,Gang Member,Arrested
SUS004532,CASE000712,CID006362,Gang Member,Absconding
SUS004533,CASE002677,CID005033,Accomplice,Absconding
SUS004534,CASE005423,CID005171,Gang Member,Absconding
SUS004535,CASE009685,CID000678,Main Suspect,Wanted
SUS004536,CASE008378,CID003181,Gang Member,Arrested
SUS004537,CASE008604,CID000028,Unknown Suspect,Absconding
SUS004538,CASE009817,CID002242,Unknown Suspect,Absconding
SUS004539,CASE003835,CID003887,Unknown Suspect,Wanted
SUS004540,CASE005233,CID006529,Main Suspect,Absconding
SUS004541,CASE004922,CID001054,Gang Member,Arrested
SUS004542,CASE002214,CID006844,Gang Member,Arrested
SUS004543,CASE003549,CID007211,Unknown Suspect,Under Surveillance
SUS004544,CASE007438,CID009433,Unknown Suspect,Absconding
SUS004545,CASE006555,CID005848,Gang Member,Absconding
SUS004546,CASE006044,CID008871,Accomplice,Arrested
SUS004547,CASE001906,CID005294,Accomplice,Arrested
SUS004548,CASE006215,CID000228,Unknown Suspect,Absconding
SUS004549,CASE006527,CID009793,Accomplice,Arrested
SUS004550,CASE005820,CID000148,Gang Member,Arrested
SUS004551,CASE006633,CID005279,Gang Member,Under Surveillance
SUS004552,CASE003883,CID005518,Unknown Suspect,Wanted
SUS004553,CASE005994,CID000655,Gang Member,Under Surveillance
SUS004554,CASE004046,CID008859,Main Suspect,Under Surveillance
SUS004555,CASE005707,CID000569,Gang Member,Wanted
SUS004556,CASE001932,CID001924,Main Suspect,Arrested
SUS004557,CASE000613,CID006780,Unknown Suspect,Wanted
SUS004558,CASE009465,CID001286,Gang Member,Arrested
SUS004559,CASE009547,CID007446,Unknown Suspect,Arrested
SUS004560,CASE001843,CID000080,Gang Member,Wanted
SUS004561,CASE002070,CID000349,Main Suspect,Absconding
SUS004562,CASE008386,CID001447,Main Suspect,Arrested
SUS004563,CASE008531,CID000189,Gang Member,Wanted
SUS004564,CASE008897,CID004142,Main Suspect,Wanted
SUS004565,CASE009927,CID002813,Main Suspect,Absconding
SUS004566,CASE009535,CID000233,Accomplice,Under Surveillance
SUS004567,CASE007867,CID000421,Main Suspect,Absconding
SUS004568,CASE002309,CID000005,Gang Member,Wanted
SUS004569,CASE000656,CID000261,Unknown Suspect,Wanted
SUS004570,CASE004862,CID006927,Unknown Suspect,Under Surveillance
SUS004571,CASE006512,CID000187,Main Suspect,Under Surveillance
SUS004572,CASE008479,CID000777,Accomplice,Absconding
SUS004573,CASE005404,CID000440,Unknown Suspect,Under Surveillance
SUS004574,CASE001974,CID008980,Main Suspect,Absconding
SUS004575,CASE001501,CID006857,Unknown Suspect,Under Surveillance
SUS004576,CASE006754,CID000024,Gang Member,Under Surveillance
SUS004577,CASE003229,CID000797,Gang Member,Wanted
SUS004578,CASE005214,CID002666,Unknown Suspect,Absconding
SUS004579,CASE002080,CID004191,Unknown Suspect,Under Surveillance
SUS004580,CASE008836,CID001294,Main Suspect,Wanted
SUS004581,CASE002801,CID000440,Main Suspect,Wanted
SUS004582,CASE007338,CID009993,Main Suspect,Absconding
SUS004583,CASE004001,CID008624,Main Suspect,Wanted
SUS004584,CASE009455,CID008346,Main Suspect,Under Surveillance
SUS004585,CASE004468,CID008029,Accomplice,Wanted
SUS004586,CASE008767,CID001323,Main Suspect,Absconding
SUS004587,CASE002164,CID004980,Gang Member,Under Surveillance
SUS004588,CASE009735,CID000086,Gang Member,Wanted
SUS004589,CASE001338,CID005213,Gang Member,Wanted
SUS004590,CASE003353,CID000233,Accomplice,Absconding
SUS004591,CASE008568,CID004635,Unknown Suspect,Wanted
SUS004592,CASE006352,CID004142,Unknown Suspect,Under Surveillance
SUS004593,CASE002552,CID009726,Gang Member,Wanted
SUS004594,CASE005322,CID009925,Accomplice,Wanted
SUS004595,CASE000664,CID006083,Unknown Suspect,Under Surveillance
SUS004596,CASE005143,CID005929,Accomplice,Arrested
SUS004597,CASE001600,CID004022,Unknown Suspect,Under Surveillance
SUS004598,CASE001194,CID000416,Gang Member,Absconding
SUS004599,CASE006608,CID006426,Accomplice,Arrested
SUS004600,CASE002282,CID002849,Unknown Suspect,Under Surveillance
SUS004601,CASE006255,CID008845,Gang Member,Absconding
SUS004602,CASE004575,CID005811,Gang Member,Absconding
SUS004603,CASE001360,CID002275,Main Suspect,Arrested
SUS004604,CASE000967,CID000404,Main Suspect,Wanted
SUS004605,CASE001193,CID000156,Accomplice,Wanted
SUS004606,CASE009817,CID003743,Gang Member,Absconding
SUS004607,CASE005632,CID001986,Accomplice,Under Surveillance
SUS004608,CASE003607,CID000051,Unknown Suspect,Under Surveillance
SUS004609,CASE007516,CID003040,Unknown Suspect,Wanted
SUS004610,CASE002838,CID003316,Gang Member,Arrested
SUS004611,CASE000522,CID005898,Gang Member,Under Surveillance
SUS004612,CASE003078,CID006971,Unknown Suspect,Arrested
SUS004613,CASE005434,CID000249,Accomplice,Absconding
SUS004614,CASE005212,CID007958,Unknown Suspect,Absconding
SUS004615,CASE000029,CID005185,Main Suspect,Under Surveillance
SUS004616,CASE008388,CID007254,Gang Member,Wanted
SUS004617,CASE000297,CID003131,Main Suspect,Under Surveillance
SUS004618,CASE005867,CID005606,Unknown Suspect,Under Surveillance
SUS004619,CASE008235,CID008947,Gang Member,Arrested
SUS004620,CASE007436,CID009834,Gang Member,Arrested
SUS004621,CASE005138,CID005502,Accomplice,Absconding
SUS004622,CASE000620,CID009890,Accomplice,Arrested
SUS004623,CASE007214,CID000231,Unknown Suspect,Wanted
SUS004624,CASE006021,CID000727,Unknown Suspect,Wanted
SUS004625,CASE009162,CID004680,Gang Member,Absconding
SUS004626,CASE000933,CID004991,Unknown Suspect,Under Surveillance
SUS004627,CASE003415,CID000048,Accomplice,Under Surveillance
SUS004628,CASE001953,CID007955,Main Suspect,Wanted
SUS004629,CASE001577,CID003243,Unknown Suspect,Absconding
SUS004630,CASE003772,CID000156,Accomplice,Absconding
SUS004631,CASE004744,CID004998,Unknown Suspect,Absconding
SUS004632,CASE000696,CID000050,Gang Member,Absconding
SUS004633,CASE001772,CID003854,Main Suspect,Absconding
SUS004634,CASE008944,CID008783,Unknown Suspect,Wanted
SUS004635,CASE004262,CID007543,Main Suspect,Under Surveillance
SUS004636,CASE003001,CID007371,Main Suspect,Wanted
SUS004637,CASE008504,CID005652,Main Suspect,Wanted
SUS004638,CASE008006,CID003894,Unknown Suspect,Arrested
SUS004639,CASE006795,CID005140,Accomplice,Wanted
SUS004640,CASE001390,CID005095,Main Suspect,Under Surveillance
SUS004641,CASE009463,CID000432,Accomplice,Arrested
SUS004642,CASE004754,CID007827,Main Suspect,Under Surveillance
SUS004643,CASE002451,CID004029,Main Suspect,Arrested
SUS004644,CASE006152,CID008087,Main Suspect,Arrested
SUS004645,CASE003079,CID007985,Accomplice,Wanted
SUS004646,CASE005054,CID005044,Gang Member,Arrested
SUS004647,CASE001507,CID000711,Gang Member,Absconding
SUS004648,CASE003684,CID005820,Main Suspect,Arrested
SUS004649,CASE009952,CID001278,Unknown Suspect,Arrested
SUS004650,CASE007287,CID007232,Accomplice,Absconding
SUS004651,CASE001859,CID001292,Accomplice,Absconding
SUS004652,CASE000231,CID001292,Gang Member,Under Surveillance
SUS004653,CASE008793,CID007411,Accomplice,Arrested
SUS004654,CASE000167,CID002580,Unknown Suspect,Wanted
SUS004655,CASE004811,CID009494,Main Suspect,Absconding
SUS004656,CASE005744,CID003911,Accomplice,Arrested
SUS004657,CASE006890,CID000475,Gang Member,Under Surveillance
SUS004658,CASE004918,CID009511,Unknown Suspect,Wanted
SUS004659,CASE000322,CID004880,Unknown Suspect,Absconding
SUS004660,CASE002435,CID000710,Main Suspect,Absconding
SUS004661,CASE009339,CID000313,Accomplice,Arrested
SUS004662,CASE003098,CID002127,Unknown Suspect,Under Surveillance
SUS004663,CASE001585,CID005283,Unknown Suspect,Under Surveillance
SUS004664,CASE003472,CID000560,Main Suspect,Absconding
SUS004665,CASE008118,CID000716,Accomplice,Wanted
SUS004666,CASE009428,CID005225,Main Suspect,Under Surveillance
SUS004667,CASE001559,CID000107,Gang Member,Arrested
SUS004668,CASE005682,CID008061,Main Suspect,Absconding
SUS004669,CASE005717,CID005393,Gang Member,Wanted
SUS004670,CASE005672,CID004412,Gang Member,Absconding
SUS004671,CASE007721,CID000162,Unknown Suspect,Arrested
SUS004672,CASE004197,CID004708,Main Suspect,Absconding
SUS004673,CASE003223,CID002031,Main Suspect,Wanted
SUS004674,CASE007558,CID003490,Unknown Suspect,Arrested
SUS004675,CASE007425,CID001466,Main Suspect,Absconding
SUS004676,CASE003451,CID007409,Unknown Suspect,Absconding
SUS004677,CASE005052,CID008416,Gang Member,Arrested
SUS004678,CASE007963,CID006582,Accomplice,Wanted
SUS004679,CASE003137,CID008359,Accomplice,Under Surveillance
SUS004680,CASE002880,CID000365,Gang Member,Arrested
SUS004681,CASE005705,CID004140,Gang Member,Under Surveillance
SUS004682,CASE001005,CID000320,Unknown Suspect,Wanted
SUS004683,CASE002500,CID000260,Accomplice,Absconding
SUS004684,CASE007868,CID006537,Gang Member,Arrested
SUS004685,CASE008230,CID003166,Gang Member,Wanted
SUS004686,CASE000802,CID008900,Accomplice,Arrested
SUS004687,CASE007877,CID006964,Unknown Suspect,Wanted
SUS004688,CASE002685,CID003110,Unknown Suspect,Wanted
SUS004689,CASE008994,CID000217,Gang Member,Arrested
SUS004690,CASE001628,CID009551,Accomplice,Arrested
SUS004691,CASE005381,CID007940,Gang Member,Absconding
SUS004692,CASE008141,CID000062,Accomplice,Arrested
SUS004693,CASE004363,CID005493,Gang Member,Arrested
SUS004694,CASE008817,CID005653,Gang Member,Arrested
SUS004695,CASE003516,CID000432,Unknown Suspect,Wanted
SUS004696,CASE004991,CID001429,Unknown Suspect,Absconding
SUS004697,CASE006671,CID004233,Gang Member,Wanted
SUS004698,CASE000508,CID000934,Main Suspect,Wanted
SUS004699,CASE002206,CID001722,Unknown Suspect,Absconding
SUS004700,CASE000827,CID000029,Accomplice,Under Surveillance
SUS004701,CASE002806,CID004601,Accomplice,Under Surveillance
SUS004702,CASE000326,CID000594,Gang Member,Under Surveillance
SUS004703,CASE009755,CID006069,Main Suspect,Under Surveillance
SUS004704,CASE001200,CID004564,Gang Member,Arrested
SUS004705,CASE007396,CID007449,Unknown Suspect,Wanted
SUS004706,CASE008014,CID000778,Accomplice,Wanted
SUS004707,CASE003084,CID001871,Gang Member,Absconding
SUS004708,CASE006121,CID000851,Main Suspect,Wanted
SUS004709,CASE009014,CID006972,Main Suspect,Absconding
SUS004710,CASE003805,CID000702,Main Suspect,Wanted
SUS004711,CASE007814,CID000288,Accomplice,Arrested
SUS004712,CASE001317,CID003776,Main Suspect,Arrested
SUS004713,CASE003280,CID000314,Unknown Suspect,Arrested
SUS004714,CASE007235,CID009948,Main Suspect,Wanted
SUS004715,CASE008815,CID000418,Main Suspect,Absconding
SUS004716,CASE002046,CID006176,Accomplice,Under Surveillance
SUS004717,CASE006751,CID008244,Main Suspect,Absconding
SUS004718,CASE001695,CID003445,Gang Member,Wanted
SUS004719,CASE001880,CID003213,Accomplice,Arrested
SUS004720,CASE005016,CID001300,Accomplice,Wanted
SUS004721,CASE000719,CID004965,Gang Member,Arrested
SUS004722,CASE000568,CID000343,Main Suspect,Absconding
SUS004723,CASE004997,CID008108,Unknown Suspect,Wanted
SUS004724,CASE004716,CID000331,Unknown Suspect,Arrested
SUS004725,CASE006879,CID000761,Main Suspect,Under Surveillance
SUS004726,CASE002997,CID003297,Unknown Suspect,Absconding
SUS004727,CASE006059,CID000245,Unknown Suspect,Arrested
SUS004728,CASE004674,CID000450,Accomplice,Under Surveillance
SUS004729,CASE003985,CID001940,Accomplice,Wanted
SUS004730,CASE000605,CID000030,Gang Member,Wanted
SUS004731,CASE008626,CID004199,Gang Member,Arrested
SUS004732,CASE002794,CID005254,Main Suspect,Arrested
SUS004733,CASE006160,CID008867,Main Suspect,Wanted
SUS004734,CASE002924,CID009368,Main Suspect,Arrested
SUS004735,CASE007308,CID005287,Unknown Suspect,Absconding
SUS004736,CASE008159,CID000191,Unknown Suspect,Wanted
SUS004737,CASE009430,CID006232,Main Suspect,Absconding
SUS004738,CASE007628,CID005574,Accomplice,Wanted
SUS004739,CASE006347,CID001312,Main Suspect,Arrested
SUS004740,CASE003034,CID001902,Gang Member,Under Surveillance
SUS004741,CASE001502,CID000568,Gang Member,Absconding
SUS004742,CASE003498,CID000468,Accomplice,Wanted
SUS004743,CASE005908,CID000420,Gang Member,Wanted
SUS004744,CASE008086,CID001160,Accomplice,Under Surveillance
SUS004745,CASE009986,CID000717,Unknown Suspect,Arrested
SUS004746,CASE001664,CID000465,Gang Member,Wanted
SUS004747,CASE007472,CID005780,Accomplice,Absconding
SUS004748,CASE003068,CID008617,Accomplice,Absconding
SUS004749,CASE006274,CID002347,Unknown Suspect,Absconding
SUS004750,CASE006821,CID005922,Gang Member,Absconding
SUS004751,CASE005645,CID000626,Main Suspect,Wanted
SUS004752,CASE008543,CID003652,Unknown Suspect,Under Surveillance
SUS004753,CASE007130,CID005990,Gang Member,Under Surveillance
SUS004754,CASE009360,CID009905,Main Suspect,Arrested
SUS004755,CASE009649,CID008177,Gang Member,Arrested
SUS004756,CASE009329,CID009366,Gang Member,Under Surveillance
SUS004757,CASE005575,CID008437,Main Suspect,Absconding
SUS004758,CASE008404,CID000415,Main Suspect,Wanted
SUS004759,CASE002409,CID002385,Unknown Suspect,Absconding
SUS004760,CASE000133,CID007820,Unknown Suspect,Wanted
SUS004761,CASE002813,CID005630,Gang Member,Under Surveillance
SUS004762,CASE000481,CID005951,Gang Member,Absconding
SUS004763,CASE001125,CID003578,Unknown Suspect,Arrested
SUS004764,CASE000378,CID009741,Unknown Suspect,Wanted
SUS004765,CASE002000,CID001338,Unknown Suspect,Wanted
SUS004766,CASE006384,CID007537,Main Suspect,Absconding
SUS004767,CASE005059,CID001720,Accomplice,Arrested
SUS004768,CASE006710,CID000557,Accomplice,Absconding
SUS004769,CASE003095,CID009401,Unknown Suspect,Arrested
SUS004770,CASE009935,CID002529,Accomplice,Arrested
SUS004771,CASE009020,CID000504,Gang Member,Absconding
SUS004772,CASE009319,CID000144,Accomplice,Arrested
SUS004773,CASE000031,CID009782,Unknown Suspect,Under Surveillance
SUS004774,CASE001151,CID001097,Main Suspect,Wanted
SUS004775,CASE000356,CID002578,Unknown Suspect,Wanted
SUS004776,CASE000612,CID000594,Gang Member,Absconding
SUS004777,CASE006719,CID006103,Unknown Suspect,Absconding
SUS004778,CASE005418,CID005430,Gang Member,Absconding
SUS004779,CASE002517,CID000078,Gang Member,Under Surveillance
SUS004780,CASE000243,CID006533,Accomplice,Arrested
SUS004781,CASE002046,CID005963,Accomplice,Arrested
SUS004782,CASE000777,CID004743,Accomplice,Arrested
SUS004783,CASE007323,CID004946,Accomplice,Absconding
SUS004784,CASE009125,CID004498,Gang Member,Absconding
SUS004785,CASE002196,CID001502,Gang Member,Absconding
SUS004786,CASE003593,CID006747,Gang Member,Arrested
SUS004787,CASE004363,CID000441,Unknown Suspect,Under Surveillance
SUS004788,CASE004101,CID004070,Accomplice,Arrested
SUS004789,CASE001498,CID000849,Accomplice,Under Surveillance
SUS004790,CASE006619,CID000807,Gang Member,Arrested
SUS004791,CASE009783,CID005040,Main Suspect,Absconding
SUS004792,CASE005800,CID004497,Unknown Suspect,Absconding
SUS004793,CASE004179,CID000232,Gang Member,Arrested
SUS004794,CASE001252,CID009516,Accomplice,Under Surveillance
SUS004795,CASE002314,CID000349,Unknown Suspect,Under Surveillance
SUS004796,CASE008607,CID005268,Main Suspect,Arrested
SUS004797,CASE000541,CID005978,Accomplice,Arrested
SUS004798,CASE006992,CID000824,Main Suspect,Arrested
SUS004799,CASE001705,CID003172,Accomplice,Wanted
SUS004800,CASE003452,CID000428,Unknown Suspect,Wanted
SUS004801,CASE003247,CID005228,Main Suspect,Under Surveillance
SUS004802,CASE002495,CID000339,Accomplice,Under Surveillance
SUS004803,CASE007475,CID001572,Unknown Suspect,Under Surveillance
SUS004804,CASE005415,CID006508,Accomplice,Under Surveillance
SUS004805,CASE000201,CID001653,Gang Member,Arrested
SUS004806,CASE005537,CID006980,Gang Member,Arrested
SUS004807,CASE008936,CID008448,Accomplice,Absconding
SUS004808,CASE002410,CID004448,Accomplice,Absconding
SUS004809,CASE009005,CID000786,Main Suspect,Arrested
SUS004810,CASE007657,CID002224,Accomplice,Under Surveillance
SUS004811,CASE002816,CID008162,Gang Member,Arrested
SUS004812,CASE007884,CID005599,Unknown Suspect,Arrested
SUS004813,CASE002743,CID006214,Unknown Suspect,Under Surveillance
SUS004814,CASE002421,CID000500,Gang Member,Arrested
SUS004815,CASE002001,CID002489,Main Suspect,Absconding
SUS004816,CASE006281,CID002786,Accomplice,Wanted
SUS004817,CASE003993,CID000304,Accomplice,Under Surveillance
SUS004818,CASE007064,CID007759,Main Suspect,Arrested
SUS004819,CASE006222,CID009646,Unknown Suspect,Arrested
SUS004820,CASE000430,CID002547,Accomplice,Arrested
SUS004821,CASE004979,CID002059,Unknown Suspect,Under Surveillance
SUS004822,CASE009040,CID000047,Gang Member,Under Surveillance
SUS004823,CASE001562,CID001346,Accomplice,Under Surveillance
SUS004824,CASE000718,CID000799,Accomplice,Arrested
SUS004825,CASE004226,CID000117,Accomplice,Wanted
SUS004826,CASE002059,CID009057,Main Suspect,Absconding
SUS004827,CASE008191,CID009371,Main Suspect,Wanted
SUS004828,CASE009901,CID000596,Accomplice,Absconding
SUS004829,CASE007421,CID000133,Unknown Suspect,Absconding
SUS004830,CASE008728,CID002116,Gang Member,Absconding
SUS004831,CASE006109,CID006190,Accomplice,Wanted
SUS004832,CASE003044,CID006779,Unknown Suspect,Arrested
SUS004833,CASE004815,CID001107,Unknown Suspect,Under Surveillance
SUS004834,CASE004584,CID000774,Main Suspect,Wanted
SUS004835,CASE008246,CID008916,Main Suspect,Arrested
SUS004836,CASE008459,CID003565,Main Suspect,Under Surveillance
SUS004837,CASE008258,CID007101,Accomplice,Absconding
SUS004838,CASE007102,CID002526,Gang Member,Under Surveillance
SUS004839,CASE000062,CID000578,Accomplice,Wanted
SUS004840,CASE000681,CID002691,Unknown Suspect,Absconding
SUS004841,CASE005552,CID000974,Main Suspect,Wanted
SUS004842,CASE008618,CID007238,Main Suspect,Arrested
SUS004843,CASE008049,CID004053,Unknown Suspect,Absconding
SUS004844,CASE007795,CID003432,Accomplice,Arrested
SUS004845,CASE001942,CID008793,Main Suspect,Under Surveillance
SUS004846,CASE007138,CID008985,Accomplice,Absconding
SUS004847,CASE003527,CID001636,Main Suspect,Absconding
SUS004848,CASE003253,CID000609,Unknown Suspect,Arrested
SUS004849,CASE001019,CID001335,Gang Member,Absconding
SUS004850,CASE008330,CID004951,Main Suspect,Under Surveillance
SUS004851,CASE004739,CID000056,Gang Member,Under Surveillance
SUS004852,CASE005421,CID000438,Gang Member,Under Surveillance
SUS004853,CASE005244,CID005475,Accomplice,Wanted
SUS004854,CASE007235,CID001618,Gang Member,Under Surveillance
SUS004855,CASE007160,CID006053,Unknown Suspect,Under Surveillance
SUS004856,CASE000623,CID003967,Accomplice,Wanted
SUS004857,CASE007270,CID000426,Main Suspect,Wanted
SUS004858,CASE006602,CID000655,Unknown Suspect,Arrested
SUS004859,CASE005872,CID005354,Accomplice,Arrested
SUS004860,CASE002151,CID000134,Unknown Suspect,Under Surveillance
SUS004861,CASE000736,CID002705,Unknown Suspect,Absconding
SUS004862,CASE000392,CID001383,Main Suspect,Wanted
SUS004863,CASE003486,CID005060,Unknown Suspect,Absconding
SUS004864,CASE009261,CID008097,Unknown Suspect,Arrested
SUS004865,CASE009443,CID007783,Accomplice,Arrested
SUS004866,CASE002673,CID003759,Gang Member,Arrested
SUS004867,CASE000877,CID003092,Gang Member,Arrested
SUS004868,CASE000820,CID005715,Unknown Suspect,Absconding
SUS004869,CASE002490,CID003387,Unknown Suspect,Absconding
SUS004870,CASE000496,CID000485,Accomplice,Under Surveillance
SUS004871,CASE007253,CID007629,Gang Member,Absconding
SUS004872,CASE002343,CID000509,Gang Member,Wanted
SUS004873,CASE007226,CID009644,Accomplice,Arrested
SUS004874,CASE007334,CID006725,Unknown Suspect,Absconding
SUS004875,CASE009691,CID000758,Main Suspect,Under Surveillance
SUS004876,CASE002441,CID002611,Unknown Suspect,Wanted
SUS004877,CASE005757,CID007168,Unknown Suspect,Wanted
SUS004878,CASE009027,CID001019,Unknown Suspect,Wanted
SUS004879,CASE000043,CID003656,Gang Member,Wanted
SUS004880,CASE000178,CID006379,Accomplice,Wanted
SUS004881,CASE007732,CID007796,Main Suspect,Arrested
SUS004882,CASE006682,CID007305,Main Suspect,Wanted
SUS004883,CASE000151,CID000960,Gang Member,Absconding
SUS004884,CASE005270,CID004437,Gang Member,Absconding
SUS004885,CASE009752,CID009443,Gang Member,Wanted
SUS004886,CASE009127,CID000719,Gang Member,Arrested
SUS004887,CASE006750,CID006818,Unknown Suspect,Absconding
SUS004888,CASE008427,CID002508,Main Suspect,Under Surveillance
SUS004889,CASE001140,CID000113,Main Suspect,Under Surveillance
SUS004890,CASE005661,CID008750,Accomplice,Wanted
SUS004891,CASE000328,CID007617,Accomplice,Wanted
SUS004892,CASE003150,CID009559,Accomplice,Under Surveillance
SUS004893,CASE009663,CID008820,Main Suspect,Wanted
SUS004894,CASE003043,CID003834,Unknown Suspect,Arrested
SUS004895,CASE000607,CID000975,Gang Member,Absconding
SUS004896,CASE009370,CID009766,Main Suspect,Absconding
SUS004897,CASE008689,CID006346,Accomplice,Wanted
SUS004898,CASE001120,CID007556,Gang Member,Wanted
SUS004899,CASE003532,CID006276,Accomplice,Arrested
SUS004900,CASE008707,CID000121,Unknown Suspect,Absconding
SUS004901,CASE006260,CID002592,Accomplice,Wanted
SUS004902,CASE006414,CID008720,Accomplice,Absconding
SUS004903,CASE001973,CID002971,Unknown Suspect,Arrested
SUS004904,CASE008628,CID006298,Gang Member,Arrested
SUS004905,CASE007145,CID008788,Accomplice,Absconding
SUS004906,CASE002889,CID000371,Accomplice,Absconding
SUS004907,CASE006749,CID005907,Unknown Suspect,Wanted
SUS004908,CASE008333,CID005907,Unknown Suspect,Wanted
SUS004909,CASE005952,CID004504,Accomplice,Wanted
SUS004910,CASE004670,CID000917,Main Suspect,Under Surveillance
SUS004911,CASE006528,CID003786,Accomplice,Absconding
SUS004912,CASE005529,CID000540,Gang Member,Arrested
SUS004913,CASE003654,CID000521,Accomplice,Absconding
SUS004914,CASE006309,CID003967,Main Suspect,Wanted
SUS004915,CASE006467,CID000429,Main Suspect,Wanted
SUS004916,CASE005351,CID000085,Accomplice,Under Surveillance
SUS004917,CASE007261,CID002695,Unknown Suspect,Arrested
SUS004918,CASE001663,CID000566,Main Suspect,Arrested
SUS004919,CASE009896,CID004399,Unknown Suspect,Arrested
SUS004920,CASE001350,CID005596,Main Suspect,Arrested
SUS004921,CASE001879,CID004388,Main Suspect,Under Surveillance
SUS004922,CASE006024,CID008857,Accomplice,Wanted
SUS004923,CASE006504,CID000264,Unknown Suspect,Absconding
SUS004924,CASE000303,CID002874,Gang Member,Arrested
SUS004925,CASE009232,CID009353,Accomplice,Arrested
SUS004926,CASE005615,CID003849,Unknown Suspect,Absconding
SUS004927,CASE005901,CID008897,Accomplice,Arrested
SUS004928,CASE007446,CID001076,Unknown Suspect,Under Surveillance
SUS004929,CASE009881,CID003581,Accomplice,Arrested
SUS004930,CASE002909,CID009517,Gang Member,Wanted
SUS004931,CASE009967,CID007661,Accomplice,Absconding
SUS004932,CASE001299,CID000796,Gang Member,Under Surveillance
SUS004933,CASE001507,CID000398,Main Suspect,Wanted
SUS004934,CASE001736,CID000371,Accomplice,Under Surveillance
SUS004935,CASE000518,CID008148,Main Suspect,Wanted
SUS004936,CASE005882,CID009696,Main Suspect,Wanted
SUS004937,CASE002453,CID000676,Accomplice,Wanted
SUS004938,CASE006256,CID005274,Accomplice,Under Surveillance
SUS004939,CASE003843,CID009904,Unknown Suspect,Wanted
SUS004940,CASE001734,CID009335,Accomplice,Under Surveillance
SUS004941,CASE002664,CID001171,Accomplice,Wanted
SUS004942,CASE001592,CID007824,Main Suspect,Wanted
SUS004943,CASE002101,CID001616,Accomplice,Absconding
SUS004944,CASE008873,CID003125,Main Suspect,Wanted
SUS004945,CASE002186,CID006067,Gang Member,Under Surveillance
SUS004946,CASE002262,CID002089,Unknown Suspect,Arrested
SUS004947,CASE000742,CID005461,Accomplice,Under Surveillance
SUS004948,CASE004987,CID005096,Unknown Suspect,Under Surveillance
SUS004949,CASE008473,CID007782,Gang Member,Wanted
SUS004950,CASE003994,CID002109,Accomplice,Wanted
SUS004951,CASE001901,CID003574,Gang Member,Under Surveillance
SUS004952,CASE002547,CID000221,Gang Member,Arrested
SUS004953,CASE000255,CID002654,Main Suspect,Absconding
SUS004954,CASE004130,CID005101,Main Suspect,Arrested
SUS004955,CASE002584,CID003563,Main Suspect,Under Surveillance
SUS004956,CASE001941,CID000332,Main Suspect,Wanted
SUS004957,CASE002263,CID000473,Unknown Suspect,Absconding
SUS004958,CASE004005,CID009725,Main Suspect,Under Surveillance
SUS004959,CASE000454,CID001665,Main Suspect,Absconding
SUS004960,CASE002920,CID006450,Unknown Suspect,Arrested
SUS004961,CASE009916,CID003226,Gang Member,Wanted
SUS004962,CASE000986,CID000720,Unknown Suspect,Wanted
SUS004963,CASE008197,CID009562,Accomplice,Wanted
SUS004964,CASE009662,CID007452,Gang Member,Arrested
SUS004965,CASE003718,CID001782,Gang Member,Under Surveillance
SUS004966,CASE009383,CID004323,Main Suspect,Absconding
SUS004967,CASE004523,CID000395,Accomplice,Arrested
SUS004968,CASE000403,CID007381,Main Suspect,Under Surveillance
SUS004969,CASE005462,CID008696,Gang Member,Absconding
SUS004970,CASE001239,CID001974,Main Suspect,Absconding
SUS004971,CASE004002,CID000009,Accomplice,Arrested
SUS004972,CASE003931,CID000573,Gang Member,Arrested
SUS004973,CASE006198,CID003249,Gang Member,Arrested
SUS004974,CASE001991,CID000085,Accomplice,Absconding
SUS004975,CASE001996,CID001771,Gang Member,Absconding
SUS004976,CASE006121,CID009084,Unknown Suspect,Absconding
SUS004977,CASE000516,CID006848,Main Suspect,Wanted
SUS004978,CASE003682,CID005463,Main Suspect,Wanted
SUS004979,CASE006879,CID005273,Main Suspect,Wanted
SUS004980,CASE008859,CID004921,Main Suspect,Absconding
SUS004981,CASE003796,CID000033,Main Suspect,Wanted
SUS004982,CASE001721,CID007110,Unknown Suspect,Absconding
SUS004983,CASE006811,CID000409,Accomplice,Under Surveillance
SUS004984,CASE006263,CID007795,Gang Member,Arrested
SUS004985,CASE003654,CID009954,Accomplice,Absconding
SUS004986,CASE008788,CID006480,Accomplice,Arrested
SUS004987,CASE004241,CID004811,Accomplice,Under Surveillance
SUS004988,CASE009881,CID009920,Unknown Suspect,Absconding
SUS004989,CASE000471,CID008240,Accomplice,Absconding
SUS004990,CASE009575,CID006981,Main Suspect,Arrested
SUS004991,CASE005649,CID000622,Gang Member,Arrested
SUS004992,CASE009474,CID000125,Main Suspect,Absconding
SUS004993,CASE006845,CID000143,Main Suspect,Absconding
SUS004994,CASE006618,CID000374,Unknown Suspect,Absconding
SUS004995,CASE004237,CID000379,Main Suspect,Absconding
SUS004996,CASE008049,CID008899,Gang Member,Wanted
SUS004997,CASE002832,CID006547,Unknown Suspect,Arrested
SUS004998,CASE005680,CID000004,Accomplice,Absconding
SUS004999,CASE008367,CID008645,Main Suspect,Arrested
SUS005000,CASE008841,CID005018,Main Suspect,Arrested
